{
    "confusion": [
        [
            629,
            26
        ],
        [
            116,
            59
        ]
    ],
    "confusion prop": [
        [
            0.7578313253012048,
            0.03132530120481928
        ],
        [
            0.13975903614457832,
            0.07108433734939759
        ]
    ],
    "f1": 0.45384615384615384,
    "precision": 0.6941176470588235,
    "recall": 0.33714285714285713,
    "test": {
        "best threshold": 0.2747315895447201,
        "confusion": [
            [
                68,
                1
            ],
            [
                12,
                5
            ]
        ],
        "f1": 0.4347826086956522,
        "precision": 0.8333333333333334,
        "recall": 0.29411764705882354
    }
}