{
    "confusion": [
        [
            625,
            30
        ],
        [
            124,
            51
        ]
    ],
    "confusion prop": [
        [
            0.7530120481927711,
            0.03614457831325301
        ],
        [
            0.1493975903614458,
            0.06144578313253012
        ]
    ],
    "f1": 0.39843749999999994,
    "precision": 0.6296296296296297,
    "recall": 0.2914285714285714,
    "test": {
        "best threshold": 0.16476515926710483,
        "confusion": [
            [
                69,
                0
            ],
            [
                13,
                4
            ]
        ],
        "f1": 0.38095238095238093,
        "precision": 1.0,
        "recall": 0.23529411764705882
    }
}