{
    "confusion": [
        [
            632,
            23
        ],
        [
            115,
            60
        ]
    ],
    "confusion prop": [
        [
            0.7614457831325301,
            0.027710843373493974
        ],
        [
            0.13855421686746988,
            0.07228915662650602
        ]
    ],
    "f1": 0.46511627906976744,
    "precision": 0.7228915662650602,
    "recall": 0.34285714285714286,
    "test": {
        "best threshold": 0.28966963685181324,
        "confusion": [
            [
                69,
                0
            ],
            [
                14,
                3
            ]
        ],
        "f1": 0.3,
        "precision": 1.0,
        "recall": 0.17647058823529413
    }
}