{
    "confusion": [
        [
            627,
            28
        ],
        [
            124,
            51
        ]
    ],
    "confusion prop": [
        [
            0.755421686746988,
            0.033734939759036145
        ],
        [
            0.1493975903614458,
            0.06144578313253012
        ]
    ],
    "f1": 0.40157480314960625,
    "precision": 0.6455696202531646,
    "recall": 0.2914285714285714,
    "test": {
        "best threshold": 0.24486913895858642,
        "confusion": [
            [
                69,
                0
            ],
            [
                13,
                4
            ]
        ],
        "f1": 0.38095238095238093,
        "precision": 1.0,
        "recall": 0.23529411764705882
    }
}