{
    "confusion": [
        [
            624,
            31
        ],
        [
            50,
            125
        ]
    ],
    "confusion prop": [
        [
            0.7518072289156627,
            0.03734939759036145
        ],
        [
            0.060240963855421686,
            0.15060240963855423
        ]
    ],
    "f1": 0.7552870090634443,
    "precision": 0.8012820512820513,
    "recall": 0.7142857142857143,
    "test": {
        "best threshold": 0.3379075738817252,
        "confusion": [
            [
                67,
                2
            ],
            [
                5,
                12
            ]
        ],
        "f1": 0.7741935483870968,
        "precision": 0.8571428571428571,
        "recall": 0.7058823529411765
    }
}