{
    "0xced": {
        "p_n": 1.0408867550313454,
        "f_b": -1.0295937222253917,
        "u_d": -14.431218387845316,
        "p": 8.69621674142531,
        "n": 7.655329986393965,
        "f": 7.6609765027969425,
        "b": 8.690570225022334,
        "u": 0,
        "d": 14.431218387845316
    }
}