{
    "adamzap": {
        "p_n": 1.9804947468032275,
        "f_b": -0.006663551800862422,
        "u_d": -17.485307723057335,
        "p": 9.690912683811794,
        "n": 7.710417937008566,
        "f": 8.697333534509749,
        "b": 8.703997086310611,
        "u": -17.485307723057335,
        "d": 0
    },
    "n1k0": {
        "p_n": 2.2780870771369415,
        "f_b": -0.5887801898796949,
        "u_d": -17.248688612370454,
        "p": 9.278640889716183,
        "n": 7.000553812579241,
        "f": 7.845207256207865,
        "b": 8.43398744608756,
        "u": 0,
        "d": 17.248688612370454
    },
    "agonzalezro": {
        "p_n": 1.5771276209459106,
        "f_b": -0.31883318284173967,
        "u_d": -17.900979189464593,
        "p": 9.338644709093273,
        "n": 7.761517088147363,
        "f": 8.390664307199447,
        "b": 8.709497490041187,
        "u": 0,
        "d": 17.900979189464593
    },
    "olivierverdier": {
        "p_n": 2.3813767402913673,
        "f_b": -0.7617961513312359,
        "u_d": -16.490800575247246,
        "p": 9.465982316727732,
        "n": 7.084605576436365,
        "f": 7.89439587091643,
        "b": 8.656192022247666,
        "u": 0,
        "d": 16.490800575247246
    },
    "ptitmain": {
        "p_n": 1.6391680672158184,
        "f_b": -0.9103364630475816,
        "u_d": -17.64446449797737,
        "p": 9.411016315568112,
        "n": 7.771848248352294,
        "f": 8.136264050436413,
        "b": 9.046600513483995,
        "u": 0,
        "d": 17.64446449797737
    },
    "BestFriendChris": {
        "p_n": 2.3677609695063353,
        "f_b": -0.611029938415605,
        "u_d": -17.132199234137524,
        "p": 9.33878576201467,
        "n": 6.971024792508334,
        "f": 7.8493903080536995,
        "b": 8.460420246469305,
        "u": 0,
        "d": 17.132199234137524
    },
    "ghost": {
        "p_n": 2.306723185154217,
        "f_b": -0.9566421771447535,
        "u_d": -17.997183182738027,
        "p": 9.130588440440265,
        "n": 6.823865255286048,
        "f": 7.498905759290779,
        "b": 8.455547936435533,
        "u": 0,
        "d": 17.997183182738027
    },
    "reagle": {
        "p_n": 1.9196170830800554,
        "f_b": 0.22047062085511016,
        "u_d": -17.48423900780728,
        "p": 9.093200330619592,
        "n": 7.173583247539536,
        "f": 8.243627099507119,
        "b": 8.023156478652009,
        "u": -17.48423900780728,
        "d": 0
    },
    "jondkoon": {
        "p_n": 1.4009003964982814,
        "f_b": -0.3951944649360648,
        "u_d": -16.291649740854368,
        "p": 9.108777553936084,
        "n": 7.707877157437803,
        "f": 8.210730123218912,
        "b": 8.605924588154977,
        "u": 0,
        "d": 16.291649740854368
    },
    "maraujop": {
        "p_n": 2.5698517700800565,
        "f_b": 0.3922685926320142,
        "u_d": -17.982781171287016,
        "p": 9.229332821991147,
        "n": 6.65948105191109,
        "f": 8.140541233267125,
        "b": 7.748272640635111,
        "u": 0,
        "d": 17.982781171287016
    },
    "vbauer": {
        "p_n": 2.380055501432347,
        "f_b": 1.0523305248337564,
        "u_d": -15.881824516836721,
        "p": 8.980936824103786,
        "n": 6.600881322671439,
        "f": 8.31707433580449,
        "b": 7.264743810970733,
        "u": 0,
        "d": 15.881824516836721
    },
    "eichin": {
        "p_n": 1.7250854977185348,
        "f_b": -1.1202420200460965,
        "u_d": -17.499830031744146,
        "p": 8.925253952552175,
        "n": 7.200168454833641,
        "f": 7.502590193669859,
        "b": 8.622832213715956,
        "u": 0,
        "d": 17.499830031744146
    },
    "ackdesha": {
        "p_n": 2.3649454956240232,
        "f_b": -1.065261327456052,
        "u_d": -17.491410895771644,
        "p": 9.637267663748327,
        "n": 7.272322168124304,
        "f": 7.922164252208289,
        "b": 8.987425579664341,
        "u": -17.491410895771644,
        "d": 0
    },
    "durden": {
        "p_n": 2.187378096266296,
        "f_b": -0.6630807759633113,
        "u_d": -16.583659449276624,
        "p": 9.38549303980065,
        "n": 7.198114943534354,
        "f": 7.9602636036858465,
        "b": 8.623344379649158,
        "u": 0,
        "d": 16.583659449276624
    },
    "fonnesbeck": {
        "p_n": 2.3913659420291076,
        "f_b": 0.5096077254705911,
        "u_d": -16.2540735631986,
        "p": 9.2593042583282,
        "n": 6.867938316299092,
        "f": 8.318425150048942,
        "b": 7.808817424578351,
        "u": 0,
        "d": 16.2540735631986
    },
    "tjwood100": {
        "p_n": 2.619124919360969,
        "f_b": -1.001727516409547,
        "u_d": -14.476072363655831,
        "p": 9.169126638392266,
        "n": 6.550001719031297,
        "f": 7.358700420507008,
        "b": 8.360427936916555,
        "u": 0,
        "d": 14.476072363655831
    },
    "amarandon": {
        "p_n": 2.1485842289523296,
        "f_b": 0.2123753133609929,
        "u_d": -15.11023587545181,
        "p": 9.146228253810005,
        "n": 6.997644024857675,
        "f": 8.178123796014336,
        "b": 7.965748482653344,
        "u": 0,
        "d": 15.11023587545181
    },
    "ztzt": {
        "p_n": 1.8750601812742254,
        "f_b": -0.5198477222960634,
        "u_d": -17.490596683862517,
        "p": 9.127516928063919,
        "n": 7.252456746789694,
        "f": 7.930062976278775,
        "b": 8.449910698574838,
        "u": -17.490596683862517,
        "d": 0
    }
}