{
    "addyosmani": {
        "p_n": 2.0020508693545214,
        "f_b": 0.014692496343402084,
        "u_d": -17.57491951707416,
        "p": 9.485927198374691,
        "n": 7.48387632902017,
        "f": 8.492248011869131,
        "b": 8.47755551552573,
        "u": 0,
        "d": 17.57491951707416
    },
    "giakki": {
        "p_n": 2.0484489525171554,
        "f_b": -0.5539939565956438,
        "u_d": -16.869982030350315,
        "p": 9.533762646570725,
        "n": 7.48531369405357,
        "f": 8.232541192014326,
        "b": 8.78653514860997,
        "u": 0,
        "d": 16.869982030350315
    },
    "sedovsek": {
        "p_n": 2.6032124991833108,
        "f_b": 0.11454879694542086,
        "u_d": -17.48608681991596,
        "p": 9.696526477104133,
        "n": 7.093313977920822,
        "f": 8.452194625985188,
        "b": 8.337645829039767,
        "u": -17.48608681991596,
        "d": 0
    },
    "ukeboyska": {
        "p_n": 2.1048703720662605,
        "f_b": -0.7212544656597268,
        "u_d": -16.640488591026756,
        "p": 9.166109436559202,
        "n": 7.061239064492941,
        "f": 7.7530470176962085,
        "b": 8.474301483355935,
        "u": 0,
        "d": 16.640488591026756
    },
    "XhmikosR": {
        "p_n": 1.9941789229773335,
        "f_b": -0.6316873048416092,
        "u_d": -16.354008367852884,
        "p": 8.936082633771752,
        "n": 6.941903710794419,
        "f": 7.623149519862281,
        "b": 8.25483682470389,
        "u": 0,
        "d": 16.354008367852884
    },
    "juliencap": {
        "p_n": 2.3226595130029715,
        "f_b": 0.13552479673730655,
        "u_d": -14.281100720170302,
        "p": 8.448910078860873,
        "n": 6.126250565857902,
        "f": 7.35534272072804,
        "b": 7.219817923990734,
        "u": 0,
        "d": 14.281100720170302
    },
    "ichabodcole": {
        "p_n": 2.138536643540192,
        "f_b": -1.496999907485721,
        "u_d": -17.687575345265476,
        "p": 8.926321438057197,
        "n": 6.787784794517005,
        "f": 7.108553162544242,
        "b": 8.605553070029963,
        "u": 0,
        "d": 17.687575345265476
    },
    "rbreslav": {
        "p_n": 2.3734940997896405,
        "f_b": -0.5347755893426669,
        "u_d": -15.795758636805438,
        "p": 8.712508542653636,
        "n": 6.339014442863995,
        "f": 7.258373698087482,
        "b": 7.793149287430149,
        "u": 0,
        "d": 15.795758636805438
    },
    "Michael0x2a": {
        "p_n": 2.5831632916701244,
        "f_b": -0.3492279729561165,
        "u_d": -17.796734561808584,
        "p": 8.803171379411152,
        "n": 6.220008087741028,
        "f": 7.336975747098032,
        "b": 7.686203720054149,
        "u": 0,
        "d": 17.796734561808584
    },
    "zafar-saleem": {
        "p_n": 2.6802737036446196,
        "f_b": 0.14282439351513077,
        "u_d": -17.178926174575285,
        "p": 8.85310930327218,
        "n": 6.172835599627561,
        "f": 7.584384648207436,
        "b": 7.441560254692305,
        "u": 0,
        "d": 17.178926174575285
    },
    "amboy00": {
        "p_n": 2.599504951150765,
        "f_b": 0.3720180525674319,
        "u_d": -16.294192600165005,
        "p": 8.765960009155659,
        "n": 6.166455058004894,
        "f": 7.652216559863993,
        "b": 7.280198507296561,
        "u": 0,
        "d": 16.294192600165005
    },
    "moodyroto": {
        "p_n": 2.3275560149729397,
        "f_b": -0.10093901304888497,
        "u_d": -17.790115300607678,
        "p": 9.267705626874655,
        "n": 6.940149611901715,
        "f": 8.053458112863742,
        "b": 8.154397125912627,
        "u": 0,
        "d": 17.790115300607678
    },
    "ottomen": {
        "p_n": 2.8603854548943097,
        "f_b": 0.02131467099571349,
        "u_d": -17.838616076233112,
        "p": 9.02104337415139,
        "n": 6.16065791925708,
        "f": 7.601507982202091,
        "b": 7.5801933112063775,
        "u": 0,
        "d": 17.838616076233112
    },
    "ozasadnyy": {
        "p_n": 2.0095770064134797,
        "f_b": -0.29867676197218795,
        "u_d": -16.295555008943452,
        "p": 8.998896298716176,
        "n": 6.989319292302696,
        "f": 7.844769414523342,
        "b": 8.14344617649553,
        "u": 0,
        "d": 16.295555008943452
    },
    "romanlelek": {
        "p_n": 2.252171663370312,
        "f_b": -0.9822711305923413,
        "u_d": -15.463095986905325,
        "p": 8.753761978730266,
        "n": 6.5015903153599535,
        "f": 7.136540581748939,
        "b": 8.11881171234128,
        "u": 0,
        "d": 15.463095986905325
    }
}