{
    "paulirish": {
        "p_n": 2.3362580094331458,
        "f_b": -0.3648525947590713,
        "u_d": -17.494254600481113,
        "p": 9.41517124175585,
        "n": 7.078913232322704,
        "f": 8.064615939659742,
        "b": 8.429468534418813,
        "u": -17.494254600481113,
        "d": 0
    },
    "Krinkle": {
        "p_n": 1.8031552999161047,
        "f_b": -1.1285778387249499,
        "u_d": -16.02239758446941,
        "p": 9.044679012397356,
        "n": 7.241523712481252,
        "f": 7.578812443076829,
        "b": 8.707390281801779,
        "u": 0,
        "d": 16.02239758446941
    },
    "alrra": {
        "p_n": 1.9991471120160451,
        "f_b": -0.7127084762583547,
        "u_d": -16.631277440376422,
        "p": 9.398391061330079,
        "n": 7.399243949314034,
        "f": 8.042463267192879,
        "b": 8.755171743451234,
        "u": 0,
        "d": 16.631277440376422
    },
    "peterkahl": {
        "p_n": 2.6729364310772628,
        "f_b": 0.7936820867633374,
        "u_d": -17.466603729349497,
        "p": 9.28331478181369,
        "n": 6.610378350736427,
        "f": 8.343687609656728,
        "b": 7.55000552289339,
        "u": -17.466603729349497,
        "d": 0
    }
}