{
    "ProLoser": {
        "p_n": 2.287853555480515,
        "f_b": -0.48080292160448757,
        "u_d": -17.97874122693976,
        "p": 9.234384130653057,
        "n": 6.946530575172542,
        "f": 7.850055892110555,
        "b": 8.330858813715043,
        "u": 0,
        "d": 17.97874122693976
    },
    "douglasduteil": {
        "p_n": 1.9870353203926232,
        "f_b": -0.49775946558787787,
        "u_d": -16.62475247721814,
        "p": 9.038328956516986,
        "n": 7.051293636124363,
        "f": 7.795931563526736,
        "b": 8.293691029114614,
        "u": 0,
        "d": 16.62475247721814
    },
    "shaungrady": {
        "p_n": 2.4149742452345517,
        "f_b": -1.0843005436690714,
        "u_d": -16.835634026272995,
        "p": 9.232273771262829,
        "n": 6.817299526028277,
        "f": 7.482636376811017,
        "b": 8.566936920480089,
        "u": 0,
        "d": 16.835634026272995
    },
    "dturkenk": {
        "p_n": 2.197111621990894,
        "f_b": -0.5000415447562085,
        "u_d": -14.023003789246859,
        "p": 8.678083217381296,
        "n": 6.480971595390402,
        "f": 7.329506634007745,
        "b": 7.829548178763954,
        "u": 0,
        "d": 14.023003789246859
    },
    "PowerKiKi": {
        "p_n": 3.063687772664837,
        "f_b": 0.09335127244000496,
        "u_d": -17.4958990511188,
        "p": 9.522465256447479,
        "n": 6.458777483782642,
        "f": 8.037297006335063,
        "b": 7.943945733895058,
        "u": -17.4958990511188,
        "d": 0
    },
    "arnaudbreton": {
        "p_n": 2.560767304888321,
        "f_b": -0.12459567223722878,
        "u_d": -15.584729482572287,
        "p": 9.273615705955033,
        "n": 6.7128484010667115,
        "f": 7.930934217392258,
        "b": 8.055529889629486,
        "u": 0,
        "d": 15.584729482572287
    },
    "pocesar": {
        "p_n": 1.8944769201750624,
        "f_b": -0.9328303345584921,
        "u_d": -15.913708403907211,
        "p": 9.047152182870823,
        "n": 7.152675262695761,
        "f": 7.633498555504046,
        "b": 8.566328890062538,
        "u": 0,
        "d": 15.913708403907211
    },
    "wesleycoder-zz": {
        "p_n": 2.067965601727961,
        "f_b": -1.029107125643713,
        "u_d": -15.923805591827099,
        "p": 9.037047916555453,
        "n": 6.969082314827492,
        "f": 7.488511552869617,
        "b": 8.51761867851333,
        "u": 0,
        "d": 15.923805591827099
    },
    "petebacondarwin": {
        "p_n": 1.8876964766684088,
        "f_b": -0.3590740355325579,
        "u_d": -17.495261410467798,
        "p": 9.498562684015162,
        "n": 7.610866207346754,
        "f": 8.375177427914679,
        "b": 8.734251463447237,
        "u": -17.495261410467798,
        "d": 0
    },
    "thetrevdev": {
        "p_n": 2.632761581189113,
        "f_b": -0.685786536328477,
        "u_d": -17.568492954130647,
        "p": 9.371044800494893,
        "n": 6.73828321930578,
        "f": 7.711770741736098,
        "b": 8.397557278064575,
        "u": 0,
        "d": 17.568492954130647
    },
    "mc00lidge": {
        "p_n": 1.7553928770711638,
        "f_b": -1.0063086447415763,
        "u_d": -17.14113664864956,
        "p": 9.217574026840833,
        "n": 7.462181149769669,
        "f": 7.836723265934463,
        "b": 8.84303191067604,
        "u": 0,
        "d": 17.14113664864956
    },
    "armyofda12mnkeys": {
        "p_n": 1.4853746484811357,
        "f_b": -0.9343473579882158,
        "u_d": -17.45894596054352,
        "p": 8.822445888986751,
        "n": 7.337071240505615,
        "f": 7.612584885752074,
        "b": 8.54693224374029,
        "u": -17.45894596054352,
        "d": 0
    },
    "aidanhs": {
        "p_n": 2.66836496529095,
        "f_b": -0.26653652557620156,
        "u_d": -15.921990990540008,
        "p": 9.580872612461368,
        "n": 6.912507647170418,
        "f": 8.113421867027792,
        "b": 8.379958392603994,
        "u": 0,
        "d": 15.921990990540008
    },
    "mfeingold": {
        "p_n": 2.0498545109741126,
        "f_b": -0.6517213650422331,
        "u_d": -17.189799746463187,
        "p": 9.295529193989026,
        "n": 7.245674683014913,
        "f": 7.944741255980853,
        "b": 8.596462621023086,
        "u": 0,
        "d": 17.189799746463187
    },
    "vinniefranco": {
        "p_n": 2.3275929155270507,
        "f_b": -0.3100241230946068,
        "u_d": -16.49922788641004,
        "p": 9.267159151275806,
        "n": 6.939566235748755,
        "f": 7.948350631964978,
        "b": 8.258374755059585,
        "u": 0,
        "d": 16.49922788641004
    },
    "solidspark": {
        "p_n": 1.5520808167271465,
        "f_b": -0.24564232594683588,
        "u_d": -17.447731030435193,
        "p": 9.10880593493259,
        "n": 7.556725118205444,
        "f": 8.2099443635956,
        "b": 8.455586689542436,
        "u": -17.447731030435193,
        "d": 0
    },
    "dhbaird": {
        "p_n": 2.4869659125195733,
        "f_b": -0.42787962513140787,
        "u_d": -16.701804171828428,
        "p": 9.3482843532623,
        "n": 6.8613184407427275,
        "f": 7.89086158443681,
        "b": 8.318741209568218,
        "u": 0,
        "d": 16.701804171828428
    },
    "jcampbell1": {
        "p_n": 1.8465713576854776,
        "f_b": -0.3394791725162669,
        "u_d": -17.48982908131391,
        "p": 9.166811422226258,
        "n": 7.320240064540781,
        "f": 8.073786157125387,
        "b": 8.413265329641654,
        "u": -17.48982908131391,
        "d": 0
    },
    "raykin": {
        "p_n": 2.8935274687436747,
        "f_b": -0.6190497513245692,
        "u_d": -17.488782814569433,
        "p": 9.108686609044849,
        "n": 6.215159140301174,
        "f": 7.352397999010726,
        "b": 7.971447750335296,
        "u": -17.488782814569433,
        "d": 0
    },
    "marklagendijk": {
        "p_n": 2.4687280819012383,
        "f_b": -0.6731585938094504,
        "u_d": -15.213644767701055,
        "p": 9.394362312681494,
        "n": 6.925634230780256,
        "f": 7.823418974826149,
        "b": 8.4965775686356,
        "u": 0,
        "d": 15.213644767701055
    },
    "victorb": {
        "p_n": 2.752542491618562,
        "f_b": -0.22230572204349297,
        "u_d": -17.531226870098074,
        "p": 9.076897676811866,
        "n": 6.324355185193304,
        "f": 7.589473569980838,
        "b": 7.811779292024331,
        "u": 0,
        "d": 17.531226870098074
    },
    "kadamwhite": {
        "p_n": 2.330108182454211,
        "f_b": -0.5675299354153616,
        "u_d": -16.555646595495684,
        "p": 9.03097077628184,
        "n": 6.70086259382763,
        "f": 7.582151717347054,
        "b": 8.149681652762416,
        "u": 0,
        "d": 16.555646595495684
    },
    "mhworth": {
        "p_n": 1.9669603797747683,
        "f_b": -0.5545186149056729,
        "u_d": -17.393081882179743,
        "p": 9.064815800799796,
        "n": 7.097855421025027,
        "f": 7.804076303459576,
        "b": 8.358594918365249,
        "u": 0,
        "d": 17.393081882179743
    },
    "theothermattm": {
        "p_n": 3.073342940514279,
        "f_b": -0.436502514953677,
        "u_d": -16.970608803706853,
        "p": 9.6018781188793,
        "n": 6.528535178365021,
        "f": 7.846955391145322,
        "b": 8.283457906098999,
        "u": 0,
        "d": 16.970608803706853
    },
    "rickhuizinga": {
        "p_n": 2.0031487058455717,
        "f_b": -0.8529358623295673,
        "u_d": -17.54613727560548,
        "p": 9.271591143976394,
        "n": 7.268442438130823,
        "f": 7.843548859888824,
        "b": 8.696484722218392,
        "u": 0,
        "d": 17.54613727560548
    },
    "mlenser": {
        "p_n": 2.318256082992754,
        "f_b": -0.6324429099358957,
        "u_d": -14.607462086446537,
        "p": 8.733040416246546,
        "n": 6.414784333253792,
        "f": 7.257690919782221,
        "b": 7.890133829718117,
        "u": 0,