{
    "lock[bot]": {
        "p_n": 3.4063614037040706,
        "f_b": -0.03842783432102337,
        "u_d": -17.64395485101795,
        "p": 9.850132953311059,
        "n": 6.443771549606988,
        "f": 8.127738334298511,
        "b": 8.166166168619535,
        "u": 0,
        "d": 17.64395485101795
    },
    "afc163": {
        "p_n": 2.3438549984040122,
        "f_b": 0.18143639595907501,
        "u_d": -17.45278582188686,
        "p": 8.955396253440906,
        "n": 6.611541255036894,
        "f": 7.874186952218437,
        "b": 7.692750556259362,
        "u": 0,
        "d": 17.45278582188686
    },
    "yiminghe": {
        "p_n": 2.344501373070205,
        "f_b": 0.4778820774610111,
        "u_d": -17.12245254324628,
        "p": 8.904971639926679,
        "n": 6.560470266856473,
        "f": 7.9716619921220815,
        "b": 7.49377991466107,
        "u": 0,
        "d": 17.12245254324628
    },
    "benjycui": {
        "p_n": 2.414987926363243,
        "f_b": 0.7627676762184237,
        "u_d": -17.945875796368806,
        "p": 8.883428858631284,
        "n": 6.468440932268041,
        "f": 8.057318733558875,
        "b": 7.294551057340451,
        "u": 0,
        "d": 17.945875796368806
    },
    "dyf2015": {
        "p_n": 1.9290333797006625,
        "f_b": -0.13327607351139292,
        "u_d": -17.422804964376652,
        "p": 9.117689829281291,
        "n": 7.188656449580629,
        "f": 8.086535102675263,
        "b": 8.219811176186656,
        "u": -17.422804964376652,
        "d": 0
    },
    "silentcloud": {
        "p_n": 2.3457942668025584,
        "f_b": 0.5976580934777234,
        "u_d": -16.61191295831948,
        "p": 8.812457707202299,
        "n": 6.46666344039974,
        "f": 7.938389620539881,
        "b": 7.340731527062157,
        "u": 0,
        "d": 16.61191295831948
    },
    "warmhug": {
        "p_n": 2.174313255872704,
        "f_b": 0.07614496110934965,
        "u_d": -17.079173266947432,
        "p": 8.669069426524928,
        "n": 6.494756170652224,
        "f": 7.6199852791432505,
        "b": 7.543840318033901,
        "u": 0,
        "d": 17.079173266947432
    },
    "pingan1927": {
        "p_n": 2.294144122024603,
        "f_b": 0.5641307370595463,
        "u_d": -17.663799696120602,
        "p": 8.932021492345502,
        "n": 6.637877370320899,
        "f": 8.067014799862973,
        "b": 7.502884062803426,
        "u": 0,
        "d": 17.663799696120602
    },
    "kairi1227": {
        "p_n": 2.2829330859174757,
        "f_b": 0.6576694479431309,
        "u_d": -17.681355073269252,
        "p": 8.760518867514378,
        "n": 6.477585781596902,
        "f": 7.947887048527205,
        "b": 7.290217600584074,
        "u": 0,
        "d": 17.681355073269252
    },
    "laukaichung": {
        "p_n": 1.8994080760485135,
        "f_b": -0.8096006488030287,
        "u_d": -16.124002541524238,
        "p": 8.742520526260831,
        "n": 6.843112450212318,
        "f": 7.38801616383506,
        "b": 8.197616812638088,
        "u": 0,
        "d": 16.124002541524238
    },
    "paranoidjk": {
        "p_n": 2.108298030323425,
        "f_b": 0.08232006732080155,
        "u_d": -17.20551351275632,
        "p": 8.830760014225898,
        "n": 6.722461983902473,
        "f": 7.817771032724586,
        "b": 7.735450965403785,
        "u": 0,
        "d": 17.20551351275632
    },
    "gzlinjialong": {
        "p_n": 1.7537571830083492,
        "f_b": -0.10353768323079926,
        "u_d": -17.23278655938175,
        "p": 9.06412441827181,
        "n": 7.3103672352634606,
        "f": 8.135476985152236,
        "b": 8.239014668383035,
        "u": 0,
        "d": 17.23278655938175
    },
    "yesmeck": {
        "p_n": 2.407799056646793,
        "f_b": 0.3335739058600602,
        "u_d": -16.951154337689257,
        "p": 8.763875920551136,
        "n": 6.3560768639043435,
        "f": 7.72676334515777,
        "b": 7.39318943929771,
        "u": 0,
        "d": 16.951154337689257
    },
    "liubin1023": {
        "p_n": 2.6749093614810393,
        "f_b": 0.9359759810635371,
        "u_d": -16.87481328453169,
        "p": 8.934878132168473,
        "n": 6.259968770687434,
        "f": 8.065411441959721,
        "b": 7.129435460896184,
        "u": 0,
        "d": 16.87481328453169
    },
    "xmchyabi": {
        "p_n": 2.1920911383711985,
        "f_b": 0.3849860936766616,
        "u_d": -16.19258043374062,
        "p": 8.74719460136198,
        "n": 6.555103462990781,
        "f": 7.84364207901471,
        "b": 7.458655985338049,
        "u": 0,
        "d": 16.19258043374062
    },
    "cncolder": {
        "p_n": 2.4691611725307574,
        "f_b": 0.08507331812401997,
        "u_d": -17.49554948093604,
        "p": 8.95646293177672,
        "n": 6.4873017592459625,
        "f": 7.764419004573352,
        "b": 7.679345686449332,
        "u": -17.49554948093604,
        "d": 0
    },
    "kingdujiabo": {
        "p_n": 2.6851646833163585,
        "f_b": 0.08105729429135167,
        "u_d": -17.478280714817853,
        "p": 9.12121216105847,
        "n": 6.436047477742111,
        "f": 7.819158466545966,
        "b": 7.7381011722546145,
        "u": -17.478280714817853,
        "d": 0
    },
    "bang88": {
        "p_n": 2.6836347352280043,
        "f_b": -0.0018051401200942507,
        "u_d": -17.267915597513685,
        "p": 9.044851528640962,
        "n": 6.361216793412957,
        "f": 7.702131590966912,
        "b": 7.703936731087007,
        "u": 0,
        "d": 17.267915597513685
    },
    "zhenzong": {
        "p_n": 2.2020439206112847,
        "f_b": 0.3302883946291155,
        "u_d": -17.680194438882157,
        "p": 8.876770666902082,
        "n": 6.674726746290798,
        "f": 7.9408929039109974,
        "b": 7.610604509281882,
        "u": 0,
        "d": 17.680194438882157
    },
    "timzaak": {
        "p_n": 2.222814338453791,
        "f_b": 0.6511305539894581,
        "u_d": -17.362937073070086,
        "p": 8.902249702786198,
        "n": 6.679435364332408,
        "f": 8.116407810554032,
        "b": 7.4652772565645735,
        "u": 0,
        "d": 17.362937073070086
    },
    "deot": {
        "p_n": 2.2031833520251505,
        "f_b": -0.41670422364653614,
        "u_d": -15.125177873004372,
        "p": 8.665563991812952,
        "n": 6.462380639787802,
        "f": 7.355620203977109,
        "b": 7.772324427623645,
        "u": 0,
        "d": 15.125177873004372
    },
    "himStone": {
        "p_n": 1.9908999198715254,
        "f_b": 0.10355031289835104,
        "u_d": -17.391372009200452,
        "p": 8.81276770674933,
        "n": 6.821867786877805,
        "f": 7.869092903262743,
        "b": 7.765542590364392,
        "u": 0,
        "d": 17.391372009200452
    },
    "NicholasNC": {
        "p_n": 2.3570185867920816,
        "f_b": 0.01610699258876913,
        "u_d": -17.455411714656,
        "p": 9.31405212352718,
        "n": 6.957033536735098,
        "f": 8.143596326425524,
        "b": 8.127489333836754,
        "u": -17.455411714656,
        "d": 0
    },
    "xoptimal": {
        "p_n": 2.9043311510642216,
        "f_b": 0.889005262495683,
        "u_d": -17.69594452740164,
        "p": 8.97997639012257,
        "n": 6.075645239058348,
        "f": 7.972313445838301,
        "b": 7.083308183342618,
        "u": 0,
        "d": 17.69594452740164
    },
    "Jude214": {
        "p_n": 2.4206304814634265,
        "f_b": 0.6794497054579969,
        "u_d": -17.858125445839544,
        "p": 9.198437934500092,
        "n": 6.777807453036665,
        "f": 8.327847546497377,
        "b": 7.6483978410393805,
        "u": 0,
        "d": 17.858125445839544
    },
    "mineralres": {
        "p_n": 2.0182312331337,
        "f_b": 0.32036455474666514,
        "u_d": -17.45162042379235,
        "p": 8.778711326772935,
        "n": 6.760480093639235,
        "f": 7.929777987579418,
        "b": 7.609413432832753,
        "u": 0,
        "d": 17.45162042379235
    },