{
    "milani": {
        "p_n": 1.8974146458513017,
        "f_b": 0.1542293345697665,
        "u_d": -17.95964744283113,
        "p": 9.510574937933903,
        "n": 7.613160292082601,
        "f": 8.638982282293135,
        "b": 8.484752947723369,
        "u": 0,
        "d": 17.95964744283113
    },
    "sihorton": {
        "p_n": 1.402572687283552,
        "f_b": -0.9132363032780475,
        "u_d": -17.309598333269015,
        "p": 9.158289199753927,
        "n": 7.755716512470375,
        "f": 8.000384704473127,
        "b": 8.913621007751175,
        "u": 0,
        "d": 17.309598333269015
    },
    "neatcode": {
        "p_n": 0.865609170527903,
        "f_b": -1.2027725274274328,
        "u_d": -17.669647657848532,
        "p": 8.830378562756131,
        "n": 7.964769392228228,
        "f": 7.796187713778464,
        "b": 8.998960241205896,
        "u": 0,
        "d": 17.669647657848532
    },
    "IngwiePhoenix": {
        "p_n": 1.991224332810523,
        "f_b": -0.6492726041023165,
        "u_d": -17.389128564987853,
        "p": 8.93637899517786,
        "n": 6.945154662367337,
        "f": 7.61613052672144,
        "b": 8.265403130823756,
        "u": 0,
        "d": 17.389128564987853
    }
}