{
    "artursapek": {
        "p_n": 1.9330952259080636,
        "f_b": -0.4254433848731267,
        "u_d": -16.51446036246917,
        "p": 9.188754309469811,
        "n": 7.255659083561747,
        "f": 8.009485004079217,
        "b": 8.434928388952343,
        "u": 0,
        "d": 16.51446036246917
    },
    "Fishrock123": {
        "p_n": 2.2675896786395313,
        "f_b": -0.527013505094633,
        "u_d": -15.544132288246875,
        "p": 9.187255047604387,
        "n": 6.919665368964855,
        "f": 7.7899534557373045,
        "b": 8.316966960831937,
        "u": 0,
        "d": 15.544132288246875
    },
    "wraybowling": {
        "p_n": 2.608189407559345,
        "f_b": -0.3069759986909535,
        "u_d": -16.060900851761595,
        "p": 9.25084470649681,
        "n": 6.642655298937465,
        "f": 7.793262003371661,
        "b": 8.100238002062614,
        "u": 0,
        "d": 16.060900851761595
    },
    "fbender": {
        "p_n": 1.9189659787064102,
        "f_b": -0.7781701118016695,
        "u_d": -17.287337286211578,
        "p": 9.180186814498988,
        "n": 7.261220835792578,
        "f": 7.8316187692449475,
        "b": 8.609788881046617,
        "u": 0,
        "d": 17.287337286211578
    }
}