{
    "asaskevich": {
        "p_n": 2.5544788865689325,
        "f_b": 0.33117161757225944,
        "u_d": -17.514370277914473,
        "p": 9.740403756136255,
        "n": 7.185924869567322,
        "f": 8.628750121637918,
        "b": 8.297578504065658,
        "u": 0,
        "d": 17.514370277914473
    },
    "nullboundary": {
        "p_n": 2.6532469218713643,
        "f_b": -0.2246523715921782,
        "u_d": -17.163507576863516,
        "p": 9.506713865931836,
        "n": 6.853466944060472,
        "f": 8.067764219200065,
        "b": 8.292416590792243,
        "u": 0,
        "d": 17.163507576863516
    },
    "Dadie": {
        "p_n": 2.6035413671722853,
        "f_b": -0.618196698905499,
        "u_d": -16.32243069397969,
        "p": 9.179570346808893,
        "n": 6.576028979636607,
        "f": 7.56870131377,
        "b": 8.186898012675499,
        "u": 0,
        "d": 16.32243069397969
    },
    "robmurtha": {
        "p_n": 2.8686443260559855,
        "f_b": -0.061310220735811605,
        "u_d": -16.713396635378835,
        "p": 9.096088544871908,
        "n": 6.227444218815922,
        "f": 7.6311112714760085,
        "b": 7.69242149221182,
        "u": 0,
        "d": 16.713396635378835
    },
    "nathj07": {
        "p_n": 2.3246214182117475,
        "f_b": -0.06817982486705176,
        "u_d": -16.397069511392385,
        "p": 9.212768650112755,
        "n": 6.888147231901008,
        "f": 8.016368028573355,
        "b": 8.084547853440407,
        "u": 0,
        "d": 16.397069511392385
    },
    "annismckenzie": {
        "p_n": 2.1443141841010256,
        "f_b": -0.4344865897538561,
        "u_d": -17.484773517299562,
        "p": 9.413991472521651,
        "n": 7.269677288420626,
        "f": 8.124591085594211,
        "b": 8.559077675348068,
        "u": -17.484773517299562,
        "d": 0
    },
    "krak3n": {
        "p_n": 1.7818930069904457,
        "f_b": -0.7432693197612341,
        "u_d": -16.464875071199806,
        "p": 8.940849738833279,
        "n": 7.158956731842833,
        "f": 7.678268575457439,
        "b": 8.421537895218673,
        "u": 0,
        "d": 16.464875071199806
    },
    "dav-": {
        "p_n": 2.9667313489097307,
        "f_b": -0.3693224144068967,
        "u_d": -17.48885980183228,
        "p": 9.048868882439432,
        "n": 6.082137533529702,
        "f": 7.380842000781119,
        "b": 7.750164415188015,
        "u": -17.48885980183228,
        "d": 0
    },
    "marcobeierer": {
        "p_n": 2.1341939742769593,
        "f_b": -0.7707435473107225,
        "u_d": -17.449747144564565,
        "p": 9.262661675430296,
        "n": 7.128467701153337,
        "f": 7.810192914636456,
        "b": 8.580936461947179,
        "u": 0,
        "d": 17.449747144564565
    },
    "bbrks": {
        "p_n": 1.807244057562821,
        "f_b": 0.5465397247361299,
        "u_d": -14.327035698052725,
        "p": 8.73114260530458,
        "n": 6.923898547741759,
        "f": 8.100790438891234,
        "b": 7.5542507141551045,
        "u": 0,
        "d": 14.327035698052725
    },
    "jasonlam604": {
        "p_n": 1.922413274297475,
        "f_b": -0.13943718163976726,
        "u_d": -16.95479319954396,
        "p": 9.177598872183612,
        "n": 7.255185597886137,
        "f": 8.14667364421499,
        "b": 8.286110825854758,
        "u": 0,
        "d": 16.95479319954396
    },
    "marcsantiago": {
        "p_n": 2.163079419320243,
        "f_b": 1.106880609574178,
        "u_d": -17.18393435862469,
        "p": 8.753286320896244,
        "n": 6.590206901576001,
        "f": 8.225186916023212,
        "b": 7.118306306449034,
        "u": 0,
        "d": 17.18393435862469
    },
    "wadtech": {
        "p_n": 2.4221884470190567,
        "f_b": -0.5152702110453262,
        "u_d": -17.470269822533755,
        "p": 9.554814755891602,
        "n": 7.1326263088725455,
        "f": 8.08608542685941,
        "b": 8.601355637904737,
        "u": -17.470269822533755,
        "d": 0
    },
    "clearcodecn": {
        "p_n": 2.0195997829385286,
        "f_b": -0.6232280737606732,
        "u_d": -17.483672196842512,
        "p": 9.515600955191248,
        "n": 7.496001172252719,
        "f": 8.194187026841647,
        "b": 8.81741510060232,
        "u": -17.483672196842512,
        "d": 0
    }
}