{
    "asciimoo": {
        "p_n": 1.8876475057539306,
        "f_b": 0.008943677301573416,
        "u_d": -17.4393987558906,
        "p": 9.700388341473861,
        "n": 7.81274083571993,
        "f": 8.761036427247682,
        "b": 8.752092749946108,
        "u": 0,
        "d": 17.4393987558906
    },
    "vmalloc": {
        "p_n": 2.7171789904052233,
        "f_b": -0.3316350700192192,
        "u_d": -17.463924406821718,
        "p": 9.676384424578522,
        "n": 6.959205434173299,
        "f": 8.151977394366302,
        "b": 8.483612464385521,
        "u": -17.463924406821718,
        "d": 0
    },
    "stef": {
        "p_n": 2.848931490749316,
        "f_b": -0.2135195037384321,
        "u_d": -17.455654157272118,
        "p": 9.771601081533927,
        "n": 6.9226695907846105,
        "f": 8.240375584290053,
        "b": 8.453895088028485,
        "u": -17.455654157272118,
        "d": 0
    },
    "josuah": {
        "p_n": 3.5845320052855136,
        "f_b": 0.2501514059903194,
        "u_d": -17.250672463965422,
        "p": 10.237547152012864,
        "n": 6.65301514672735,
        "f": 8.570356852365267,
        "b": 8.320205446374947,
        "u": 0,
        "d": 17.250672463965422
    }
}