{
    "ashtuchkin": {
        "p_n": 2.154904424295559,
        "f_b": -0.4800134578603181,
        "u_d": -17.948083728248257,
        "p": 9.118907773043205,
        "n": 6.964003348747646,
        "f": 7.801448831965265,
        "b": 8.281462289825583,
        "u": 0,
        "d": 17.948083728248257
    },
    "fengmk2": {
        "p_n": 1.7618349420333832,
        "f_b": 0.30878064179509757,
        "u_d": -17.464830817244227,
        "p": 9.045229291247981,
        "n": 7.283394349214598,
        "f": 8.318702141128838,
        "b": 8.00992149933374,
        "u": -17.464830817244227,
        "d": 0
    },
    "mscdex": {
        "p_n": 2.4680126217949496,
        "f_b": -0.7451855742366531,
        "u_d": -17.054304636983854,
        "p": 8.93352522230471,
        "n": 6.46551260050976,
        "f": 7.326926124288907,
        "b": 8.07211169852556,
        "u": 0,
        "d": 17.054304636983854
    },
    "solatis": {
        "p_n": 2.704652354126842,
        "f_b": -0.743673254989929,
        "u_d": -17.467661132451973,
        "p": 9.468393946872565,
        "n": 6.763741592745723,
        "f": 7.744231142314179,
        "b": 8.487904397304108,
        "u": -17.467661132451973,
        "d": 0
    },
    "dangibson": {
        "p_n": 1.709301508935111,
        "f_b": -0.8507309679532096,
        "u_d": -16.437791081970303,
        "p": 9.21633394917561,
        "n": 7.507032440240499,
        "f": 7.9363177107314495,
        "b": 8.787048678684659,
        "u": 0,
        "d": 16.437791081970303
    },
    "wu-yue": {
        "p_n": 1.725206206999224,
        "f_b": -0.6815611888789652,
        "u_d": -16.81570708191975,
        "p": 8.88362253457595,
        "n": 7.1584163275767265,
        "f": 7.680238836636856,
        "b": 8.361800025515821,
        "u": 0,
        "d": 16.81570708191975
    },
    "Mithgol": {
        "p_n": 2.8101304609733884,
        "f_b": -0.8531688316764523,
        "u_d": -16.492872726962407,
        "p": 9.377664121803893,
        "n": 6.567533660830504,
        "f": 7.546014475478971,
        "b": 8.399183307155424,
        "u": 0,
        "d": 16.492872726962407
    },
    "dougwilson": {
        "p_n": 2.2672949341187643,
        "f_b": -0.33050023190588895,
        "u_d": -16.622223700441843,
        "p": 9.518708773830607,
        "n": 7.251413839711843,
        "f": 8.21981119081828,
        "b": 8.55031142272417,
        "u": 0,
        "d": 16.622223700441843
    },
    "jincdream": {
        "p_n": 2.2865119713571174,
        "f_b": 0.32361634648288096,
        "u_d": -15.833534405948797,
        "p": 8.92783715829146,
        "n": 6.641325186934343,
        "f": 7.946389345854342,
        "b": 7.6227729993714615,
        "u": 0,
        "d": 15.833534405948797
    },
    "sharmalalit": {
        "p_n": 2.641666205723425,
        "f_b": -0.20201795262432842,
        "u_d": -16.018625151195582,
        "p": 9.072813789908434,
        "n": 6.431147584185009,
        "f": 7.650971710734558,
        "b": 7.852989663358886,
        "u": 0,
        "d": 16.018625151195582
    },
    "bpasero": {
        "p_n": 2.539166382704437,
        "f_b": -0.15624040097759462,
        "u_d": -17.3540016938144,
        "p": 9.675212300003185,
        "n": 7.136045917298748,
        "f": 8.32750890816217,
        "b": 8.483749309139764,
        "u": 0,
        "d": 17.3540016938144
    },
    "ghost": {
        "p_n": 1.36443222633938,
        "f_b": -1.2355576792264822,
        "u_d": -16.74146598181884,
        "p": 8.924718208282316,
        "n": 7.560285981942936,
        "f": 7.624723255499386,
        "b": 8.860280934725868,
        "u": 0,
        "d": 16.74146598181884
    },
    "Marak": {
        "p_n": 2.3113096273868114,
        "f_b": -0.2699410101762396,
        "u_d": -16.49036840034336,
        "p": 9.29011468046983,
        "n": 6.978805053083019,
        "f": 7.999489361688305,
        "b": 8.269430371864544,
        "u": 0,
        "d": 16.49036840034336
    },
    "sidorares": {
        "p_n": 2.528440202964256,
        "f_b": -0.5365862454464079,
        "u_d": -16.5856496303426,
        "p": 9.306479826078885,
        "n": 6.778039623114629,
        "f": 7.773966601873553,
        "b": 8.310552847319961,
        "u": 0,
        "d": 16.5856496303426
    },
    "larssn": {
        "p_n": 2.3148024927472566,
        "f_b": -0.7113058721851564,
        "u_d": -16.686531098986624,
        "p": 8.911272622594385,
        "n": 6.596470129847129,
        "f": 7.398218440128178,
        "b": 8.109524312313335,
        "u": 0,
        "d": 16.686531098986624
    },
    "felixfbecker": {
        "p_n": 1.9555884536646122,
        "f_b": -1.0733175430309077,
        "u_d": -16.296859144156652,
        "p": 8.998663117269576,
        "n": 7.043074663604964,
        "f": 7.484210118921816,
        "b": 8.557527661952724,
        "u": 0,
        "d": 16.296859144156652
    },
    "ikedas": {
        "p_n": 2.154257027860866,
        "f_b": 0.428078423295311,
        "u_d": -17.231453914072343,
        "p": 9.231189552662707,
        "n": 7.076932524801841,
        "f": 8.36810025037993,
        "b": 7.940021827084619,
        "u": 0,
        "d": 17.231453914072343
    },
    "raccy": {
        "p_n": 2.100342113145249,
        "f_b": 0.6888417378328171,
        "u_d": -17.118896799812703,
        "p": 8.91120099666909,
        "n": 6.81085888352384,
        "f": 8.205450809012873,
        "b": 7.516609071180056,
        "u": 0,
        "d": 17.118896799812703
    },
    "LionOpeter": {
        "p_n": 2.5360856718785953,
        "f_b": -0.6236391462175064,
        "u_d": -17.080277042086838,
        "p": 8.684507349628953,
        "n": 6.148421677750358,
        "f": 7.1046449405809025,
        "b": 7.728284086798409,
        "u": 0,
        "d": 17.080277042086838
    }
}