{
    "astrada": {
        "p_n": 1.3717262375299963,
        "f_b": -0.7991695467326876,
        "u_d": -16.8307696959697,
        "p": 8.933585806800311,
        "n": 7.5618595692703146,
        "f": 7.8481379146689685,
        "b": 8.647307461401656,
        "u": 0,
        "d": 16.8307696959697
    },
    "ghost": {
        "p_n": 2.5074422721535363,
        "f_b": -0.4233527293467976,
        "u_d": -15.652842234029421,
        "p": 8.849088206613281,
        "n": 6.341645934459745,
        "f": 7.383690705863115,
        "b": 7.807043435209913,
        "u": 0,
        "d": 15.652842234029421
    },
    "VE7ZBG": {
        "p_n": 1.0993122555588002,
        "f_b": -0.8078374001229447,
        "u_d": -13.780674192431366,
        "p": 8.472155568865979,
        "n": 7.372843313307179,
        "f": 7.518580741025107,
        "b": 8.326418141148052,
        "u": 0,
        "d": 13.780674192431366
    },
    "pmorch": {
        "p_n": 1.6848581595454526,
        "f_b": -0.5652001592750171,
        "u_d": -16.25394376763254,
        "p": 9.505186813107928,
        "n": 7.820328653562475,
        "f": 8.380157653697694,
        "b": 8.945357812972711,
        "u": 0,
        "d": 16.25394376763254
    },
    "cubica": {
        "p_n": 1.5625072510092313,
        "f_b": -0.917045259895076,
        "u_d": -17.964673422305022,
        "p": 8.93222388126046,
        "n": 7.369716630251229,
        "f": 7.692447625808306,
        "b": 8.609492885703382,
        "u": 0,
        "d": 17.964673422305022
    },
    "brancomat": {
        "p_n": 2.0972399102034487,
        "f_b": -1.039061254317323,
        "u_d": -16.66300664879446,
        "p": 9.097466994801506,
        "n": 7.000227084598057,
        "f": 7.529316412541119,
        "b": 8.568377666858442,
        "u": 0,
        "d": 16.66300664879446
    },
    "krish-nagarajan": {
        "p_n": 1.8473397847455635,
        "f_b": -0.15825731026570367,
        "u_d": -17.496559703807172,
        "p": 9.15836219906458,
        "n": 7.311022414319017,
        "f": 8.155563651558946,
        "b": 8.31382096182465,
        "u": -17.496559703807172,
        "d": 0
    },
    "Danny02": {
        "p_n": 1.7674312220341601,
        "f_b": 0.16503758014707515,
        "u_d": -16.163062478218365,
        "p": 8.732826190334592,
        "n": 6.965394968300432,
        "f": 7.9316293693910485,
        "b": 7.766591789243973,
        "u": 0,
        "d": 16.163062478218365
    },
    "sorin-ionescu": {
        "p_n": 2.2215024424914134,
        "f_b": 0.8788756264796405,
        "u_d": -16.808448806983815,
        "p": 8.914975930547545,
        "n": 6.6934734880561315,
        "f": 8.243662522541658,
        "b": 7.364786896062018,
        "u": 0,
        "d": 16.808448806983815
    },
    "iplor": {
        "p_n": 2.264919447457631,
        "f_b": -0.7673207659970087,
        "u_d": -16.983265575496706,
        "p": 9.114811974831262,
        "n": 6.8498925273736315,
        "f": 7.598691868103942,
        "b": 8.36601263410095,
        "u": 0,
        "d": 16.983265575496706
    },
    "brihuega": {
        "p_n": 2.3330513992115414,
        "f_b": 0.01122906958172365,
        "u_d": -16.798578089572914,
        "p": 8.918163329531513,
        "n": 6.585111930319972,
        "f": 7.757252164716604,
        "b": 7.7460230951348805,
        "u": 0,
        "d": 16.798578089572914
    },
    "piccaso": {
        "p_n": 1.5428982148619088,
        "f_b": -0.7792542194651348,
        "u_d": -16.93647875249939,
        "p": 8.905766069967974,
        "n": 7.362867855106066,
        "f": 7.744689852804453,
        "b": 8.523944072269588,
        "u": 0,
        "d": 16.93647875249939
    },
    "vixxtor": {
        "p_n": 2.1712261096265424,
        "f_b": 0.3261117202645023,
        "u_d": -16.67983357108171,
        "p": 8.505341676798217,
        "n": 6.334115567171675,
        "f": 7.582784482117197,
        "b": 7.256672761852695,
        "u": 0,
        "d": 16.67983357108171
    },
    "lesebas": {
        "p_n": 1.2906469996711785,
        "f_b": -0.6221568923355507,
        "u_d": -15.845634055526594,
        "p": 8.346324861574699,
        "n": 7.05567786190352,
        "f": 7.389922915571334,
        "b": 8.012079807906884,
        "u": 0,
        "d": 15.845634055526594
    },
    "Torsten85": {
        "p_n": 1.6674278200705768,
        "f_b": -0.28453263513057436,
        "u_d": -17.489751938199976,
        "p": 9.14241986882256,
        "n": 7.474992048751984,
        "f": 8.166439641221986,
        "b": 8.45097227635256,
        "u": -17.489751938199976,
        "d": 0
    },
    "philcolbourn": {
        "p_n": 2.476955594064062,
        "f_b": 0.022037148094773862,
        "u_d": -17.476839423232086,
        "p": 9.059952029451868,
        "n": 6.582996435387805,
        "f": 7.832492806467223,
        "b": 7.810455658372449,
        "u": -17.476839423232086,
        "d": 0
    },
    "luisca": {
        "p_n": 1.6629966419006905,
        "f_b": -0.36885321762748813,
        "u_d": -15.68864244299018,
        "p": 8.684906702631832,
        "n": 7.021910060731141,
        "f": 7.668981772867743,
        "b": 8.03783499049523,
        "u": 0,
        "d": 15.68864244299018
    },
    "adojaan": {
        "p_n": 2.8232695275683692,
        "f_b": 0.6206683393679979,
        "u_d": -17.065866086341796,
        "p": 9.123742724350711,
        "n": 6.300473196782342,
        "f": 8.022442130250525,
        "b": 7.401773790882527,
        "u": 0,
        "d": 17.065866086341796
    },
    "JaysonWonder": {
        "p_n": 1.5864129416797574,
        "f_b": -0.6476842624990038,
        "u_d": -17.490624118308546,
        "p": 9.214942215452037,
        "n": 7.62852927377228,
        "f": 8.097893613362658,
        "b": 8.745577875861661,
        "u": -17.490624118308546,
        "d": 0
    },
    "lickdragon": {
        "p_n": 2.944083791447488,
        "f_b": 0.9278389538134117,
        "u_d": -16.504540074867545,
        "p": 8.995391636415874,
        "n": 6.051307844968386,
        "f": 7.987269217598836,
        "b": 7.0594302637854245,
        "u": 0,
        "d": 16.504540074867545
    },
    "jjordanthesailor": {
        "p_n": 1.8507674728008308,
        "f_b": 0.14042716765881735,
        "u_d": -17.443965283706916,
        "p": 9.256972046942249,
        "n": 7.406204574141418,
        "f": 8.401801894371243,
        "b": 8.261374726712425,
        "u": -17.443965283706916,
        "d": 0
    },
    "stickenhoffen": {
        "p_n": 2.1011758240630165,
        "f_b": -0.3513575045016024,
        "u_d": -16.38789016237294,
        "p": 9.129544530446243,
        "n": 7.028368706383226,
        "f": 7.903277866163934,
        "b": 8.254635370665536,
        "u": 0,
        "d": 16.38789016237294
    },
    "zenjabba": {
        "p_n": 1.7473106473485416,
        "f_b": -0.4281278579137009,
        "u_d": -17.319451808569163,
        "p": 8.882234660129637,
        "n": 7.134924012781095,
        "f": 7.7945154074985155,
        "b": 8.222643265412216,
        "u": 0,
        "d": 17.319451808569163
    },
    "jant90": {
        "p_n": 1.817297882538175,
        "f_b": -0.27115865349381796,
        "u_d": -15.30670916897467,
        "p": 9.019007975267769,
        "n": 7.201710092729594,
        "f": 7.9747797072517725,
        "b": 8.24593836074559,
        "u": 0,
        "d": 15.30670916897467
    },
    "kraken17": {
        "p_n": 1.3453729327810713,
        "f_b": -0.7321623471956524,
        "u_d": -17.478035774460572,
        "p": 8.528713254842945,
        "n": 7.1833403220618735,
        "f": 7.489945614854582,
        "b": 8.222107962050234,
        "u": 0,
        "d": 17.478035774460572
    },
    "kynikos": {
        "p_n": 2.0113751129605255,
        "f_b": -0.8492397953726858,
        "u_d": -16.13205018955306,
        "p": 8.954803089694144,
        "n": 6.943427976733618,
        "f": 7.524495635527538,
        "b": 8.373735430900224,
        "u": 0,