{
    "rauchg": {
        "p_n": 2.4567019869267046,
        "f_b": -0.11124641599870877,
        "u_d": -16.689641493181863,
        "p": 9.355695646979878,
        "n": 6.898993660053174,
        "f": 8.071721445517172,
        "b": 8.18296786151588,
        "u": 0,
        "d": 16.689641493181863
    },
    "skeggse": {
        "p_n": 2.4054073003620857,
        "f_b": -0.7534855571469263,
        "u_d": -16.90807110682968,
        "p": 9.358003678921957,
        "n": 6.952596378559871,
        "f": 7.778557250167451,
        "b": 8.532042807314378,
        "u": 0,
        "d": 16.90807110682968
    },
    "truongsinh": {
        "p_n": 2.0422562704409106,
        "f_b": -0.03573223789050317,
        "u_d": -16.69627179718048,
        "p": 9.363784019975878,
        "n": 7.321527749534967,
        "f": 8.324789765810172,
        "b": 8.360522003700675,
        "u": 0,
        "d": 16.69627179718048
    },
    "millermedeiros": {
        "p_n": 2.605126864073366,
        "f_b": -0.43161054702288126,
        "u_d": -16.44328206929557,
        "p": 9.238572190910194,
        "n": 6.633445326836828,
        "f": 7.72020348536207,
        "b": 8.151814032384952,
        "u": 0,
        "d": 16.44328206929557
    }
}