{
    "blueimp": {
        "p_n": 2.0834341079595937,
        "f_b": -0.5926320062648855,
        "u_d": -17.492681337647916,
        "p": 9.47750673616001,
        "n": 7.394072628200416,
        "f": 8.13947367904777,
        "b": 8.732105685312655,
        "u": -17.492681337647916,
        "d": 0
    }
}