{
    "GrahamCampbell": {
        "p_n": 2.4653879462479384,
        "f_b": 0.3353447255316837,
        "u_d": -17.489102987411048,
        "p": 9.696640889789762,
        "n": 7.231252943541824,
        "f": 8.631619279431636,
        "b": 8.296274553899952,
        "u": -17.489102987411048,
        "d": 0
    }
}