{
    "jbachorik": {
        "p_n": 1.9619194804403284,
        "f_b": -0.5862191641889556,
        "u_d": -17.357140737902263,
        "p": 9.088767914809786,
        "n": 7.126848434369458,
        "f": 7.814698592495144,
        "b": 8.4009177566841,
        "u": 0,
        "d": 17.357140737902263
    },
    "yardus": {
        "p_n": 1.9594613447862725,
        "f_b": -0.6834146588965204,
        "u_d": -16.72953404068358,
        "p": 9.152461197964957,
        "n": 7.1929998531786845,
        "f": 7.83102319612356,
        "b": 8.51443785502008,
        "u": 0,
        "d": 16.72953404068358
    },
    "tmohme": {
        "p_n": 1.598079257027579,
        "f_b": -0.779289269769901,
        "u_d": -16.60179955831707,
        "p": 8.770831157703187,
        "n": 7.172751900675608,
        "f": 7.582146894304447,
        "b": 8.361436164074348,
        "u": 0,
        "d": 16.60179955831707
    },
    "mfilser": {
        "p_n": 1.4427331227804592,
        "f_b": -0.2181389171227437,
        "u_d": -17.07903064724328,
        "p": 9.235700194136207,
        "n": 7.792967071355748,
        "f": 8.405264174184605,
        "b": 8.623403091307349,
        "u": 0,
        "d": 17.07903064724328
    },
    "Proofkyko": {
        "p_n": 1.9210474373704107,
        "f_b": -0.6887687897415757,
        "u_d": -17.447190050529198,
        "p": 9.071676862764976,
        "n": 7.150629425394565,
        "f": 7.766768749208983,
        "b": 8.455537538950558,
        "u": -17.447190050529198,
        "d": 0
    },
    "AbhishekPuligundla": {
        "p_n": 1.9869385962944852,
        "f_b": -0.5260818682709214,
        "u_d": -17.170821637823096,
        "p": 8.82006007885386,
        "n": 6.833121482559375,
        "f": 7.563549846571156,
        "b": 8.089631714842078,
        "u": 0,
        "d": 17.170821637823096
    },
    "bvanders": {
        "p_n": 1.767789914173573,
        "f_b": -0.7279356952446765,
        "u_d": -16.949228467526947,
        "p": 8.906840779082284,
        "n": 7.139050864908711,
        "f": 7.65897797437316,
        "b": 8.386913669617837,
        "u": 0,
        "d": 16.949228467526947
    },
    "moonlitSpider": {
        "p_n": 2.0717507836719697,
        "f_b": -0.589218918454872,
        "u_d": -17.6971052867377,
        "p": 9.178602765583062,
        "n": 7.106851981911092,
        "f": 7.848117914519641,
        "b": 8.437336832974513,
        "u": 0,
        "d": 17.6971052867377
    },
    "zeocio": {
        "p_n": 2.7598262197504893,
        "f_b": -0.45562329096455834,
        "u_d": -16.48084616549466,
        "p": 8.886124419893628,
        "n": 6.126298200143139,
        "f": 7.278399664536105,
        "b": 7.734022955500663,
        "u": 0,
        "d": 16.48084616549466
    },
    "codecov-io": {
        "p_n": 2.568220606768259,
        "f_b": 0.3374794957768401,
        "u_d": -17.456937540802578,
        "p": 9.5366941336007,
        "n": 6.96847352683244,
        "f": 8.421323578104989,
        "b": 8.083844082328149,
        "u": 0,
        "d": 17.456937540802578
    },
    "petercipov": {
        "p_n": 2.683413431691223,
        "f_b": 0.559208757520512,
        "u_d": -17.336341597557055,
        "p": 9.012045940185448,
        "n": 6.328632508494225,
        "f": 7.949943603100093,
        "b": 7.390734845579581,
        "u": 0,
        "d": 17.336341597557055
    },
    "RoySunnySean007": {
        "p_n": 2.652374300581908,
        "f_b": 0.5767550907120871,
        "u_d": -17.734413206104325,
        "p": 9.351771865219458,
        "n": 6.69939756463755,
        "f": 8.313962260284548,
        "b": 7.737207169572461,
        "u": 0,
        "d": 17.734413206104325
    },
    "mygrapple": {
        "p_n": 2.0899348550687407,
        "f_b": 0.8036672076832865,
        "u_d": -17.425353453408942,
        "p": 8.972734068094477,
        "n": 6.882799213025736,
        "f": 8.32960024440175,
        "b": 7.525933036718463,
        "u": 0,
        "d": 17.425353453408942
    },
    "yashk": {
        "p_n": 2.3058195921832265,
        "f_b": 1.037056804473174,
        "u_d": -15.46763242399392,
        "p": 8.740318898335483,
        "n": 6.434499306152256,
        "f": 8.105937504480456,
        "b": 7.068880700007282,
        "u": 0,
        "d": 15.46763242399392
    },
    "carryxyh": {
        "p_n": 1.2382053005964329,
        "f_b": -0.4742626017676441,
        "u_d": -14.273489436274378,
        "p": 8.480657962786953,
        "n": 7.24245266219052,
        "f": 7.624424011604915,
        "b": 8.098686613372559,
        "u": 0,
        "d": 14.273489436274378
    },
    "yanfeipeng": {
        "p_n": 2.458243526227151,
        "f_b": 0.03352412479404876,
        "u_d": -16.954092028409065,
        "p": 8.873806560944196,
        "n": 6.415563034717045,
        "f": 7.661446860227645,
        "b": 7.627922735433597,
        "u": 0,
        "d": 16.954092028409065
    },
    "hsyyid": {
        "p_n": 1.9705563741348744,
        "f_b": 0.524215750404716,
        "u_d": -16.334835689942725,
        "p": 8.750575926166018,
        "n": 6.780019552031144,
        "f": 8.027405614300939,
        "b": 7.503189863896223,
        "u": 0,
        "d": 16.334835689942725
    },
    "thinkhejie": {
        "p_n": 2.4467255512406343,
        "f_b": 0.378910841673358,
        "u_d": -16.619084042479688,
        "p": 9.089294647631394,
        "n": 6.64256909639076,
        "f": 8.055387292847756,
        "b": 7.676476451174398,
        "u": 0,
        "d": 16.619084042479688
    },
    "dcapwell": {
        "p_n": 2.4070278372351623,
        "f_b": -0.23503959602078606,
        "u_d": -17.50752247387237,
        "p": 9.060487294278063,
        "n": 6.653459457042901,
        "f": 7.73945357765009,
        "b": 7.974493173670876,
        "u": 0,
        "d": 17.50752247387237
    },
    "moooonk": {
        "p_n": 2.913958178121206,
        "f_b": 0.7527207613991616,
        "u_d": -17.48316269311712,
        "p": 9.40863747645135,
        "n": 6.494679298330144,
        "f": 8.328018768090327,
        "b": 7.575298006691166,
        "u": -17.48316269311712,
        "d": 0
    },
    "zhaikaishun": {
        "p_n": 3.049360862800583,
        "f_b": 0.7479437852425548,
        "u_d": -17.455500194773464,
        "p": 9.279728443954262,
        "n": 6.230367581153679,
        "f": 8.129019905175248,
        "b": 7.381076119932693,
        "u": -17.455500194773464,
        "d": 0
    },
    "szhem": {
        "p_n": 2.304503131161897,
        "f_b": 1.2270353894138344,
        "u_d": -15.960040016468987,
        "p": 8.49979644866633,
        "n": 6.195293317504434,
        "f": 7.961062577792299,
        "b": 6.734027188378465,
        "u": 0,
        "d": 15.960040016468987
    }
}