{
    "carlsednaoui": {
        "p_n": 1.947168141524502,
        "f_b": 0.007995082244558915,
        "u_d": -17.729156448147876,
        "p": 9.40453595633327,
        "n": 7.457367814808768,
        "f": 8.434949426693297,
        "b": 8.426954344448738,
        "u": 0,
        "d": 17.729156448147876
    },
    "jescalan": {
        "p_n": 2.409712515159299,
        "f_b": -0.286252847812019,
        "u_d": -17.489413987699315,
        "p": 9.62365160704376,
        "n": 7.213939091884461,
        "f": 8.2756689255581,
        "b": 8.56192177337012,
        "u": -17.489413987699315,
        "d": 0
    },
    "mcgwebdesign": {
        "p_n": 2.0061461317567595,
        "f_b": 0.15523672526992094,
        "u_d": -17.90287526522174,
        "p": 9.414333763279195,
        "n": 7.408187631522436,
        "f": 8.488879060035776,
        "b": 8.333642334765855,
        "u": 0,
        "d": 17.90287526522174
    },
    "bezreyhan": {
        "p_n": 2.526807975518204,
        "f_b": -0.1823879188668016,
        "u_d": -17.068672471593082,
        "p": 9.562225801676561,
        "n": 7.0354178261583575,
        "f": 8.207627854484059,
        "b": 8.39001577335086,
        "u": 0,
        "d": 17.068672471593082
    },
    "jameskkv": {
        "p_n": 2.2612551935643017,
        "f_b": -0.7798009205909633,
        "u_d": -17.088200769776098,
        "p": 9.383496322618916,
        "n": 7.122241129054614,
        "f": 7.862968265541284,
        "b": 8.642769186132247,
        "u": 0,
        "d": 17.088200769776098
    },
    "9mm": {
        "p_n": 2.3798588202643947,
        "f_b": -0.8565127142277635,
        "u_d": -17.575917356610965,
        "p": 9.102123690207632,
        "n": 6.7222648699432375,
        "f": 7.4839379229615535,
        "b": 8.340450637189317,
        "u": 0,
        "d": 17.575917356610965
    },
    "zaus": {
        "p_n": 2.7425779436315274,
        "f_b": -0.9853847343978872,
        "u_d": -15.2200948765853,
        "p": 8.819602375295034,
        "n": 6.0770244316635065,
        "f": 6.955621036280326,
        "b": 7.941005770678213,
        "u": 0,
        "d": 15.2200948765853
    },
    "colinodell": {
        "p_n": 2.43491848168928,
        "f_b": -0.7787993711160572,
        "u_d": -15.488774569339926,
        "p": 9.144128327514006,
        "n": 6.709209845824725,
        "f": 7.537269401111337,
        "b": 8.316068772227394,
        "u": 0,
        "d": 15.488774569339926
    },
    "jhard": {
        "p_n": 1.4604552978028345,
        "f_b": -0.24456678045497782,
        "u_d": -16.592578327795362,
        "p": 8.79574919972318,
        "n": 7.335293901920345,
        "f": 7.943238160594273,
        "b": 8.18780494104925,
        "u": 0,
        "d": 16.592578327795362
    },
    "kevinweber": {
        "p_n": 2.1509823038436444,
        "f_b": -0.7980071288894841,
        "u_d": -15.655423821762243,
        "p": 9.04335324615039,
        "n": 6.892370942306746,
        "f": 7.568858529783826,
        "b": 8.36686565867331,
        "u": 0,
        "d": 15.655423821762243
    },
    "DaPo": {
        "p_n": 2.3531770611798324,
        "f_b": -0.122545321116732,
        "u_d": -17.402341380041005,
        "p": 9.559426638447674,
        "n": 7.206249577267841,
        "f": 8.321565447299392,
        "b": 8.444110768416124,
        "u": -17.402341380041005,
        "d": 0
    },
    "PatriceParis": {
        "p_n": 1.812914539324872,
        "f_b": -0.13747058415329327,
        "u_d": -17.453154845329216,
        "p": 8.766414487364766,
        "n": 6.9534999480398945,
        "f": 7.791221925625685,
        "b": 7.928692509778978,
        "u": -17.453154845329216,
        "d": 0
    },
    "sebastien-fauvel": {
        "p_n": 1.5478681251642143,
        "f_b": -0.3759657598277997,
        "u_d": -17.467811175818937,
        "p": 9.536823848602847,
        "n": 7.988955723438632,
        "f": 8.57490690610684,
        "b": 8.95087266593464,
        "u": -17.467811175818937,
        "d": 0
    }
}