{
    "jescalan": {
        "p_n": 2.227038853302023,
        "f_b": -0.05122366371952225,
        "u_d": -17.483447570700754,
        "p": 9.732150261320356,
        "n": 7.505111408018333,
        "f": 8.593019002809584,
        "b": 8.644242666529106,
        "u": -17.483447570700754,
        "d": 0
    },
    "austinpray": {
        "p_n": 2.318070740894795,
        "f_b": -0.3570727954316695,
        "u_d": -17.47787272358241,
        "p": 9.416525507111531,
        "n": 7.0984547662167365,
        "f": 8.0789537389483,
        "b": 8.43602653437997,
        "u": -17.47787272358241,
        "d": 0
    },
    "kylemac": {
        "p_n": 2.273072978940487,
        "f_b": 0.217124945792861,
        "u_d": -17.496674229018733,
        "p": 9.67218199323798,
        "n": 7.399109014297492,
        "f": 8.644207976664166,
        "b": 8.427083030871305,
        "u": -17.496674229018733,
        "d": 0
    },
    "canadiannomad": {
        "p_n": 2.094304978436698,
        "f_b": -0.8208154271272061,
        "u_d": -16.679058131303673,
        "p": 9.04856463384818,
        "n": 6.954259655411482,
        "f": 7.591004431066228,
        "b": 8.411819858193434,
        "u": 0,
        "d": 16.679058131303673
    },
    "tmilewski": {
        "p_n": 2.07517598327476,
        "f_b": -0.4455915007406226,
        "u_d": -17.48644642402464,
        "p": 9.400162216846946,
        "n": 7.324986233572186,
        "f": 8.139778474839254,
        "b": 8.585369975579876,
        "u": -17.48644642402464,
        "d": 0
    },
    "mckane": {
        "p_n": 2.0257426637240394,
        "f_b": -0.9579799162619409,
        "u_d": -17.463738823947704,
        "p": 9.361220219393289,
        "n": 7.335477555669249,
        "f": 7.869358929400299,
        "b": 8.82733884566224,
        "u": -17.463738823947704,
        "d": 0
    },
    "robertjwhitney": {
        "p_n": 2.3735442320466857,
        "f_b": -0.15703559146964352,
        "u_d": -16.000355053252893,
        "p": 9.524355746200595,
        "n": 7.150811514153909,
        "f": 8.25906583444243,
        "b": 8.416101425912073,
        "u": 0,
        "d": 16.000355053252893
    },
    "slang800": {
        "p_n": 2.385160115864295,
        "f_b": -0.7482423771361404,
        "u_d": -16.798004509007484,
        "p": 9.570638775747977,
        "n": 7.185478659883682,
        "f": 8.003937529247759,
        "b": 8.7521799063839,
        "u": 0,
        "d": 16.798004509007484
    },
    "isarmstrong": {
        "p_n": 2.332474231571622,
        "f_b": -0.4069174065799306,
        "u_d": -17.026285955729215,
        "p": 9.211793667062985,
        "n": 6.879319435491363,
        "f": 7.842097847987208,
        "b": 8.249015254567139,
        "u": 0,
        "d": 17.026285955729215
    },
    "dmathisen": {
        "p_n": 1.7379366992278147,
        "f_b": -0.5920043335697027,
        "u_d": -16.558890062359765,
        "p": 9.227878516196649,
        "n": 7.489941816968834,
        "f": 8.06290799979789,
        "b": 8.654912333367593,
        "u": 0,
        "d": 16.558890062359765
    },
    "dealingwith": {
        "p_n": 2.562286883227074,
        "f_b": -0.7377711974348209,
        "u_d": -16.946972177753146,
        "p": 9.37323147277175,
        "n": 6.810944589544675,
        "f": 7.723202432440802,
        "b": 8.460973629875623,
        "u": 0,
        "d": 16.946972177753146
    },
    "hendrikbeck": {
        "p_n": 2.35910256530172,
        "f_b": -0.7706189669055483,
        "u_d": -17.64196644891391,
        "p": 9.377159042348822,
        "n": 7.018056477047102,
        "f": 7.812298276245187,
        "b": 8.582917243150735,
        "u": 0,
        "d": 17.64196644891391
    },
    "hhsnopek": {
        "p_n": 1.9159554495958808,
        "f_b": -0.3256394366280855,
        "u_d": -17.251979532814577,
        "p": 9.324196365577848,
        "n": 7.408240915981967,
        "f": 8.203398922465865,
        "b": 8.529038359093951,
        "u": 0,
        "d": 17.251979532814577
    },
    "Ljanmi": {
        "p_n": 2.477649451028423,
        "f_b": -0.14996829079476637,
        "u_d": -14.569282876492599,
        "p": 9.116096920028927,
        "n": 6.6384474690005035,
        "f": 7.802288049117331,
        "b": 7.952256339912098,
        "u": 0,
        "d": 14.569282876492599
    },
    "polikin": {
        "p_n": 1.724327892969427,
        "f_b": -0.5981706027686595,
        "u_d": -17.54647994975824,
        "p": 9.327913151534986,
        "n": 7.603585258565559,
        "f": 8.166663903665944,
        "b": 8.764834506434603,
        "u": 0,
        "d": 17.54647994975824
    },
    "matt-bailey": {
        "p_n": 1.8149459662933527,
        "f_b": -0.9054209959114017,
        "u_d": -16.080428049164844,
        "p": 8.96809907206931,
        "n": 7.1531531057759565,
        "f": 7.607915590966932,
        "b": 8.513336586878333,
        "u": 0,
        "d": 16.080428049164844
    },
    "ilompf": {
        "p_n": 1.4414872795553455,
        "f_b": 0.03581994024921542,
        "u_d": -17.440250045306072,
        "p": 8.995274301341773,
        "n": 7.553787021786428,
        "f": 8.29244063168871,
        "b": 8.256620691439494,
        "u": -17.440250045306072,
        "d": 0
    },
    "joshrowley": {
        "p_n": 2.720584078692897,
        "f_b": -0.2589119476927131,
        "u_d": -17.480563985434703,
        "p": 9.674005161643255,
        "n": 6.953421082950357,
        "f": 8.184257148450449,
        "b": 8.443169096143162,
        "u": -17.480563985434703,
        "d": 0
    },
    "zreitano": {
        "p_n": 2.6033671530339184,
        "f_b": -0.3199894162960817,
        "u_d": -17.464147859645166,
        "p": 9.583740651840301,
        "n": 6.980373498806383,
        "f": 8.122062367175301,
        "b": 8.442051783471383,
        "u": -17.464147859645166,
        "d": 0
    },
    "gabeodess": {
        "p_n": 2.591059151171459,
        "f_b": -0.7856987994745399,
        "u_d": -17.543352870501142,
        "p": 9.49874769226699,
        "n": 6.907688541095531,
        "f": 7.810368716943991,
        "b": 8.59606751641853,
        "u": 0,
        "d": 17.543352870501142
    },
    "vigna": {
        "p_n": 2.0323589370270643,
        "f_b": -0.6963035294287696,
        "u_d": -17.462020318340507,
        "p": 9.280515483245903,
        "n": 7.248156546218839,
        "f": 7.916184250017986,
        "b": 8.612487779446756,
        "u": -17.462020318340507,
        "d": 0
    },
    "RedPointMS": {
        "p_n": 2.317550370229273,
        "f_b": -0.7306513883065389,
        "u_d": -16.13961119405438,
        "p": 9.161996916256273,
        "n": 6.844446546027,
        "f": 7.6378960369883675,
        "b": 8.368547425294906,
        "u": 0,
        "d": 16.13961119405438
    },
    "muhammadtaqi": {
        "p_n": 1.6265796015914642,
        "f_b": 0.044358884911707364,
        "u_d": -17.486993527526252,
        "p": 8.971429461516612,
        "n": 7.344849859925148,
        "f": 8.180319103176734,
        "b": 8.135960218265026,
        "u": -17.486993527526252,
        "d": 0
    },
    "mahemoff": {
        "p_n": 2.049231500980838,
        "f_b": -0.9444703347280949,
        "u_d": -16.614923382588564,
        "p": 9.211732810514784,
        "n": 7.162501309533946,
        "f": 7.714881892660317,
        "b": 8.659352227388412,
        "u": 0,
        "d": 16.614923382588564
    },
    "safareli": {
        "p_n": 2.2170564351646362,
        "f_b": -0.857570623586204,
        "u_d": -17.48777005830866,
        "p": 9.245665672432896,
        "n": 7.02860923726826,
        "f": 7.708352143057475,
        "b": 8.565922766643679,
        "u": -17.48777005830866,
        "d": 0
    },
    "MikeQuaci": {
        "p_n": 1.2430446634933565,
        "f_b": -0.838360586437771,
        "u_d": -16.463126037298434,
        "p": 8.828824429547948,
        "n": 7.585779766054592,
        "f": 7.788121804582385,
        "b": 8.626482391020156,
        "u": 0,