{
    "casesandberg": {
        "p_n": 1.9527097227514956,
        "f_b": 0.10675604956342255,
        "u_d": -17.49519442742201,
        "p": 9.39409817962516,
        "n": 7.441388456873665,
        "f": 8.471121343031124,
        "b": 8.364365293467701,
        "u": -17.49519442742201,
        "d": 0
    },
    "bramdevries": {
        "p_n": 2.0707126017249076,
        "f_b": -0.3164610113293067,
        "u_d": -15.675081698334116,
        "p": 8.477333121609485,
        "n": 6.406620519884577,
        "f": 7.283746315082378,
        "b": 7.6002073264116845,
        "u": 0,
        "d": 15.675081698334116
    },
    "mwildehahn": {
        "p_n": 2.2187560221757074,
        "f_b": -0.718938323048282,
        "u_d": -16.799752129592246,
        "p": 8.822920084603822,
        "n": 6.604164062428115,
        "f": 7.354072911991827,
        "b": 8.07301123504011,
        "u": 0,
        "d": 16.799752129592246
    },
    "e-karma": {
        "p_n": 2.384834962602749,
        "f_b": -0.027923214381132766,
        "u_d": -17.49442984998567,
        "p": 9.220310237285343,
        "n": 6.835475274682594,
        "f": 8.013931148793402,
        "b": 8.041854363174535,
        "u": -17.49442984998567,
        "d": 0
    },
    "nheyn": {
        "p_n": 1.8907208912838094,
        "f_b": -0.962893555647323,
        "u_d": -17.960851869905934,
        "p": 9.039333327358552,
        "n": 7.1486124360747425,
        "f": 7.612526103892986,
        "b": 8.575419659540309,
        "u": 0,
        "d": 17.960851869905934
    },
    "codecov-io": {
        "p_n": 2.523083793059568,
        "f_b": -0.24360465162671652,
        "u_d": -17.47849889213532,
        "p": 9.691865239623006,
        "n": 7.168781446563438,
        "f": 8.308521017279864,
        "b": 8.55212566890658,
        "u": -17.47849889213532,
        "d": 0
    },
    "vinceroti": {
        "p_n": 2.3964468223791062,
        "f_b": 0.3603044605305019,
        "u_d": -17.419638203035813,
        "p": 9.50482057638127,
        "n": 7.108373754002164,
        "f": 8.486749395456968,
        "b": 8.126444934926466,
        "u": -17.419638203035813,
        "d": 0
    },
    "PDS42": {
        "p_n": 2.58950081610063,
        "f_b": 0.4396584104187031,
        "u_d": -17.61303953967797,
        "p": 8.960829885039143,
        "n": 6.371329068938513,
        "f": 7.885908682198179,
        "b": 7.446250271779476,
        "u": 0,
        "d": 17.61303953967797
    }
}