{
    "catfan": {
        "p_n": 1.5681490773723503,
        "f_b": -0.8667103254766229,
        "u_d": -17.48205366197435,
        "p": 9.3090053352527,
        "n": 7.740856257880349,
        "f": 8.091575633828214,
        "b": 8.958285959304837,
        "u": -17.48205366197435,
        "d": 0
    },
    "fgusinde": {
        "p_n": 2.0214173532986015,
        "f_b": -0.6446479428961798,
        "u_d": -17.503358576570374,
        "p": 9.250232363434884,
        "n": 7.228815010136283,
        "f": 7.917199715337494,
        "b": 8.561847658233674,
        "u": 0,
        "d": 17.503358576570374
    },
    "ghost": {
        "p_n": 1.7921637041179084,
        "f_b": -0.9349570761130517,
        "u_d": -17.382923892843188,
        "p": 8.841267555180929,
        "n": 7.049103851063021,
        "f": 7.477707165065449,
        "b": 8.4126642411785,
        "u": 0,
        "d": 17.382923892843188
    },
    "jerrywham": {
        "p_n": 2.325272677202186,
        "f_b": -0.6714545622356347,
        "u_d": -17.44168544655915,
        "p": 9.374840398489585,
        "n": 7.049567721287399,
        "f": 7.876476778770675,
        "b": 8.54793134100631,
        "u": -17.44168544655915,
        "d": 0
    },
    "JulioSimon": {
        "p_n": 2.0135742177382996,
        "f_b": -0.9626846917316332,
        "u_d": -17.459901107111843,
        "p": 9.5719922612723,
        "n": 7.558418043534,
        "f": 8.083862806537333,
        "b": 9.046547498268966,
        "u": -17.459901107111843,
        "d": 0
    },
    "superdeeid": {
        "p_n": 1.8653187764393921,
        "f_b": -0.8556822427334012,
        "u_d": -15.993349995393045,
        "p": 9.081051153781184,
        "n": 7.215732377341792,
        "f": 7.7205506441947875,
        "b": 8.576232886928189,
        "u": 0,
        "d": 15.993349995393045
    },
    "numediaweb": {
        "p_n": 1.968626739789169,
        "f_b": -0.46280229995534317,
        "u_d": -17.258569924335085,
        "p": 9.151852993592048,
        "n": 7.183226253802879,
        "f": 7.936138473719791,
        "b": 8.398940773675134,
        "u": 0,
        "d": 17.258569924335085
    },
    "vanjor": {
        "p_n": 2.189528772349014,
        "f_b": -0.12056428892180193,
        "u_d": -17.443657224962315,
        "p": 9.558541714086486,
        "n": 7.369012941737472,
        "f": 8.403495183451078,
        "b": 8.52405947237288,
        "u": -17.443657224962315,
        "d": 0
    },
    "pwwang": {
        "p_n": 1.9519439533227132,
        "f_b": -0.6539683196455446,
        "u_d": -17.50612448510846,
        "p": 9.518397250211246,
        "n": 7.5664532968885325,
        "f": 8.215441113727117,
        "b": 8.869409433372661,
        "u": 0,
        "d": 17.50612448510846
    },
    "SyuTingSong": {
        "p_n": 1.8788403979723984,
        "f_b": -1.053563106462109,
        "u_d": -17.474029219468445,
        "p": 9.227851178619416,
        "n": 7.349010780647017,
        "f": 7.761649426402162,
        "b": 8.81521253286427,
        "u": -17.474029219468445,
        "d": 0
    },
    "manulaiko": {
        "p_n": 1.6238017032013277,
        "f_b": -1.0012273059363554,
        "u_d": -17.49417114785664,
        "p": 9.038715013995406,
        "n": 7.414913310794078,
        "f": 7.726200509426564,
        "b": 8.727427815362919,
        "u": -17.49417114785664,
        "d": 0
    },
    "b3bb0": {
        "p_n": 2.8887603965631143,
        "f_b": -0.760681649261457,
        "u_d": -17.685130923906616,
        "p": 9.387949324025268,
        "n": 6.4991889274621535,
        "f": 7.563228301112982,
        "b": 8.32390995037444,
        "u": 0,
        "d": 17.685130923906616
    },
    "Sebb767": {
        "p_n": 1.8717644270990332,
        "f_b": -0.6080354172678657,
        "u_d": -17.089739245624074,
        "p": 9.347279386813263,
        "n": 7.475514959714229,
        "f": 8.107379464629814,
        "b": 8.71541488189768,
        "u": 0,
        "d": 17.089739245624074
    },
    "chenbaicheng": {
        "p_n": 2.8952223455414234,
        "f_b": -0.6699958726562336,
        "u_d": -17.450155834848967,
        "p": 9.556092974739265,
        "n": 6.6608706291978415,
        "f": 7.773483865640436,
        "b": 8.44347973829667,
        "u": -17.450155834848967,
        "d": 0
    },
    "cormiodo": {
        "p_n": 1.826445020487279,
        "f_b": -0.8040339579350757,
        "u_d": -16.21929522227221,
        "p": 8.954844096310993,
        "n": 7.1283990758237135,
        "f": 7.639604607099816,
        "b": 8.443638565034892,
        "u": 0,
        "d": 16.21929522227221
    },
    "Andrews54757": {
        "p_n": 2.503688669665978,
        "f_b": -0.4470236744045817,
        "u_d": -17.51078041263468,
        "p": 9.308620282106771,
        "n": 6.804931612440793,
        "f": 7.833264110071491,
        "b": 8.280287784476073,
        "u": 0,
        "d": 17.51078041263468
    },
    "indiwine": {
        "p_n": 3.057182883582561,
        "f_b": -0.29242208725450425,
        "u_d": -17.481886725372895,
        "p": 9.75505128772948,
        "n": 6.697868404146918,
        "f": 8.080248802310948,
        "b": 8.372670889565452,
        "u": -17.481886725372895,
        "d": 0
    },
    "turbopixel": {
        "p_n": 2.0594392618228694,
        "f_b": -0.8759688024102585,
        "u_d": -17.451450217029226,
        "p": 9.338651372084998,
        "n": 7.2792121102621286,
        "f": 7.870947339968434,
        "b": 8.746916142378693,
        "u": -17.451450217029226,
        "d": 0
    },
    "klodha": {
        "p_n": 2.1684506936642975,
        "f_b": -0.7256149525442774,
        "u_d": -17.471183702087544,
        "p": 9.216415005285528,
        "n": 7.0479643116212305,
        "f": 7.76938218218124,
        "b": 8.494997134725518,
        "u": -17.471183702087544,
        "d": 0
    },
    "Philippe-M": {
        "p_n": 1.9855367464974023,
        "f_b": 0.04393192503740728,
        "u_d": -17.484198050281666,
        "p": 8.942868054036108,
        "n": 6.9573313075387055,
        "f": 7.972065643306111,
        "b": 7.928133718268704,
        "u": -17.484198050281666,
        "d": 0
    },
    "sourabhbajaj": {
        "p_n": 2.3049731866439043,
        "f_b": -0.29995431348978485,
        "u_d": -17.411041179776714,
        "p": 9.574390290292682,
        "n": 7.269417103648777,
        "f": 8.271926540225838,
        "b": 8.571880853715623,
        "u": -17.411041179776714,
        "d": 0
    },
    "bradleymyers": {
        "p_n": 2.4376754570294503,
        "f_b": -0.7657339568628405,
        "u_d": -17.43296970732386,
        "p": 9.511786377254754,
        "n": 7.074110920225304,
        "f": 7.9100816703086085,
        "b": 8.675815627171449,
        "u": -17.43296970732386,
        "d": 0
    },
    "LucaRainone": {
        "p_n": 1.7720860347067706,
        "f_b": -1.3378392381323216,
        "u_d": -17.49178185177239,
        "p": 8.994012779613797,
        "n": 7.221926744907027,
        "f": 7.439050143194251,
        "b": 8.776889381326573,
        "u": -17.49178185177239,
        "d": 0
    }
}