{
    "FZambia": {
        "p_n": 2.2579558007144014,
        "f_b": -0.019567006045072333,
        "u_d": -17.49514536702791,
        "p": 9.273949245553942,
        "n": 7.01599344483954,
        "f": 8.135187842174204,
        "b": 8.154754848219277,
        "u": -17.49514536702791,
        "d": 0
    },
    "yagobski": {
        "p_n": 2.217368174401326,
        "f_b": -0.11060472689432199,
        "u_d": -17.926718945998616,
        "p": 9.156433698225577,
        "n": 6.939065523824251,
        "f": 7.992447247577753,
        "b": 8.103051974472075,
        "u": 0,
        "d": 17.926718945998616
    },
    "klauspost": {
        "p_n": 2.4162303364556106,
        "f_b": -0.12435847908814068,
        "u_d": -16.932690581599626,
        "p": 9.316185442919062,
        "n": 6.899955106463452,
        "f": 8.045891035147186,
        "b": 8.170249514235326,
        "u": 0,
        "d": 16.932690581599626
    },
    "palazzem": {
        "p_n": 1.8131074777523546,
        "f_b": -0.5961631135714711,
        "u_d": -17.48753742143133,
        "p": 9.323158664961937,
        "n": 7.510051187209583,
        "f": 8.118523369300025,
        "b": 8.714686482871496,
        "u": -17.48753742143133,
        "d": 0
    },
    "ghost": {
        "p_n": 1.8160298993864945,
        "f_b": -1.048753242468356,
        "u_d": -17.465117337493055,
        "p": 9.142618415733644,
        "n": 7.326588516347149,
        "f": 7.710226844806218,
        "b": 8.758980087274574,
        "u": -17.465117337493055,
        "d": 0
    },
    "joeblew99": {
        "p_n": 2.49736006138245,
        "f_b": -0.28111459217794277,
        "u_d": -17.45907748865499,
        "p": 9.404399942764783,
        "n": 6.9070398813823335,
        "f": 8.015162615984588,
        "b": 8.29627720816253,
        "u": -17.45907748865499,
        "d": 0
    },
    "banks": {
        "p_n": 2.105048181782802,
        "f_b": -0.43150898105241,
        "u_d": -17.485605797576188,
        "p": 9.297314700136283,
        "n": 7.192266518353481,
        "f": 8.029036118718677,
        "b": 8.460545099771087,
        "u": -17.485605797576188,
        "d": 0
    },
    "roytan883": {
        "p_n": 1.8238423975903295,
        "f_b": -0.5103239357671274,
        "u_d": -17.46672635404103,
        "p": 9.053407584077835,
        "n": 7.2295651864875055,
        "f": 7.886324417399107,
        "b": 8.396648353166235,
        "u": -17.46672635404103,
        "d": 0
    },
    "korvinko": {
        "p_n": 2.0320939905996447,
        "f_b": 0.48720339593266004,
        "u_d": -17.8453055214053,
        "p": 9.066228292793053,
        "n": 7.034134302193408,
        "f": 8.29378299545956,
        "b": 7.8065795995269,
        "u": 0,
        "d": 17.8453055214053
    },
    "lmj0011": {
        "p_n": 1.9982389872428135,
        "f_b": -0.28072659553709745,
        "u_d": -16.493039126721037,
        "p": 8.685435199722399,
        "n": 6.687196212479585,
        "f": 7.545952408332443,
        "b": 7.826679003869541,
        "u": 0,
        "d": 16.493039126721037
    },
    "nanom1t": {
        "p_n": 2.026279037721837,
        "f_b": -0.26717979922047164,
        "u_d": -17.854174135997535,
        "p": 9.062023491936532,
        "n": 7.035744454214695,
        "f": 7.915294073465379,
        "b": 8.18247387268585,
        "u": 0,
        "d": 17.854174135997535
    },
    "joshdvir": {
        "p_n": 1.940475274446536,
        "f_b": -0.294297116381129,
        "u_d": -15.911829158238813,
        "p": 9.03063387458463,
        "n": 7.0901586001380945,
        "f": 7.913247679170798,
        "b": 8.207544795551927,
        "u": 0,
        "d": 15.911829158238813
    },
    "siddharthlatest": {
        "p_n": 1.8304528796982318,
        "f_b": -0.483010318400642,
        "u_d": -17.499560591477316,
        "p": 9.113695688310465,
        "n": 7.283242808612233,
        "f": 7.956964089261027,
        "b": 8.43997440766167,
        "u": -17.499560591477316,
        "d": 0
    },
    "ramon-ga": {
        "p_n": 1.7796486853680502,
        "f_b": -0.39947315115265614,
        "u_d": -17.706620055788022,
        "p": 8.85968617034571,
        "n": 7.080037484977661,
        "f": 7.770125252085358,
        "b": 8.169598403238014,
        "u": 0,
        "d": 17.706620055788022
    },
    "manson": {
        "p_n": 1.870827363203822,
        "f_b": -0.28813272041187865,
        "u_d": -17.46207278122924,
        "p": 9.201208882642188,
        "n": 7.330381519438366,
        "f": 8.121728840834338,
        "b": 8.409861561246217,
        "u": -17.46207278122924,
        "d": 0
    },
    "foobargeez": {
        "p_n": 2.467581367453903,
        "f_b": 0.0984108924222209,
        "u_d": -17.437853337913282,
        "p": 9.648626268928794,
        "n": 7.181044901474891,
        "f": 8.464041031412954,
        "b": 8.365630138990733,
        "u": -17.437853337913282,
        "d": 0
    },
    "msaranas": {
        "p_n": 2.5520945007159472,
        "f_b": 0.4742060594041604,
        "u_d": -17.470382272716563,
        "p": 8.889204326024842,
        "n": 6.337109825308895,
        "f": 7.850260105368948,
        "b": 7.376054045964787,
        "u": -17.470382272716563,
        "d": 0
    },
    "Inpassor": {
        "p_n": 1.7751214440116234,
        "f_b": -0.02013880323060846,
        "u_d": -17.49619323475957,
        "p": 8.990043974799448,
        "n": 7.214922530787825,
        "f": 8.092413851178332,
        "b": 8.11255265440894,
        "u": -17.49619323475957,
        "d": 0
    },
    "delprofile": {
        "p_n": 2.0547396592169482,
        "f_b": 0.4509101515076912,
        "u_d": -17.590151948299233,
        "p": 8.974120005317644,
        "n": 6.919380346100696,
        "f": 8.172205251463016,
        "b": 7.7212950999553245,
        "u": 0,
        "d": 17.590151948299233
    },
    "cheddarwhizzy": {
        "p_n": 2.1946717207333863,
        "f_b": -0.4896899092250466,
        "u_d": -17.4849887554095,
        "p": 9.1988980893661,
        "n": 7.004226368632714,
        "f": 7.856717274386884,
        "b": 8.34640718361193,
        "u": -17.4849887554095,
        "d": 0
    },
    "masterada": {
        "p_n": 1.8894750203218367,
        "f_b": -0.7229311181812346,
        "u_d": -17.49952590764909,
        "p": 9.186205805615863,
        "n": 7.296730785294026,
        "f": 7.880002736364327,
        "b": 8.602933854545562,
        "u": -17.49952590764909,
        "d": 0
    },
    "sj26": {
        "p_n": 2.4770834036465823,
        "f_b": -0.22653619670738578,
        "u_d": -17.487854057206377,
        "p": 9.45292883520678,
        "n": 6.975845431560198,
        "f": 8.101119035029797,
        "b": 8.327655231737182,
        "u": -17.487854057206377,
        "d": 0
    },
    "KakarN": {
        "p_n": 1.6940383109562411,
        "f_b": -0.5928346810036906,
        "u_d": -17.474273698398303,
        "p": 9.18028845838473,
        "n": 7.486250147428489,
        "f": 8.036851962404764,
        "b": 8.629686643408455,
        "u": -17.474273698398303,
        "d": 0
    }
}