{
    "cheeaun": {
        "p_n": 1.761763204446937,
        "f_b": 0.04297377295800153,
        "u_d": -15.163724362404453,
        "p": 8.987301326987044,
        "n": 7.225538122540107,
        "f": 8.127906611242576,
        "b": 8.084932838284574,
        "u": 0,
        "d": 15.163724362404453
    }
}