{
    "cjohansen": {
        "p_n": 1.9326759243168699,
        "f_b": -0.4648014312673965,
        "u_d": -16.219334934181383,
        "p": 9.275411810718907,
        "n": 7.342735886402037,
        "f": 8.076673132926775,
        "b": 8.541474564194171,
        "u": 0,
        "d": 16.219334934181383
    },
    "ktsashes": {
        "p_n": 2.128602655735609,
        "f_b": -0.5213756044367841,
        "u_d": -17.494556007927986,
        "p": 9.050559390201647,
        "n": 6.921956734466038,
        "f": 7.72557026011545,
        "b": 8.246945864552234,
        "u": -17.494556007927986,
        "d": 0
    },
    "shucke": {
        "p_n": 1.7432417793128359,
        "f_b": -0.35618139946789995,
        "u_d": -17.47754425070855,
        "p": 9.435915818376506,
        "n": 7.69267403906367,
        "f": 8.386204228986138,
        "b": 8.742385628454038,
        "u": -17.47754425070855,
        "d": 0
    }
}