{
    "DavidDurman": {
        "p_n": 2.0730926399403966,
        "f_b": -0.7827152985822146,
        "u_d": -17.429732247180727,
        "p": 9.209473191097048,
        "n": 7.136380551156652,
        "f": 7.781569221835742,
        "b": 8.564284520417957,
        "u": 0,
        "d": 17.429732247180727
    },
    "kumilingus": {
        "p_n": 1.9598715502550075,
        "f_b": -0.45444434188891947,
        "u_d": -17.73767347363017,
        "p": 9.14126555137922,
        "n": 7.181394001124213,
        "f": 7.934107605307258,
        "b": 8.388551947196177,
        "u": 0,
        "d": 17.73767347363017
    },
    "chill117": {
        "p_n": 1.9709551061004298,
        "f_b": -0.5459124472728227,
        "u_d": -16.647814259776197,
        "p": 9.15107482360051,
        "n": 7.18011971750008,
        "f": 7.892641046913884,
        "b": 8.438553494186706,
        "u": 0,
        "d": 16.647814259776197
    },
    "JoseGoncalves": {
        "p_n": 1.8886192478326542,
        "f_b": -0.5715714698611922,
        "u_d": -17.495032491552806,
        "p": 9.033339388317774,
        "n": 7.14472014048512,
        "f": 7.80324402947085,
        "b": 8.374815499332042,
        "u": -17.495032491552806,
        "d": 0
    },
    "justindujardin": {
        "p_n": 2.265800202660616,
        "f_b": -0.5072145559038441,
        "u_d": -17.12686064264957,
        "p": 9.056320038255286,
        "n": 6.7905198355946705,
        "f": 7.669812658973057,
        "b": 8.177027214876901,
        "u": 0,
        "d": 17.12686064264957
    },
    "tahirnawaz": {
        "p_n": 2.3869744402728212,
        "f_b": -0.4863404035168353,
        "u_d": -17.496933533290203,
        "p": 9.364846740989597,
        "n": 6.9778723007167756,
        "f": 7.928189319094769,
        "b": 8.414529722611604,
        "u": -17.496933533290203,
        "d": 0
    },
    "marksyzm": {
        "p_n": 2.3464681218783277,
        "f_b": 0.10475444361200559,
        "u_d": -17.9436574034025,
        "p": 9.199413163245818,
        "n": 6.852945041367491,
        "f": 8.078556324112657,
        "b": 7.973801880500652,
        "u": 0,
        "d": 17.9436574034025
    },
    "mteichtahl": {
        "p_n": 2.1312910725179393,
        "f_b": -0.43534038151900134,
        "u_d": -17.43341858156853,
        "p": 9.403140913876245,
        "n": 7.271849841358305,
        "f": 8.119825186857774,
        "b": 8.555165568376776,
        "u": -17.43341858156853,
        "d": 0
    },
    "automagic": {
        "p_n": 1.774520046011709,
        "f_b": -0.6199386574095165,
        "u_d": -16.62480167812869,
        "p": 8.823960655457384,
        "n": 7.049440609445675,
        "f": 7.626731303746771,
        "b": 8.246669961156288,
        "u": 0,
        "d": 16.62480167812869
    },
    "mickeyvip": {
        "p_n": 2.496849587988918,
        "f_b": -0.473051435324777,
        "u_d": -15.010001418838863,
        "p": 9.051853178795817,
        "n": 6.555003590806899,
        "f": 7.566902667138969,
        "b": 8.039954102463746,
        "u": 0,
        "d": 15.010001418838863
    },
    "mike-goodwin": {
        "p_n": 1.475244363411452,
        "f_b": -0.2487743887149687,
        "u_d": -15.322603459723117,
        "p": 8.996783635856481,
        "n": 7.521539272445029,
        "f": 8.134774259793272,
        "b": 8.38354864850824,
        "u": 0,
        "d": 15.322603459723117
    },
    "B3rn475": {
        "p_n": 2.078072709456899,
        "f_b": -0.20351719077493335,
        "u_d": -15.826544164222069,
        "p": 9.150709279792004,
        "n": 7.072636570335105,
        "f": 8.009914329676088,
        "b": 8.21343152045102,
        "u": 0,
        "d": 15.826544164222069
    },
    "DontShootMe": {
        "p_n": 2.234741650870369,
        "f_b": -0.5874309625797753,
        "u_d": -17.566193572331066,
        "p": 9.03041542798679,
        "n": 6.795673777116422,
        "f": 7.619329121261719,
        "b": 8.206760083841495,
        "u": 0,
        "d": 17.566193572331066
    },
    "jmls": {
        "p_n": 2.42793843948823,
        "f_b": -0.5580024421551357,
        "u_d": -17.76019831513656,
        "p": 8.995748660548381,
        "n": 6.567810221060151,
        "f": 7.502778219726698,
        "b": 8.060780661881834,
        "u": 0,
        "d": 17.76019831513656
    },
    "vtalas": {
        "p_n": 2.049741543767553,
        "f_b": -0.6877183723926912,
        "u_d": -17.49273337124965,
        "p": 9.114722045619539,
        "n": 7.064980501851986,
        "f": 7.745992087539417,
        "b": 8.433710459932108,
        "u": -17.49273337124965,
        "d": 0
    },
    "40rn05lyv": {
        "p_n": 2.736772770352749,
        "f_b": 0.4497081946406718,
        "u_d": -17.376177051862605,
        "p": 9.012312115560764,
        "n": 6.275539345208015,
        "f": 7.868779827704726,
        "b": 7.419071633064054,
        "u": 0,
        "d": 17.376177051862605
    },
    "tianxu0836": {
        "p_n": 2.2429650269795403,
        "f_b": -0.3616315332357978,
        "u_d": -17.45957284524889,
        "p": 9.188967676245461,
        "n": 6.946002649265921,
        "f": 7.886669396137792,
        "b": 8.24830092937359,
        "u": -17.45957284524889,
        "d": 0
    },
    "matthewatabet": {
        "p_n": 2.4816260693934176,
        "f_b": -0.31498042354137823,
        "u_d": -17.465856276275424,
        "p": 9.63221366127134,
        "n": 7.1505875918779225,
        "f": 8.233910414803942,
        "b": 8.54889083834532,
        "u": -17.465856276275424,
        "d": 0
    },
    "doender": {
        "p_n": 2.4952717949614636,
        "f_b": -0.9475784973141126,
        "u_d": -16.64740786155821,
        "p": 8.561226539260005,
        "n": 6.0659547442985415,
        "f": 6.839801393122217,
        "b": 7.78737989043633,
        "u": 0,
        "d": 16.64740786155821
    },
    "uroti": {
        "p_n": 2.28924404022864,
        "f_b": -0.3717119134706959,
        "u_d": -16.8680236558554,
        "p": 8.922230217163627,
        "n": 6.6329861769349865,
        "f": 7.591752240313959,
        "b": 7.963464153784654,
        "u": 0,
        "d": 16.8680236558554
    },
    "mmacfadden": {
        "p_n": 2.0726175937652087,
        "f_b": -0.775345230316665,
        "u_d": -17.800481091032253,
        "p": 9.295507177517953,
        "n": 7.222889583752744,
        "f": 7.871525765477015,
        "b": 8.64687099579368,
        "u": 0,
        "d": 17.800481091032253
    },
    "alp82": {
        "p_n": 2.855953685185554,
        "f_b": 0.18837135097133828,
        "u_d": -17.45881929240794,
        "p": 9.288516386690123,
        "n": 6.432562701504569,
        "f": 7.954725219583015,
        "b": 7.766353868611676,
        "u": -17.45881929240794,
        "d": 0
    },
    "arifhussain353": {
        "p_n": 2.3098659535386066,
        "f_b": -0.13672113213641257,
        "u_d": -16.719995268241785,
        "p": 8.82627265000505,
        "n": 6.5164066964664435,
        "f": 7.60297910716754,
        "b": 7.739700239303953,
        "u": 0,
        "d": 16.719995268241785
    },
    "nico-onmap": {
        "p_n": 1.90098960678906,
        "f_b": -1.1666030327182444,
        "u_d": -16.227426730926517,
        "p": 8.952759630856109,
        "n": 7.051770024067049,
        "f": 7.418963311102457,
        "b": 8.585566343820702,
        "u": 0,
        "d": 16.227426730926517
    },
    "jnbarchan": {
        "p_n": 2.3900073089495777,
        "f_b": -0.5175978757830038,
        "u_d": -17.49457565489472,
        "p": 9.079218601834805,
        "n": 6.689211292885227,
        "f": 7.625416009468514,
        "b": 8.143013885251518,
        "u": -17.49457565489472,
        "d": 0
    },
    "denisemauldin": {
        "p_n": 2.251205386047914,
        "f_b": -0.04050794741530339,
        "u_d": -15.569580444844046,
        "p": 8.79964572281893,
        "n": 6.548440336771016,
        "f": 7.653789056087321,
        "b": 7.694297003502625,
        "u": 0,