{
    "cliftonc": {
        "p_n": 1.7734345966932965,
        "f_b": -0.6023612183230185,
        "u_d": -17.129521385170776,
        "p": 9.024763252981522,
        "n": 7.2513286562882255,
        "f": 7.836865345473365,
        "b": 8.439226563796383,
        "u": 0,
        "d": 17.129521385170776
    },
    "dennishall": {
        "p_n": 2.3772696967454294,
        "f_b": -0.46513430929180544,
        "u_d": -16.231657866937496,
        "p": 9.35799284518664,
        "n": 6.980723148441211,
        "f": 7.936790842168023,
        "b": 8.401925151459828,
        "u": 0,
        "d": 16.231657866937496
    },
    "coleGillespie": {
        "p_n": 1.9551453419784064,
        "f_b": -0.29072028663963323,
        "u_d": -17.164960874551507,
        "p": 9.362140974072346,
        "n": 7.40699563209394,
        "f": 8.239208159763328,
        "b": 8.52992844640296,
        "u": 0,
        "d": 17.164960874551507
    },
    "LarryEitel": {
        "p_n": 2.1766169421439105,
        "f_b": -0.06048932392253015,
        "u_d": -16.221921477995764,
        "p": 8.701736570038529,
        "n": 6.525119627894618,
        "f": 7.583183437005308,
        "b": 7.6436727609278385,
        "u": 0,
        "d": 16.221921477995764
    },
    "richtera": {
        "p_n": 1.7751975037798982,
        "f_b": -0.543656213654387,
        "u_d": -17.093416790840536,
        "p": 8.762445480325642,
        "n": 6.987247976545744,
        "f": 7.6030186216084985,
        "b": 8.146674835262885,
        "u": 0,
        "d": 17.093416790840536
    },
    "ncb000gt": {
        "p_n": 1.777292267352511,
        "f_b": -0.13606692422840894,
        "u_d": -17.469813154192963,
        "p": 9.42463637143045,
        "n": 7.6473441040779395,
        "f": 8.46795677563999,
        "b": 8.6040236998684,
        "u": -17.469813154192963,
        "d": 0
    },
    "dtan": {
        "p_n": 2.323016962346321,
        "f_b": -0.7245413275583585,
        "u_d": -16.87422942034933,
        "p": 9.142161423366694,
        "n": 6.8191444610203735,
        "f": 7.618382278414354,
        "b": 8.342923605972713,
        "u": 0,
        "d": 16.87422942034933
    },
    "adrinux": {
        "p_n": 2.167776775990137,
        "f_b": -0.4617182087836156,
        "u_d": -17.588707822164444,
        "p": 8.992422388372967,
        "n": 6.82464561238283,
        "f": 7.67767489598609,
        "b": 8.139393104769706,
        "u": 0,
        "d": 17.588707822164444
    },
    "ghost": {
        "p_n": 2.0384626538854604,
        "f_b": 0.14020365743761687,
        "u_d": -15.233354302974348,
        "p": 8.629831381041145,
        "n": 6.591368727155684,
        "f": 7.680701882817223,
        "b": 7.540498225379606,
        "u": 0,
        "d": 15.233354302974348
    },
    "arosboro": {
        "p_n": 1.9222886059648383,
        "f_b": -0.8506999875334929,
        "u_d": -17.31068533822447,
        "p": 9.010957217550606,
        "n": 7.088668611585768,
        "f": 7.624462920801441,
        "b": 8.475162908334934,
        "u": 0,
        "d": 17.31068533822447
    },
    "dsimmons": {
        "p_n": 2.4973660568765332,
        "f_b": -0.6731305853180443,
        "u_d": -15.56614742108503,
        "p": 9.090402988549554,
        "n": 6.593036931673021,
        "f": 7.505154667452266,
        "b": 8.17828525277031,
        "u": 0,
        "d": 15.56614742108503
    },
    "MechanisM": {
        "p_n": 2.4855163178230297,
        "f_b": 0.3903182361124964,
        "u_d": -16.86850666870211,
        "p": 8.974206797125266,
        "n": 6.488690479302236,
        "f": 7.926607756269999,
        "b": 7.536289520157503,
        "u": 0,
        "d": 16.86850666870211
    },
    "nekdolan": {
        "p_n": 2.241322685986807,
        "f_b": 0.12141397886544159,
        "u_d": -14.971267878515064,
        "p": 8.71355054726267,
        "n": 6.472227861275863,
        "f": 7.653596193701987,
        "b": 7.532182214836546,
        "u": 0,
        "d": 14.971267878515064
    },
    "dethe": {
        "p_n": 2.202082754440047,
        "f_b": -0.6521584430433576,
        "u_d": -17.2153375662815,
        "p": 9.317691551164394,
        "n": 7.115608796724347,
        "f": 7.890570952422691,
        "b": 8.542729395466049,
        "u": 0,
        "d": 17.2153375662815
    },
    "nka11": {
        "p_n": 2.039527983223505,
        "f_b": -0.6268121060352989,
        "u_d": -17.449718240431547,
        "p": 9.234010966642085,
        "n": 7.19448298341858,
        "f": 7.900840922012684,
        "b": 8.527653028047983,
        "u": -17.449718240431547,
        "d": 0
    },
    "phaneendra": {
        "p_n": 2.2692628270117083,
        "f_b": 0.743165422081062,
        "u_d": -15.735679460857803,
        "p": 8.716315138216817,
        "n": 6.447052311205109,
        "f": 7.953266435751495,
        "b": 7.210101013670433,
        "u": 0,
        "d": 15.735679460857803
    },
    "ultraflynn": {
        "p_n": 2.464968482719274,
        "f_b": 0.6592311608495391,
        "u_d": -16.470329399125173,
        "p": 9.056847104508755,
        "n": 6.591878621789481,
        "f": 8.153978443573887,
        "b": 7.494747282724348,
        "u": 0,
        "d": 16.470329399125173
    },
    "billymoon": {
        "p_n": 2.49346864279451,
        "f_b": 0.4877378117532434,
        "u_d": -16.017310998956077,
        "p": 8.79127022537265,
        "n": 6.297801582578139,
        "f": 7.788404809852016,
        "b": 7.300666998098773,
        "u": 0,
        "d": 16.017310998956077
    },
    "codevin": {
        "p_n": 1.7732337115859371,
        "f_b": -0.809478758349595,
        "u_d": -17.498611381143174,
        "p": 8.919969962758302,
        "n": 7.146736251172364,
        "f": 7.628613727790535,
        "b": 8.43809248614013,
        "u": -17.498611381143174,
        "d": 0
    },
    "srsgores": {
        "p_n": 1.5688307213090775,
        "f_b": -0.6712488925304259,
        "u_d": -16.828814170568343,
        "p": 8.820215893292035,
        "n": 7.251385171982958,
        "f": 7.7001760863722835,
        "b": 8.37142497890271,
        "u": 0,
        "d": 16.828814170568343
    },
    "chesnel": {
        "p_n": 3.157747495126471,
        "f_b": -0.6501119047831949,
        "u_d": -17.461558101179794,
        "p": 9.843177418467196,
        "n": 6.685429923340725,
        "f": 7.939247718512362,
        "b": 8.589359623295557,
        "u": -17.461558101179794,
        "d": 0
    },
    "sashuk": {
        "p_n": 1.9407114810412,
        "f_b": -0.09670285235329068,
        "u_d": -16.200392740853022,
        "p": 8.60255799007416,
        "n": 6.66184650903296,
        "f": 7.583850823376915,
        "b": 7.680553675730206,
        "u": 0,
        "d": 16.200392740853022
    },
    "xiaoao": {
        "p_n": 2.7050015851947418,
        "f_b": 0.6219374920657863,
        "u_d": -17.799147808997688,
        "p": 9.268906462982834,
        "n": 6.563904877788092,
        "f": 8.227374416418357,
        "b": 7.605436924352571,
        "u": 0,
        "d": 17.799147808997688
    },
    "steveww": {
        "p_n": 1.5816579400531854,
        "f_b": -0.8453178534192975,
        "u_d": -16.90274250164258,
        "p": 8.906476785540942,
        "n": 7.324818845487757,
        "f": 7.692988888804701,
        "b": 8.538306742223998,
        "u": 0,
        "d": 16.90274250164258
    },
    "laurelnaiad": {
        "p_n": 2.609523637230721,
        "f_b": -0.44782040669576606,
        "u_d": -16.43687671872676,
        "p": 8.999275923834531,
        "n": 6.389752286603811,
        "f": 7.470603901871288,
        "b": 7.9184243085670545,
        "u": 0,
        "d": 16.43687671872676
    },
    "semiaddict": {
        "p_n": 2.3792884178144895,
        "f_b": 1.056326250193572,
        "u_d": -15.832968099915156,
        "p": 8.831422163282095,
        "n": 6.452133745467606,
        "f": 8.169941079471636,
        "b": 7.113614829278064,
        "u": 0,
        "d": 15.832968099915156
    }
}