{
    "rratmansky": {
        "p_n": 1.5641451630386198,
        "f_b": -0.7238300697823412,
        "u_d": -17.484329063014346,
        "p": 9.2736879083117,
        "n": 7.7095427452730805,
        "f": 8.12970029190122,
        "b": 8.85353036168356,
        "u": -17.484329063014346,
        "d": 0
    },
    "arpit": {
        "p_n": 2.0082756312358008,
        "f_b": -0.01923575018730972,
        "u_d": -17.863905274050307,
        "p": 9.386099281198776,
        "n": 7.377823649962975,
        "f": 8.37234359048722,
        "b": 8.39157934067453,
        "u": 0,
        "d": 17.863905274050307
    },
    "JakeWharton": {
        "p_n": 2.379682219705737,
        "f_b": -0.7171564831932091,
        "u_d": -17.649256659052032,
        "p": 9.072858827322916,
        "n": 6.693176607617179,
        "f": 7.524439475873443,
        "b": 8.241595959066652,
        "u": 0,
        "d": 17.649256659052032
    },
    "yelinaung": {
        "p_n": 2.4944756791244505,
        "f_b": -0.10184202448028756,
        "u_d": -16.51567854281719,
        "p": 9.31866464221572,
        "n": 6.82418896309127,
        "f": 8.020505790413353,
        "b": 8.12234781489364,
        "u": 0,
        "d": 16.51567854281719
    },
    "jerrellmardis": {
        "p_n": 2.098545153343223,
        "f_b": -0.09359170521986115,
        "u_d": -17.504487808460667,
        "p": 8.925164732180278,
        "n": 6.826619578837055,
        "f": 7.829096302898735,
        "b": 7.922688008118596,
        "u": 0,
        "d": 17.504487808460667
    },
    "jjhesk": {
        "p_n": 2.113603834623394,
        "f_b": -1.0750201239047072,
        "u_d": -15.306582707369609,
        "p": 8.621000983774739,
        "n": 6.507397149151345,
        "f": 7.026689004510688,
        "b": 8.101709128415395,
        "u": 0,
        "d": 15.306582707369609
    },
    "kbala": {
        "p_n": 2.075826930741001,
        "f_b": 0.13767137391579531,
        "u_d": -16.549600675425513,
        "p": 9.414446743001553,
        "n": 7.338619812260553,
        "f": 8.445368964588951,
        "b": 8.307697590673156,
        "u": 0,
        "d": 16.549600675425513
    },
    "ypresto": {
        "p_n": 2.629935617359415,
        "f_b": 0.5919557031684457,
        "u_d": -17.485302273564994,
        "p": 9.521940751260281,
        "n": 6.8920051339008666,
        "f": 8.502950794164796,
        "b": 7.910995090996351,
        "u": -17.485302273564994,
        "d": 0
    }
}