{
    "commonsguy": {
        "p_n": 1.7160368582961905,
        "f_b": -0.1718827195068613,
        "u_d": -17.83885206309375,
        "p": 9.891967520268528,
        "n": 8.175930661972338,
        "f": 8.948007731367003,
        "b": 9.119890450873864,
        "u": 0,
        "d": 17.83885206309375
    }
}