{
    "mbostock": {
        "p_n": 2.2457659894081132,
        "f_b": -0.7016144058341283,
        "u_d": -16.90394527234166,
        "p": 9.209576934966442,
        "n": 6.963810945558329,
        "f": 7.7358867373453215,
        "b": 8.43750114317945,
        "u": 0,
        "d": 16.90394527234166
    },
    "jasondavies": {
        "p_n": 2.419470247730713,
        "f_b": -0.5761514388703297,
        "u_d": -16.300212504967632,
        "p": 9.213656934123463,
        "n": 6.7941866863927505,
        "f": 7.715846090822941,
        "b": 8.29199752969327,
        "u": 0,
        "d": 16.300212504967632
    },
    "NelsonMinar": {
        "p_n": 2.464869231357901,
        "f_b": -0.6772718579558976,
        "u_d": -17.036305504162858,
        "p": 9.27583865806144,
        "n": 6.810969426703539,
        "f": 7.7047681134045405,
        "b": 8.382039971360438,
        "u": 0,
        "d": 17.036305504162858
    },
    "jfirebaugh": {
        "p_n": 2.1847412617828983,
        "f_b": -0.6251017849708536,
        "u_d": -17.37798171187336,
        "p": 9.102951949080472,
        "n": 6.918210687297574,
        "f": 7.698030425703596,
        "b": 8.32313221067445,
        "u": 0,
        "d": 17.37798171187336
    },
    "syntagmatic": {
        "p_n": 2.3302151466910974,
        "f_b": -0.7530130239426072,
        "u_d": -15.970735679790964,
        "p": 8.96129239822379,
        "n": 6.631077251532693,
        "f": 7.419678312906937,
        "b": 8.172691336849544,
        "u": 0,
        "d": 15.970735679790964
    },
    "jrus": {
        "p_n": 2.8072247699060586,
        "f_b": -0.6525938822351334,
        "u_d": -17.10269613906303,
        "p": 9.453387240094282,
        "n": 6.646162470188223,
        "f": 7.723477914023685,
        "b": 8.376071796258818,
        "u": 0,
        "d": 17.10269613906303
    },
    "natevw": {
        "p_n": 2.576977832130515,
        "f_b": -0.4769930855370177,
        "u_d": -16.853510614774855,
        "p": 9.234933257096252,
        "n": 6.657955424965737,
        "f": 7.707947798262484,
        "b": 8.184940883799502,
        "u": 0,
        "d": 16.853510614774855
    },
    "lynaghk": {
        "p_n": 2.43647754897556,
        "f_b": -0.8963426250763682,
        "u_d": -17.48353204899744,
        "p": 9.36839355383258,
        "n": 6.931916004857021,
        "f": 7.701983466806617,
        "b": 8.598326091882985,
        "u": -17.48353204899744,
        "d": 0
    },
    "larskotthoff": {
        "p_n": 2.3014047410017167,
        "f_b": -0.5119227865172178,
        "u_d": -15.83100100694795,
        "p": 9.068585416970524,
        "n": 6.767180675968808,
        "f": 7.661921653211056,
        "b": 8.173844439728274,
        "u": 0,
        "d": 15.83100100694795
    },
    "GerHobbelt": {
        "p_n": 2.196285604930045,
        "f_b": -0.5942972440618863,
        "u_d": -17.47940689770366,
        "p": 9.316555867877884,
        "n": 7.120270262947839,
        "f": 7.921264443381919,
        "b": 8.515561687443805,
        "u": -17.47940689770366,
        "d": 0
    },
    "bbroeksema": {
        "p_n": 1.7959739155499301,
        "f_b": -0.1016760384016937,
        "u_d": -15.883854798163492,
        "p": 9.062987130538085,
        "n": 7.267013214988155,
        "f": 8.114162153562273,
        "b": 8.215838191963966,
        "u": 0,
        "d": 15.883854798163492
    },
    "trevnorris": {
        "p_n": 1.7402826558726865,
        "f_b": -0.26079716512451157,
        "u_d": -15.934089442899836,
        "p": 9.173404305489193,
        "n": 7.433121649616506,
        "f": 8.172864394990594,
        "b": 8.433661560115105,
        "u": 0,
        "d": 15.934089442899836
    },
    "indec": {
        "p_n": 2.3497339947679983,
        "f_b": -0.3651380518371532,
        "u_d": -17.733015024246612,
        "p": 9.494421927529464,
        "n": 7.144687932761466,
        "f": 8.136985904226888,
        "b": 8.502123956064041,
        "u": 0,
        "d": 17.733015024246612
    },
    "loganlinn": {
        "p_n": 2.4772001007640263,
        "f_b": -0.9177782880132987,
        "u_d": -17.490536391782264,
        "p": 9.54302825365832,
        "n": 7.065828152894294,
        "f": 7.845539059269658,
        "b": 8.763317347282957,
        "u": 0,
        "d": 17.490536391782264
    },
    "justincormack": {
        "p_n": 3.015787734132707,
        "f_b": -0.26866700823390843,
        "u_d": -16.127870355852192,
        "p": 9.37571389937385,
        "n": 6.359926165241142,
        "f": 7.733486528190541,
        "b": 8.00215353642445,
        "u": 0,
        "d": 16.127870355852192
    },
    "shawnbot": {
        "p_n": 2.6736009420493234,
        "f_b": -0.8998851345488035,
        "u_d": -16.416662496980237,
        "p": 9.090682767529602,
        "n": 6.417081825480278,
        "f": 7.303939729230539,
        "b": 8.203824863779342,
        "u": 0,
        "d": 16.416662496980237
    },
    "dcporter": {
        "p_n": 2.5851786970183586,
        "f_b": -0.12024938325904166,
        "u_d": -17.4363503940732,
        "p": 9.673886863542565,
        "n": 7.088708166524206,
        "f": 8.321172823403865,
        "b": 8.441422206662907,
        "u": -17.4363503940732,
        "d": 0
    },
    "NathanaelA": {
        "p_n": 1.6656079068900276,
        "f_b": -0.9849351751688875,
        "u_d": -17.585257334951677,
        "p": 9.362602667114185,
        "n": 7.6969947602241575,
        "f": 8.037331126084728,
        "b": 9.022266301253616,
        "u": 0,
        "d": 17.585257334951677
    },
    "snoble": {
        "p_n": 2.3402241569233855,
        "f_b": -0.5880587841961882,
        "u_d": -17.46360278334914,
        "p": 9.237532605762985,
        "n": 6.897308448839599,
        "f": 7.773391135203197,
        "b": 8.361449919399385,
        "u": 0,
        "d": 17.46360278334914
    },
    "gabrielmontagne": {
        "p_n": 1.8427035213785228,
        "f_b": -0.582718484930739,
        "u_d": -15.896360610217727,
        "p": 9.14460846020349,
        "n": 7.301904938824967,
        "f": 7.9318974570488585,
        "b": 8.514615941979597,
        "u": 0,
        "d": 15.896360610217727
    },
    "nevir": {
        "p_n": 2.9771781349392574,
        "f_b": -0.5513506676818851,
        "u_d": -17.479279232387103,
        "p": 9.507089289757019,
        "n": 6.5299111548177615,
        "f": 7.742824888446449,
        "b": 8.294175556128334,
        "u": -17.479279232387103,
        "d": 0
    },
    "gorhill": {
        "p_n": 2.097115852551263,
        "f_b": -0.5845406526902917,
        "u_d": -17.02598202567877,
        "p": 9.106883570880452,
        "n": 7.009767718329189,
        "f": 7.766055318259674,
        "b": 8.350595970949966,
        "u": 0,
        "d": 17.02598202567877
    },
    "sheppard": {
        "p_n": 1.8890713995409296,
        "f_b": -1.2059142940914942,
        "u_d": -16.44970825731848,
        "p": 8.824564926177477,
        "n": 6.935493526636547,
        "f": 7.277072079361265,
        "b": 8.482986373452759,
        "u": 0,
        "d": 16.44970825731848
    },
    "ZJONSSON": {
        "p_n": 2.1220530782009615,
        "f_b": -0.733341505438565,
        "u_d": -17.199434927167818,
        "p": 9.224196402752622,
        "n": 7.10214332455166,
        "f": 7.796499110932858,
        "b": 8.529840616371423,
        "u": 0,
        "d": 17.199434927167818
    },
    "javisantana": {
        "p_n": 1.8315600047328218,
        "f_b": -0.5801982209132994,
        "u_d": -15.838053183183758,
        "p": 8.751104531182506,
        "n": 6.919544526449684,
        "f": 7.545225418359445,
        "b": 8.125423639272745,
        "u": 0,
        "d": 15.838053183183758
    },
    "tbranyen": {
        "p_n": 2.812867639580582,
        "f_b": 0.048387469296963026,
        "u_d": -17.494427826234997,
        "p": 9.409962657613912,
        "n": 6.59709501803333,
        "f": 8.027722572472102,
        "b": 7.979335103175139,
        "u": -17.494427826234997,