{
    "damonkohler": {
        "p_n": 2.0753497005016435,
        "f_b": -0.28540381521965497,
        "u_d": -17.16505835336324,
        "p": 9.049780594922623,
        "n": 6.97443089442098,
        "f": 7.8694038370619745,
        "b": 8.15480765228163,
        "u": 0,
        "d": 17.16505835336324
    }
}