{
    "orta": {
        "p_n": 2.2766978001360068,
        "f_b": -0.33448759124228644,
        "u_d": -17.907622499841693,
        "p": 9.425632117977557,
        "n": 7.14893431784155,
        "f": 8.12003942228841,
        "b": 8.454527013530697,
        "u": 0,
        "d": 17.907622499841693
    },
    "KrauseFx": {
        "p_n": 2.27987110147059,
        "f_b": -0.38734239584765895,
        "u_d": -17.445545549907912,
        "p": 9.670038274217184,
        "n": 7.390167172746594,
        "f": 8.33643152555806,
        "b": 8.72377392140572,
        "u": -17.445545549907912,
        "d": 0
    },
    "jeroenvisser101": {
        "p_n": 2.3053057502569194,
        "f_b": -0.3278360077045157,
        "u_d": -17.995828869732936,
        "p": 9.649082939838578,
        "n": 7.343777189581659,
        "f": 8.33251206085786,
        "b": 8.660348068562376,
        "u": 0,
        "d": 17.995828869732936
    },
    "marcelofabri": {
        "p_n": 2.0910147864309696,
        "f_b": -0.39402572751553855,
        "u_d": -17.102603828878706,
        "p": 9.393231001556703,
        "n": 7.302216215125734,
        "f": 8.15071074458345,
        "b": 8.544736472098988,
        "u": 0,
        "d": 17.102603828878706
    },
    "fastlane-danger-bot": {
        "p_n": 2.8037758102870445,
        "f_b": -0.16325678437118896,
        "u_d": -17.471365634960303,
        "p": 10.01355966550906,
        "n": 7.209783855222016,
        "f": 8.530043368179943,
        "b": 8.693300152551132,
        "u": -17.471365634960303,
        "d": 0
    },
    "justMaku": {
        "p_n": 2.1703076893867292,
        "f_b": -0.3339851614876945,
        "u_d": -17.495071719505823,
        "p": 9.38071326930015,
        "n": 7.210405579913421,
        "f": 8.128566843862938,
        "b": 8.462552005350632,
        "u": -17.495071719505823,
        "d": 0
    },
    "k0nserv": {
        "p_n": 2.15436045751977,
        "f_b": -0.47339059322186117,
        "u_d": -17.698240291454088,
        "p": 9.401922345892572,
        "n": 7.247561888372802,
        "f": 8.088046820521757,
        "b": 8.561437413743619,
        "u": 0,
        "d": 17.698240291454088
    },
    "hjanuschka": {
        "p_n": 1.9059109612370593,
        "f_b": -0.3333004695287052,
        "u_d": -17.9058636172982,
        "p": 8.937420492016912,
        "n": 7.031509530779853,
        "f": 7.81781477663403,
        "b": 8.151115246162735,
        "u": 0,
        "d": 17.9058636172982
    },
    "DangerCI": {
        "p_n": 2.2524791000044235,
        "f_b": -0.37028461380785416,
        "u_d": -17.46555949941255,
        "p": 9.854735030905704,
        "n": 7.602255930901281,
        "f": 8.543353173999567,
        "b": 8.91363778780742,
        "u": -17.46555949941255,
        "d": 0
    },
    "jk": {
        "p_n": 2.2044237800609423,
        "f_b": -0.2664153866919925,
        "u_d": -17.219509888009746,
        "p": 9.114656793794829,
        "n": 6.910233013733887,
        "f": 7.879237210418362,
        "b": 8.145652597110354,
        "u": 0,
        "d": 17.219509888009746
    },
    "connorshea": {
        "p_n": 2.2516095753530774,
        "f_b": -0.18980107980298833,
        "u_d": -17.33814206191223,
        "p": 9.458477611650599,
        "n": 7.2068680362975215,
        "f": 8.237772284072566,
        "b": 8.427573363875554,
        "u": 0,
        "d": 17.33814206191223
    },
    "JuanitoFatas": {
        "p_n": 1.9217560452415778,
        "f_b": -0.362537257763238,
        "u_d": -17.492344252110215,
        "p": 9.278928479096514,
        "n": 7.357172433854936,
        "f": 8.136781827594106,
        "b": 8.499319085357344,
        "u": -17.492344252110215,
        "d": 0
    },
    "segiddins": {
        "p_n": 2.049875569488428,
        "f_b": -0.5299293457072682,
        "u_d": -16.724065137694573,
        "p": 9.304630652368783,
        "n": 7.254755082880354,
        "f": 8.014728194770933,
        "b": 8.544657540478202,
        "u": 0,
        "d": 16.724065137694573
    },
    "sleekybadger": {
        "p_n": 2.1373210827426465,
        "f_b": 0.22048307491060193,
        "u_d": -17.47820979320846,
        "p": 9.347449615102345,
        "n": 7.210128532359699,
        "f": 8.389030611186323,
        "b": 8.168547536275721,
        "u": -17.47820979320846,
        "d": 0
    },
    "daniel-beard": {
        "p_n": 2.117858126920929,
        "f_b": -0.07669880479041069,
        "u_d": -17.73804469036152,
        "p": 9.475563203438604,
        "n": 7.357705076517675,
        "f": 8.378284737582934,
        "b": 8.454983542373345,
        "u": 0,
        "d": 17.73804469036152
    },
    "yimingtang": {
        "p_n": 2.1076877632909117,
        "f_b": -1.0405712628796344,
        "u_d": -17.468973728708914,
        "p": 9.427417273127794,
        "n": 7.319729509836883,
        "f": 7.853287760042521,
        "b": 8.893859022922156,
        "u": -17.468973728708914,
        "d": 0
    },
    "ffittschen": {
        "p_n": 2.320238508657143,
        "f_b": -0.4869267910495694,
        "u_d": -17.477864614149084,
        "p": 9.475038470717287,
        "n": 7.154799962060144,
        "f": 8.071455820863932,
        "b": 8.558382611913501,
        "u": -17.477864614149084,
        "d": 0
    },
    "Antondomashnev": {
        "p_n": 2.653283253520959,
        "f_b": 0.16962668906918132,
        "u_d": -17.448890167319146,
        "p": 9.933608052605265,
        "n": 7.2803247990843065,
        "f": 8.691779770379377,
        "b": 8.522153081310195,
        "u": -17.448890167319146,
        "d": 0
    },
    "hanneskaeufler": {
        "p_n": 2.246541561457894,
        "f_b": -0.4073497185802726,
        "u_d": -16.88345222944101,
        "p": 9.465425919903883,
        "n": 7.2188843584459885,
        "f": 8.1384802798848,
        "b": 8.545829998465072,
        "u": 0,
        "d": 16.88345222944101
    },
    "joshrlesch": {
        "p_n": 1.811520507970048,
        "f_b": -0.7277557612837624,
        "u_d": -17.482114092226706,
        "p": 8.995488914565799,
        "n": 7.183968406595751,
        "f": 7.725850779938894,
        "b": 8.453606541222657,
        "u": -17.482114092226706,
        "d": 0
    },
    "AnandWalvekar": {
        "p_n": 2.370177624667405,
        "f_b": -0.33370870705921174,
        "u_d": -17.470413665286323,
        "p": 9.232933090802163,
        "n": 6.862755466134758,
        "f": 7.880989924938855,
        "b": 8.214698631998067,
        "u": -17.470413665286323,
        "d": 0
    },
    "therealbnut": {
        "p_n": 1.8423005951556704,
        "f_b": -0.3152270119954679,
        "u_d": -17.48835484409312,
        "p": 9.365397054517402,
        "n": 7.5230964593617315,
        "f": 8.286633250941833,
        "b": 8.6018602629373,
        "u": -17.48835484409312,
        "d": 0
    },
    "levibostian": {
        "p_n": 1.6605807162482087,
        "f_b": -0.74373171276652,
        "u_d": -17.902577908164908,
        "p": 9.372612357577127,
        "n": 7.7120316413289185,
        "f": 8.170456143069764,
        "b": 8.914187855836284,
        "u": 0,
        "d": 17.902577908164908
    },
    "wilrnh": {
        "p_n": 1.7748396273116391,
        "f_b": -0.4735466713881591,
        "u_d": -17.689996891226205,
        "p": 9.10656990712215,
        "n": 7.331730279810511,
        "f": 7.9823767577722515,
        "b": 8.45592342916041,
        "u": 0,
        "d": 17.689996891226205
    },
    "nikolaykasyanov": {
        "p_n": 2.7515476962010093,
        "f_b": -0.4384829993291479,
        "u_d": -17.277801712613616,
        "p": 9.287854922298017,
        "n": 6.536307226097008,
        "f": 7.692839574532938,
        "b": 8.131322573862086,
        "u": 0,
        "d": 17.277801712613616
    },
    "kylejm": {
        "p_n": 2.272137095221761,
        "f_b": -0.15484131711091287,
        "u_d": -17.43969083519739,
        "p": 9.463089375731178,
        "n": 7.190952280509417,
        "f": 8.249600169564841,
        "b": 8.404441486675754,