{
    "danklammer": {
        "p_n": 2.1598424290546276,
        "f_b": -0.3832345967003974,
        "u_d": -16.036836420408765,
        "p": 9.257278874985023,
        "n": 7.097436445930395,
        "f": 7.98574036210751,
        "b": 8.368974958807907,
        "u": 0,
        "d": 16.036836420408765
    }
}