{
    "mnikolovski": {
        "p_n": 2.6785544980515983,
        "f_b": 0.6778292292894168,
        "u_d": -17.72224268563883,
        "p": 9.047231678151446,
        "n": 6.368677180099848,
        "f": 8.046869043770355,
        "b": 7.369039814480939,
        "u": 0,
        "d": 17.72224268563883
    },
    "brunowego": {
        "p_n": 2.330715226962953,
        "f_b": -0.07484716830473381,
        "u_d": -16.853493928481228,
        "p": 8.986420936389354,
        "n": 6.655705709426401,
        "f": 7.783639738755511,
        "b": 7.858486907060245,
        "u": 0,
        "d": 16.853493928481228
    },
    "bigfoot90": {
        "p_n": 2.1092862369671153,
        "f_b": -0.4242426691551149,
        "u_d": -17.490254923270523,
        "p": 9.111449631702786,
        "n": 7.002163394735671,
        "f": 7.8446851786416705,
        "b": 8.268927847796785,
        "u": -17.490254923270523,
        "d": 0
    },
    "BeFiveINFO": {
        "p_n": 2.17173540193399,
        "f_b": 0.0672674442627681,
        "u_d": -17.809494530397004,
        "p": 9.840351534736602,
        "n": 7.668616132802612,
        "f": 8.78811755590099,
        "b": 8.720850111638223,
        "u": 0,
        "d": 17.809494530397004
    },
    "ajhalls": {
        "p_n": 2.3236757441509797,
        "f_b": 0.08869172445064422,
        "u_d": -17.385326969611793,
        "p": 9.070152214316408,
        "n": 6.746476470165429,
        "f": 7.95266020446624,
        "b": 7.863968480015596,
        "u": 0,
        "d": 17.385326969611793
    }
}