{
    "defunkt": {
        "p_n": 1.8076327268674,
        "f_b": -0.37520690569631654,
        "u_d": -16.36665094119199,
        "p": 9.162834568214087,
        "n": 7.3552018413466875,
        "f": 8.07141475193223,
        "b": 8.446621657628546,
        "u": 0,
        "d": 16.36665094119199
    },
    "drewwells": {
        "p_n": 1.6367827949847458,
        "f_b": -0.29446359905819186,
        "u_d": -16.3562448740025,
        "p": 8.884506774459126,
        "n": 7.24772397947438,
        "f": 7.918883577437658,
        "b": 8.21334717649585,
        "u": 0,
        "d": 16.3562448740025
    },
    "arvindsv": {
        "p_n": 1.9539207739835183,
        "f_b": -0.45883828416866734,
        "u_d": -17.75568962481543,
        "p": 9.661884871004586,
        "n": 7.707964097021068,
        "f": 8.455505341928493,
        "b": 8.91434362609716,
        "u": 0,
        "d": 17.75568962481543
    },
    "starzonmyarmz": {
        "p_n": 1.924169198080012,
        "f_b": -1.0195818021089664,
        "u_d": -16.893006760792566,
        "p": 9.239853302913467,
        "n": 7.315684104833455,
        "f": 7.767977802818978,
        "b": 8.787559604927944,
        "u": 0,
        "d": 16.893006760792566
    },
    "OscarGodson": {
        "p_n": 2.0715622268557183,
        "f_b": -0.11784101187183005,
        "u_d": -17.478286297721855,
        "p": 9.18100608184734,
        "n": 7.109443854991621,
        "f": 8.086304462483566,
        "b": 8.204145474355396,
        "u": -17.478286297721855,
        "d": 0
    },
    "westonruter": {
        "p_n": 1.1065363017326941,
        "f_b": -1.1672338086287626,
        "u_d": -16.892722846161952,
        "p": 8.997849449623969,
        "n": 7.891313147891275,
        "f": 7.860964394443241,
        "b": 9.028198203072003,
        "u": 0,
        "d": 16.892722846161952
    },
    "tmuellerleile": {
        "p_n": 1.6583314800916824,
        "f_b": -1.0115013502354602,
        "u_d": -14.894771298417437,
        "p": 8.89348293163532,
        "n": 7.235151451543638,
        "f": 7.558566516471749,
        "b": 8.570067866707209,
        "u": 0,
        "d": 14.894771298417437
    },
    "AndrewVos": {
        "p_n": 1.7875045464539951,
        "f_b": -0.71578136932549,
        "u_d": -17.117208952059727,
        "p": 9.0684629600812,
        "n": 7.280958413627205,
        "f": 7.8168200021914584,
        "b": 8.532601371516948,
        "u": 0,
        "d": 17.117208952059727
    },
    "matthewhadley": {
        "p_n": 1.3495847920910897,
        "f_b": -1.2255714070923105,
        "u_d": -17.226104214354162,
        "p": 8.729515972740503,
        "n": 7.379931180649413,
        "f": 7.441937873148802,
        "b": 8.667509280241113,
        "u": 0,
        "d": 17.226104214354162
    },
    "fuadsaud": {
        "p_n": 2.859598530131599,
        "f_b": -0.30389891161249594,
        "u_d": -15.769975078310804,
        "p": 9.713625492498185,
        "n": 6.854026962366586,
        "f": 8.131876771626137,
        "b": 8.435775683238633,
        "u": 0,
        "d": 15.769975078310804
    },
    "Peeja": {
        "p_n": 1.9422062914519485,
        "f_b": -0.9684782980028057,
        "u_d": -17.85566211147158,
        "p": 9.454399227772713,
        "n": 7.512192936320765,
        "f": 7.9990569330453365,
        "b": 8.967535231048142,
        "u": 0,
        "d": 17.85566211147158
    },
    "markogresak": {
        "p_n": 1.29607824685176,
        "f_b": -1.1315485609840543,
        "u_d": -17.47452495797839,
        "p": 9.121917819809585,
        "n": 7.825839572957825,
        "f": 7.908104415891678,
        "b": 9.039652976875733,
        "u": 0,
        "d": 17.47452495797839
    },
    "tupton": {
        "p_n": 1.9240874157113126,
        "f_b": -1.049364275489939,
        "u_d": -16.963739913017168,
        "p": 9.20068326119302,
        "n": 7.276595845481708,
        "f": 7.713957415592395,
        "b": 8.763321691082334,
        "u": 0,
        "d": 16.963739913017168
    }
}