{
    "deletescape": {
        "p_n": 1.9547609333967895,
        "f_b": -0.38324319287232456,
        "u_d": -16.374753356448075,
        "p": 9.203366572149069,
        "n": 7.248605638752279,
        "f": 8.034364509014512,
        "b": 8.417607701886837,
        "u": 0,
        "d": 16.374753356448075
    },
    "intelligentcasanova": {
        "p_n": 2.643172323607221,
        "f_b": -0.5807487739593906,
        "u_d": -15.599242950546303,
        "p": 9.248848696486299,
        "n": 6.605676372879078,
        "f": 7.636888147702992,
        "b": 8.217636921662383,
        "u": 0,
        "d": 15.599242950546303
    },
    "AxiK101": {
        "p_n": 1.694862685144484,
        "f_b": -0.5229721711837154,
        "u_d": -16.970995488736687,
        "p": 8.971075524381622,
        "n": 7.276212839237138,
        "f": 7.862158096217522,
        "b": 8.385130267401237,
        "u": 0,
        "d": 16.970995488736687
    },
    "reC0D3D": {
        "p_n": 1.6862667254178145,
        "f_b": -0.8541463769900028,
        "u_d": -15.608520833660858,
        "p": 8.964661269684116,
        "n": 7.278394544266302,
        "f": 7.694454718480208,
        "b": 8.548601095470211,
        "u": 0,
        "d": 15.608520833660858
    },
    "RWOne": {
        "p_n": 1.7718066121263298,
        "f_b": -0.47188135225241723,
        "u_d": -16.748651920791488,
        "p": 9.175232767389222,
        "n": 7.403426155262892,
        "f": 8.053388785199848,
        "b": 8.525270137452265,
        "u": 0,
        "d": 16.748651920791488
    },
    "versavius": {
        "p_n": 1.6027376354068998,
        "f_b": -0.7645969666329808,
        "u_d": -17.814257045033937,
        "p": 9.236738522277697,
        "n": 7.634000886870798,
        "f": 8.053071221257756,
        "b": 8.817668187890737,
        "u": 0,
        "d": 17.814257045033937
    },
    "ghost": {
        "p_n": 2.117223778266533,
        "f_b": -0.649647412545244,
        "u_d": -15.845019040162372,
        "p": 9.063452491399227,
        "n": 6.946228713132694,
        "f": 7.680016895993338,
        "b": 8.329664308538582,
        "u": 0,
        "d": 15.845019040162372
    },
    "fonix232": {
        "p_n": 1.9133071378027768,
        "f_b": -0.8377878796715112,
        "u_d": -17.17142396814686,
        "p": 9.070251973312176,
        "n": 7.1569448355094,
        "f": 7.694704464575032,
        "b": 8.532492344246544,
        "u": 0,
        "d": 17.17142396814686
    },
    "divadsn": {
        "p_n": 1.6989394477463389,
        "f_b": -0.5100973425356639,
        "u_d": -16.353489586205384,
        "p": 9.02924918518856,
        "n": 7.330309737442221,
        "f": 7.924730790047558,
        "b": 8.434828132583222,
        "u": 0,
        "d": 16.353489586205384
    },
    "bohrabhijeet": {
        "p_n": 1.5218074447521257,
        "f_b": -0.35691799229185683,
        "u_d": -16.721885858311364,
        "p": 9.153478979748632,
        "n": 7.6316715349965065,
        "f": 8.214116261226641,
        "b": 8.571034253518498,
        "u": 0,
        "d": 16.721885858311364
    },
    "fishears": {
        "p_n": 1.5104736558026115,
        "f_b": -1.1797540120111725,
        "u_d": -15.896695203695977,
        "p": 8.729831922956329,
        "n": 7.2193582671537175,
        "f": 7.384718089049437,
        "b": 8.564472101060609,
        "u": 0,
        "d": 15.896695203695977
    },
    "paphonb": {
        "p_n": 1.7717416155627745,
        "f_b": -1.0190982062571852,
        "u_d": -16.00713543619382,
        "p": 8.856456360863318,
        "n": 7.084714745300543,
        "f": 7.461036449953339,
        "b": 8.480134656210524,
        "u": 0,
        "d": 16.00713543619382
    },
    "Dondrejohnson5": {
        "p_n": 2.2170322425480116,
        "f_b": -0.12236639925179915,
        "u_d": -17.222943832906452,
        "p": 9.42813828173697,
        "n": 7.211106039188959,
        "f": 8.258438960837065,
        "b": 8.380805360088864,
        "u": 0,
        "d": 17.222943832906452
    },
    "OvermindDL1": {
        "p_n": 1.6694173997612518,
        "f_b": -0.9026880844031879,
        "u_d": -17.596314481922356,
        "p": 9.035040427417572,
        "n": 7.36562302765632,
        "f": 7.7489876853353525,
        "b": 8.65167576973854,
        "u": 0,
        "d": 17.596314481922356
    },
    "guest4711": {
        "p_n": 1.8490484187352454,
        "f_b": -0.6113772579274706,
        "u_d": -16.960591934557115,
        "p": 9.21190651416335,
        "n": 7.362858095428104,
        "f": 7.981693675831991,
        "b": 8.593070933759462,
        "u": 0,
        "d": 16.960591934557115
    },
    "uudruid74": {
        "p_n": 1.9478162100650946,
        "f_b": -0.9651650974464898,
        "u_d": -16.72108708800003,
        "p": 9.01457075344577,
        "n": 7.066754543380676,
        "f": 7.558080099689978,
        "b": 8.523245197136468,
        "u": 0,
        "d": 16.72108708800003
    },
    "GAZ082": {
        "p_n": 1.9070289388480823,
        "f_b": -0.5059685370679148,
        "u_d": -17.58009042635401,
        "p": 9.449920248474008,
        "n": 7.542891309625926,
        "f": 8.24342151051601,
        "b": 8.749390047583924,
        "u": 0,
        "d": 17.58009042635401
    },
    "hassie-dash": {
        "p_n": 1.266103492660724,
        "f_b": -0.8340481931850849,
        "u_d": -15.968778247255056,
        "p": 8.787513043162583,
        "n": 7.521409550501859,
        "f": 7.737437200239679,
        "b": 8.571485393424764,
        "u": 0,
        "d": 15.968778247255056
    },
    "eggsgent": {
        "p_n": 2.0748771368361965,
        "f_b": -0.9231699048266746,
        "u_d": -17.718759574119918,
        "p": 9.360367722090837,
        "n": 7.2854905852546405,
        "f": 7.861344201259402,
        "b": 8.784514106086077,
        "u": 0,
        "d": 17.718759574119918
    },
    "KieronQuinn": {
        "p_n": 1.6023807529885676,
        "f_b": -1.1426298827478032,
        "u_d": -16.900015646690733,
        "p": 8.88345960328953,
        "n": 7.281078850300963,
        "f": 7.510954285421345,
        "b": 8.653584168169148,
        "u": 0,
        "d": 16.900015646690733
    },
    "Younes-L": {
        "p_n": 1.9435529586477713,
        "f_b": -0.6728347746997692,
        "u_d": -16.9843451984124,
        "p": 9.101343465869583,
        "n": 7.1577905072218115,
        "f": 7.793149599195813,
        "b": 8.465984373895582,
        "u": 0,
        "d": 16.9843451984124
    },
    "ildar": {
        "p_n": 2.307116648777132,
        "f_b": 0.21264256148474914,
        "u_d": -16.001434962742678,
        "p": 9.290868706669876,
        "n": 6.983752057892744,
        "f": 8.243631663023685,
        "b": 8.030989101538935,
        "u": 0,
        "d": 16.001434962742678
    },
    "jise": {
        "p_n": 2.7788911667593004,
        "f_b": 0.010685360645275921,
        "u_d": -17.175497983635992,
        "p": 9.584673925705776,
        "n": 6.805782758946475,
        "f": 8.200571022648763,
        "b": 8.189885662003487,
        "u": 0,
        "d": 17.175497983635992
    },
    "Rawi666": {
        "p_n": 1.8757690286633126,
        "f_b": -0.859679372117423,
        "u_d": -17.491856201813192,
        "p": 8.99942429506883,
        "n": 7.123655266405517,
        "f": 7.631700094678461,
        "b": 8.491379466795884,
        "u": -17.491856201813192,
        "d": 0
    },
    "callmemulo": {
        "p_n": 1.8797875258023726,
        "f_b": -0.22325426077975585,
        "u_d": -17.622211171417824,
        "p": 9.03076192641787,
        "n": 7.150974400615498,
        "f": 7.979241033126806,
        "b": 8.202495293906562,
        "u": 0,
        "d": 17.622211171417824
    },
    "Hocuri": {
        "p_n": 2.141043764274608,
        "f_b": -0.2860720376748631,
        "u_d": -16.26975987039964,
        "p": 9.44022927817161,
        "n": 7.299185513897003,
        "f": 8.226671377196876,
        "b": 8.51274341487174,
        "u": 0,