{
    "franz-josef-kaiser": {
        "p_n": 1.767111376576966,
        "f_b": -0.598456051394372,
        "u_d": -17.464686927525413,
        "p": 9.682503733969536,
        "n": 7.91539235739257,
        "f": 8.499720019983867,
        "b": 9.098176071378239,
        "u": -17.464686927525413,
        "d": 0
    }
}