{
    "robconery": {
        "p_n": 2.2726379089352013,
        "f_b": -0.19082144888470864,
        "u_d": -17.48468970187157,
        "p": 9.45804477729599,
        "n": 7.185406868360789,
        "f": 8.226315098386035,
        "b": 8.417136547270744,
        "u": -17.48468970187157,
        "d": 0
    },
    "xivSolutions": {
        "p_n": 2.1665378108640008,
        "f_b": -0.6429590680481718,
        "u_d": -17.4859296116764,
        "p": 9.330938556631644,
        "n": 7.164400745767643,
        "f": 7.926190117175557,
        "b": 8.56914918522373,
        "u": -17.4859296116764,
        "d": 0
    },
    "riginoommen": {
        "p_n": 2.487418515730912,
        "f_b": 0.23142062444211486,
        "u_d": -17.62003970620081,
        "p": 9.141322641563857,
        "n": 6.653904125832945,
        "f": 8.013323695919459,
        "b": 7.781903071477344,
        "u": 0,
        "d": 17.62003970620081
    },
    "dmfay": {
        "p_n": 2.256474562154269,
        "f_b": -0.6625983818251759,
        "u_d": -17.892136144584438,
        "p": 9.209868577359895,
        "n": 6.953394015205626,
        "f": 7.750332105370172,
        "b": 8.412930487195348,
        "u": 0,
        "d": 17.892136144584438
    },
    "paulxtiseo": {
        "p_n": 2.393684962813186,
        "f_b": -0.8476249532619686,
        "u_d": -17.499872912490762,
        "p": 8.814647690395756,
        "n": 6.42096272758257,
        "f": 7.193992732358177,
        "b": 8.041617685620146,
        "u": -17.499872912490762,
        "d": 0
    },
    "dpen2000": {
        "p_n": 2.291465712730883,
        "f_b": -0.6840379195560402,
        "u_d": -17.022846227631998,
        "p": 8.824123089267903,
        "n": 6.532657376537021,
        "f": 7.336371273124442,
        "b": 8.020409192680482,
        "u": 0,
        "d": 17.022846227631998
    },
    "vintagexav": {
        "p_n": 1.8367186848173347,
        "f_b": -0.627477303941582,
        "u_d": -17.446752103598804,
        "p": 9.10775402221666,
        "n": 7.271035337399326,
        "f": 7.875656027837202,
        "b": 8.503133331778784,
        "u": -17.446752103598804,
        "d": 0
    },
    "mj1856": {
        "p_n": 2.280622255657746,
        "f_b": -0.16006122733876182,
        "u_d": -17.464804588007112,
        "p": 9.625668530199473,
        "n": 7.345046274541727,
        "f": 8.40532678870122,
        "b": 8.565388016039982,
        "u": -17.464804588007112,
        "d": 0
    },
    "rasantiago": {
        "p_n": 2.15526434653946,
        "f_b": -0.4942566381061759,
        "u_d": -17.44693217581309,
        "p": 9.324471019974279,
        "n": 7.169206673434819,
        "f": 7.999710527651461,
        "b": 8.493967165757637,
        "u": -17.44693217581309,
        "d": 0
    },
    "stephensong": {
        "p_n": 2.5225191656505164,
        "f_b": -0.45734341492403985,
        "u_d": -17.07084723099479,
        "p": 9.289437146324754,
        "n": 6.766917980674238,
        "f": 7.7995058560374755,
        "b": 8.256849270961515,
        "u": 0,
        "d": 17.07084723099479
    },
    "tigernassau": {
        "p_n": 1.9686129654533353,
        "f_b": -0.6640590709792136,
        "u_d": -17.457386500823056,
        "p": 9.206593295161351,
        "n": 7.237980329708016,
        "f": 7.890257276945077,
        "b": 8.55431634792429,
        "u": -17.457386500823056,
        "d": 0
    },
    "vitaly-t": {
        "p_n": 1.8437498763876743,
        "f_b": -0.7548344878962272,
        "u_d": -17.49229260898973,
        "p": 9.318473352234212,
        "n": 7.474723475846538,
        "f": 8.019181170092262,
        "b": 8.774015657988489,
        "u": -17.49229260898973,
        "d": 0
    },
    "AlexZeitler": {
        "p_n": 2.3630869474213636,
        "f_b": -0.23477510427711934,
        "u_d": -17.483962131574668,
        "p": 8.97432961320871,
        "n": 6.611242665787346,
        "f": 7.675398587359468,
        "b": 7.9101736916365875,
        "u": -17.483962131574668,
        "d": 0
    },
    "stevenmwade": {
        "p_n": 2.088793521325483,
        "f_b": -0.7546314120387656,
        "u_d": -16.275783055114555,
        "p": 8.932137746188397,
        "n": 6.843344224862914,
        "f": 7.510425279506272,
        "b": 8.265056691545038,
        "u": 0,
        "d": 16.275783055114555
    },
    "jadams74": {
        "p_n": 1.9458065395658757,
        "f_b": -0.44596998551365274,
        "u_d": -16.623421177355688,
        "p": 8.873751572821005,
        "n": 6.92794503325513,
        "f": 7.677863310281241,
        "b": 8.123833295794894,
        "u": 0,
        "d": 16.623421177355688
    },
    "robinjmurphy": {
        "p_n": 2.199936461212735,
        "f_b": -0.6236757868065625,
        "u_d": -16.55991507751109,
        "p": 9.148215852714209,
        "n": 6.948279391501474,
        "f": 7.736409728704561,
        "b": 8.360085515511123,
        "u": 0,
        "d": 16.55991507751109
    },
    "jmealo": {
        "p_n": 1.9557567190455885,
        "f_b": -0.6029771006607252,
        "u_d": -17.465001913517522,
        "p": 8.976574882976195,
        "n": 7.020818163930606,
        "f": 7.697207973123037,
        "b": 8.300185073783762,
        "u": -17.465001913517522,
        "d": 0
    },
    "aderbas": {
        "p_n": 2.086644265112211,
        "f_b": -0.7444164019792021,
        "u_d": -17.225559603149446,
        "p": 8.827428697052579,
        "n": 6.740784431940368,
        "f": 7.4118983635068725,
        "b": 8.156314765486075,
        "u": 0,
        "d": 17.225559603149446
    },
    "lfreneda": {
        "p_n": 2.9894696523734225,
        "f_b": 0.08332521003291049,
        "u_d": -17.895203213564923,
        "p": 9.112373323379142,
        "n": 6.122903671005719,
        "f": 7.659301102208886,
        "b": 7.5759758921759754,
        "u": 0,
        "d": 17.895203213564923
    },
    "pkwnz": {
        "p_n": 2.980753955948561,
        "f_b": -0.02689830628670542,
        "u_d": -17.47741646213723,
        "p": 9.822678461075057,
        "n": 6.841924505126496,
        "f": 8.318852329957423,
        "b": 8.345750636244128,
        "u": -17.47741646213723,
        "d": 0
    },
    "Jaeiya": {
        "p_n": 2.198621778598807,
        "f_b": -0.2212438984214078,
        "u_d": -17.871656469019165,
        "p": 9.369032423824613,
        "n": 7.1704106452258065,
        "f": 8.159099585314506,
        "b": 8.380343483735913,
        "u": 0,
        "d": 17.871656469019165
    },
    "rdegges": {
        "p_n": 1.8216677319123207,
        "f_b": -0.4768449548092075,
        "u_d": -17.49229853809983,
        "p": 9.276765676501839,
        "n": 7.455097944589518,
        "f": 8.127509333141074,
        "b": 8.604354287950281,
        "u": -17.49229853809983,
        "d": 0
    },
    "tamlyn": {
        "p_n": 2.319537244552663,
        "f_b": -0.9549794370321152,
        "u_d": -17.48644226435024,
        "p": 9.35371013621595,
        "n": 7.034172891663287,
        "f": 7.716451795423561,
        "b": 8.671431232455676,
        "u": -17.48644226435024,
        "d": 0
    },
    "n321203": {
        "p_n": 1.859895775506759,
        "f_b": -1.0031602753384465,
        "u_d": -17.38743870313398,
        "p": 9.292072858637106,
        "n": 7.432177083130346,
        "f": 7.860544833214503,
        "b": 8.86370510855295,
        "u": 0,
        "d": 17.38743870313398
    },
    "jonathana": {
        "p_n": 2.3799676113107022,
        "f_b": -0.5156955213533196,
        "u_d": -17.960219212476765,
        "p": 9.358207981065107,
        "n": 6.978240369754404,
        "f": 7.910376414733096,
        "b": 8.426071936086416,
        "u": 0,
        "d": 17.960219212476765
    },
    "aray12": {
        "p_n": 2.4220030454081805,
        "f_b": -0.5520473589784958,
        "u_d": -17.4353507018421,
        "p": 9.261242664418836,
        "n": 6.839239619010655,
        "f": 7.774217462225498,
        "b": 8.326264821203994,
        "u": 0,
        "d": 17.4353507018421
    },