{
    "drublic": {
        "p_n": 1.78332960419013,
        "f_b": 0.07252255714367983,
        "u_d": -17.48253888678001,
        "p": 9.50683047835638,
        "n": 7.723500874166249,
        "f": 8.651426954833154,
        "b": 8.578904397689474,
        "u": -17.48253888678001,
        "d": 0
    },
    "anselmh": {
        "p_n": 1.8121473540885358,
        "f_b": -0.2425609954442507,
        "u_d": -17.48954029216853,
        "p": 9.419357675435222,
        "n": 7.607210321346686,
        "f": 8.39200350066883,
        "b": 8.63456449611308,
        "u": -17.48954029216853,
        "d": 0
    },
    "sebald": {
        "p_n": 2.155283074370079,
        "f_b": -1.1389206301253623,
        "u_d": -17.542844671997653,
        "p": 8.956446261249837,
        "n": 6.801163186879759,
        "f": 7.309344409002117,
        "b": 8.44826503912748,
        "u": 0,
        "d": 17.542844671997653
    },
    "jme783": {
        "p_n": 1.7693578935507528,
        "f_b": -0.8620603174774759,
        "u_d": -17.44262677171004,
        "p": 8.892493497999919,
        "n": 7.123135604449166,
        "f": 7.576784392485805,
        "b": 8.43884470996328,
        "u": -17.44262677171004,
        "d": 0
    },
    "richardatwork": {
        "p_n": 1.6049184091012965,
        "f_b": -0.11645083777304688,
        "u_d": -17.435426741982027,
        "p": 8.815539392113237,
        "n": 7.210620983011941,
        "f": 7.954854768676065,
        "b": 8.071305606449112,
        "u": -17.435426741982027,
        "d": 0
    },
    "ScotsScripts": {
        "p_n": 1.9738441472835966,
        "f_b": -0.7991025027525787,
        "u_d": -17.481388113690763,
        "p": 9.139234920822243,
        "n": 7.165390773538647,
        "f": 7.752761595804156,
        "b": 8.551864098556734,
        "u": -17.481388113690763,
        "d": 0
    },
    "SantzDesign": {
        "p_n": 2.5273401212953415,
        "f_b": 0.04018524666432555,
        "u_d": -17.62488355953601,
        "p": 9.312484751434582,
        "n": 6.78514463013924,
        "f": 8.068907314119073,
        "b": 8.028722067454748,
        "u": 0,
        "d": 17.62488355953601
    },
    "SergeySnegirev": {
        "p_n": 2.0413010376615084,
        "f_b": -0.22836290813021964,
        "u_d": -16.770946608081175,
        "p": 8.99739122072777,
        "n": 6.956090183066262,
        "f": 7.862559247831906,
        "b": 8.090922155962126,
        "u": 0,
        "d": 16.770946608081175
    },
    "grayghostvisuals": {
        "p_n": 2.115721292719673,
        "f_b": -0.5596401737530527,
        "u_d": -17.277613365769128,
        "p": 8.929767060531905,
        "n": 6.814045767812232,
        "f": 7.592086327295542,
        "b": 8.151726501048595,
        "u": 0,
        "d": 17.277613365769128
    },
    "impressivewebs": {
        "p_n": 1.950682377861412,
        "f_b": -0.6292849009441568,
        "u_d": -14.833360558405484,
        "p": 8.9390484964607,
        "n": 6.988366118599288,
        "f": 7.649064857057915,
        "b": 8.278349758002072,
        "u": 0,
        "d": 14.833360558405484
    },
    "DuckSportsFan": {
        "p_n": 2.1483632797446974,
        "f_b": 0.011479910247309988,
        "u_d": -17.496861373593347,
        "p": 9.431281266073318,
        "n": 7.282917986328621,
        "f": 8.362839581324625,
        "b": 8.351359671077315,
        "u": -17.496861373593347,
        "d": 0
    },
    "Ziiweb": {
        "p_n": 1.5749644917469947,
        "f_b": 0.19833920137478955,
        "u_d": -17.419969450864727,
        "p": 8.73775747825826,
        "n": 7.162792986511265,
        "f": 8.049444833072158,
        "b": 7.851105631697369,
        "u": -17.419969450864727,
        "d": 0
    },
    "dhunink": {
        "p_n": 2.100176100762167,
        "f_b": -0.536236312081968,
        "u_d": -17.462019352279516,
        "p": 9.335471702341904,
        "n": 7.235295601579737,
        "f": 8.017265495919837,
        "b": 8.553501808001805,
        "u": -17.462019352279516,
        "d": 0
    },
    "Julix91": {
        "p_n": 1.8522076987052731,
        "f_b": -0.4586319468205158,
        "u_d": -16.92428506757135,
        "p": 9.19251903327643,
        "n": 7.340311334571156,
        "f": 8.037099210513535,
        "b": 8.49573115733405,
        "u": 0,
        "d": 16.92428506757135
    }
}