{
    "enriquez": {
        "p_n": 1.81493750607072,
        "f_b": -0.5090633886433231,
        "u_d": -17.673687147109913,
        "p": 9.218222328787586,
        "n": 7.403284822716866,
        "f": 8.056221881430565,
        "b": 8.565285270073888,
        "u": 0,
        "d": 17.673687147109913
    },
    "simonbs": {
        "p_n": 2.16066560650747,
        "f_b": -0.11011298414661574,
        "u_d": -17.439749608250622,
        "p": 9.068889575561192,
        "n": 6.908223969053722,
        "f": 7.933500280234149,
        "b": 8.043613264380765,
        "u": -17.439749608250622,
        "d": 0
    },
    "keithyeoh-mediacraft": {
        "p_n": 2.344363344992354,
        "f_b": 0.2072493712268404,
        "u_d": -17.477617475345173,
        "p": 8.904198205101773,
        "n": 6.559834860109419,
        "f": 7.835641218219016,
        "b": 7.628391846992176,
        "u": -17.477617475345173,
        "d": 0
    },
    "MrBendel": {
        "p_n": 3.2373011369916203,
        "f_b": 0.24917223344805084,
        "u_d": -17.49638169789411,
        "p": 9.155607297567656,
        "n": 5.918306160576035,
        "f": 7.661542845795871,
        "b": 7.412370612347821,
        "u": -17.49638169789411,
        "d": 0
    },
    "iosbrunix": {
        "p_n": 2.9629460772728677,
        "f_b": 1.087254804686685,
        "u_d": -17.224489825719612,
        "p": 8.948398391606704,
        "n": 5.985452314333836,
        "f": 8.010552755313611,
        "b": 6.923297950626926,
        "u": 0,
        "d": 17.224489825719612
    },
    "jeffarena": {
        "p_n": 2.2033762178971816,
        "f_b": -0.23061648717971472,
        "u_d": -17.495687893590617,
        "p": 9.239569525756185,
        "n": 7.036193307859003,
        "f": 8.022573173217737,
        "b": 8.253189660397451,
        "u": -17.495687893590617,
        "d": 0
    },
    "iwasrobbed": {
        "p_n": 2.232565064035036,
        "f_b": -0.8013095456610753,
        "u_d": -17.57063308502782,
        "p": 9.157307247918347,
        "n": 6.9247421838833105,
        "f": 7.640369943070292,
        "b": 8.441679488731367,
        "u": 0,
        "d": 17.57063308502782
    },
    "airdrummingfool": {
        "p_n": 1.9681018770355223,
        "f_b": -0.3547218739279243,
        "u_d": -16.34723108069531,
        "p": 8.766837876000942,
        "n": 6.7987359989654195,
        "f": 7.605426000519219,
        "b": 7.960147874447143,
        "u": 0,
        "d": 16.34723108069531
    },
    "justdan0227": {
        "p_n": 1.5324129784178186,
        "f_b": -0.8588075410388063,
        "u_d": -17.274143162500202,
        "p": 8.86429550531026,
        "n": 7.331882526892441,
        "f": 7.668685245581947,
        "b": 8.527492786620753,
        "u": 0,
        "d": 17.274143162500202
    },
    "wkberg": {
        "p_n": 2.0396533863517465,
        "f_b": -0.21568129830231442,
        "u_d": -17.4972772292342,
        "p": 9.261341225642475,
        "n": 7.221687839290729,
        "f": 8.133673883315446,
        "b": 8.34935518161776,
        "u": -17.4972772292342,
        "d": 0
    },
    "u2fan": {
        "p_n": 2.231473117057357,
        "f_b": -0.21171729256611194,
        "u_d": -17.47919874488137,
        "p": 9.156551595221822,
        "n": 6.925078478164465,
        "f": 7.934956390410088,
        "b": 8.1466736829762,
        "u": -17.47919874488137,
        "d": 0
    },
    "krzd": {
        "p_n": 2.0990120740100906,
        "f_b": -0.8585467588577753,
        "u_d": -17.236447372399038,
        "p": 9.32700205203211,
        "n": 7.22798997802202,
        "f": 7.848222635598178,
        "b": 8.706769394455954,
        "u": 0,
        "d": 17.236447372399038
    },
    "bobi33": {
        "p_n": 2.144614326124108,
        "f_b": -0.915646596998636,
        "u_d": -17.460780926374778,
        "p": 8.828733102444698,
        "n": 6.68411877632059,
        "f": 7.298602640883326,
        "b": 8.214249237881962,
        "u": 0,
        "d": 17.460780926374778
    },
    "SjoerdPerfors": {
        "p_n": 2.3602082283663197,
        "f_b": -0.545914705153665,
        "u_d": -17.404270031956575,
        "p": 9.02895828245802,
        "n": 6.668750054091701,
        "f": 7.575896815698028,
        "b": 8.121811520851693,
        "u": 0,
        "d": 17.404270031956575
    },
    "kefon": {
        "p_n": 1.4933422858553325,
        "f_b": -1.1760481360940727,
        "u_d": -17.454540806679315,
        "p": 9.107426073521502,
        "n": 7.61408378766617,
        "f": 7.7727308625467995,
        "b": 8.948778998640872,
        "u": -17.454540806679315,
        "d": 0
    },
    "denistsai": {
        "p_n": 2.1287621026500325,
        "f_b": -0.6086818462110584,
        "u_d": -17.485641422242963,
        "p": 9.26309724411077,
        "n": 7.134335141460738,
        "f": 7.894375269680226,
        "b": 8.503057115891284,
        "u": -17.485641422242963,
        "d": 0
    },
    "xfyre": {
        "p_n": 1.777606712070667,
        "f_b": -0.8552495522968142,
        "u_d": -17.468516977622347,
        "p": 9.003234658392198,
        "n": 7.225627946321532,
        "f": 7.686806526208458,
        "b": 8.542056078505272,
        "u": -17.468516977622347,
        "d": 0
    },
    "hartbit": {
        "p_n": 2.1323019653274597,
        "f_b": -0.7597735548753963,
        "u_d": -16.185624162980577,
        "p": 9.061637889543196,
        "n": 6.929335924215736,
        "f": 7.615600129441768,
        "b": 8.375373684317164,
        "u": 0,
        "d": 16.185624162980577
    },
    "richardsimko": {
        "p_n": 2.6631224878898063,
        "f_b": -0.3883377944477262,
        "u_d": -15.749524471269432,
        "p": 9.173494393177458,
        "n": 6.510371905287652,
        "f": 7.647764252008693,
        "b": 8.036102046456419,
        "u": 0,
        "d": 15.749524471269432
    },
    "Elshad": {
        "p_n": 3.0956844956881238,
        "f_b": 0.5817468626710127,
        "u_d": -17.46456490612152,
        "p": 9.283241460748586,
        "n": 6.1875569650604625,
        "f": 8.02627264424003,
        "b": 7.444525781569018,
        "u": -17.46456490612152,
        "d": 0
    },
    "dbachrach": {
        "p_n": 2.7905210032881325,
        "f_b": -0.42478340086089084,
        "u_d": -17.65562421820035,
        "p": 9.000898401667492,
        "n": 6.210377398379359,
        "f": 7.39324619959298,
        "b": 7.818029600453871,
        "u": 0,
        "d": 17.65562421820035
    },
    "maddoggy1979": {
        "p_n": 2.776601065575699,
        "f_b": -0.0358663765679772,
        "u_d": -16.171030897269,
        "p": 8.825549799656383,
        "n": 6.048948734080684,
        "f": 7.4193160785845444,
        "b": 7.455182455152522,
        "u": 0,
        "d": 16.171030897269
    },
    "garetmckinley": {
        "p_n": 2.5541353206250106,
        "f_b": 0.5374234015762953,
        "u_d": -16.72985682381766,
        "p": 8.846746967822796,
        "n": 6.292611647197785,
        "f": 7.838391008298438,
        "b": 7.300967606722143,
        "u": 0,
        "d": 16.72985682381766
    },
    "madhikarma": {
        "p_n": 3.376208523590855,
        "f_b": 1.2749320343532853,
        "u_d": -17.944073182653867,
        "p": 9.072567121017126,
        "n": 5.696358597426271,
        "f": 8.021928876398341,
        "b": 6.746996842045056,
        "u": 0,
        "d": 17.944073182653867
    }
}