{
    "garrettr": {
        "p_n": 1.7674999810423886,
        "f_b": -0.5736528239863556,
        "u_d": -17.278848086727,
        "p": 9.181436940927863,
        "n": 7.413936959885475,
        "f": 8.01086053841349,
        "b": 8.584513362399846,
        "u": 0,
        "d": 17.278848086727
    },
    "monicachew": {
        "p_n": 2.2485574268852613,
        "f_b": -0.7078095434246787,
        "u_d": -17.734226790665236,
        "p": 9.292782712257242,
        "n": 7.044225285371981,
        "f": 7.814599227102272,
        "b": 8.522408770526951,
        "u": 0,
        "d": 17.734226790665236
    },
    "diracdeltas": {
        "p_n": 1.66428591595181,
        "f_b": -0.6956514193110124,
        "u_d": -17.590321995908987,
        "p": 9.056508374551488,
        "n": 7.392222458599678,
        "f": 7.876539706920077,
        "b": 8.57219112623109,
        "u": 0,
        "d": 17.590321995908987
    },
    "cooperq": {
        "p_n": 1.7123297945868954,
        "f_b": -0.3562402394361879,
        "u_d": -17.57603959015726,
        "p": 9.341071197811349,
        "n": 7.628741403224454,
        "f": 8.306786180799808,
        "b": 8.663026420235996,
        "u": 0,
        "d": 17.57603959015726
    },
    "pde": {
        "p_n": 1.8260254287257718,
        "f_b": -0.755671650268221,
        "u_d": -17.84031195653212,
        "p": 9.142289323495692,
        "n": 7.316263894769921,
        "f": 7.8514407839986955,
        "b": 8.607112434266917,
        "u": 0,
        "d": 17.84031195653212
    },
    "ghost": {
        "p_n": 1.6888228515970187,
        "f_b": -0.4966898141496596,
        "u_d": -17.5518552500577,
        "p": 9.203967962382372,
        "n": 7.515145110785353,
        "f": 8.111211629509032,
        "b": 8.607901443658692,
        "u": 0,
        "d": 17.5518552500577
    },
    "neverumind": {
        "p_n": 1.0082014335433094,
        "f_b": -0.47985551506257007,
        "u_d": -16.2129340047947,
        "p": 8.67896587504121,
        "n": 7.6707644414979015,
        "f": 7.934937400738272,
        "b": 8.414792915800842,
        "u": 0,
        "d": 16.2129340047947
    },
    "Migas7": {
        "p_n": 2.07757799917099,
        "f_b": -0.47175828604643577,
        "u_d": -15.626432737751779,
        "p": 9.018748837580237,
        "n": 6.9411708384092465,
        "f": 7.744080694971524,
        "b": 8.21583898101796,
        "u": 0,
        "d": 15.626432737751779
    },
    "xapaho": {
        "p_n": 1.8840073267136273,
        "f_b": -0.6818771523907738,
        "u_d": -15.050190889192892,
        "p": 9.09964313619166,
        "n": 7.215635809478032,
        "f": 7.816700896639459,
        "b": 8.498578049030233,
        "u": 0,
        "d": 15.050190889192892
    },
    "mlissner": {
        "p_n": 1.8728840051699596,
        "f_b": -1.3734387709074207,
        "u_d": -14.68073615414898,
        "p": 8.441218044412922,
        "n": 6.568334039242963,
        "f": 6.818056656374233,
        "b": 8.191495427281653,
        "u": 0,
        "d": 14.68073615414898
    },
    "cypherpunk": {
        "p_n": 1.5931854950358062,
        "f_b": -0.7677210360505011,
        "u_d": -17.12738268875161,
        "p": 9.021322197346985,
        "n": 7.428136702311178,
        "f": 7.840868931803831,
        "b": 8.608589967854332,
        "u": 0,
        "d": 17.12738268875161
    },
    "macmanx2": {
        "p_n": 1.5264773180221098,
        "f_b": -0.7810156521363183,
        "u_d": -17.49777393073578,
        "p": 9.1737573182896,
        "n": 7.647280000267489,
        "f": 8.020010833210385,
        "b": 8.801026485346704,
        "u": -17.49777393073578,
        "d": 0
    },
    "PasswordIs0000": {
        "p_n": 1.9168642365699355,
        "f_b": -0.7153366677329789,
        "u_d": -14.134508872248297,
        "p": 8.884864112008511,
        "n": 6.967999875438576,
        "f": 7.568763659857053,
        "b": 8.284100327590032,
        "u": 0,
        "d": 14.134508872248297
    },
    "vrillusions": {
        "p_n": 1.5655535604236475,
        "f_b": -0.37176423366825695,
        "u_d": -16.4321429400434,
        "p": 9.004778095907827,
        "n": 7.43922453548418,
        "f": 8.036119198861876,
        "b": 8.407883432530133,
        "u": 0,
        "d": 16.4321429400434
    },
    "LordDewi": {
        "p_n": 1.9171389150166025,
        "f_b": -1.0498269277738306,
        "u_d": -17.463228685424127,
        "p": 9.285462978786985,
        "n": 7.368324063770382,
        "f": 7.801980057391768,
        "b": 8.851806985165599,
        "u": -17.463228685424127,
        "d": 0
    },
    "grgoffe": {
        "p_n": 2.497281201625345,
        "f_b": 0.38801811556679766,
        "u_d": -17.411231992094113,
        "p": 9.020523348173331,
        "n": 6.523242146547986,
        "f": 7.965891805144057,
        "b": 7.57787368957726,
        "u": 0,
        "d": 17.411231992094113
    },
    "SwartzCr": {
        "p_n": 1.9136833849985972,
        "f_b": -0.5509992837105404,
        "u_d": -17.991942159612343,
        "p": 9.271782589857583,
        "n": 7.358099204858986,
        "f": 8.039441255503014,
        "b": 8.590440539213555,
        "u": 0,
        "d": 17.991942159612343
    },
    "rugk": {
        "p_n": 2.1287249877615633,
        "f_b": -0.6423678520552212,
        "u_d": -17.04427817742624,
        "p": 9.259429620650653,
        "n": 7.13070463288909,
        "f": 7.873883200742261,
        "b": 8.516251052797482,
        "u": 0,
        "d": 17.04427817742624
    },
    "willsALMANJ": {
        "p_n": 2.033120972074573,
        "f_b": -1.0797327190407042,
        "u_d": -16.646577664968746,
        "p": 9.191730255593619,
        "n": 7.158609283519046,
        "f": 7.635303410035981,
        "b": 8.715036129076685,
        "u": 0,
        "d": 16.646577664968746
    },
    "PiRSquared17": {
        "p_n": 1.5973585071881455,
        "f_b": -0.40364489318168495,
        "u_d": -16.39847639173315,
        "p": 9.456753473095306,
        "n": 7.8593949659071605,
        "f": 8.456251772910392,
        "b": 8.859896666092077,
        "u": 0,
        "d": 16.39847639173315
    },
    "ChrisAntaki": {
        "p_n": 1.6319392681744533,
        "f_b": -0.5609793289918201,
        "u_d": -17.4633944333081,
        "p": 9.357538291359873,
        "n": 7.72559902318542,
        "f": 8.261078992776735,
        "b": 8.822058321768555,
        "u": -17.4633944333081,
        "d": 0
    },
    "sathood": {
        "p_n": 1.7340315570033065,
        "f_b": -0.698793731930353,
        "u_d": -17.163906354002236,
        "p": 8.886076718404954,
        "n": 7.152045161401648,
        "f": 7.669664073938124,
        "b": 8.368457805868477,
        "u": 0,
        "d": 17.163906354002236
    },
    "Bluecheckers": {
        "p_n": 1.4117523866963166,
        "f_b": -0.8542759127970276,
        "u_d": -14.974735240141502,
        "p": 8.772457285806524,
        "n": 7.360704899110208,
        "f": 7.639443136059852,
        "b": 8.49371904885688,
        "u": 0,
        "d": 14.974735240141502
    },
    "jsha": {
        "p_n": 2.317238398123819,
        "f_b": -0.6080448455554475,
        "u_d": -17.49649264406436,
        "p": 9.373506101433073,
        "n": 7.056267703309254,
        "f": 7.910864479593439,
        "b": 8.518909325148886,
        "u": -17.49649264406436,
        "d": 0
    },
    "erikg": {
        "p_n": 2.3307849672121366,
        "f_b": 0.32726465175022845,
        "u_d": -17.48903511892704,
        "p": 9.31854438209929,
        "n": 6.987759414887154,
        "f": 8.316784224368336,
        "b": 7.989519572618107,
        "u": -17.48903511892704,
        "d": 0
    },
    "anonsubmitter": {
        "p_n": 1.8325689993579042,
        "f_b": -0.7381431814999262,
        "u_d": -16.807215764968962,
        "p": 9.096160608800893,
        "n": 7.263591609442989,
        "f": 7.810804518371978,
        "b": 8.548947699871905,
        "u": 0,
        "d": 16.807215764968962
    },