{
    "stefanpenner": {
        "p_n": 2.3242121850413398,
        "f_b": 0.07977508590966664,
        "u_d": -16.804164109744786,
        "p": 9.407187420170114,
        "n": 7.0829752351287745,
        "f": 8.284968870604278,
        "b": 8.205193784694611,
        "u": 0,
        "d": 16.804164109744786
    },
    "krisselden": {
        "p_n": 1.9336138201133366,
        "f_b": -0.5078388550827189,
        "u_d": -17.17275714271221,
        "p": 9.212712835270437,
        "n": 7.279099015157101,
        "f": 7.991986497672409,
        "b": 8.499825352755128,
        "u": 0,
        "d": 17.17275714271221
    },
    "minusfive": {
        "p_n": 2.1792905979507324,
        "f_b": -0.20820236372604395,
        "u_d": -16.636305839811644,
        "p": 9.177071307285559,
        "n": 6.997780709334826,
        "f": 7.983324826447171,
        "b": 8.191527190173215,
        "u": 0,
        "d": 16.636305839811644
    },
    "mixonic": {
        "p_n": 2.38267863353847,
        "f_b": -0.5379852265567999,
        "u_d": -17.493105094876423,
        "p": 9.262933004308842,
        "n": 6.880254370770372,
        "f": 7.802601074261207,
        "b": 8.340586300818007,
        "u": -17.493105094876423,
        "d": 0
    },
    "tim-evans": {
        "p_n": 2.032768944186526,
        "f_b": -0.31450282742482116,
        "u_d": -17.776412190300963,
        "p": 9.474217727137287,
        "n": 7.4414487829507605,
        "f": 8.300581841331613,
        "b": 8.615084668756435,
        "u": 0,
        "d": 17.776412190300963
    },
    "jasonmit": {
        "p_n": 1.9529192293412478,
        "f_b": -0.2942670663897715,
        "u_d": -16.940470733173182,
        "p": 9.083965376815673,
        "n": 7.131046147474425,
        "f": 7.960372228950163,
        "b": 8.254639295339935,
        "u": 0,
        "d": 16.940470733173182
    },
    "rwjblue": {
        "p_n": 2.530174129623747,
        "f_b": -0.3043828978757599,
        "u_d": -17.49925619141853,
        "p": 9.507163953900848,
        "n": 6.976989824277101,
        "f": 8.089885440151095,
        "b": 8.394268338026855,
        "u": -17.49925619141853,
        "d": 0
    },
    "gigafied": {
        "p_n": 2.878451432161242,
        "f_b": -0.7721773280559567,
        "u_d": -15.759567824046881,
        "p": 8.884902245337232,
        "n": 6.00645081317599,
        "f": 7.059587865228632,
        "b": 7.831765193284589,
        "u": 0,
        "d": 15.759567824046881
    },
    "jonnii": {
        "p_n": 1.8673087458987334,
        "f_b": -0.6226508578288534,
        "u_d": -16.67739399060861,
        "p": 8.875197683979817,
        "n": 7.007888938081083,
        "f": 7.630217882116023,
        "b": 8.252868739944876,
        "u": 0,
        "d": 16.67739399060861
    },
    "raytiley": {
        "p_n": 2.0569468314402286,
        "f_b": -0.3326296136322995,
        "u_d": -17.107893389868458,
        "p": 9.115353544118408,
        "n": 7.058406712678179,
        "f": 7.920565321582144,
        "b": 8.253194935214443,
        "u": 0,
        "d": 17.107893389868458
    },
    "jmonma": {
        "p_n": 1.8407753628475785,
        "f_b": -0.5493621366094299,
        "u_d": -17.099646585872815,
        "p": 9.035805158967689,
        "n": 7.19502979612011,
        "f": 7.8407364092391845,
        "b": 8.390098545848614,
        "u": 0,
        "d": 17.099646585872815
    },
    "fivetanley": {
        "p_n": 1.731452213071245,
        "f_b": -0.09335350365818584,
        "u_d": -16.763881335844843,
        "p": 9.144307085146608,
        "n": 7.412854872075362,
        "f": 8.231904226781893,
        "b": 8.325257730440079,
        "u": 0,
        "d": 16.763881335844843
    },
    "marinho": {
        "p_n": 2.7858923176791217,
        "f_b": 0.2835358551077096,
        "u_d": -16.67518019695175,
        "p": 9.620688866234122,
        "n": 6.834796548555,
        "f": 8.369510634948416,
        "b": 8.085974779840706,
        "u": 0,
        "d": 16.67518019695175
    },
    "mysterlune": {
        "p_n": 2.2217329950558184,
        "f_b": -1.022624119334977,
        "u_d": -17.495129678170795,
        "p": 9.039938274484568,
        "n": 6.818205279428749,
        "f": 7.41775971728917,
        "b": 8.440383836624147,
        "u": -17.495129678170795,
        "d": 0
    },
    "taras": {
        "p_n": 2.095804505315286,
        "f_b": -0.09623163477261087,
        "u_d": -16.374988166280087,
        "p": 9.137225773944554,
        "n": 7.041421268629268,
        "f": 8.041207703900605,
        "b": 8.137439338673216,
        "u": 0,
        "d": 16.374988166280087
    },
    "mrinterweb": {
        "p_n": 2.319766728932124,
        "f_b": -0.2563995832296069,
        "u_d": -17.151227995930014,
        "p": 9.324988743972787,
        "n": 7.005222015040663,
        "f": 8.03690558789192,
        "b": 8.293305171121528,
        "u": 0,
        "d": 17.151227995930014
    },
    "signalnerve": {
        "p_n": 3.1674360900902983,
        "f_b": -0.3373737963880874,
        "u_d": -16.221587853042003,
        "p": 9.350749533914918,
        "n": 6.18331344382462,
        "f": 7.598344590675724,
        "b": 7.935718387063812,
        "u": 0,
        "d": 16.221587853042003
    },
    "shaunc": {
        "p_n": 2.321632927532235,
        "f_b": -0.33718360854277485,
        "u_d": -16.24432001899147,
        "p": 9.095318626014627,
        "n": 6.773685698482392,
        "f": 7.765910357977122,
        "b": 8.103093966519896,
        "u": 0,
        "d": 16.24432001899147
    }
}