{
    "emmenko": {
        "p_n": 2.091514543135461,
        "f_b": -0.143300040903533,
        "u_d": -17.916063481765615,
        "p": 9.616186180861508,
        "n": 7.524671637726047,
        "f": 8.498778888842011,
        "b": 8.642078929745544,
        "u": 0,
        "d": 17.916063481765615
    },
    "timdoes": {
        "p_n": 1.6533734231605584,
        "f_b": 0.15548300304189766,
        "u_d": -17.925436442838354,
        "p": 9.065532471807607,
        "n": 7.412159048647049,
        "f": 8.316587261748277,
        "b": 8.161104258706379,
        "u": 0,
        "d": 17.925436442838354
    },
    "irae": {
        "p_n": 2.307448216079103,
        "f_b": -0.43989997205591713,
        "u_d": -17.47820943452316,
        "p": 9.461260762815124,
        "n": 7.153812546736021,
        "f": 8.087586668747614,
        "b": 8.52748664080353,
        "u": -17.47820943452316,
        "d": 0
    },
    "PrimozRome": {
        "p_n": 2.572257510280391,
        "f_b": 0.18984675059484957,
        "u_d": -17.786541701197546,
        "p": 9.438128595322816,
        "n": 6.865871085042425,
        "f": 8.246923215480045,
        "b": 8.057076464885196,
        "u": 0,
        "d": 17.786541701197546
    }
}