{
    "qq99": {
        "p_n": 2.5974844841616136,
        "f_b": -0.6599012580430905,
        "u_d": -17.157237689849694,
        "p": 9.084449865613191,
        "n": 6.4869653814515775,
        "f": 7.455756994510839,
        "b": 8.11565825255393,
        "u": 0,
        "d": 17.157237689849694
    },
    "hassankhan": {
        "p_n": 2.544572430777322,
        "f_b": 0.2610350419844458,
        "u_d": -16.47148872815327,
        "p": 9.611867340441075,
        "n": 7.067294909663753,
        "f": 8.470098646044637,
        "b": 8.20906360406019,
        "u": 0,
        "d": 16.47148872815327
    },
    "jimmybrancaccio": {
        "p_n": 2.4654826378518955,
        "f_b": 0.44058028481142486,
        "u_d": -17.29603480127752,
        "p": 9.777549161354747,
        "n": 7.3120665235028515,
        "f": 8.765097984834512,
        "b": 8.324517700023087,
        "u": 0,
        "d": 17.29603480127752
    },
    "HenrikJoreteg": {
        "p_n": 1.8604341847152348,
        "f_b": -0.5620366799535361,
        "u_d": -17.4147022516558,
        "p": 9.287802593025743,
        "n": 7.4273684083105085,
        "f": 8.076567160691358,
        "b": 8.638603840644894,
        "u": 0,
        "d": 17.4147022516558
    },
    "suprememoocow": {
        "p_n": 1.988329530938442,
        "f_b": 0.12063766218915184,
        "u_d": -17.46779072461835,
        "p": 9.613820828071695,
        "n": 7.625491297133253,
        "f": 8.67997489369705,
        "b": 8.559337231507898,
        "u": -17.46779072461835,
        "d": 0
    },
    "Sean-Der": {
        "p_n": 1.9864401636418645,
        "f_b": 0.02480690575594302,
        "u_d": -17.449792706600253,
        "p": 9.500688132417835,
        "n": 7.514247968775971,
        "f": 8.519871503474874,
        "b": 8.495064597718931,
        "u": 0,
        "d": 17.449792706600253
    },
    "adam-lynch": {
        "p_n": 2.2070805173931225,
        "f_b": -0.5216889675830103,
        "u_d": -16.221289632466018,
        "p": 9.206358847737128,
        "n": 6.999278330344006,
        "f": 7.8419741052490615,
        "b": 8.363663072832072,
        "u": 0,
        "d": 16.221289632466018
    },
    "tessi": {
        "p_n": 2.537252182639353,
        "f_b": -0.5237992860640457,
        "u_d": -17.48861031599287,
        "p": 9.585758201249892,
        "n": 7.048506018610539,
        "f": 8.055232466898193,
        "b": 8.579031752962239,
        "u": -17.48861031599287,
        "d": 0
    },
    "4ver": {
        "p_n": 1.75841215165486,
        "f_b": -0.7411495369402328,
        "u_d": -17.092868925784757,
        "p": 9.191102269546324,
        "n": 7.432690117891464,
        "f": 7.941321425248777,
        "b": 8.68247096218901,
        "u": 0,
        "d": 17.092868925784757
    },
    "leoasis": {
        "p_n": 1.7937233565960815,
        "f_b": -0.41638924691703316,
        "u_d": -17.701806778650976,
        "p": 9.487334440726901,
        "n": 7.693611084130819,
        "f": 8.382278138970344,
        "b": 8.798667385887377,
        "u": 0,
        "d": 17.701806778650976
    },
    "trevorah": {
        "p_n": 1.7071667484678272,
        "f_b": -0.9309032996469675,
        "u_d": -16.56096841871639,
        "p": 9.15278255162037,
        "n": 7.445615803152542,
        "f": 7.833747527562972,
        "b": 8.76465082720994,
        "u": 0,
        "d": 16.56096841871639
    },
    "azharuniverse": {
        "p_n": 2.4127205483370133,
        "f_b": 0.21488805107667108,
        "u_d": -17.899244844608713,
        "p": 9.222142878537634,
        "n": 6.80942233020062,
        "f": 8.123226629907462,
        "b": 7.908338578830791,
        "u": 0,
        "d": 17.899244844608713
    },
    "Lazerbeak12345": {
        "p_n": 2.1499586698013626,
        "f_b": -0.8207634267136061,
        "u_d": -17.429283434203732,
        "p": 9.259483501994607,
        "n": 7.1095248321932445,
        "f": 7.774122453737123,
        "b": 8.594885880450729,
        "u": 0,
        "d": 17.429283434203732
    }
}