{
    "ermouth": {
        "p_n": 2.1747779237191756,
        "f_b": -0.5129041655129534,
        "u_d": -17.499264514413856,
        "p": 9.31369701093886,
        "n": 7.138919087219684,
        "f": 7.969855966322795,
        "b": 8.482760131835748,
        "u": -17.499264514413856,
        "d": 0
    },
    "tmikaeld": {
        "p_n": 2.22013575850697,
        "f_b": -0.42631364568444674,
        "u_d": -16.977436797273363,
        "p": 9.444125393028125,
        "n": 7.223989634521155,
        "f": 8.120900690932416,
        "b": 8.547214336616863,
        "u": 0,
        "d": 16.977436797273363
    },
    "danielo515": {
        "p_n": 2.747541458906124,
        "f_b": -0.08844546403878084,
        "u_d": -17.7198953761753,
        "p": 9.920036253033441,
        "n": 7.172494794127317,
        "f": 8.502042791560989,
        "b": 8.59048825559977,
        "u": 0,
        "d": 17.7198953761753
    },
    "SijanC147": {
        "p_n": 1.6276485046922788,
        "f_b": -0.9503305539622566,
        "u_d": -16.46540275039674,
        "p": 8.913538378694945,
        "n": 7.285889874002666,
        "f": 7.624548849367677,
        "b": 8.574879403329934,
        "u": 0,
        "d": 16.46540275039674
    },
    "TBRickYoung": {
        "p_n": 2.110648867329914,
        "f_b": -0.060715911963048264,
        "u_d": -17.474998405302344,
        "p": 8.89021053102214,
        "n": 6.779561663692226,
        "f": 7.804528141375658,
        "b": 7.8652440533387065,
        "u": -17.474998405302344,
        "d": 0
    }
}