{
    "fabien-d": {
        "p_n": 2.039502168566215,
        "f_b": -0.7565270646965594,
        "u_d": -16.372128505672006,
        "p": 9.18045542223333,
        "n": 7.1409532536671145,
        "f": 7.782440805601942,
        "b": 8.538967870298501,
        "u": 0,
        "d": 16.372128505672006
    },
    "CIAvash": {
        "p_n": 2.0192264826533624,
        "f_b": -0.3745422726119152,
        "u_d": -15.18703303500832,
        "p": 9.650988223097825,
        "n": 7.631761740444462,
        "f": 8.454103845465186,
        "b": 8.828646118077101,
        "u": 0,
        "d": 15.18703303500832
    },
    "nodrog": {
        "p_n": 2.566644978627309,
        "f_b": -0.10078267154395348,
        "u_d": -17.425248159805708,
        "p": 9.84904373215757,
        "n": 7.282398753530261,
        "f": 8.515329907071939,
        "b": 8.616112578615892,
        "u": -17.425248159805708,
        "d": 0
    },
    "dschwen": {
        "p_n": 1.818685348883946,
        "f_b": -0.8041645755961353,
        "u_d": -17.48717535244965,
        "p": 9.291711836342804,
        "n": 7.473026487458858,
        "f": 7.980286874102764,
        "b": 8.7844514496989,
        "u": -17.48717535244965,
        "d": 0
    },
    "thers": {
        "p_n": 3.053301283489356,
        "f_b": 0.3538703022856229,
        "u_d": -17.89486633968398,
        "p": 9.794533779652014,
        "n": 6.741232496162658,
        "f": 8.444818289050147,
        "b": 8.090947986764524,
        "u": 0,
        "d": 17.89486633968398
    },
    "stuartkeith": {
        "p_n": 1.9051720381033626,
        "f_b": -1.2271786526839854,
        "u_d": -15.824732091055584,
        "p": 9.287900540861575,
        "n": 7.382728502758212,
        "f": 7.721725195467901,
        "b": 8.948903848151886,
        "u": 0,
        "d": 15.824732091055584
    },
    "javizarza": {
        "p_n": 1.8001749704811072,
        "f_b": -0.6127255393098219,
        "u_d": -17.342952810541092,
        "p": 8.636318578819601,
        "n": 6.836143608338494,
        "f": 7.429868323924137,
        "b": 8.042593863233959,
        "u": 0,
        "d": 17.342952810541092
    },
    "kaansoral": {
        "p_n": 2.5353902173331964,
        "f_b": -0.8745914029380897,
        "u_d": -15.662931582449405,
        "p": 9.131716725117741,
        "n": 6.5963265077845445,
        "f": 7.426725914982097,
        "b": 8.301317317920187,
        "u": 0,
        "d": 15.662931582449405
    },
    "gregoryagu": {
        "p_n": 1.3337689208347072,
        "f_b": -1.3354782980789022,
        "u_d": -17.105873554663184,
        "p": 9.090424885736116,
        "n": 7.756655964901409,
        "f": 7.7558012762793105,
        "b": 9.091279574358213,
        "u": 0,
        "d": 17.105873554663184
    },
    "tjoozey": {
        "p_n": 1.7145361371901453,
        "f_b": -0.27480753765696697,
        "u_d": -17.483008364337003,
        "p": 9.098546805689153,
        "n": 7.384010668499008,
        "f": 8.103874968265597,
        "b": 8.378682505922564,
        "u": -17.483008364337003,
        "d": 0
    },
    "toin0u": {
        "p_n": 2.235755778051889,
        "f_b": -0.40817710439895905,
        "u_d": -16.57266378577405,
        "p": 9.04930498166448,
        "n": 6.813549203612592,
        "f": 7.727338540439057,
        "b": 8.135515644838016,
        "u": 0,
        "d": 16.57266378577405
    },
    "stickhandle": {
        "p_n": 2.0495960261898905,
        "f_b": -0.33519407416871694,
        "u_d": -17.917759276962304,
        "p": 9.24318595013471,
        "n": 7.193589923944819,
        "f": 8.050790899955405,
        "b": 8.385984974124122,
        "u": 0,
        "d": 17.917759276962304
    },
    "quasipickle": {
        "p_n": 2.0093832421640396,
        "f_b": -0.6627612755279362,
        "u_d": -15.30634846303175,
        "p": 9.112271329696936,
        "n": 7.102888087532897,
        "f": 7.776199070850948,
        "b": 8.438960346378884,
        "u": 0,
        "d": 15.30634846303175
    },
    "dparlevliet": {
        "p_n": 2.3814165353799677,
        "f_b": -0.04381473466693109,
        "u_d": -17.48720630288776,
        "p": 9.629638405132265,
        "n": 7.248221869752298,
        "f": 8.417022770108815,
        "b": 8.460837504775746,
        "u": -17.48720630288776,
        "d": 0
    },
    "aexmachina": {
        "p_n": 1.983196621251901,
        "f_b": -1.0490308324448252,
        "u_d": -17.172956329436296,
        "p": 9.014661361586185,
        "n": 7.031464740334284,
        "f": 7.498547634737823,
        "b": 8.547578467182648,
        "u": 0,
        "d": 17.172956329436296
    },
    "kyleknighted": {
        "p_n": 2.081034804959094,
        "f_b": -1.1526486142808121,
        "u_d": -17.99853923579546,
        "p": 9.232554173928216,
        "n": 7.151519368969122,
        "f": 7.615712464308263,
        "b": 8.768361078589075,
        "u": 0,
        "d": 17.99853923579546
    },
    "vkelman": {
        "p_n": 2.475772270506102,
        "f_b": -0.3563468666466676,
        "u_d": -16.716990154123213,
        "p": 9.15130635319983,
        "n": 6.675534082693728,
        "f": 7.735246784623445,
        "b": 8.091593651270113,
        "u": 0,
        "d": 16.716990154123213
    },
    "janroesner": {
        "p_n": 2.3841463866889647,
        "f_b": -0.7750021227755681,
        "u_d": -15.640868230999398,
        "p": 9.141319604044416,
        "n": 6.757173217355451,
        "f": 7.561745349312149,
        "b": 8.336747472087717,
        "u": 0,
        "d": 15.640868230999398
    },
    "gouthamsworld": {
        "p_n": 2.276302644795109,
        "f_b": -0.2171138511202617,
        "u_d": -17.535171519862057,
        "p": 9.2714935398411,
        "n": 6.99519089504599,
        "f": 8.024785291883413,
        "b": 8.241899143003675,
        "u": 0,
        "d": 17.535171519862057
    },
    "christatedavies": {
        "p_n": 2.3366570648049247,
        "f_b": -0.7217609003868635,
        "u_d": -15.778326697061155,
        "p": 9.087292115776028,
        "n": 6.750635050971104,
        "f": 7.5580831331801335,
        "b": 8.279844033566997,
        "u": 0,
        "d": 15.778326697061155
    },
    "andrew-kzoo": {
        "p_n": 2.732490599440247,
        "f_b": -0.6380795319597192,
        "u_d": -17.82455045834271,
        "p": 9.161944512323721,
        "n": 6.429453912883474,
        "f": 7.476659446623738,
        "b": 8.114738978583457,
        "u": 0,
        "d": 17.82455045834271
    },
    "BenIsland": {
        "p_n": 2.338893642460378,
        "f_b": -0.30903013245212385,
        "u_d": -16.954023321220124,
        "p": 9.392805658724495,
        "n": 7.053912016264117,
        "f": 8.068843771268243,
        "b": 8.377873903720367,
        "u": 0,
        "d": 16.954023321220124
    },
    "Alex-Sokolov": {
        "p_n": 1.7599649503361832,
        "f_b": 0.09938172896153574,
        "u_d": -17.744260008557255,
        "p": 9.170871101338664,
        "n": 7.4109061510024805,
        "f": 8.34057949065134,
        "b": 8.241197761689804,
        "u": 0,
        "d": 17.744260008557255
    },
    "aceofspades": {
        "p_n": 2.2593632928112264,
        "f_b": -0.9887084989487018,
        "u_d": -16.98315152152476,
        "p": 9.43036589945844,
        "n": 7.171002606647214,
        "f": 7.806330003578475,
        "b": 8.795038502527177,
        "u": 0,
        "d": 16.98315152152476
    },
    "jcoz1968": {
        "p_n": 2.0226062444791353,
        "f_b": -0.9286594622321047,
        "u_d": -17.870530445549907,
        "p": 9.157641425064782,
        "n": 7.135035180585646,
        "f": 7.6820085717091615,
        "b": 8.610668033941266,
        "u": 0,
        "d": 17.870530445549907
    },
    "mroter": {
        "p_n": 2.2036744249803935,
        "f_b": -0.4060638529346354,
        "u_d": -17.494866211740256,
        "p": 9.166612958586887,
        "n": 6.9629385336064935,
        "f": 7.861743819629372,
        "b": 8.267807672564008,
        "u": -17.494866211740256,