{
    "facelessuser": {
        "p_n": 2.173097344877478,
        "f_b": -0.5779709065365006,
        "u_d": -17.975018982890145,
        "p": 9.285766642417643,
        "n": 7.112669297540165,
        "f": 7.910232516710654,
        "b": 8.488203423247155,
        "u": 0,
        "d": 17.975018982890145
    },
    "askeeve": {
        "p_n": 2.2148802936534624,
        "f_b": -0.4084691252806216,
        "u_d": -17.423660402255095,
        "p": 9.439538534407728,
        "n": 7.224658240754265,
        "f": 8.127863824940686,
        "b": 8.536332950221308,
        "u": -17.423660402255095,
        "d": 0
    },
    "titoBouzout": {
        "p_n": 1.8632682235397162,
        "f_b": -0.8210751628726314,
        "u_d": -17.72745913574897,
        "p": 9.08456365466123,
        "n": 7.221295431121513,
        "f": 7.742391961455056,
        "b": 8.563467124327687,
        "u": 0,
        "d": 17.72745913574897
    },
    "phillipkoebbe": {
        "p_n": 2.821067814667023,
        "f_b": -0.052053348711746494,
        "u_d": -17.4945772495447,
        "p": 9.809614869158036,
        "n": 6.988547054491013,
        "f": 8.373054287468651,
        "b": 8.425107636180398,
        "u": -17.4945772495447,
        "d": 0
    },
    "seanvikoren": {
        "p_n": 2.3236956534705637,
        "f_b": -0.25050292245257566,
        "u_d": -17.49950873093975,
        "p": 9.345995725851822,
        "n": 7.022300072381258,
        "f": 8.058896437890251,
        "b": 8.309399360342827,
        "u": -17.49950873093975,
        "d": 0
    },
    "tjahjono": {
        "p_n": 2.4099362535603106,
        "f_b": -0.47288779441222406,
        "u_d": -16.38575849404445,
        "p": 9.152379722241683,
        "n": 6.742443468681373,
        "f": 7.710967698255415,
        "b": 8.18385549266764,
        "u": 0,
        "d": 16.38575849404445
    },
    "ghost": {
        "p_n": 2.2039858875581704,
        "f_b": -0.7452376297892833,
        "u_d": -17.497268752240267,
        "p": 8.961420851531294,
        "n": 6.7574349639731235,
        "f": 7.486809092857566,
        "b": 8.23204672264685,
        "u": -17.497268752240267,
        "d": 0
    },
    "Iristyle": {
        "p_n": 2.6835627900695087,
        "f_b": -0.47917989783277193,
        "u_d": -17.47521694958386,
        "p": 9.631208035858657,
        "n": 6.947645245789149,
        "f": 8.049836691907517,
        "b": 8.529016589740289,
        "u": -17.47521694958386,
        "d": 0
    },
    "greduan": {
        "p_n": 2.5619822762907063,
        "f_b": 0.36907957164803307,
        "u_d": -15.934852982741283,
        "p": 9.64557783793772,
        "n": 7.083595561647014,
        "f": 8.549126485616384,
        "b": 8.18004691396835,
        "u": 0,
        "d": 15.934852982741283
    },
    "princemaple": {
        "p_n": 1.9727856124502647,
        "f_b": -0.8373273063005549,
        "u_d": -17.48916003943952,
        "p": 9.046768915391347,
        "n": 7.073983302941082,
        "f": 7.641712456015938,
        "b": 8.479039762316493,
        "u": -17.48916003943952,
        "d": 0
    },
    "RobGraham": {
        "p_n": 2.4970458691467368,
        "f_b": -0.541376344078925,
        "u_d": -16.574178274011373,
        "p": 9.254657278573267,
        "n": 6.757611409426531,
        "f": 7.735446171960437,
        "b": 8.276822516039362,
        "u": 0,
        "d": 16.574178274011373
    },
    "Narretz": {
        "p_n": 1.9094012318121338,
        "f_b": -0.7445943664635033,
        "u_d": -17.472194927661167,
        "p": 9.077324322148481,
        "n": 7.167923090336347,
        "f": 7.750326523010663,
        "b": 8.494920889474166,
        "u": -17.472194927661167,
        "d": 0
    },
    "aaronmw": {
        "p_n": 1.3271435497172117,
        "f_b": -0.36215432241410284,
        "u_d": -17.46126818912026,
        "p": 8.98458791297615,
        "n": 7.6574443632589375,
        "f": 8.139938976910493,
        "b": 8.502093299324596,
        "u": -17.46126818912026,
        "d": 0
    },
    "fabianfetik": {
        "p_n": 2.5063790588777612,
        "f_b": -0.1368014294941915,
        "u_d": -17.111718917585502,
        "p": 9.479368193204284,
        "n": 6.9729891343265225,
        "f": 8.157777949018307,
        "b": 8.294579378512498,
        "u": 0,
        "d": 17.111718917585502
    },
    "yangsaipp": {
        "p_n": 1.7081064306353912,
        "f_b": -0.6165665043400619,
        "u_d": -17.461587355987803,
        "p": 9.083500953595593,
        "n": 7.375394522960201,
        "f": 7.921164486107866,
        "b": 8.537730990447928,
        "u": -17.461587355987803,
        "d": 0
    },
    "kragol": {
        "p_n": 1.7971723609568038,
        "f_b": -1.14030201516983,
        "u_d": -17.457680667425503,
        "p": 9.607905278526337,
        "n": 7.810732917569533,
        "f": 8.13916809046302,
        "b": 9.27947010563285,
        "u": -17.457680667425503,
        "d": 0
    },
    "felyx": {
        "p_n": 2.195167754024725,
        "f_b": 0.36846939809628587,
        "u_d": -15.760349616526787,
        "p": 9.69075173366977,
        "n": 7.495583979645046,
        "f": 8.777402555705551,
        "b": 8.408933157609265,
        "u": 0,
        "d": 15.760349616526787
    },
    "justrjlewis": {
        "p_n": 2.1147247913770837,
        "f_b": -0.48586476849988713,
        "u_d": -17.44884809156068,
        "p": 9.29525687705592,
        "n": 7.180532085678836,
        "f": 7.994962097117433,
        "b": 8.48082686561732,
        "u": -17.44884809156068,
        "d": 0
    },
    "MilllerTime": {
        "p_n": 2.7291148604192355,
        "f_b": -0.5800996353749923,
        "u_d": -17.079845414663033,
        "p": 9.34818118918427,
        "n": 6.619066328765035,
        "f": 7.693573941287157,
        "b": 8.27367357666215,
        "u": 0,
        "d": 17.079845414663033
    },
    "r-stein": {
        "p_n": 1.7284427178477273,
        "f_b": -0.7251335310892184,
        "u_d": -17.458934843045856,
        "p": 9.245634069890478,
        "n": 7.517191352042751,
        "f": 8.018845945422004,
        "b": 8.743979476511223,
        "u": -17.458934843045856,
        "d": 0
    },
    "pirate": {
        "p_n": 2.048647012524664,
        "f_b": 0.3044937053669514,
        "u_d": -17.418848365610014,
        "p": 9.33828883911408,
        "n": 7.289641826589416,
        "f": 8.466212185535223,
        "b": 8.161718480168272,
        "u": -17.418848365610014,
        "d": 0
    },
    "bachue": {
        "p_n": 2.8351443376745085,
        "f_b": 0.017809431106609708,
        "u_d": -17.46745833248501,
        "p": 9.593921590915276,
        "n": 6.758777253240767,
        "f": 8.185254137631325,
        "b": 8.167444706524716,
        "u": -17.46745833248501,
        "d": 0
    },
    "ashmoran": {
        "p_n": 1.8347768817873709,
        "f_b": -0.023589990363067415,
        "u_d": -16.596425289676507,
        "p": 9.164949221993956,
        "n": 7.330172340206585,
        "f": 8.235765785918737,
        "b": 8.259355776281804,
        "u": 0,
        "d": 16.596425289676507
    },
    "jhardy1974": {
        "p_n": 2.8583597003552406,
        "f_b": 0.42762277106479374,
        "u_d": -17.45963979228881,
        "p": 9.55374987562993,
        "n": 6.695390175274689,
        "f": 8.338381410984706,
        "b": 7.910758639919912,
        "u": -17.45963979228881,
        "d": 0
    },
    "jtara": {
        "p_n": 2.1154914734292216,
        "f_b": -0.4297229897561694,
        "u_d": -12.845203668442895,
        "p": 8.981630994224806,
        "n": 6.866139520795585,
        "f": 7.709023762632111,
        "b": 8.13874675238828,
        "u": 0,
        "d": 12.845203668442895
    },
    "jomo": {
        "p_n": 1.7071479885166347,
        "f_b": -0.2700244216648109,
        "u_d": -17.483256138939588,
        "p": 9.495230406375406,
        "n": 7.788082417858771,
        "f": 8.506644201284683,
        "b": 8.776668622949494,
        "u": -17.483256138939588,
        "d": 0
    },