{
    "NTillmann": {
        "p_n": 2.328148852392398,
        "f_b": -0.5884180585519543,
        "u_d": -16.923799446346763,
        "p": 9.340371698158766,
        "n": 7.012222845766368,
        "f": 7.8820882426865895,
        "b": 8.470506301238544,
        "u": 0,
        "d": 16.923799446346763
    },
    "anilanar": {
        "p_n": 2.5639442027324835,
        "f_b": -0.847471275183926,
        "u_d": -15.990656063196715,
        "p": 9.0481298572954,
        "n": 6.484185654562917,
        "f": 7.342422118337195,
        "b": 8.189893393521121,
        "u": 0,
        "d": 15.990656063196715
    },
    "deltaidea": {
        "p_n": 2.4056372869853995,
        "f_b": -0.9565026105594789,
        "u_d": -17.2975380916831,
        "p": 9.113500362993587,
        "n": 6.707863076008188,
        "f": 7.432430414221148,
        "b": 8.388933024780627,
        "u": 0,
        "d": 17.2975380916831
    },
    "cblappert": {
        "p_n": 2.0758206294795016,
        "f_b": -0.6317508703416603,
        "u_d": -16.57874481810453,
        "p": 9.225076874501596,
        "n": 7.1492562450220944,
        "f": 7.871291124591014,
        "b": 8.503041994932675,
        "u": 0,
        "d": 16.57874481810453
    },
    "sebmarkbage": {
        "p_n": 2.240694872919846,
        "f_b": -0.5763636614123868,
        "u_d": -16.098558444671834,
        "p": 9.333642812025337,
        "n": 7.092947939105491,
        "f": 7.9251135448592205,
        "b": 8.501477206271607,
        "u": 0,
        "d": 16.098558444671834
    },
    "skyne98": {
        "p_n": 2.9208424154252546,
        "f_b": 0.0734405618917986,
        "u_d": -17.680685062633547,
        "p": 9.795715210507074,
        "n": 6.87487279508182,
        "f": 8.372014283740347,
        "b": 8.298573721848548,
        "u": 0,
        "d": 17.680685062633547
    },
    "hermanventer": {
        "p_n": 2.286892725635745,
        "f_b": -0.5417776892988719,
        "u_d": -16.790874355420105,
        "p": 9.414998725657245,
        "n": 7.1281060000215,
        "f": 8.000663518189937,
        "b": 8.542441207488809,
        "u": 0,
        "d": 16.790874355420105
    },
    "ghost": {
        "p_n": 1.7224294998404561,
        "f_b": -0.7441170313425092,
        "u_d": -14.820164320278423,
        "p": 8.73299441304917,
        "n": 7.0105649132087136,
        "f": 7.499721147457687,
        "b": 8.243838178800196,
        "u": 0,
        "d": 14.820164320278423
    },
    "jackmafb": {
        "p_n": 2.5292595749912525,
        "f_b": -0.563831248824334,
        "u_d": -16.689333695788026,
        "p": 9.040270483269458,
        "n": 6.511010908278205,
        "f": 7.4937250713616645,
        "b": 8.057556320185999,
        "u": 0,
        "d": 16.689333695788026
    },
    "TheSavior": {
        "p_n": 1.8441475362020157,
        "f_b": -0.49018893989594403,
        "u_d": -17.729742377346014,
        "p": 9.47190481925254,
        "n": 7.627757283050524,
        "f": 8.30473658120356,
        "b": 8.794925521099504,
        "u": 0,
        "d": 17.729742377346014
    },
    "dkrew0213": {
        "p_n": 2.236720771868419,
        "f_b": -0.8526427140963104,
        "u_d": -15.464061378010177,
        "p": 8.86001379892777,
        "n": 6.6232930270593515,
        "f": 7.315332055945406,
        "b": 8.167974770041717,
        "u": 0,
        "d": 15.464061378010177
    },
    "InTheCloudDan": {
        "p_n": 1.8185862951863738,
        "f_b": -0.44858197048154924,
        "u_d": -14.57945897370388,
        "p": 8.423256711759235,
        "n": 6.604670416572861,
        "f": 7.289672578925273,
        "b": 7.738254549406823,
        "u": 0,
        "d": 14.57945897370388
    },
    "yinghuitan": {
        "p_n": 2.104190992265883,
        "f_b": -0.5088063903019364,
        "u_d": -17.303405104314017,
        "p": 9.226670960360034,
        "n": 7.122479968094151,
        "f": 7.920172269076124,
        "b": 8.42897865937806,
        "u": 0,
        "d": 17.303405104314017
    },
    "facebook-github-bot": {
        "p_n": 1.4227300344590592,
        "f_b": 0.10577684988872171,
        "u_d": -17.38129849216008,
        "p": 9.90735298121187,
        "n": 8.484622946752811,
        "f": 9.248876388926702,
        "b": 9.14309953903798,
        "u": -17.38129849216008,
        "d": 0
    },
    "jpike88": {
        "p_n": 2.428054853082413,
        "f_b": -0.671529496877314,
        "u_d": -17.44940541441819,
        "p": 9.159075645668889,
        "n": 6.731020792586476,
        "f": 7.609283470689025,
        "b": 8.280812967566339,
        "u": 0,
        "d": 17.44940541441819
    },
    "jaredly": {
        "p_n": 1.8869667227572862,
        "f_b": -0.7453303231413138,
        "u_d": -17.036802001207374,
        "p": 9.168738913057346,
        "n": 7.28177219030006,
        "f": 7.8525903901080465,
        "b": 8.59792071324936,
        "u": 0,
        "d": 17.036802001207374
    },
    "isiahmeadows": {
        "p_n": 2.7570559210820207,
        "f_b": -0.6326331068262148,
        "u_d": -14.542466274578373,
        "p": 9.280970628962422,
        "n": 6.523914707880401,
        "f": 7.586126115008304,
        "b": 8.21875922183452,
        "u": 0,
        "d": 14.542466274578373
    },
    "jtenner": {
        "p_n": 2.13911690517162,
        "f_b": -0.3147708762269481,
        "u_d": -17.456469039976742,
        "p": 9.275341919282722,
        "n": 7.136225014111102,
        "f": 8.048398028583438,
        "b": 8.363168904810387,
        "u": -17.456469039976742,
        "d": 0
    },
    "iHaiduk": {
        "p_n": 2.8872245329159734,
        "f_b": 0.07533309885742412,
        "u_d": -17.4967923248019,
        "p": 9.333163656141362,
        "n": 6.445939123225389,
        "f": 7.927217939112088,
        "b": 7.851884840254664,
        "u": -17.4967923248019,
        "d": 0
    },
    "artiebits": {
        "p_n": 2.543197004556566,
        "f_b": -0.9832835181362238,
        "u_d": -17.476000270853802,
        "p": 8.926070388131004,
        "n": 6.382873383574438,
        "f": 7.162830126784609,
        "b": 8.146113644920833,
        "u": -17.476000270853802,
        "d": 0
    },
    "wdhorton": {
        "p_n": 2.270205519913466,
        "f_b": -0.7689253654663499,
        "u_d": -16.77846965153101,
        "p": 8.73507756728483,
        "n": 6.4648720473713635,
        "f": 7.215512124594921,
        "b": 7.984437490061271,
        "u": 0,
        "d": 16.77846965153101
    },
    "bakkot": {
        "p_n": 2.774542207148998,
        "f_b": -0.2035908306636216,
        "u_d": -15.714741288524639,
        "p": 9.519619866680305,
        "n": 6.745077659531307,
        "f": 8.030553347773996,
        "b": 8.234144178437617,
        "u": 0,
        "d": 15.714741288524639
    },
    "abullrd": {
        "p_n": 2.6543440465210013,
        "f_b": -0.1544201904875706,
        "u_d": -17.143851489859614,
        "p": 9.665601964876526,
        "n": 7.011257918355525,
        "f": 8.26121984637224,
        "b": 8.415640036859811,
        "u": 0,
        "d": 17.143851489859614
    },
    "Kishore-B-Rao": {
        "p_n": 2.0965685580465614,
        "f_b": -0.30529425488484563,
        "u_d": -16.619513635445355,
        "p": 9.483841307298675,
        "n": 7.387272749252114,
        "f": 8.282909900832973,
        "b": 8.588204155717818,
        "u": 0,
        "d": 16.619513635445355
    },
    "hershi": {
        "p_n": 2.062582081874565,
        "f_b": -0.6528592121571108,
        "u_d": -16.81123327643613,
        "p": 9.391386028970047,
        "n": 7.328803947095482,
        "f": 8.03366538195421,
        "b": 8.68652459411132,
        "u": 0,
        "d": 16.81123327643613
    },
    "calebmer": {
        "p_n": 2.143110841090601,
        "f_b": -0.4750017743132897,
        "u_d": -15.848548022937054,
        "p": 9.146306310406894,
        "n": 7.003195469316293,
        "f": 7.837250002704948,
        "b": 8.312251777018238,
        "u": 0,
        "d": 15.848548022937054
    },