{
    "dstnbrkr": {
        "p_n": 1.5503007950823777,
        "f_b": -0.5308310862807044,
        "u_d": -15.659185216175363,
        "p": 9.19225653337346,
        "n": 7.641955738291082,
        "f": 8.151690592691919,
        "b": 8.682521678972623,
        "u": 0,
        "d": 15.659185216175363
    },
    "kastiglione": {
        "p_n": 2.3612863799643034,
        "f_b": -0.16147415727488657,
        "u_d": -17.630834505785295,
        "p": 9.573278753198654,
        "n": 7.2119923732343505,
        "f": 8.311898484579059,
        "b": 8.473372641853945,
        "u": 0,
        "d": 17.630834505785295
    },
    "mattjgalloway": {
        "p_n": 2.4653200605681596,
        "f_b": 0.13153115163031082,
        "u_d": -16.48730525710462,
        "p": 9.368913429610082,
        "n": 6.903593369041922,
        "f": 8.202018975141158,
        "b": 8.070487823510847,
        "u": 0,
        "d": 16.48730525710462
    },
    "arigrant": {
        "p_n": 1.8388837929172235,
        "f_b": 0.14735181859834867,
        "u_d": -17.495269982247606,
        "p": 9.779490858254672,
        "n": 7.940607065337448,
        "f": 8.933724871095235,
        "b": 8.786373052496886,
        "u": -17.495269982247606,
        "d": 0
    },
    "ghost": {
        "p_n": 2.118219676149238,
        "f_b": 0.20546531408541568,
        "u_d": -17.494344036809917,
        "p": 9.905832282661766,
        "n": 7.787612606512528,
        "f": 8.949455101629855,
        "b": 8.74398978754444,
        "u": -17.494344036809917,
        "d": 0
    },
    "mmmulani": {
        "p_n": 1.8893966865121872,
        "f_b": -0.8288965798340318,
        "u_d": -17.475653341584323,
        "p": 9.356110955205082,
        "n": 7.466714268692895,
        "f": 7.996964322031973,
        "b": 8.825860901866005,
        "u": -17.475653341584323,
        "d": 0
    },
    "facebook-github-bot": {
        "p_n": 1.449347222755092,
        "f_b": 0.22978676345267957,
        "u_d": -17.443653349702934,
        "p": 9.806424015111933,
        "n": 8.35707679235684,
        "f": 9.196643785460726,
        "b": 8.966857022008046,
        "u": -17.443653349702934,
        "d": 0
    },
    "idrisr": {
        "p_n": 2.148015411094983,
        "f_b": -0.7515753705271511,
        "u_d": -17.482729913531237,
        "p": 9.293712846834804,
        "n": 7.145697435739821,
        "f": 7.843917456023737,
        "b": 8.595492826550888,
        "u": -17.482729913531237,
        "d": 0
    },
    "KingOfBrian": {
        "p_n": 2.9504421891649395,
        "f_b": -0.42116580056087116,
        "u_d": -16.79143719826134,
        "p": 9.51628262715263,
        "n": 6.565840437987691,
        "f": 7.830478632289726,
        "b": 8.251644432850597,
        "u": 0,
        "d": 16.79143719826134
    },
    "palcalde": {
        "p_n": 2.3326643302171846,
        "f_b": -0.923028980389196,
        "u_d": -17.07571180484918,
        "p": 9.191062867948236,
        "n": 6.858398537731052,
        "f": 7.563216212645047,
        "b": 8.486245193034243,
        "u": 0,
        "d": 17.07571180484918
    },
    "ZevEisenberg": {
        "p_n": 3.111123089647359,
        "f_b": -0.4213443762746696,
        "u_d": -15.381583827141096,
        "p": 8.950547086857338,
        "n": 5.839423997209979,
        "f": 7.184313353896323,
        "b": 7.605657730170993,
        "u": 0,
        "d": 15.381583827141096
    },
    "VTopoliuk": {
        "p_n": 2.052316180675354,
        "f_b": -0.4837475800733664,
        "u_d": -17.26222004294613,
        "p": 9.21888501794491,
        "n": 7.166568837269556,
        "f": 7.950853137570549,
        "b": 8.434600717643916,
        "u": 0,
        "d": 17.26222004294613
    },
    "tecknut": {
        "p_n": 2.146136066268766,
        "f_b": -0.5169202148481382,
        "u_d": -17.692935318261203,
        "p": 9.293770518688369,
        "n": 7.147634452419603,
        "f": 7.9622423781299165,
        "b": 8.479162592978055,
        "u": 0,
        "d": 17.692935318261203
    }
}