{
    "facebook-github-bot": {
        "p_n": 1.474411220301029,
        "f_b": 0.1482721827786495,
        "u_d": -17.432366913508382,
        "p": 9.818018578902166,
        "n": 8.343607358601137,
        "f": 9.154949060140975,
        "b": 9.006676877362326,
        "u": -17.432366913508382,
        "d": 0
    },
    "mention-bot": {
        "p_n": 2.602253228763632,
        "f_b": 0.2815165346507893,
        "u_d": -17.43956909269258,
        "p": 10.050042776436516,
        "n": 7.447789547672884,
        "f": 8.889674429380095,
        "b": 8.608157894729306,
        "u": -17.43956909269258,
        "d": 0
    },
    "vjeux": {
        "p_n": 1.9161643646985853,
        "f_b": 0.1829646998147254,
        "u_d": -17.48861044439456,
        "p": 9.75122058432701,
        "n": 7.835056219628425,
        "f": 8.88462075188508,
        "b": 8.701656052070355,
        "u": -17.48861044439456,
        "d": 0
    },
    "mwarkentin": {
        "p_n": 2.322503821911482,
        "f_b": -0.7894847106540048,
        "u_d": -17.492478832574808,
        "p": 9.369318386944332,
        "n": 7.04681456503285,
        "f": 7.813324120661589,
        "b": 8.602808831315594,
        "u": -17.492478832574808,
        "d": 0
    },
    "jgardella": {
        "p_n": 2.117169761538852,
        "f_b": -0.9665856366721712,
        "u_d": -16.465695005208385,
        "p": 9.012711927315078,
        "n": 6.8955421657762255,
        "f": 7.470834228209565,
        "b": 8.437419864881736,
        "u": 0,
        "d": 16.465695005208385
    },
    "zekenie": {
        "p_n": 2.199407465048772,
        "f_b": -0.23867876406413657,
        "u_d": -17.49099685090806,
        "p": 9.346369148604937,
        "n": 7.146961683556166,
        "f": 8.127326034048483,
        "b": 8.36600479811262,
        "u": -17.49099685090806,
        "d": 0
    },
    "alanctkc": {
        "p_n": 1.5895702408960979,
        "f_b": -1.361373198661365,
        "u_d": -17.49509296722158,
        "p": 8.831795871673648,
        "n": 7.2422256307775505,
        "f": 7.356324151894917,
        "b": 8.717697350556282,
        "u": -17.49509296722158,
        "d": 0
    },
    "skyhighwings": {
        "p_n": 2.3468957635871277,
        "f_b": -0.5969447542967128,
        "u_d": -17.484024269877253,
        "p": 9.121682403477752,
        "n": 6.774786639890625,
        "f": 7.649762144535833,
        "b": 8.246706898832546,
        "u": -17.484024269877253,
        "d": 0
    },
    "udnisap": {
        "p_n": 2.5117156901664064,
        "f_b": -0.3237499771439989,
        "u_d": -17.310063189414738,
        "p": 9.69336513661108,
        "n": 7.181649446444673,
        "f": 8.275632302955877,
        "b": 8.599382280099876,
        "u": 0,
        "d": 17.310063189414738
    },
    "Ir1d": {
        "p_n": 1.8583696412388058,
        "f_b": 0.0006302227726369125,
        "u_d": -17.857933170450245,
        "p": 9.578710244646121,
        "n": 7.720340603407315,
        "f": 8.649840535413036,
        "b": 8.649210312640399,
        "u": 0,
        "d": 17.857933170450245
    },
    "pep8speaks": {
        "p_n": 1.8049466905071263,
        "f_b": 0.2707805865767767,
        "u_d": -17.91914700555967,
        "p": 9.057964133907017,
        "n": 7.253017443399891,
        "f": 8.290881081941842,
        "b": 8.020100495365066,
        "u": 0,
        "d": 17.91914700555967
    },
    "bbenoist": {
        "p_n": 2.864356638217398,
        "f_b": 0.22271912602037958,
        "u_d": -15.660747118559541,
        "p": 9.723452100909839,
        "n": 6.859095462692441,
        "f": 8.40263334481133,
        "b": 8.17991421879095,
        "u": 0,
        "d": 15.660747118559541
    },
    "jcsmorais": {
        "p_n": 2.634224777111907,
        "f_b": -0.011232292984626469,
        "u_d": -17.584673204851637,
        "p": 9.543274837598542,
        "n": 6.909050060486635,
        "f": 8.220546302550275,
        "b": 8.231778595534902,
        "u": 0,
        "d": 17.584673204851637
    },
    "aspiers": {
        "p_n": 2.5157405616702873,
        "f_b": -0.24421131005041374,
        "u_d": -17.485271151614054,
        "p": 9.920390369547192,
        "n": 7.404649807876905,
        "f": 8.540414433686841,
        "b": 8.784625743737255,
        "u": -17.485271151614054,
        "d": 0
    },
    "waldyrious": {
        "p_n": 2.604480086364253,
        "f_b": -0.4367153886332833,
        "u_d": -17.492180119789104,
        "p": 9.412412577311251,
        "n": 6.807932490946998,
        "f": 7.891814839812483,
        "b": 8.328530228445766,
        "u": -17.492180119789104,
        "d": 0
    },
    "SuriyaaKudoIsc": {
        "p_n": 1.8828550804866708,
        "f_b": 0.36526330988578604,
        "u_d": -17.303988820938773,
        "p": 9.028460822371073,
        "n": 7.145605741884403,
        "f": 8.269664937070631,
        "b": 7.904401627184845,
        "u": 0,
        "d": 17.303988820938773
    },
    "Deborah-Digges": {
        "p_n": 1.4962636141916263,
        "f_b": -1.094440466118245,
        "u_d": -17.48150555693352,
        "p": 9.019078755867024,
        "n": 7.522815141675398,
        "f": 7.723726715712088,
        "b": 8.818167181830333,
        "u": -17.48150555693352,
        "d": 0
    },
    "hunkim": {
        "p_n": 1.9083094214719276,
        "f_b": -0.3296264476718491,
        "u_d": -17.5695887524641,
        "p": 9.20258267596721,
        "n": 7.294273254495283,
        "f": 8.083614741395323,
        "b": 8.413241189067172,
        "u": 0,
        "d": 17.5695887524641
    },
    "ghost": {
        "p_n": 1.572638863814765,
        "f_b": 0.18086974118248378,
        "u_d": -17.447045246417904,
        "p": 9.807690373530237,
        "n": 8.235051509715472,
        "f": 9.111805812214097,
        "b": 8.930936071031613,
        "u": -17.447045246417904,
        "d": 0
    },
    "nfons": {
        "p_n": 2.5865042556422466,
        "f_b": -0.4425848579363594,
        "u_d": -16.518470842162298,
        "p": 9.189146411336663,
        "n": 6.602642155694417,
        "f": 7.674601854547361,
        "b": 8.11718671248372,
        "u": 0,
        "d": 16.518470842162298
    },
    "dhensby": {
        "p_n": 2.2060860815890706,
        "f_b": -0.29902557742616587,
        "u_d": -17.607270401461168,
        "p": 9.476069227938638,
        "n": 7.269983146349567,
        "f": 8.22351339843102,
        "b": 8.522538975857186,
        "u": 0,
        "d": 17.607270401461168
    },
    "tractorcow": {
        "p_n": 1.7496672963305677,
        "f_b": -0.3107249040490796,
        "u_d": -17.440498433740864,
        "p": 9.575461010834339,
        "n": 7.825793714503771,
        "f": 8.545264910644516,
        "b": 8.855989814693595,
        "u": 0,
        "d": 17.440498433740864
    },
    "kenhowardpdx": {
        "p_n": 1.5376491131449042,
        "f_b": -0.2673177769138668,
        "u_d": -17.37066996423161,
        "p": 9.19454786312259,
        "n": 7.656898749977686,
        "f": 8.292064418093204,
        "b": 8.559382195007071,
        "u": 0,
        "d": 17.37066996423161
    },
    "tbassetto": {
        "p_n": 1.455603470585233,
        "f_b": -1.115806491770715,
        "u_d": -17.48824642067544,
        "p": 8.967734406567146,
        "n": 7.512130935981913,
        "f": 7.682029425389172,
        "b": 8.797835917159887,
        "u": -17.48824642067544,
        "d": 0
    },
    "ifuller1": {
        "p_n": 2.4032431030529064,
        "f_b": 0.3634995900889475,
        "u_d": -17.462863627742227,
        "p": 9.830668164502125,
        "n": 7.4274250614492185,
        "f": 8.810796408020146,
        "b": 8.447296817931198,
        "u": -17.462863627742227,
        "d": 0
    },
    "SxMShaDoW": {
        "p_n": 1.278951063064092,
        "f_b": -0.35514152509328056,
        "u_d": -17.670511159868482,
        "p": 9.16123685855353,
        "n": 7.882285795489437,
        "f": 8.344190564474843,
        "b": 8.699332089568124,
        "u": 0,