{
    "jamesgpearce": {
        "p_n": 2.232149849785685,
        "f_b": 0.5157606498635161,
        "u_d": -17.35196078966271,
        "p": 9.580262872532785,
        "n": 7.3481130227471,
        "f": 8.7220682725717,
        "b": 8.206307622708184,
        "u": -17.35196078966271,
        "d": 0
    },
    "facebook-github-bot": {
        "p_n": 1.4602644885388685,
        "f_b": 0.2877489584162749,
        "u_d": -17.43788124853173,
        "p": 9.813715249729968,
        "n": 8.3534507611911,
        "f": 9.227457484668673,
        "b": 8.939708526252398,
        "u": -17.43788124853173,
        "d": 0
    }
}