{
    "jwang": {
        "p_n": 2.2388646011207065,
        "f_b": 0.32696356987420216,
        "u_d": -17.037311189957826,
        "p": 9.676478268377522,
        "n": 7.437613667256816,
        "f": 8.72052775275427,
        "b": 8.393564182880068,
        "u": 0,
        "d": 17.037311189957826
    },
    "seqoy": {
        "p_n": 1.9307234381997347,
        "f_b": -0.006283683326742562,
        "u_d": -17.997916553249798,
        "p": 9.601683837265554,
        "n": 7.6709603990658195,
        "f": 8.633180276502316,
        "b": 8.639463959829058,
        "u": 0,
        "d": 17.997916553249798
    },
    "jverkoey": {
        "p_n": 1.8813414453214037,
        "f_b": -0.12767361522785592,
        "u_d": -17.704815112439103,
        "p": 9.34441396699885,
        "n": 7.4630725216774465,
        "f": 8.33990643672422,
        "b": 8.467580051952076,
        "u": 0,
        "d": 17.704815112439103
    },
    "diederich": {
        "p_n": 2.361484849437555,
        "f_b": -0.33339073250343887,
        "u_d": -17.504305929478438,
        "p": 9.363850177242801,
        "n": 7.002365327805246,
        "f": 8.016412386272304,
        "b": 8.349803118775743,
        "u": 0,
        "d": 17.504305929478438
    },
    "jamesgpearce": {
        "p_n": 2.4207093534713984,
        "f_b": 0.621390726885469,
        "u_d": -17.428781540117498,
        "p": 9.783828279420781,
        "n": 7.363118925949383,
        "f": 8.884168966127817,
        "b": 8.262778239242348,
        "u": -17.428781540117498,
        "d": 0
    },
    "vguerci": {
        "p_n": 2.674160681231845,
        "f_b": -0.2895338685661013,
        "u_d": -17.222602700175877,
        "p": 9.475390356313053,
        "n": 6.801229675081208,
        "f": 7.99354308141408,
        "b": 8.283076949980181,
        "u": 0,
        "d": 17.222602700175877
    },
    "mmorearty": {
        "p_n": 2.161345089583137,
        "f_b": -0.5632852626600826,
        "u_d": -17.65477789088717,
        "p": 9.27850341988383,
        "n": 7.1171583303006924,
        "f": 7.916188243762219,
        "b": 8.479473506422302,
        "u": 0,
        "d": 17.65477789088717
    },
    "tonklon": {
        "p_n": 2.2057116857018064,
        "f_b": -0.6807980217188705,
        "u_d": -16.35899763303644,
        "p": 9.262065642851564,
        "n": 7.056353957149757,
        "f": 7.818810789141225,
        "b": 8.499608810860096,
        "u": 0,
        "d": 16.35899763303644
    },
    "savanah": {
        "p_n": 2.701349818423579,
        "f_b": -0.744737187197547,
        "u_d": -17.860102981159397,
        "p": 9.396730230798674,
        "n": 6.695380412375095,
        "f": 7.673686727988111,
        "b": 8.418423915185658,
        "u": 0,
        "d": 17.860102981159397
    },
    "echamberlain": {
        "p_n": 2.708706705088982,
        "f_b": 0.12779606359049023,
        "u_d": -16.09676898940817,
        "p": 8.859737468240539,
        "n": 6.151030763151557,
        "f": 7.569282147491292,
        "b": 7.441486083900802,
        "u": 0,
        "d": 16.09676898940817
    },
    "taknology": {
        "p_n": 2.2974817569679153,
        "f_b": 0.4840879582425437,
        "u_d": -15.876522727897537,
        "p": 9.560337427079972,
        "n": 7.262855670112057,
        "f": 8.653640527717286,
        "b": 8.169552569474742,
        "u": 0,
        "d": 15.876522727897537
    },
    "DominicBoettger": {
        "p_n": 2.189970550753123,
        "f_b": -0.50574088616544,
        "u_d": -17.81989110675148,
        "p": 9.137240756296176,
        "n": 6.947270205543053,
        "f": 7.789385037836895,
        "b": 8.295125924002335,
        "u": 0,
        "d": 17.81989110675148
    },
    "johnezang": {
        "p_n": 1.7357397394732494,
        "f_b": -1.0918216304675532,
        "u_d": -16.2230580585366,
        "p": 9.17527022315441,
        "n": 7.43953048368116,
        "f": 7.7614895381840086,
        "b": 8.853311168651562,
        "u": 0,
        "d": 16.2230580585366
    },
    "aporat": {
        "p_n": 1.8611068458667246,
        "f_b": -0.5852754908588,
        "u_d": -16.167822747507923,
        "p": 9.10102891638687,
        "n": 7.239922070520145,
        "f": 7.877837748024108,
        "b": 8.463113238882908,
        "u": 0,
        "d": 16.167822747507923
    },
    "jverdi": {
        "p_n": 1.5685518357968258,
        "f_b": -0.8527214030308699,
        "u_d": -17.454925203132554,
        "p": 8.963616661524437,
        "n": 7.395064825727611,
        "f": 7.75298004211059,
        "b": 8.60570144514146,
        "u": 0,
        "d": 17.454925203132554
    },
    "phillipuniverse": {
        "p_n": 2.4165169033808933,
        "f_b": -0.5766822025122309,
        "u_d": -17.779427262957093,
        "p": 9.309599123622458,
        "n": 6.893082220241565,
        "f": 7.8129995706758955,
        "b": 8.389681773188126,
        "u": 0,
        "d": 17.779427262957093
    },
    "MattNewberry": {
        "p_n": 2.347879895841624,
        "f_b": -0.7927665803337991,
        "u_d": -16.449852452662967,
        "p": 8.951104895200164,
        "n": 6.60322499935854,
        "f": 7.380781657112452,
        "b": 8.173548237446251,
        "u": 0,
        "d": 16.449852452662967
    },
    "RafaelAlba": {
        "p_n": 1.629079746379249,
        "f_b": -0.8452563570772611,
        "u_d": -16.934446788837143,
        "p": 9.17283815912831,
        "n": 7.54375841274906,
        "f": 7.935670107400053,
        "b": 8.780926464477314,
        "u": 0,
        "d": 16.934446788837143
    },
    "buddydvd": {
        "p_n": 2.265489942349192,
        "f_b": -0.6367626600450436,
        "u_d": -17.594639669387732,
        "p": 9.57855013044012,
        "n": 7.313060188090929,
        "f": 8.127423829243003,
        "b": 8.764186489288047,
        "u": 0,
        "d": 17.594639669387732
    },
    "ettore": {
        "p_n": 2.462028868746817,
        "f_b": -0.48552439152973026,
        "u_d": -16.682463662279886,
        "p": 9.343211259783338,
        "n": 6.881182391036521,
        "f": 7.869434629645064,
        "b": 8.354959021174794,
        "u": 0,
        "d": 16.682463662279886
    }
}