{
    "voidberg": {
        "p_n": 3.110623820271183,
        "f_b": -0.4478253648114112,
        "u_d": -15.368736945143826,
        "p": 9.5300636056208,
        "n": 6.419439785349617,
        "f": 7.750839013079503,
        "b": 8.198664377890914,
        "u": 0,
        "d": 15.368736945143826
    }
}