{
    "fengyuanchen": {
        "p_n": 1.6399964890003478,
        "f_b": -0.7810711980465932,
        "u_d": -17.490677973776812,
        "p": 9.259655384666669,
        "n": 7.619658895666321,
        "f": 8.049121541143197,
        "b": 8.83019273918979,
        "u": -17.490677973776812,
        "d": 0
    },
    "b2bstudio": {
        "p_n": 1.8067430440260477,
        "f_b": 0.08270366684391561,
        "u_d": -17.477105374493103,
        "p": 9.03002299701393,
        "n": 7.223279952987882,
        "f": 8.168003308422865,
        "b": 8.085299641578949,
        "u": -17.477105374493103,
        "d": 0
    },
    "hduhdc": {
        "p_n": 2.652591870934339,
        "f_b": 0.6667696532337732,
        "u_d": -17.551178758130238,
        "p": 9.10237210516146,
        "n": 6.449780234227122,
        "f": 8.109460996311178,
        "b": 7.442691343077405,
        "u": 0,
        "d": 17.551178758130238
    },
    "codecov-io": {
        "p_n": 2.768731662485166,
        "f_b": 0.37330034705509263,
        "u_d": -17.44115564986923,
        "p": 9.665215788962985,
        "n": 6.896484126477819,
        "f": 8.467500131247949,
        "b": 8.094199784192856,
        "u": 0,
        "d": 17.44115564986923
    }
}