{
    "2betop": {
        "p_n": 2.4737487184681717,
        "f_b": 0.5960000909299037,
        "u_d": -17.292503842323026,
        "p": 8.97162873009044,
        "n": 6.497880011622269,
        "f": 8.032754416321307,
        "b": 7.436754325391403,
        "u": 0,
        "d": 17.292503842323026
    },
    "xiangshouding": {
        "p_n": 1.891118066201555,
        "f_b": 0.40704070847318796,
        "u_d": -17.482862959065475,
        "p": 9.032354044255115,
        "n": 7.14123597805356,
        "f": 8.290315365390931,
        "b": 7.883274656917743,
        "u": -17.482862959065475,
        "d": 0
    },
    "hefangshi": {
        "p_n": 2.6324489350656046,
        "f_b": 0.7464683284598905,
        "u_d": -17.923676150775147,
        "p": 9.060743804650128,
        "n": 6.428294869584524,
        "f": 8.117753501347272,
        "b": 7.371285172887381,
        "u": 0,
        "d": 17.923676150775147
    },
    "atmjs": {
        "p_n": 2.341234034054649,
        "f_b": 0.621505136589172,
        "u_d": -17.18195930831547,
        "p": 9.061737437694493,
        "n": 6.720503403639844,
        "f": 8.201872988961755,
        "b": 7.580367852372583,
        "u": 0,
        "d": 17.18195930831547
    },
    "yolio2003": {
        "p_n": 2.3047949405486463,
        "f_b": 0.4837367101848855,
        "u_d": -17.92642329374485,
        "p": 9.021225442792385,
        "n": 6.716430502243739,
        "f": 8.110696327610505,
        "b": 7.626959617425619,
        "u": 0,
        "d": 17.92642329374485
    },
    "li9269391": {
        "p_n": 2.532438859550541,
        "f_b": 0.7290323920948216,
        "u_d": -17.826441972375726,
        "p": 8.94536708523801,
        "n": 6.412928225687469,
        "f": 8.04366385151015,
        "b": 7.314631459415328,
        "u": 0,
        "d": 17.826441972375726
    },
    "codering": {
        "p_n": 2.802598897842545,
        "f_b": 1.0444708379121517,
        "u_d": -17.227372888154164,
        "p": 8.890412336081344,
        "n": 6.087813438238799,
        "f": 8.011348306116147,
        "b": 6.966877468203996,
        "u": 0,
        "d": 17.227372888154164
    },
    "nimojs": {
        "p_n": 2.5227774043911975,
        "f_b": 0.622916925777127,
        "u_d": -17.358735434258566,
        "p": 9.071448034982751,
        "n": 6.548670630591554,
        "f": 8.121517795675716,
        "b": 7.498600869898589,
        "u": 0,
        "d": 17.358735434258566
    },
    "ccqgithub": {
        "p_n": 2.3185738442972568,
        "f_b": 0.42126822726467594,
        "u_d": -16.758276838739317,
        "p": 9.011388216160025,
        "n": 6.692814371862768,
        "f": 8.062735407643736,
        "b": 7.64146718037906,
        "u": 0,
        "d": 16.758276838739317
    },
    "kxbrand": {
        "p_n": 2.5295298579988206,
        "f_b": 0.636769079367256,
        "u_d": -17.872601687744897,
        "p": 9.031778767683747,
        "n": 6.502248909684926,
        "f": 8.085398378367964,
        "b": 7.448629299000708,
        "u": 0,
        "d": 17.872601687744897
    },
    "ystarlongzi": {
        "p_n": 2.4233666079785863,
        "f_b": 0.5566163278754672,
        "u_d": -16.92876099186341,
        "p": 9.064679217682773,
        "n": 6.641312609704187,
        "f": 8.131304077631214,
        "b": 7.574687749755746,
        "u": 0,
        "d": 16.92876099186341
    },
    "maicong": {
        "p_n": 2.5871677459781317,
        "f_b": 0.49118887475301776,
        "u_d": -17.49307322060785,
        "p": 9.16195784157519,
        "n": 6.5747900955970575,
        "f": 8.113968405962632,
        "b": 7.6227795312096145,
        "u": -17.49307322060785,
        "d": 0
    },
    "atian25": {
        "p_n": 2.6467571289747296,
        "f_b": 0.46143060243494727,
        "u_d": -17.30882657054349,
        "p": 9.153289049695598,
        "n": 6.506531920720868,
        "f": 8.060625786425707,
        "b": 7.599195183990759,
        "u": 0,
        "d": 17.30882657054349
    },
    "huanggm": {
        "p_n": 2.4302551245485837,
        "f_b": 0.5547840559272572,
        "u_d": -17.5467333524247,
        "p": 9.077170941327285,
        "n": 6.6469158167787015,
        "f": 8.139435407016622,
        "b": 7.584651351089365,
        "u": 0,
        "d": 17.5467333524247
    },
    "a526672351": {
        "p_n": 2.214977538553332,
        "f_b": 0.4655412258336984,
        "u_d": -17.581982488083046,
        "p": 9.007159517023782,
        "n": 6.79218197847045,
        "f": 8.132441360663965,
        "b": 7.666900134830266,
        "u": 0,
        "d": 17.581982488083046
    },
    "coveralls": {
        "p_n": 2.0984058596904065,
        "f_b": 0.8164878264142601,
        "u_d": -17.480317711198378,
        "p": 9.054429185750902,
        "n": 6.956023326060495,
        "f": 8.413470169112829,
        "b": 7.596982342698569,
        "u": -17.480317711198378,
        "d": 0
    },
    "shunzizhan": {
        "p_n": 2.4515272748536834,
        "f_b": 0.5071426959593017,
        "u_d": -17.463764490432357,
        "p": 8.967958302423213,
        "n": 6.51643102756953,
        "f": 7.995766012976022,
        "b": 7.48862331701672,
        "u": 0,
        "d": 17.463764490432357
    },
    "zouhuigang": {
        "p_n": 2.6697627716471466,
        "f_b": 0.4957770197808431,
        "u_d": -17.475359306835944,
        "p": 9.442838320915392,
        "n": 6.7730755492682455,
        "f": 8.35584544498224,
        "b": 7.860068425201397,
        "u": -17.475359306835944,
        "d": 0
    },
    "fukai007": {
        "p_n": 1.8739636638829449,
        "f_b": 0.5422340189179646,
        "u_d": -17.499249072785886,
        "p": 9.086060448187673,
        "n": 7.212096784304729,
        "f": 8.420195625705183,
        "b": 7.877961606787219,
        "u": -17.499249072785886,
        "d": 0
    },
    "Elaine87": {
        "p_n": 2.623860973971425,
        "f_b": 0.7804845233200464,
        "u_d": -17.49869389510722,
        "p": 8.97861673433081,
        "n": 6.354755760359385,
        "f": 8.056928509005122,
        "b": 7.276443985685075,
        "u": -17.49869389510722,
        "d": 0
    },
    "parkyang": {
        "p_n": 2.777101409238931,
        "f_b": 0.47223762499386535,
        "u_d": -17.85967640275736,
        "p": 9.19058945881887,
        "n": 6.413488049579939,
        "f": 8.038157566696338,
        "b": 7.5659199417024725,
        "u": 0,
        "d": 17.85967640275736
    }
}