{
    "fgnass": {
        "p_n": 1.9573331735075126,
        "f_b": -0.962494152530132,
        "u_d": -17.14057104950439,
        "p": 9.156339751555878,
        "n": 7.199006578048365,
        "f": 7.696426088537056,
        "b": 8.658920241067188,
        "u": 0,
        "d": 17.14057104950439
    },
    "glennfu": {
        "p_n": 2.3632732554973934,
        "f_b": -0.7215317870359996,
        "u_d": -17.445563957870537,
        "p": 9.1796768678119,
        "n": 6.816403612314506,
        "f": 7.637274346545203,
        "b": 8.358806133581203,
        "u": 0,
        "d": 17.445563957870537
    },
    "theodorejb": {
        "p_n": 1.8535787336324852,
        "f_b": -1.10787816052164,
        "u_d": -16.500699365395025,
        "p": 9.057469165362125,
        "n": 7.20389043172964,
        "f": 7.576740718285063,
        "b": 8.684618878806702,
        "u": 0,
        "d": 16.500699365395025
    },
    "ryanspeakman": {
        "p_n": 1.9485833627703908,
        "f_b": -0.2434386867181626,
        "u_d": -17.694218717105873,
        "p": 9.399272666458675,
        "n": 7.450689303688284,
        "f": 8.303261641714398,
        "b": 8.54670032843256,
        "u": 0,
        "d": 17.694218717105873
    },
    "sdebeaubien": {
        "p_n": 1.9178915907291607,
        "f_b": -0.701311440996566,
        "u_d": -17.01581784068444,
        "p": 9.270615850315703,
        "n": 7.352724259586543,
        "f": 7.961014334452841,
        "b": 8.662325775449407,
        "u": 0,
        "d": 17.01581784068444
    },
    "TimothyGu": {
        "p_n": 2.115528237975683,
        "f_b": -0.7782425032764726,
        "u_d": -17.19315882643802,
        "p": 9.095561982241202,
        "n": 6.980033744265519,
        "f": 7.648676611615124,
        "b": 8.426919114891597,
        "u": 0,
        "d": 17.19315882643802
    },
    "mherodev": {
        "p_n": 1.7656572307132077,
        "f_b": -1.059880767666007,
        "u_d": -16.64017371123195,
        "p": 8.839433807581592,
        "n": 7.073776576868385,
        "f": 7.426664808391985,
        "b": 8.486545576057992,
        "u": 0,
        "d": 16.64017371123195
    },
    "drfunk2458": {
        "p_n": 2.04042467488056,
        "f_b": -0.8194434326426645,
        "u_d": -17.879665264633488,
        "p": 8.847416243475074,
        "n": 6.806991568594514,
        "f": 7.417482189713462,
        "b": 8.236925622356127,
        "u": 0,
        "d": 17.879665264633488
    },
    "kelko": {
        "p_n": 2.0957926274545837,
        "f_b": -1.408852301528258,
        "u_d": -16.502296973047933,
        "p": 8.994205766140233,
        "n": 6.898413138685649,
        "f": 7.241883301648812,
        "b": 8.65073560317707,
        "u": 0,
        "d": 16.502296973047933
    },
    "MetalArend": {
        "p_n": 1.9968203093899701,
        "f_b": -1.1984961073656466,
        "u_d": -17.66389663723424,
        "p": 9.292594599200921,
        "n": 7.295774289810951,
        "f": 7.694936390823112,
        "b": 8.893432498188758,
        "u": 0,
        "d": 17.66389663723424
    },
    "jronimo": {
        "p_n": 1.9869626488990644,
        "f_b": -0.8125952829631107,
        "u_d": -17.29951953853266,
        "p": 9.256016566699278,
        "n": 7.269053917800214,
        "f": 7.856237600768191,
        "b": 8.668832883731302,
        "u": 0,
        "d": 17.29951953853266
    },
    "izdi": {
        "p_n": 1.7981927705466418,
        "f_b": -0.945807086733855,
        "u_d": -17.734024076176723,
        "p": 8.775351519052608,
        "n": 6.977158748505966,
        "f": 7.403351590412359,
        "b": 8.349158677146214,
        "u": 0,
        "d": 17.734024076176723
    },
    "shllg": {
        "p_n": 2.059731573460981,
        "f_b": -1.7747646680649432,
        "u_d": -17.036641091509313,
        "p": 8.808915718105009,
        "n": 6.749184144644028,
        "f": 6.891667597342048,
        "b": 8.666432265406991,
        "u": 0,
        "d": 17.036641091509313
    },
    "tolu": {
        "p_n": 1.710486411136106,
        "f_b": -0.878730926934308,
        "u_d": -17.493411505016574,
        "p": 9.174782658678687,
        "n": 7.464296247542581,
        "f": 7.880173989643479,
        "b": 8.758904916577787,
        "u": -17.493411505016574,
        "d": 0
    },
    "elandTong": {
        "p_n": 2.5494464428887893,
        "f_b": 0.35858264094117587,
        "u_d": -17.57237729036871,
        "p": 9.20104389367308,
        "n": 6.651597450784291,
        "f": 8.105611992699274,
        "b": 7.747029351758098,
        "u": 0,
        "d": 17.57237729036871
    }
}