{
    "flavienlaurent": {
        "p_n": 1.6681288622745232,
        "f_b": -0.1402364498544184,
        "u_d": -17.662469727238573,
        "p": 9.294615650047799,
        "n": 7.626486787773276,
        "f": 8.390432993983328,
        "b": 8.530669443837747,
        "u": 0,
        "d": 17.662469727238573
    },
    "MariuszGSL": {
        "p_n": 1.069568644582823,
        "f_b": -0.3729628637328979,
        "u_d": -15.861979180065674,
        "p": 8.742612723768525,
        "n": 7.673044079185702,
        "f": 8.021346969610665,
        "b": 8.394309833343563,
        "u": 0,
        "d": 15.861979180065674
    },
    "kmlkrk": {
        "p_n": 2.3075810169185447,
        "f_b": 0.02086430546459983,
        "u_d": -15.86891463566657,
        "p": 8.645196895406096,
        "n": 6.337615878487552,
        "f": 7.501838539679124,
        "b": 7.480974234214524,
        "u": 0,
        "d": 15.86891463566657
    },
    "kkl260": {
        "p_n": 2.8603825559681386,
        "f_b": 0.6278572526667325,
        "u_d": -16.35111309778286,
        "p": 8.964561108119241,
        "n": 6.104178552151103,
        "f": 7.848298456468539,
        "b": 7.220441203801807,
        "u": 0,
        "d": 16.35111309778286
    }
}