{
    "oleavr": {
        "p_n": 1.8600526184448185,
        "f_b": -0.5160306627787818,
        "u_d": -17.498515501715442,
        "p": 9.256080189384093,
        "n": 7.396027570939275,
        "f": 8.068038548772293,
        "b": 8.584069211551075,
        "u": 0,
        "d": 17.498515501715442
    },
    "hackappcom": {
        "p_n": 2.1927274132665193,
        "f_b": 0.6784560557757375,
        "u_d": -17.01205816093987,
        "p": 8.91290842937754,
        "n": 6.72018101611102,
        "f": 8.15577275063215,
        "b": 7.477316694856412,
        "u": 0,
        "d": 17.01205816093987
    },
    "shitsecurity": {
        "p_n": 1.8380759987946016,
        "f_b": 0.5237375783774292,
        "u_d": -17.51782967987333,
        "p": 8.941109259946433,
        "n": 7.103033261151832,
        "f": 8.283940049737847,
        "b": 7.760202471360418,
        "u": 0,
        "d": 17.51782967987333
    },
    "dweinstein": {
        "p_n": 2.724516536705986,
        "f_b": 0.013663636700747439,
        "u_d": -15.41200617652279,
        "p": 8.775299829073985,
        "n": 6.050783292367999,
        "f": 7.419873379071365,
        "b": 7.406209742370618,
        "u": 0,
        "d": 15.41200617652279
    },
    "szwl": {
        "p_n": 1.996358940631179,
        "f_b": -0.7054859858682434,
        "u_d": -14.372577694253103,
        "p": 8.668379529642355,
        "n": 6.672020589011176,
        "f": 7.3174570663926435,
        "b": 8.022943052260887,
        "u": 0,
        "d": 14.372577694253103
    },
    "flycrane": {
        "p_n": 2.180730677680132,
        "f_b": 0.30963531904090047,
        "u_d": -16.353196552573095,
        "p": 8.74609528567392,
        "n": 6.565364607993788,
        "f": 7.810547606354305,
        "b": 7.500912287313405,
        "u": 0,
        "d": 16.353196552573095
    },
    "pavel-lazar": {
        "p_n": 2.1690915908621573,
        "f_b": 0.778553330346611,
        "u_d": -17.47327345592168,
        "p": 9.058276410890578,
        "n": 6.8891848200284205,
        "f": 8.363007280632806,
        "b": 7.5844539502861945,
        "u": -17.47327345592168,
        "d": 0
    },
    "pandaiolo": {
        "p_n": 1.750219982577172,
        "f_b": -0.3575742921272429,
        "u_d": -16.497003970867656,
        "p": 8.56678057465277,
        "n": 6.816560592075597,
        "f": 7.512883437300562,
        "b": 7.870457729427805,
        "u": 0,
        "d": 16.497003970867656
    },
    "in7egral": {
        "p_n": 1.220057776077331,
        "f_b": -0.7716961647208436,
        "u_d": -17.487010848421356,
        "p": 8.87796876471699,
        "n": 7.657910988639658,
        "f": 7.882091794317901,
        "b": 8.653787959038745,
        "u": -17.487010848421356,
        "d": 0
    },
    "ghost": {
        "p_n": 2.1469488348801207,
        "f_b": 0.3272882133521726,
        "u_d": -15.980246270115302,
        "p": 8.999232493712944,
        "n": 6.852283658832823,
        "f": 8.08940218294897,
        "b": 7.762113969596797,
        "u": 0,
        "d": 15.980246270115302
    },
    "nbsdx": {
        "p_n": 2.925278814248337,
        "f_b": -0.3178975658456409,
        "u_d": -16.50338145796856,
        "p": 8.949460849450624,
        "n": 6.024182035202287,
        "f": 7.327872659403635,
        "b": 7.645770225249276,
        "u": 0,
        "d": 16.50338145796856
    },
    "0xABD": {
        "p_n": 2.095066884562776,
        "f_b": -0.6495390484913965,
        "u_d": -16.86239966101651,
        "p": 9.087018602448953,
        "n": 6.991951717886177,
        "f": 7.714715635921868,
        "b": 8.364254684413265,
        "u": 0,
        "d": 16.86239966101651
    },
    "jacobrosenthal": {
        "p_n": 2.8322404965156114,
        "f_b": -0.5615730159161867,
        "u_d": -16.973969060822757,
        "p": 9.455100260262666,
        "n": 6.622859763747055,
        "f": 7.758193504046767,
        "b": 8.319766519962954,
        "u": 0,
        "d": 16.973969060822757
    },
    "litongxin1991": {
        "p_n": 2.3074523701751417,
        "f_b": -0.9368770324071214,
        "u_d": -17.229775347505488,
        "p": 9.185666726362417,
        "n": 6.878214356187275,
        "f": 7.563502025071285,
        "b": 8.500379057478407,
        "u": 0,
        "d": 17.229775347505488
    },
    "mirkobrandner": {
        "p_n": 2.008913428798807,
        "f_b": -0.5758279386901197,
        "u_d": -17.4643934337868,
        "p": 9.17265841024945,
        "n": 7.163744981450644,
        "f": 7.880287726504987,
        "b": 8.456115665195107,
        "u": -17.4643934337868,
        "d": 0
    },
    "manuporto": {
        "p_n": 1.5379943091546586,
        "f_b": -0.8766290491016804,
        "u_d": -16.862351499644245,
        "p": 8.973675007673593,
        "n": 7.435680698518935,
        "f": 7.766363328545424,
        "b": 8.642992377647104,
        "u": 0,
        "d": 16.862351499644245
    },
    "mrmacete": {
        "p_n": 2.2320419118015398,
        "f_b": -0.7323165188708796,
        "u_d": -16.390646123867935,
        "p": 8.892021929888536,
        "n": 6.659980018086996,
        "f": 7.409842714552326,
        "b": 8.142159233423206,
        "u": 0,
        "d": 16.390646123867935
    },
    "reu-res": {
        "p_n": 1.7082935782006476,
        "f_b": -0.12384471778485207,
        "u_d": -17.476105303995038,
        "p": 9.011280578067634,
        "n": 7.302986999866986,
        "f": 8.095211430074883,
        "b": 8.219056147859735,
        "u": 0,
        "d": 17.476105303995038
    },
    "nshuba": {
        "p_n": 2.5150968533124924,
        "f_b": -0.4982160985894568,
        "u_d": -16.527576783960747,
        "p": 9.03588387163725,
        "n": 6.520787018324757,
        "f": 7.5292273956862745,
        "b": 8.027443494275731,
        "u": 0,
        "d": 16.527576783960747
    },
    "enovella": {
        "p_n": 1.7900054596537824,
        "f_b": -0.4350017315035757,
        "u_d": -17.494447788184228,
        "p": 9.244490596366152,
        "n": 7.4544851367123695,
        "f": 8.131987000787472,
        "b": 8.566988732291048,
        "u": -17.494447788184228,
        "d": 0
    },
    "HyEvil": {
        "p_n": 2.3645469006182704,
        "f_b": 0.021661662799290937,
        "u_d": -17.91351284273605,
        "p": 9.438052883317368,
        "n": 7.073505982699098,
        "f": 8.266610264407879,
        "b": 8.244948601608588,
        "u": 0,
        "d": 17.91351284273605
    },
    "krokofant": {
        "p_n": 1.8892042365411346,
        "f_b": 0.4294149972942698,
        "u_d": -15.891557162036655,
        "p": 8.652480746072197,
        "n": 6.763276509531062,
        "f": 7.922586126448765,
        "b": 7.493171129154495,
        "u": 0,
        "d": 15.891557162036655
    },
    "razaina": {
        "p_n": 1.6785350623906679,
        "f_b": 0.18420609398821597,
        "u_d": -17.496839902920655,
        "p": 9.11984452205273,
        "n": 7.441309459662063,
        "f": 8.372680037851504,
        "b": 8.188473943863288,
        "u": -17.496839902920655,
        "d": 0
    },
    "xabrouck": {
        "p_n": 2.112292669561567,
        "f_b": 0.42819752493027696,
        "u_d": -17.370582357857618,
        "p": 9.160305071694015,
        "n": 7.048012402132448,
        "f": 8.31825749937837,
        "b": 7.890059974448094,
        "u": 0,
        "d": 17.370582357857618
    },
    "bentau": {
        "p_n": 2.097617760040343,
        "f_b": 0.7183133282650385,
        "u_d": -17.842363220050753,
        "p": 8.984878145648944,
        "n": 6.8872603856086005,
        "f": 8.29522592976129,
        "b": 7.576912601496252,
        "u": 0,
        "d": 17.842363220050753
    },
    "max01203": {
        "p_n": 1.7874812131788342,
        "f_b": 0.08981211735043892,
        "u_d": -17.46025485788717,
        "p": 9.946083494437428,
        "n": 8.158602281258593,
        "f": 9.09724894652323,
        "b": 9.007436829172791,
        "u": -17.46025485788717,
        "d": 0
    },