{
    "fzaninotto": {
        "p_n": 1.7026386619240839,
        "f_b": -0.9949288772676006,
        "u_d": -16.997885041063633,
        "p": 9.088379980683555,
        "n": 7.385741318759472,
        "f": 7.739596211087713,
        "b": 8.734525088355314,
        "u": 0,
        "d": 16.997885041063633
    },
    "bgrins": {
        "p_n": 1.4090945644694433,
        "f_b": -0.7198860573197052,
        "u_d": -16.456397582327686,
        "p": 9.247764269911228,
        "n": 7.838669705441784,
        "f": 8.183273959016653,
        "b": 8.903160016336358,
        "u": 0,
        "d": 16.456397582327686
    },
    "slorber": {
        "p_n": 2.092217027753671,
        "f_b": -0.7857908812976406,
        "u_d": -16.650908338715706,
        "p": 9.09785157840285,
        "n": 7.005634550649178,
        "f": 7.658847623877194,
        "b": 8.444638505174835,
        "u": 0,
        "d": 16.650908338715706
    },
    "gcrumb": {
        "p_n": 1.7711031158720125,
        "f_b": -0.42834486760802015,
        "u_d": -15.817960795866753,
        "p": 8.679515092827877,
        "n": 6.908411976955865,
        "f": 7.579791101087862,
        "b": 8.008135968695882,
        "u": 0,
        "d": 15.817960795866753
    },
    "Metaboll": {
        "p_n": 1.9877221424969207,
        "f_b": 0.5385132263115899,
        "u_d": -17.413061832594213,
        "p": 8.999347828540408,
        "n": 7.011625686043487,
        "f": 8.274743370447743,
        "b": 7.736230144136153,
        "u": 0,
        "d": 17.413061832594213
    }
}