{
    "lanterndev": {
        "p_n": 1.6006323395833881,
        "f_b": -0.21305962394458078,
        "u_d": -17.17916598998081,
        "p": 9.00170688378104,
        "n": 7.401074544197652,
        "f": 8.094860902017055,
        "b": 8.307920525961636,
        "u": 0,
        "d": 17.17916598998081
    },
    "myleshorton": {
        "p_n": 2.1383054242845745,
        "f_b": -0.41134297142426135,
        "u_d": -17.56321057600845,
        "p": 9.165843627601717,
        "n": 7.0275382033171425,
        "f": 7.891019429747299,
        "b": 8.30236240117156,
        "u": 0,
        "d": 17.56321057600845
    },
    "leahxschmidt": {
        "p_n": 1.9475847892757265,
        "f_b": -0.631284777359328,
        "u_d": -17.562067490610684,
        "p": 8.946297982554908,
        "n": 6.9987131932791815,
        "f": 7.65686319923738,
        "b": 8.288147976596708,
        "u": 0,
        "d": 17.562067490610684
    },
    "aranhoide": {
        "p_n": 2.1120557632150394,
        "f_b": -0.4655497979043055,
        "u_d": -16.47385032340004,
        "p": 9.167055816397523,
        "n": 7.055000053182484,
        "f": 7.878253035837851,
        "b": 8.343802833742156,
        "u": 0,
        "d": 16.47385032340004
    },
    "oxtoacart": {
        "p_n": 1.8965409169987044,
        "f_b": -0.7303773066632235,
        "u_d": -17.14061335134067,
        "p": 9.007549402376188,
        "n": 7.111008485377484,
        "f": 7.694090290545224,
        "b": 8.424467597208448,
        "u": 0,
        "d": 17.14061335134067
    },
    "atavism": {
        "p_n": 2.0144528926333862,
        "f_b": -0.580071954044179,
        "u_d": -17.028088372100452,
        "p": 9.063753842254577,
        "n": 7.049300949621191,
        "f": 7.766491418915795,
        "b": 8.346563372959974,
        "u": 0,
        "d": 17.028088372100452
    },
    "coveralls": {
        "p_n": 2.181800504172344,
        "f_b": 0.9212827490516453,
        "u_d": -17.484861900302242,
        "p": 9.061074676624303,
        "n": 6.879274172451959,
        "f": 8.430815799063954,
        "b": 7.509533050012308,
        "u": -17.484861900302242,
        "d": 0
    },
    "fffw": {
        "p_n": 1.9610725246039422,
        "f_b": -0.5059584837553217,
        "u_d": -16.600456086849064,
        "p": 9.078682179920225,
        "n": 7.117609655316283,
        "f": 7.845166675740593,
        "b": 8.351125159495915,
        "u": 0,
        "d": 16.600456086849064
    },
    "xiam": {
        "p_n": 1.8063875324020593,
        "f_b": -0.36086021585379324,
        "u_d": -16.291188840197556,
        "p": 9.056372211881552,
        "n": 7.249984679479493,
        "f": 7.972748337753626,
        "b": 8.33360855360742,
        "u": 0,
        "d": 16.291188840197556
    },
    "uaalto": {
        "p_n": 2.0100048405120265,
        "f_b": -0.30479020708944127,
        "u_d": -16.60942967641348,
        "p": 9.353526439362271,
        "n": 7.343521598850245,
        "f": 8.196128915561538,
        "b": 8.500919122650979,
        "u": 0,
        "d": 16.60942967641348
    },
    "gwrqto": {
        "p_n": 1.7265814768075405,
        "f_b": 0.611796393786415,
        "u_d": -17.484666858143264,
        "p": 8.824717655352101,
        "n": 7.098136178544561,
        "f": 8.267325113841538,
        "b": 7.655528720055123,
        "u": -17.484666858143264,
        "d": 0
    }
}