{
    "giggsey": {
        "p_n": 1.6921242530144527,
        "f_b": -0.7214632904254028,
        "u_d": -16.942444857583745,
        "p": 9.036933409731903,
        "n": 7.34480915671745,
        "f": 7.830139638011975,
        "b": 8.551602928437378,
        "u": 0,
        "d": 16.942444857583745
    },
    "coveralls": {
        "p_n": 2.105709997930317,
        "f_b": 0.8531208260700289,
        "u_d": -17.481754197623914,
        "p": 9.055314520496957,
        "n": 6.94960452256664,
        "f": 8.429019934566812,
        "b": 7.575899108496783,
        "u": -17.481754197623914,
        "d": 0
    },
    "joacub": {
        "p_n": 1.8230718042677054,
        "f_b": -0.286403735659829,
        "u_d": -14.809098094131043,
        "p": 8.638528976354763,
        "n": 6.815457172087058,
        "f": 7.583791206390996,
        "b": 7.870194942050825,
        "u": 0,
        "d": 14.809098094131043
    },
    "tschallacka": {
        "p_n": 2.425130194050884,
        "f_b": -0.8297945690955117,
        "u_d": -17.4977043846642,
        "p": 9.741116756790436,
        "n": 7.315986562739552,
        "f": 8.113654375217239,
        "b": 8.94344894431275,
        "u": -17.4977043846642,
        "d": 0
    },
    "rocbar": {
        "p_n": 1.5509459079609638,
        "f_b": -0.8452183515835809,
        "u_d": -16.9350805227344,
        "p": 8.593577245295815,
        "n": 7.042631337334852,
        "f": 7.395495115523543,
        "b": 8.240713467107124,
        "u": 0,
        "d": 16.9350805227344
    },
    "RobinBoersma": {
        "p_n": 2.2796963474114627,
        "f_b": 0.8939080418164096,
        "u_d": -17.787779869074978,
        "p": 9.16574127509602,
        "n": 6.886044927684557,
        "f": 8.472847122298493,
        "b": 7.578939080482083,
        "u": 0,
        "d": 17.787779869074978
    }
}