{
    "gimenete": {
        "p_n": 2.2559148043995396,
        "f_b": 0.14919804631595923,
        "u_d": -17.494329436147353,
        "p": 9.805035324873772,
        "n": 7.549120520474233,
        "f": 8.751676945831981,
        "b": 8.602478899516022,
        "u": -17.494329436147353,
        "d": 0
    }
}