{
    "keghani": {
        "p_n": 2.0132154208551025,
        "f_b": -0.09529434575448903,
        "u_d": -17.160422662075522,
        "p": 9.32178856729124,
        "n": 7.308573146436137,
        "f": 8.267533683986443,
        "b": 8.362828029740932,
        "u": 0,
        "d": 17.160422662075522
    },
    "dimbleby": {
        "p_n": 2.916984661758095,
        "f_b": 0.4257910787924768,
        "u_d": -17.132847375766772,
        "p": 9.79949096922906,
        "n": 6.882506307470965,
        "f": 8.553894177746251,
        "b": 8.128103098953774,
        "u": 0,
        "d": 17.132847375766772
    },
    "hagbard": {
        "p_n": 1.7867472680017258,
        "f_b": -0.5153078872977161,
        "u_d": -17.366151416744152,
        "p": 9.248674759489692,
        "n": 7.461927491487966,
        "f": 8.097647181839971,
        "b": 8.612955069137687,
        "u": 0,
        "d": 17.366151416744152
    },
    "dlyongemallo": {
        "p_n": 1.9617362035725723,
        "f_b": -0.3859386224132013,
        "u_d": -16.590280387650715,
        "p": 9.448404977881449,
        "n": 7.4866687743088765,
        "f": 8.274567564888562,
        "b": 8.660506187301763,
        "u": 0,
        "d": 16.590280387650715
    },
    "andyst": {
        "p_n": 1.8404518555011666,
        "f_b": -0.36070689967691827,
        "u_d": -17.95568342158277,
        "p": 9.398847890792748,
        "n": 7.558396035291581,
        "f": 8.298268513203706,
        "b": 8.658975412880624,
        "u": 0,
        "d": 17.95568342158277
    },
    "lararennie": {
        "p_n": 1.7767644927530881,
        "f_b": -0.42187756533846965,
        "u_d": -17.793983177481405,
        "p": 9.314005175576183,
        "n": 7.537240682823095,
        "f": 8.214684146530404,
        "b": 8.636561711868874,
        "u": 0,
        "d": 17.793983177481405
    },
    "ruimarinho": {
        "p_n": 2.297918756484534,
        "f_b": -0.7967892833571666,
        "u_d": -15.776951390031176,
        "p": 9.401920221622513,
        "n": 7.104001465137979,
        "f": 7.854566201701663,
        "b": 8.65135548505883,
        "u": 0,
        "d": 15.776951390031176
    },
    "jias0001": {
        "p_n": 1.6084034838740102,
        "f_b": -0.2723497731302107,
        "u_d": -17.735197657915453,
        "p": 9.489261277643768,
        "n": 7.880857793769758,
        "f": 8.548884649141659,
        "b": 8.82123442227187,
        "u": 0,
        "d": 17.735197657915453
    },
    "tg123": {
        "p_n": 3.177913227249986,
        "f_b": 1.0158986659016218,
        "u_d": -17.187297053542082,
        "p": 9.230737216201593,
        "n": 6.052823988951607,
        "f": 8.14972993552741,
        "b": 7.133831269625789,
        "u": 0,
        "d": 17.187297053542082
    },
    "giggsey": {
        "p_n": 2.2183387196390534,
        "f_b": -0.5939282596870274,
        "u_d": -17.488393825473985,
        "p": 9.434755436818442,
        "n": 7.2164167171793885,
        "f": 8.0286219471554,
        "b": 8.622550206842428,
        "u": -17.488393825473985,
        "d": 0
    },
    "penmetsaa": {
        "p_n": 1.6999854893908068,
        "f_b": 0.5261448047285615,
        "u_d": -17.474450752798955,
        "p": 9.590024991225413,
        "n": 7.890039501834606,
        "f": 9.00310464889429,
        "b": 8.476959844165728,
        "u": -17.474450752798955,
        "d": 0
    },
    "googlebot": {
        "p_n": 1.4316180007121524,
        "f_b": -0.012005068672458208,
        "u_d": -17.43663642492026,
        "p": 9.73970472205419,
        "n": 8.308086721342038,
        "f": 9.017893187361885,
        "b": 9.029898256034343,
        "u": -17.43663642492026,
        "d": 0
    },
    "afarsi": {
        "p_n": 2.3322731364475473,
        "f_b": -0.2095768288700146,
        "u_d": -17.479433028795423,
        "p": 9.422409567629185,
        "n": 7.090136431181637,
        "f": 8.151484584970403,
        "b": 8.361061413840417,
        "u": -17.479433028795423,
        "d": 0
    },
    "mizuni": {
        "p_n": 2.286020977991871,
        "f_b": 0.37732946124743094,
        "u_d": -17.836755164665274,
        "p": 9.761414115835109,
        "n": 7.475393137843238,
        "f": 8.807068357462889,
        "b": 8.429738896215458,
        "u": 0,
        "d": 17.836755164665274
    },
    "kkeshava": {
        "p_n": 1.8985341334746426,
        "f_b": 0.28918960407300887,
        "u_d": -17.489356526188637,
        "p": 9.708344733746046,
        "n": 7.809810600271403,
        "f": 8.90367246904523,
        "b": 8.61448286497222,
        "u": -17.489356526188637,
        "d": 0
    },
    "avimar": {
        "p_n": 2.3394183296696225,
        "f_b": -1.0573579398775532,
        "u_d": -14.488461909821513,
        "p": 9.101772611320207,
        "n": 6.762354281650585,
        "f": 7.40338447654662,
        "b": 8.460742416424173,
        "u": 0,
        "d": 14.488461909821513
    },
    "tadfisher": {
        "p_n": 1.7336142228787743,
        "f_b": -1.1104254538437157,
        "u_d": -17.173680257664437,
        "p": 8.923075882545133,
        "n": 7.1894616596663585,
        "f": 7.501056044183889,
        "b": 8.611481498027604,
        "u": 0,
        "d": 17.173680257664437
    },
    "gapatterson": {
        "p_n": 2.033311218141912,
        "f_b": -0.05408334956459626,
        "u_d": -17.456715767519917,
        "p": 9.849542608189784,
        "n": 7.816231390047872,
        "f": 8.80584532433653,
        "b": 8.859928673901127,
        "u": -17.456715767519917,
        "d": 0
    },
    "komiku": {
        "p_n": 1.7625091353425066,
        "f_b": -0.6146223795320527,
        "u_d": -17.455496959033344,
        "p": 9.281722423318609,
        "n": 7.519213287976102,
        "f": 8.09315666588133,
        "b": 8.707779045413382,
        "u": -17.455496959033344,
        "d": 0
    },
    "digz6666": {
        "p_n": 2.2676580177366183,
        "f_b": 0.6467228219014807,
        "u_d": -17.476806063944988,
        "p": 9.44031200801627,
        "n": 7.1726539902796524,
        "f": 8.629844410098702,
        "b": 7.983121588197221,
        "u": -17.476806063944988,
        "d": 0
    },
    "yinzara": {
        "p_n": 1.579159147561711,
        "f_b": -1.0900326915737502,
        "u_d": -17.224888054244648,
        "p": 9.119929296024072,
        "n": 7.540770148462361,
        "f": 7.785333376456341,
        "b": 8.875366068030091,
        "u": 0,
        "d": 17.224888054244648
    },
    "Timvde": {
        "p_n": 1.5750466161731058,
        "f_b": -0.1709741553933526,
        "u_d": -17.43382710244278,
        "p": 9.639402935205926,
        "n": 8.06435631903282,
        "f": 8.766392549422697,
        "b": 8.93736670481605,
        "u": -17.43382710244278,
        "d": 0
    }
}