{
    "benbjohnson": {
        "p_n": 2.055620404239212,
        "f_b": -0.3783507830750974,
        "u_d": -17.11735739171526,
        "p": 9.05231981270025,
        "n": 6.996699408461039,
        "f": 7.835334219043096,
        "b": 8.213685002118194,
        "u": 0,
        "d": 17.11735739171526
    },
    "ongardie": {
        "p_n": 1.9812907190169238,
        "f_b": -0.2416474649172251,
        "u_d": -16.996204420228647,
        "p": 9.02457005294621,
        "n": 7.043279333929286,
        "f": 7.913100960979136,
        "b": 8.154748425896361,
        "u": 0,
        "d": 16.996204420228647
    },
    "xiang90": {
        "p_n": 1.5270313471200323,
        "f_b": -0.14985391188908537,
        "u_d": -15.377508156327004,
        "p": 9.012702730725788,
        "n": 7.485671383605756,
        "f": 8.174260101221229,
        "b": 8.324114013110314,
        "u": 0,
        "d": 15.377508156327004
    },
    "philips": {
        "p_n": 2.2071075613615108,
        "f_b": -0.17059200271708086,
        "u_d": -17.608005780898957,
        "p": 9.18600843081505,
        "n": 6.97890086945354,
        "f": 7.997158648775754,
        "b": 8.167750651492835,
        "u": 0,
        "d": 17.608005780898957
    },
    "jvshahid": {
        "p_n": 1.921414542099071,
        "f_b": -0.229442401752884,
        "u_d": -17.48367005752262,
        "p": 9.360340076074618,
        "n": 7.438925533975547,
        "f": 8.28491160414864,
        "b": 8.514354005901524,
        "u": -17.48367005752262,
        "d": 0
    },
    "kellabyte": {
        "p_n": 2.914574695773884,
        "f_b": -0.012982502941683904,
        "u_d": -17.44529163629398,
        "p": 9.726005228654424,
        "n": 6.81143053288054,
        "f": 8.26222662929664,
        "b": 8.275209132238324,
        "u": -17.44529163629398,
        "d": 0
    },
    "mreiferson": {
        "p_n": 2.681945758378493,
        "f_b": -0.03971174141373268,
        "u_d": -17.750165114922957,
        "p": 9.533314936568564,
        "n": 6.851369178190071,
        "f": 8.172486186672451,
        "b": 8.212197928086184,
        "u": 0,
        "d": 17.750165114922957
    },
    "bcwaldon": {
        "p_n": 2.6924491595017717,
        "f_b": 0.5759368181638438,
        "u_d": -16.04036533036206,
        "p": 8.92931908565513,
        "n": 6.236869926153359,
        "f": 7.871062914986167,
        "b": 7.295126096822323,
        "u": 0,
        "d": 16.04036533036206
    },
    "zenazn": {
        "p_n": 1.4988410969317787,
        "f_b": -1.0234560859167336,
        "u_d": -17.517979975350684,
        "p": 8.85672533803845,
        "n": 7.357884241106671,
        "f": 7.595576746614193,
        "b": 8.619032832530927,
        "u": 0,
        "d": 17.517979975350684
    },
    "yichengq": {
        "p_n": 2.353373536626097,
        "f_b": -0.12206761594276294,
        "u_d": -16.128989611824895,
        "p": 9.245064645675736,
        "n": 6.891691109049639,
        "f": 8.007344069391307,
        "b": 8.12941168533407,
        "u": 0,
        "d": 16.128989611824895
    },
    "MartyMacGyver": {
        "p_n": 2.0830858558017216,
        "f_b": -1.1068401456774648,
        "u_d": -14.089227017796112,
        "p": 8.893591951770622,
        "n": 6.8105060959689006,
        "f": 7.298628951031029,
        "b": 8.405469096708494,
        "u": 0,
        "d": 14.089227017796112
    },
    "otoolep": {
        "p_n": 1.8651140956019212,
        "f_b": -0.10918271653061495,
        "u_d": -17.571137884440798,
        "p": 9.122345191060663,
        "n": 7.257231095458742,
        "f": 8.135196784994395,
        "b": 8.24437950152501,
        "u": 0,
        "d": 17.571137884440798
    },
    "jrallison": {
        "p_n": 2.236744624231642,
        "f_b": -0.6142490007147074,
        "u_d": -17.1629736069946,
        "p": 9.346843878135761,
        "n": 7.110099253904119,
        "f": 7.9213470656625855,
        "b": 8.535596066377293,
        "u": 0,
        "d": 17.1629736069946
    }
}