{
    "kisielk": {
        "p_n": 2.17101847161997,
        "f_b": -0.5532865771626057,
        "u_d": -17.192767418224285,
        "p": 9.289387097470808,
        "n": 7.118368625850838,
        "f": 7.92723457307952,
        "b": 8.480521150242126,
        "u": 0,
        "d": 17.192767418224285
    },
    "stale[bot]": {
        "p_n": 2.93444991498294,
        "f_b": 0.4181248303655778,
        "u_d": -15.553112944116773,
        "p": 9.310078683643813,
        "n": 6.375628768660873,
        "f": 8.05191614133513,
        "b": 7.633791310969553,
        "u": 0,
        "d": 15.553112944116773
    },
    "moraes": {
        "p_n": 2.310140316022899,
        "f_b": -0.7964722395325019,
        "u_d": -17.723648621645367,
        "p": 9.178508843680522,
        "n": 6.868368527657623,
        "f": 7.625202565902821,
        "b": 8.421674805435323,
        "u": 0,
        "d": 17.723648621645367
    },
    "elithrar": {
        "p_n": 1.8440030787791404,
        "f_b": -0.3956294786741221,
        "u_d": -17.470129742843035,
        "p": 9.213849472594827,
        "n": 7.369846393815687,
        "f": 8.094033193868196,
        "b": 8.489662672542318,
        "u": -17.470129742843035,
        "d": 0
    },
    "ChrisHines": {
        "p_n": 1.9422171056607533,
        "f_b": -0.6619163948746198,
        "u_d": -16.212235593343127,
        "p": 8.848261447911975,
        "n": 6.906044342251222,
        "f": 7.546194697644289,
        "b": 8.208111092518909,
        "u": 0,
        "d": 16.212235593343127
    },
    "eastwood": {
        "p_n": 2.2199667686497646,
        "f_b": -0.42746995739258153,
        "u_d": -17.67482618303349,
        "p": 9.243723328338913,
        "n": 7.023756559689148,
        "f": 7.920004965317739,
        "b": 8.34747492271032,
        "u": 0,
        "d": 17.67482618303349
    },
    "rbucker": {
        "p_n": 1.9462883232792505,
        "f_b": -0.38394701291123745,
        "u_d": -17.726333112816175,
        "p": 9.106814937552368,
        "n": 7.160526614273118,
        "f": 7.941697269457125,
        "b": 8.325644282368362,
        "u": 0,
        "d": 17.726333112816175
    },
    "davecheney": {
        "p_n": 2.0996244525501346,
        "f_b": -0.014633745193721737,
        "u_d": -16.638633817239484,
        "p": 8.751000175252232,
        "n": 6.651375722702097,
        "f": 7.693871076380303,
        "b": 7.708504821574024,
        "u": 0,
        "d": 16.638633817239484
    },
    "johnnadratowski": {
        "p_n": 2.6354873018941527,
        "f_b": -0.028355701772390773,
        "u_d": -17.971625247508484,
        "p": 9.747621099775085,
        "n": 7.112133797880932,
        "f": 8.415699597941813,
        "b": 8.444055299714204,
        "u": 0,
        "d": 17.971625247508484
    },
    "ttencate": {
        "p_n": 2.1868118248803823,
        "f_b": -0.16025315822714425,
        "u_d": -17.610424589179985,
        "p": 9.186210777591118,
        "n": 6.999398952710735,
        "f": 8.012678286037355,
        "b": 8.1729314442645,
        "u": 0,
        "d": 17.610424589179985
    },
    "ORESoftware": {
        "p_n": 2.0754117539936754,
        "f_b": -0.49476970534868325,
        "u_d": -15.95748266296522,
        "p": 8.951439786101362,
        "n": 6.876028032107687,
        "f": 7.666349056430183,
        "b": 8.161118761778866,
        "u": 0,
        "d": 15.95748266296522
    },
    "ghost": {
        "p_n": 1.3759519615825635,
        "f_b": -0.8321935602492232,
        "u_d": -16.758374016677863,
        "p": 8.892271654713056,
        "n": 7.516319693130493,
        "f": 7.788198893797164,
        "b": 8.620392454046387,
        "u": 0,
        "d": 16.758374016677863
    },
    "bundah": {
        "p_n": 2.9283229747540673,
        "f_b": -0.21861495564103706,
        "u_d": -17.494464361334764,
        "p": 9.453446281230399,
        "n": 6.525123306476331,
        "f": 7.879977316032846,
        "b": 8.098592271673883,
        "u": -17.494464361334764,
        "d": 0
    },
    "garyburd": {
        "p_n": 1.8140797268472468,
        "f_b": -0.8384317620584971,
        "u_d": -17.498466004354142,
        "p": 8.983824497161077,
        "n": 7.16974477031383,
        "f": 7.6575687527082055,
        "b": 8.496000514766703,
        "u": -17.498466004354142,
        "d": 0
    },
    "hjr265": {
        "p_n": 1.785208017606081,
        "f_b": -0.3429987700045469,
        "u_d": -17.047946374652913,
        "p": 9.377804414193786,
        "n": 7.592596396587705,
        "f": 8.313701020388471,
        "b": 8.656699790393018,
        "u": 0,
        "d": 17.047946374652913
    },
    "Allendar": {
        "p_n": 2.244122298716368,
        "f_b": 0.040926903169395956,
        "u_d": -17.536574305368745,
        "p": 9.265326744683597,
        "n": 7.0212044459672285,
        "f": 8.16372904691011,
        "b": 8.122802143740714,
        "u": 0,
        "d": 17.536574305368745
    },
    "themihai": {
        "p_n": 1.4864411516994718,
        "f_b": -0.8637937629674735,
        "u_d": -17.476361268470114,
        "p": 8.914430663322918,
        "n": 7.427989511623446,
        "f": 7.739313205989445,
        "b": 8.603106968956919,
        "u": -17.476361268470114,
        "d": 0
    },
    "kushmansingh": {
        "p_n": 2.251900581251724,
        "f_b": -0.7067623505241745,
        "u_d": -17.247150002016696,
        "p": 9.313027453801086,
        "n": 7.061126872549361,
        "f": 7.833695987913137,
        "b": 8.540458338437311,
        "u": 0,
        "d": 17.247150002016696
    },
    "dmitshur": {
        "p_n": 2.54555717893313,
        "f_b": -0.3479122916706743,
        "u_d": -16.14259186443641,
        "p": 9.461323476198316,
        "n": 6.915766297265186,
        "f": 8.014588740896414,
        "b": 8.362501032567089,
        "u": 0,
        "d": 16.14259186443641
    },
    "akutz": {
        "p_n": 2.425257360147979,
        "f_b": 0.08065117762755136,
        "u_d": -17.46986871248229,
        "p": 9.380127123892343,
        "n": 6.954869763744364,
        "f": 8.207824032632129,
        "b": 8.127172855004577,
        "u": -17.46986871248229,
        "d": 0
    },
    "odlp": {
        "p_n": 2.0203133845042593,
        "f_b": -0.05752332660884818,
        "u_d": -15.082901211562314,
        "p": 8.70620988698254,
        "n": 6.685896502478281,
        "f": 7.667291531425986,
        "b": 7.724814858034835,
        "u": 0,
        "d": 15.082901211562314
    },
    "nmiyake": {
        "p_n": 2.0925043893467237,
        "f_b": -0.6470001341026794,
        "u_d": -17.017248677445494,
        "p": 9.159973717492296,
        "n": 7.067469328145572,
        "f": 7.790221455767593,
        "b": 8.437221589870273,
        "u": 0,
        "d": 17.017248677445494
    },
    "palsivertsen": {
        "p_n": 2.0362929473288673,
        "f_b": -0.3284312311975395,
        "u_d": -16.923417180050087,
        "p": 9.00370714313809,
        "n": 6.967414195809223,
        "f": 7.821345053874888,
        "b": 8.149776285072427,
        "u": 0,
        "d": 16.923417180050087
    },
    "ahmdrz": {
        "p_n": 2.2908286446887143,
        "f_b": -0.020230389786441982,
        "u_d": -17.47013127072316,
        "p": 9.155035734909958,
        "n": 6.864207090221244,
        "f": 7.999506217672381,
        "b": 8.019736607458823,
        "u": -17.47013127072316,
        "d": 0
    },
    "neelance": {
        "p_n": 2.0096969834574345,
        "f_b": -0.8954220156084638,
        "u_d": -17.01583680965374,
        "p": 9.238025202152407,
        "n": 7.228328218694973,
        "f": 7.785465702619458,
        "b": 8.680887718227922,
        "u": 0,
        "d": 17.01583680965374
    },
    "Boichenko": {
        "p_n": 1.9196828311481138,
        "f_b": -0.06916620322031974,
        "u_d": -17.078318242154076,
        "p": 9.095888731049094,
        "n": 7.17620589990098,
        "f": 8.101464213864876,
        "b": 8.170630417085196,
        "u": 0,