{
    "alexbbb": {
        "p_n": 1.3820265011878723,
        "f_b": -0.6250474385447582,
        "u_d": -17.47759955153269,
        "p": 9.102779192207523,
        "n": 7.7207526910196504,
        "f": 8.099242222341207,
        "b": 8.724289660885965,
        "u": 0,
        "d": 17.47759955153269
    },
    "juniorJaffa": {
        "p_n": 2.1038742343177015,
        "f_b": 0.14134500898670588,
        "u_d": -17.618637742344696,
        "p": 8.976235095105679,
        "n": 6.872360860787977,
        "f": 7.994970482440181,
        "b": 7.853625473453475,
        "u": 0,
        "d": 17.618637742344696
    },
    "droididan": {
        "p_n": 2.0547196549108895,
        "f_b": -0.12847193987884253,
        "u_d": -17.613881949889333,
        "p": 8.955773612444865,
        "n": 6.901053957533976,
        "f": 7.86417781505,
        "b": 7.992649754928842,
        "u": 0,
        "d": 17.613881949889333
    },
    "JanithaR": {
        "p_n": 1.6361186669298435,
        "f_b": -0.8828278314285187,
        "u_d": -17.98038360479654,
        "p": 9.036102286870324,
        "n": 7.399983619940481,
        "f": 7.776629037691143,
        "b": 8.659456869119662,
        "u": 0,
        "d": 17.98038360479654
    },
    "gotev": {
        "p_n": 1.531303227699354,
        "f_b": -0.6444442434119679,
        "u_d": -17.30626894051528,
        "p": 9.087270928340718,
        "n": 7.555967700641364,
        "f": 7.999397192785057,
        "b": 8.643841436197025,
        "u": 0,
        "d": 17.30626894051528
    },
    "alphamu": {
        "p_n": 2.0196309541496635,
        "f_b": -0.27074090930108685,
        "u_d": -17.35772329251812,
        "p": 9.038193285721853,
        "n": 7.0185623315721894,
        "f": 7.893007353996478,
        "b": 8.163748263297565,
        "u": 0,
        "d": 17.35772329251812
    },
    "salgado": {
        "p_n": 2.279632933804529,
        "f_b": 0.21337421835158388,
        "u_d": -16.911984754880848,
        "p": 8.930829089281941,
        "n": 6.651196155477412,
        "f": 7.897699731555468,
        "b": 7.684325513203884,
        "u": 0,
        "d": 16.911984754880848
    },
    "kuronaru": {
        "p_n": 1.7507743883022755,
        "f_b": -0.44024002481319435,
        "u_d": -17.002283414933146,
        "p": 9.222452282866612,
        "n": 7.471677894564337,
        "f": 8.126945076308877,
        "b": 8.567185101122071,
        "u": 0,
        "d": 17.002283414933146
    },
    "f1k2c": {
        "p_n": 1.9493598508428516,
        "f_b": -0.39967387146237776,
        "u_d": -15.9814911337449,
        "p": 8.844924645349233,
        "n": 6.895564794506381,
        "f": 7.670407784196618,
        "b": 8.070081655658996,
        "u": 0,
        "d": 15.9814911337449
    },
    "priyochatterjee08": {
        "p_n": 2.4530029917248077,
        "f_b": 0.11622992286618761,
        "u_d": -17.4780303452558,
        "p": 9.098016569723953,
        "n": 6.645013577999145,
        "f": 7.929630035294643,
        "b": 7.813400112428456,
        "u": 0,
        "d": 17.4780303452558
    },
    "neilyoung": {
        "p_n": 1.8468826818298227,
        "f_b": -0.38608627628633485,
        "u_d": -16.329637473753426,
        "p": 8.763784295656473,
        "n": 6.91690161382665,
        "f": 7.6472998165983945,
        "b": 8.03338609288473,
        "u": 0,
        "d": 16.329637473753426
    },
    "TechValensJava": {
        "p_n": 2.3872685127733746,
        "f_b": -0.07502310595091188,
        "u_d": -15.78373257880254,
        "p": 8.914557601258453,
        "n": 6.5272890884850785,
        "f": 7.68341179189631,
        "b": 7.758434897847222,
        "u": 0,
        "d": 15.78373257880254
    },
    "rohannexialabs": {
        "p_n": 2.363211779900432,
        "f_b": -0.32945855299148974,
        "u_d": -17.165124497798615,
        "p": 9.295999589591588,
        "n": 6.932787809691156,
        "f": 7.949664423145627,
        "b": 8.279122976137117,
        "u": 0,
        "d": 17.165124497798615
    },
    "younas-bangash": {
        "p_n": 1.879239308464249,
        "f_b": -0.1808015923643591,
        "u_d": -14.630691029606766,
        "p": 9.013094729014878,
        "n": 7.133855420550629,
        "f": 7.983074278600574,
        "b": 8.163875870964933,
        "u": 0,
        "d": 14.630691029606766
    },
    "hendrawd": {
        "p_n": 1.9878078577378737,
        "f_b": -0.3317263914245805,
        "u_d": -15.302024696884711,
        "p": 8.980007819606731,
        "n": 6.992199961868858,
        "f": 7.820240695025505,
        "b": 8.151967086450085,
        "u": 0,
        "d": 15.302024696884711
    },
    "vanloc0301": {
        "p_n": 2.2437671927683986,
        "f_b": 0.455173086081718,
        "u_d": -15.308615390229976,
        "p": 8.791641802527295,
        "n": 6.547874609758896,
        "f": 7.897344749183954,
        "b": 7.442171663102236,
        "u": 0,
        "d": 15.308615390229976
    },
    "pawankumar01": {
        "p_n": 2.250359783941664,
        "f_b": -0.4246684044858533,
        "u_d": -17.24619412205736,
        "p": 9.398641544533604,
        "n": 7.1482817605919395,
        "f": 8.061127450319844,
        "b": 8.485795854805698,
        "u": 0,
        "d": 17.24619412205736
    },
    "SilvaEngComp": {
        "p_n": 2.603904821105562,
        "f_b": 0.3878442650663265,
        "u_d": -17.360090190827655,
        "p": 8.873570747352398,
        "n": 6.2696659262468355,
        "f": 7.76554046933278,
        "b": 7.377696204266454,
        "u": 0,
        "d": 17.360090190827655
    },
    "omryros": {
        "p_n": 2.2963459889452684,
        "f_b": -0.9491861522667921,
        "u_d": -17.48709321021533,
        "p": 9.1746015659155,
        "n": 6.878255576970232,
        "f": 7.55183549530947,
        "b": 8.501021647576263,
        "u": -17.48709321021533,
        "d": 0
    },
    "AngleV": {
        "p_n": 2.364532742968594,
        "f_b": -0.4357352422329557,
        "u_d": -16.22159322843999,
        "p": 8.881961213202125,
        "n": 6.517428470233531,
        "f": 7.4818272206013505,
        "b": 7.917562462834306,
        "u": 0,
        "d": 16.22159322843999
    },
    "cskilbeck": {
        "p_n": 2.225092929932698,
        "f_b": -0.24485762304600112,
        "u_d": -17.226489248478863,
        "p": 9.072370973901755,
        "n": 6.847278043969057,
        "f": 7.837395697412405,
        "b": 8.082253320458406,
        "u": 0,
        "d": 17.226489248478863
    },
    "amitsharma492": {
        "p_n": 2.597772710569185,
        "f_b": -0.5095862031527156,
        "u_d": -15.120382147608794,
        "p": 8.664209296701141,
        "n": 6.066436586131957,
        "f": 7.110529839840191,
        "b": 7.6201160429929065,
        "u": 0,
        "d": 15.120382147608794
    },
    "andsh": {
        "p_n": 1.8048114551186858,
        "f_b": 0.3345270274725616,
        "u_d": -16.656128841973093,
        "p": 9.025742792027723,
        "n": 7.220931336909037,
        "f": 8.29060057820466,
        "b": 7.956073550732099,
        "u": 0,
        "d": 16.656128841973093
    },
    "PhilLab": {
        "p_n": 1.7979676206936697,
        "f_b": -0.6340663434250082,
        "u_d": -16.83427255648095,
        "p": 9.15718697913744,
        "n": 7.359219358443771,
        "f": 7.941169997078102,
        "b": 8.57523634050311,
        "u": 0,
        "d": 16.83427255648095
    },
    "Bekakk": {
        "p_n": 2.890297343104252,
        "f_b": 0.33541904489204555,
        "u_d": -17.498834345972032,
        "p": 9.32588593465055,
        "n": 6.435588591546298,
        "f": 8.048446785544447,
        "b": 7.713027740652402,
        "u": -17.498834345972032,
        "d": 0
    },
    "ianschmitz": {
        "p_n": 1.8815216056987012,
        "f_b": -0.9042100382448979,
        "u_d": -17.356066505216155,
        "p": 9.022671870892992,
        "n": 7.141150265194291,
        "f": 7.629806048921193,
        "b": 8.53401608716609,
        "u": 0,