{
    "tkellen": {
        "p_n": 2.3985177813152134,
        "f_b": 0.3496485737369337,
        "u_d": -17.538390310161866,
        "p": 9.521837267063056,
        "n": 7.123319485747842,
        "f": 8.497402663273917,
        "b": 8.147754089536983,
        "u": 0,
        "d": 17.538390310161866
    },
    "jsoverson": {
        "p_n": 2.0191668186316987,
        "f_b": -0.4650135542509126,
        "u_d": -17.701945245973445,
        "p": 9.334819780886185,
        "n": 7.315652962254487,
        "f": 8.09272959444488,
        "b": 8.557743148695792,
        "u": 0,
        "d": 17.701945245973445
    },
    "sindresorhus": {
        "p_n": 2.412332509135811,
        "f_b": -0.5434205829146279,
        "u_d": -17.028469230080102,
        "p": 9.314097417679493,
        "n": 6.901764908543682,
        "f": 7.836220871654273,
        "b": 8.379641454568901,
        "u": 0,
        "d": 17.028469230080102
    },
    "cowboy": {
        "p_n": 2.158927328411268,
        "f_b": -0.5482646641451323,
        "u_d": -16.170969371595223,
        "p": 9.144207135971623,
        "n": 6.985279807560355,
        "f": 7.790611139693422,
        "b": 8.338875803838555,
        "u": 0,
        "d": 16.170969371595223
    },
    "mishoo": {
        "p_n": 2.0362834046329565,
        "f_b": -0.3478356903663764,
        "u_d": -15.64071572866999,
        "p": 9.022180216397063,
        "n": 6.985896811764106,
        "f": 7.830120668897396,
        "b": 8.177956359263773,
        "u": 0,
        "d": 15.64071572866999
    },
    "shama": {
        "p_n": 2.0379515147609997,
        "f_b": -0.777260249891933,
        "u_d": -16.714154596904365,
        "p": 9.14567016025877,
        "n": 7.107718645497771,
        "f": 7.738064277932304,
        "b": 8.515324527824237,
        "u": 0,
        "d": 16.714154596904365
    },
    "dylang": {
        "p_n": 2.138614313404428,
        "f_b": -0.46841693371390214,
        "u_d": -17.00772332571546,
        "p": 9.437142060746528,
        "n": 7.298527747342099,
        "f": 8.133626437187361,
        "b": 8.602043370901264,
        "u": 0,
        "d": 17.00772332571546
    },
    "mgol": {
        "p_n": 2.0902316388558457,
        "f_b": -0.9844056029340305,
        "u_d": -15.697843295307333,
        "p": 9.084042690729316,
        "n": 6.99381105187347,
        "f": 7.546724069834378,
        "b": 8.531129672768408,
        "u": 0,
        "d": 15.697843295307333
    },
    "robots4life": {
        "p_n": 2.3947438304245097,
        "f_b": -0.2995738285002858,
        "u_d": -17.632858288900586,
        "p": 9.059873704679475,
        "n": 6.665129874254966,
        "f": 7.7127148752170775,
        "b": 8.012288703717363,
        "u": 0,
        "d": 17.632858288900586
    },
    "akzhan": {
        "p_n": 2.254937546198682,
        "f_b": -0.529631417856967,
        "u_d": -17.291034537663734,
        "p": 9.475004303844818,
        "n": 7.220066757646136,
        "f": 8.082719821816994,
        "b": 8.612351239673961,
        "u": 0,
        "d": 17.291034537663734
    },
    "sorccu": {
        "p_n": 2.6615381480386375,
        "f_b": -0.7952407320474242,
        "u_d": -16.379440945408906,
        "p": 8.919730027257241,
        "n": 6.258191879218604,
        "f": 7.19134058721421,
        "b": 7.986581319261634,
        "u": 0,
        "d": 16.379440945408906
    },
    "mattkime": {
        "p_n": 2.5240320035700714,
        "f_b": -0.6393332672530869,
        "u_d": -16.78996513199827,
        "p": 9.46846729745274,
        "n": 6.944435293882669,
        "f": 7.886784662041161,
        "b": 8.526117929294248,
        "u": 0,
        "d": 16.78996513199827
    },
    "jamesplease": {
        "p_n": 2.07364454395099,
        "f_b": -0.5765454741642664,
        "u_d": -17.043887468475546,
        "p": 9.303561519388456,
        "n": 7.229916975437466,
        "f": 7.978466510330827,
        "b": 8.555011984495094,
        "u": 0,
        "d": 17.043887468475546
    },
    "b-long": {
        "p_n": 2.492622709214543,
        "f_b": -0.7605783587816424,
        "u_d": -15.289226973734612,
        "p": 9.012479581242227,
        "n": 6.519856872027684,
        "f": 7.385879047244134,
        "b": 8.146457406025776,
        "u": 0,
        "d": 15.289226973734612
    },
    "davidepedone": {
        "p_n": 3.014103998607437,
        "f_b": 0.2823677750170974,
        "u_d": -16.412590817122545,
        "p": 8.858737612708232,
        "n": 5.844633614100795,
        "f": 7.492869500913063,
        "b": 7.210501725895965,
        "u": 0,
        "d": 16.412590817122545
    },
    "mrmartineau": {
        "p_n": 2.852570217631774,
        "f_b": -0.23541649503807616,
        "u_d": -15.099608878347633,
        "p": 8.898242522138254,
        "n": 6.04567230450648,
        "f": 7.3542491658033295,
        "b": 7.589665660841406,
        "u": 0,
        "d": 15.099608878347633
    },
    "UltCombo": {
        "p_n": 2.0760647078897954,
        "f_b": -0.8432081692438302,
        "u_d": -16.99030098851634,
        "p": 9.144478595250895,
        "n": 7.0684138873611,
        "f": 7.684842156684082,
        "b": 8.528050325927913,
        "u": 0,
        "d": 16.99030098851634
    },
    "gspe": {
        "p_n": 2.40200470335649,
        "f_b": 0.18967491110437962,
        "u_d": -16.83935221505807,
        "p": 8.88273099343947,
        "n": 6.48072629008298,
        "f": 7.776566097313414,
        "b": 7.5868911862090345,
        "u": 0,
        "d": 16.83935221505807
    },
    "vladikoff": {
        "p_n": 2.1737596854380907,
        "f_b": -0.4663121180007739,
        "u_d": -17.552822960742,
        "p": 9.127829979413937,
        "n": 6.954070293975846,
        "f": 7.8077940776945045,
        "b": 8.274106195695278,
        "u": 0,
        "d": 17.552822960742
    },
    "XhmikosR": {
        "p_n": 2.3600646419235165,
        "f_b": -0.5877794777960998,
        "u_d": -17.38370578841002,
        "p": 9.18831158439525,
        "n": 6.828246942471733,
        "f": 7.714389524535441,
        "b": 8.30216900233154,
        "u": 0,
        "d": 17.38370578841002
    },
    "zmike86": {
        "p_n": 1.999081867384156,
        "f_b": 0.4204914249961922,
        "u_d": -15.42450581514131,
        "p": 8.908709302001274,
        "n": 6.909627434617118,
        "f": 8.119414080807292,
        "b": 7.6989226558111,
        "u": 0,
        "d": 15.42450581514131
    },
    "Baccanno": {
        "p_n": 2.029136413525519,
        "f_b": -0.7850837361744691,
        "u_d": -17.792318008020334,
        "p": 8.782425833696388,
        "n": 6.753289420170869,
        "f": 7.375315758846394,
        "b": 8.160399495020863,
        "u": 0,
        "d": 17.792318008020334
    },
    "Yokocapolo": {
        "p_n": 2.3178129254306956,
        "f_b": -0.6324917184360483,
        "u_d": -14.972610707635873,
        "p": 8.960829428545956,
        "n": 6.643016503115261,
        "f": 7.4856771066125845,
        "b": 8.118168825048633,
        "u": 0,
        "d": 14.972610707635873
    },
    "pythdasch": {
        "p_n": 2.718180814080899,
        "f_b": 0.12820508282414167,
        "u_d": -17.48676721436573,
        "p": 9.417383674720874,
        "n": 6.699202860639975,
        "f": 8.122395809092495,
        "b": 7.994190726268354,
        "u": -17.48676721436573,
        "d": 0
    },
    "alexlamsl": {
        "p_n": 2.319107484362595,
        "f_b": -0.3699202162806525,
        "u_d": -16.756551650445775,
        "p": 9.290465093482617,
        "n": 6.971357609120021,
        "f": 7.945951243160993,
        "b": 8.315871459441645,
        "u": 0,
        "d": 16.756551650445775
    },
    "avdg": {
        "p_n": 2.503821029891066,
        "f_b": -0.6207391808410039,
        "u_d": -16.414911022475454,
        "p": 9.230196285467818,
        "n": 6.726375255576752,
        "f": 7.667916180101783,
        "b": 8.288655360942787,
        "u": 0,
        "d": 16.414911022475454
    },