{
    "HansPinckaers": {
        "p_n": 2.162984987208265,
        "f_b": -0.20071091644424044,
        "u_d": -17.577288650018783,
        "p": 9.576022785356876,
        "n": 7.413037798148611,
        "f": 8.394174833530624,
        "b": 8.594885749974864,
        "u": 0,
        "d": 17.577288650018783
    },
    "truculent": {
        "p_n": 2.96011356482488,
        "f_b": 0.35012032055672293,
        "u_d": -17.811149169988774,
        "p": 8.997483690965414,
        "n": 6.037370126140534,
        "f": 7.692487068831335,
        "b": 7.342366748274612,
        "u": 0,
        "d": 17.811149169988774
    }
}