{
    "kr": {
        "p_n": 2.263060648401016,
        "f_b": -0.5996101911420197,
        "u_d": -16.88465620974969,
        "p": 9.26191779616636,
        "n": 6.998857147765344,
        "f": 7.830582376394842,
        "b": 8.430192567536862,
        "u": 0,
        "d": 16.88465620974969
    },
    "parkr": {
        "p_n": 2.2350456895161095,
        "f_b": -0.13388449334162544,
        "u_d": -17.495663447142235,
        "p": 9.22216262203388,
        "n": 6.98711693251777,
        "f": 8.037697530605012,
        "b": 8.171582023946637,
        "u": -17.495663447142235,
        "d": 0
    },
    "bgentry": {
        "p_n": 2.102958044429637,
        "f_b": -0.4546441628592044,
        "u_d": -17.530929921142466,
        "p": 9.234672702091238,
        "n": 7.131714657661601,
        "f": 7.9558715984468185,
        "b": 8.410515761306023,
        "u": 0,
        "d": 17.530929921142466
    },
    "brandur": {
        "p_n": 2.4209249478281487,
        "f_b": -0.23849992890853855,
        "u_d": -17.344403046853145,
        "p": 9.418655624845918,
        "n": 6.99773067701777,
        "f": 8.088943186477575,
        "b": 8.327443115386114,
        "u": 0,
        "d": 17.344403046853145
    },
    "markpundsack": {
        "p_n": 1.8114020062077767,
        "f_b": -0.7345281372492014,
        "u_d": -17.49130256307566,
        "p": 9.248027156265291,
        "n": 7.436625150057514,
        "f": 7.975062084536802,
        "b": 8.709590221786003,
        "u": -17.49130256307566,
        "d": 0
    },
    "max": {
        "p_n": 2.1331141147105495,
        "f_b": -0.6429665103456905,
        "u_d": -17.491503731008105,
        "p": 8.99394135789489,
        "n": 6.860827243184341,
        "f": 7.605901045366769,
        "b": 8.24886755571246,
        "u": -17.491503731008105,
        "d": 0
    },
    "catsby": {
        "p_n": 1.8685304312471178,
        "f_b": -0.3456732649219809,
        "u_d": -16.610034704333138,
        "p": 8.960689167671838,
        "n": 7.09215873642472,
        "f": 7.853587319587289,
        "b": 8.19926058450927,
        "u": 0,
        "d": 16.610034704333138
    },
    "danp": {
        "p_n": 2.1002278216071453,
        "f_b": -0.7698847582715365,
        "u_d": -17.37315578490286,
        "p": 9.07189328794602,
        "n": 6.971665466338875,
        "f": 7.63683699800668,
        "b": 8.406721756278216,
        "u": 0,
        "d": 17.37315578490286
    },
    "jdxcode": {
        "p_n": 2.3855682750242906,
        "f_b": -0.21031833335216277,
        "u_d": -17.49639674724007,
        "p": 9.476078530356586,
        "n": 7.090510255332296,
        "f": 8.17813522616836,
        "b": 8.388453559520523,
        "u": -17.49639674724007,
        "d": 0
    },
    "fdr": {
        "p_n": 2.471886928048047,
        "f_b": -0.45739207089696166,
        "u_d": -17.197312035822236,
        "p": 9.046863858440322,
        "n": 6.574976930392275,
        "f": 7.582224358967817,
        "b": 8.039616429864779,
        "u": 0,
        "d": 17.197312035822236
    },
    "esebastian": {
        "p_n": 2.2390120900374635,
        "f_b": -0.9181959587188118,
        "u_d": -17.658440150671783,
        "p": 9.099087583152853,
        "n": 6.8600754931153896,
        "f": 7.520483558774716,
        "b": 8.438679517493528,
        "u": 0,
        "d": 17.658440150671783
    },
    "bjeanes": {
        "p_n": 2.2567278766041037,
        "f_b": -1.0897264479583946,
        "u_d": -17.70868535571416,
        "p": 9.048577965825787,
        "n": 6.7918500892216835,
        "f": 7.3753508035445385,
        "b": 8.465077251502933,
        "u": 0,
        "d": 17.70868535571416
    }
}