{
    "hkellaway": {
        "p_n": 2.6860621346539837,
        "f_b": -0.2602668723408357,
        "u_d": -17.49481001558694,
        "p": 9.45746814381448,
        "n": 6.771406009160497,
        "f": 7.984303640317071,
        "b": 8.244570512657907,
        "u": -17.49481001558694,
        "d": 0
    },
    "morganchen12": {
        "p_n": 2.8585106140458905,
        "f_b": -0.5679359588321882,
        "u_d": -17.633162998227476,
        "p": 9.459073071929872,
        "n": 6.600562457883981,
        "f": 7.745849785490832,
        "b": 8.31378574432302,
        "u": 0,
        "d": 17.633162998227476
    },
    "ed-mejia": {
        "p_n": 2.4278180753592977,
        "f_b": -0.176293448285044,
        "u_d": -17.496358743033618,
        "p": 9.547408098368624,
        "n": 7.1195900230093265,
        "f": 8.245352336546453,
        "b": 8.421645784831497,
        "u": -17.496358743033618,
        "d": 0
    },
    "RahulKatariya": {
        "p_n": 2.2188710407938386,
        "f_b": -0.3499343217974431,
        "u_d": -17.0980520590766,
        "p": 9.206910331606949,
        "n": 6.98803929081311,
        "f": 7.922507650311308,
        "b": 8.272441972108751,
        "u": 0,
        "d": 17.0980520590766
    },
    "ryanschneider": {
        "p_n": 2.6389039071755658,
        "f_b": -0.7822415422263731,
        "u_d": -17.493713913905445,
        "p": 9.260522226113657,
        "n": 6.621618318938092,
        "f": 7.549949501412689,
        "b": 8.332191043639062,
        "u": -17.493713913905445,
        "d": 0
    },
    "tholo": {
        "p_n": 3.0361408217732855,
        "f_b": -0.5166645274166832,
        "u_d": -17.494317771571264,
        "p": 9.586799949166355,
        "n": 6.55065912739307,
        "f": 7.810397274571372,
        "b": 8.327061801988055,
        "u": -17.494317771571264,
        "d": 0
    },
    "ferusinfo": {
        "p_n": 1.8547889059409641,
        "f_b": -0.41567774059881657,
        "u_d": -17.495446844064467,
        "p": 9.275950308720386,
        "n": 7.421161402779422,
        "f": 8.140716985450496,
        "b": 8.556394726049312,
        "u": -17.495446844064467,
        "d": 0
    },
    "rbukovansky": {
        "p_n": 2.1499677438247264,
        "f_b": 0.17882427660090272,
        "u_d": -17.495284423220095,
        "p": 9.304338714512188,
        "n": 7.154370970687461,
        "f": 8.318766980900275,
        "b": 8.139942704299372,
        "u": -17.495284423220095,
        "d": 0
    },
    "Progern": {
        "p_n": 2.7216538357579676,
        "f_b": 0.007431317322399877,
        "u_d": -17.498712541309075,
        "p": 9.503898009116362,
        "n": 6.782244173358395,
        "f": 8.146786749898578,
        "b": 8.139355432576178,
        "u": -17.498712541309075,
        "d": 0
    },
    "haiderashfaq": {
        "p_n": 3.056845069579495,
        "f_b": 0.3424217860751,
        "u_d": -17.454243785082323,
        "p": 9.539375981907327,
        "n": 6.482530912327832,
        "f": 8.18216434015513,
        "b": 7.839742554080029,
        "u": -17.454243785082323,
        "d": 0
    },
    "Blackjacx": {
        "p_n": 2.642904013366696,
        "f_b": 0.33056223508259563,
        "u_d": -16.752517788166223,
        "p": 9.679286753236646,
        "n": 7.03638273986995,
        "f": 8.523115864094596,
        "b": 8.192553629012,
        "u": 0,
        "d": 16.752517788166223
    }
}