{
    "mirabajer": {
        "p_n": 2.4679635629735213,
        "f_b": -0.6710747019801815,
        "u_d": -15.565422812598664,
        "p": 9.156135407386977,
        "n": 6.688171844413455,
        "f": 7.586616274910124,
        "b": 8.257690976890306,
        "u": 0,
        "d": 15.565422812598664
    },
    "thany": {
        "p_n": 2.508951395746786,
        "f_b": -0.5068659326571208,
        "u_d": -17.88713743165824,
        "p": 9.514457414762983,
        "n": 7.005506019016197,
        "f": 8.00654875056103,
        "b": 8.513414683218151,
        "u": 0,
        "d": 17.88713743165824
    }
}