{
    "hokein": {
        "p_n": 1.69643197669539,
        "f_b": -0.6119935232858893,
        "u_d": -16.906128956791346,
        "p": 9.355647446174462,
        "n": 7.659215469479072,
        "f": 8.201434696183822,
        "b": 8.813428219469712,
        "u": 0,
        "d": 16.906128956791346
    }
}