{
    "hpneo": {
        "p_n": 1.848272208504289,
        "f_b": -0.6638245005251253,
        "u_d": -17.4941220399715,
        "p": 9.291290569272682,
        "n": 7.443018360768393,
        "f": 8.035242214757975,
        "b": 8.6990667152831,
        "u": -17.4941220399715,
        "d": 0
    },
    "xenda": {
        "p_n": 2.1947811586240036,
        "f_b": -0.1522562934539593,
        "u_d": -17.468328119274084,
        "p": 9.485439014015924,
        "n": 7.29065785539192,
        "f": 8.311920287976942,
        "b": 8.464176581430902,
        "u": -17.468328119274084,
        "d": 0
    },
    "frodsan": {
        "p_n": 2.722899133227685,
        "f_b": 1.0072751369269382,
        "u_d": -17.460087261242325,
        "p": 9.223889198925383,
        "n": 6.500990065697698,
        "f": 8.36607720077501,
        "b": 7.358802063848072,
        "u": -17.460087261242325,
        "d": 0
    },
    "jpscaletti": {
        "p_n": 2.6934140590908804,
        "f_b": 0.9952015564001986,
        "u_d": -17.461047228441107,
        "p": 9.240081897694576,
        "n": 6.546667838603696,
        "f": 8.390975646349236,
        "b": 7.395774089949038,
        "u": -17.461047228441107,
        "d": 0
    },
    "npepinpe": {
        "p_n": 2.9952463385166777,
        "f_b": -0.44467782614943996,
        "u_d": -17.119642298403754,
        "p": 9.314780881584877,
        "n": 6.319534543068199,
        "f": 7.594818799251818,
        "b": 8.039496625401258,
        "u": 0,
        "d": 17.119642298403754
    },
    "bradgreens": {
        "p_n": 1.8825759317533057,
        "f_b": -0.8865134346946224,
        "u_d": -17.487573933961084,
        "p": 9.23037107968746,
        "n": 7.347795147934154,
        "f": 7.8458263964634956,
        "b": 8.732339831158118,
        "u": -17.487573933961084,
        "d": 0
    },
    "RelativeMedia": {
        "p_n": 2.1842326590966703,
        "f_b": 0.015295021168372003,
        "u_d": -17.42588506104343,
        "p": 9.5039105656556,
        "n": 7.31967790655893,
        "f": 8.41944174669145,
        "b": 8.404146725523079,
        "u": -17.42588506104343,
        "d": 0
    },
    "walterdavis": {
        "p_n": 2.85436768919629,
        "f_b": -0.6738311760411229,
        "u_d": -16.36902457298938,
        "p": 9.230180495335766,
        "n": 6.375812806139476,
        "f": 7.466081062717059,
        "b": 8.139912238758182,
        "u": 0,
        "d": 16.36902457298938
    },
    "codingkloud": {
        "p_n": 2.086612199858841,
        "f_b": 0.18729566229498573,
        "u_d": -17.482944444964208,
        "p": 9.4008556696258,
        "n": 7.314243469766959,
        "f": 8.451197400843872,
        "b": 8.263901738548887,
        "u": -17.482944444964208,
        "d": 0
    },
    "codetrash": {
        "p_n": 2.405419526750152,
        "f_b": 0.560736586585759,
        "u_d": -17.47935102731131,
        "p": 9.311418301657307,
        "n": 6.905998774907155,
        "f": 8.38907683157511,
        "b": 7.828340244989351,
        "u": -17.47935102731131,
        "d": 0
    },
    "reinos": {
        "p_n": 1.6292758316015519,
        "f_b": -0.6293714214550281,
        "u_d": -17.485982705430697,
        "p": 8.997747740719905,
        "n": 7.3684719091183535,
        "f": 7.868424114191615,
        "b": 8.497795535646643,
        "u": -17.485982705430697,
        "d": 0
    },
    "zhanghuanhuanlive": {
        "p_n": 2.154938904065892,
        "f_b": -0.7615693488563977,
        "u_d": -15.727308229381647,
        "p": 9.538130794959795,
        "n": 7.383191890893903,
        "f": 8.079876668498649,
        "b": 8.841446017355047,
        "u": 0,
        "d": 15.727308229381647
    },
    "marlonlom": {
        "p_n": 2.2730824667903065,
        "f_b": -0.5423628357655659,
        "u_d": -17.850163047417276,
        "p": 9.264263584417046,
        "n": 6.9911811176267395,
        "f": 7.85654093313911,
        "b": 8.398903768904676,
        "u": 0,
        "d": 17.850163047417276
    },
    "guilambert": {
        "p_n": 1.6807468696885959,
        "f_b": -0.6702413458180807,
        "u_d": -17.456163818357588,
        "p": 9.37758189048061,
        "n": 7.6968350207920135,
        "f": 8.202087782727272,
        "b": 8.872329128545353,
        "u": -17.456163818357588,
        "d": 0
    },
    "xcrap": {
        "p_n": 1.947943866344298,
        "f_b": -0.5153247671732668,
        "u_d": -17.48241559064006,
        "p": 9.36506366039336,
        "n": 7.4171197940490625,
        "f": 8.133429343634578,
        "b": 8.648754110807845,
        "u": -17.48241559064006,
        "d": 0
    },
    "mkuehn": {
        "p_n": 3.033734881769991,
        "f_b": 0.02881193928285697,
        "u_d": -17.3362777002882,
        "p": 9.637822572260168,
        "n": 6.604087690490177,
        "f": 8.135361101016601,
        "b": 8.106549161733744,
        "u": 0,
        "d": 17.3362777002882
    },
    "NunoBentes": {
        "p_n": 1.9092091989058577,
        "f_b": -0.1198330164280268,
        "u_d": -17.816658964341343,
        "p": 9.443152131360646,
        "n": 7.533942932454789,
        "f": 8.428631023693704,
        "b": 8.548464040121731,
        "u": 0,
        "d": 17.816658964341343
    },
    "joseporcel": {
        "p_n": 2.07053233755704,
        "f_b": 0.24391753369953229,
        "u_d": -17.546384310352767,
        "p": 8.806437429033899,
        "n": 6.735905091476859,
        "f": 7.893130027105145,
        "b": 7.649212493405613,
        "u": 0,
        "d": 17.546384310352767
    },
    "1-14x0r": {
        "p_n": 1.8414228856729338,
        "f_b": -0.7147465115978164,
        "u_d": -17.47690026816723,
        "p": 9.186493398977019,
        "n": 7.345070513304085,
        "f": 7.908408700341644,
        "b": 8.62315521193946,
        "u": -17.47690026816723,
        "d": 0
    },
    "brunowego": {
        "p_n": 2.0604626466243214,
        "f_b": 0.4336247481696551,
        "u_d": -17.494404370614195,
        "p": 9.158531388844025,
        "n": 7.098068742219704,
        "f": 8.345112439616692,
        "b": 7.911487691447037,
        "u": -17.494404370614195,
        "d": 0
    },
    "mtiasp": {
        "p_n": 1.5787488754443828,
        "f_b": -0.8496098210338943,
        "u_d": -17.5316108213035,
        "p": 9.127493100202916,
        "n": 7.548744224758533,
        "f": 7.913313751963777,
        "b": 8.762923572997671,
        "u": 0,
        "d": 17.5316108213035
    },
    "gkatsanos": {
        "p_n": 2.4187992702069536,
        "f_b": -0.8541345248256587,
        "u_d": -17.47658331331786,
        "p": 9.522258078719794,
        "n": 7.1034588085128405,
        "f": 7.885791181203487,
        "b": 8.739925706029146,
        "u": -17.47658331331786,
        "d": 0
    },
    "Hyrwing": {
        "p_n": 1.9629138401471993,
        "f_b": 0.0465895036059365,
        "u_d": -17.440520724615013,
        "p": 9.524273372810244,
        "n": 7.561359532663045,
        "f": 8.566111204539613,
        "b": 8.519521700933677,
        "u": -17.440520724615013,
        "d": 0
    },
    "WickyNilliams": {
        "p_n": 2.7897946259751585,
        "f_b": 0.21367332408718553,
        "u_d": -17.305049721462513,
        "p": 9.617808401159536,
        "n": 6.8280137751843775,
        "f": 8.32974775021555,
        "b": 8.116074426128364,
        "u": 0,
        "d": 17.305049721462513
    },
    "icebergdelphi": {
        "p_n": 2.1637159584637953,
        "f_b": 0.1247844444917714,
        "u_d": -17.746283588972247,
        "p": 9.366348168152058,
        "n": 7.202632209688263,
        "f": 8.346882411166046,
        "b": 8.222097966674275,
        "u": 0,
        "d": 17.746283588972247
    },
    "fabianoalmeida": {
        "p_n": 2.2736285265364575,
        "f_b": -0.3095605293081096,
        "u_d": -17.435652633592618,
        "p": 9.364424777707123,
        "n": 7.090796251170666,
        "f": 8.07283024978484,
        "b": 8.38239077909295,
        "u": -17.435652633592618,