{
    "deadprogram": {
        "p_n": 2.0015268349948627,
        "f_b": 0.04022177704548824,
        "u_d": -17.495237148729686,
        "p": 9.490127704557182,
        "n": 7.488600869562319,
        "f": 8.509475175582494,
        "b": 8.469253398537006,
        "u": -17.495237148729686,
        "d": 0
    },
    "zankich": {
        "p_n": 1.7442280343751015,
        "f_b": -0.4268941614058157,
        "u_d": -17.489874458468073,
        "p": 9.102087608758891,
        "n": 7.35785957438379,
        "f": 8.016526510868433,
        "b": 8.443420672274248,
        "u": -17.489874458468073,
        "d": 0
    },
    "solojavier": {
        "p_n": 2.41981073589616,
        "f_b": -0.1433313289170961,
        "u_d": -17.48737999708719,
        "p": 9.535841938639038,
        "n": 7.116031202742878,
        "f": 8.25427090623241,
        "b": 8.397602235149506,
        "u": -17.48737999708719,
        "d": 0
    },
    "coveralls": {
        "p_n": 2.1382140739906372,
        "f_b": 0.9418627228385157,
        "u_d": -17.48574789573519,
        "p": 9.002164735486298,
        "n": 6.863950661495661,
        "f": 8.403989059910238,
        "b": 7.462126337071722,
        "u": -17.48574789573519,
        "d": 0
    },
    "tangsoft": {
        "p_n": 2.1939816847562597,
        "f_b": 0.3194480954510439,
        "u_d": -14.211783766563755,
        "p": 8.652245567300483,
        "n": 6.458263882544223,
        "f": 7.714978772647875,
        "b": 7.395530677196831,
        "u": 0,
        "d": 14.211783766563755
    },
    "nathany": {
        "p_n": 1.85353033331406,
        "f_b": -0.11984395062746067,
        "u_d": -15.64510501921369,
        "p": 8.93942509119432,
        "n": 7.08589475788026,
        "f": 7.952737949223559,
        "b": 8.07258189985102,
        "u": 0,
        "d": 15.64510501921369
    },
    "trevrosen": {
        "p_n": 2.366746152805119,
        "f_b": -0.09109697403704509,
        "u_d": -17.911538445128677,
        "p": 9.38454611692678,
        "n": 7.017799964121661,
        "f": 8.155624553505698,
        "b": 8.246721527542743,
        "u": 0,
        "d": 17.911538445128677
    },
    "Bazmundi": {
        "p_n": 1.87028021150258,
        "f_b": -0.37319185275242894,
        "u_d": -16.626730573157232,
        "p": 8.881326519484142,
        "n": 7.011046307981562,
        "f": 7.759590487356638,
        "b": 8.132782340109067,
        "u": 0,
        "d": 16.626730573157232
    },
    "AndersonTaylor": {
        "p_n": 2.206500148224558,
        "f_b": 0.9683223947288262,
        "u_d": -17.494270595784123,
        "p": 8.869227404741668,
        "n": 6.66272725651711,
        "f": 8.250138527993801,
        "b": 7.281816133264975,
        "u": -17.494270595784123,
        "d": 0
    },
    "matipan": {
        "p_n": 1.819693011484814,
        "f_b": 0.41501333048110745,
        "u_d": -17.48163011827883,
        "p": 8.981253511170737,
        "n": 7.161560499685923,
        "f": 8.278913670668883,
        "b": 7.863900340187776,
        "u": -17.48163011827883,
        "d": 0
    },
    "mattetti": {
        "p_n": 2.4139497026754277,
        "f_b": -0.5260173602901776,
        "u_d": -17.42310095209921,
        "p": 9.136309395309286,
        "n": 6.722359692633859,
        "f": 7.666325863826483,
        "b": 8.19234322411666,
        "u": 0,
        "d": 17.42310095209921
    },
    "kennylevinsen": {
        "p_n": 2.806789527174847,
        "f_b": -0.3567045061133003,
        "u_d": -14.432345135836643,
        "p": 9.217993809449647,
        "n": 6.4112042822748,
        "f": 7.636246792805573,
        "b": 7.992951298918873,
        "u": 0,
        "d": 14.432345135836643
    },
    "deadjoe": {
        "p_n": 2.041584525944315,
        "f_b": 0.9929839298199212,
        "u_d": -17.495938983484322,
        "p": 8.9005219981427,
        "n": 6.858937472198385,
        "f": 8.376221700080503,
        "b": 7.383237770260582,
        "u": -17.495938983484322,
        "d": 0
    },
    "sgilani": {
        "p_n": 2.5218214052213384,
        "f_b": -0.1199169994942606,
        "u_d": -15.942968391524564,
        "p": 8.748391235991011,
        "n": 6.226569830769673,
        "f": 7.427522033633212,
        "b": 7.547439033127473,
        "u": 0,
        "d": 15.942968391524564
    },
    "cathalgarvey": {
        "p_n": 2.3842407535414623,
        "f_b": -0.395969411117818,
        "u_d": -17.97430635862534,
        "p": 9.19605718198612,
        "n": 6.811816428444658,
        "f": 7.80595209965648,
        "b": 8.201921510774298,
        "u": 0,
        "d": 17.97430635862534
    },
    "billettc": {
        "p_n": 2.258058420399621,
        "f_b": 1.4214651222074437,
        "u_d": -16.05786205053231,
        "p": 8.301847352074068,
        "n": 6.043788931674447,
        "f": 7.883550702977979,
        "b": 6.462085580770536,
        "u": 0,
        "d": 16.05786205053231
    },
    "abourget": {
        "p_n": 2.8147583449599827,
        "f_b": -0.21281774355460747,
        "u_d": -16.754296768874756,
        "p": 9.565539544260794,
        "n": 6.750781199300811,
        "f": 8.0517515000035,
        "b": 8.264569243558107,
        "u": 0,
        "d": 16.754296768874756
    },
    "ryanhatfield": {
        "p_n": 2.2713060047017404,
        "f_b": -0.7619776435928411,
        "u_d": -17.131243266387568,
        "p": 9.130329873079221,
        "n": 6.859023868377481,
        "f": 7.61368804893193,
        "b": 8.375665692524771,
        "u": 0,
        "d": 17.131243266387568
    },
    "erkkah": {
        "p_n": 2.1597906299658467,
        "f_b": -0.4459863145192937,
        "u_d": -16.997247865891044,
        "p": 9.349649302066915,
        "n": 7.189858672101068,
        "f": 8.046760829824345,
        "b": 8.492747144343639,
        "u": 0,
        "d": 16.997247865891044
    },
    "nilskuhn": {
        "p_n": 1.75755361754456,
        "f_b": -0.454254498854759,
        "u_d": -15.507738001773628,
        "p": 8.22121794591914,
        "n": 6.46366432837458,
        "f": 7.115313887719481,
        "b": 7.56956838657424,
        "u": 0,
        "d": 15.507738001773628
    },
    "hrishikesh195": {
        "p_n": 2.0426283370297007,
        "f_b": -0.23391418613210124,
        "u_d": -15.121383594753269,
        "p": 8.832232730837934,
        "n": 6.789604393808233,
        "f": 7.693961469257032,
        "b": 7.927875655389133,
        "u": 0,
        "d": 15.121383594753269
    },
    "devfubar": {
        "p_n": 2.598292540487704,
        "f_b": 0.018280784794859173,
        "u_d": -17.86236931654675,
        "p": 9.436761831928717,
        "n": 6.838469291441013,
        "f": 8.146755954082295,
        "b": 8.128475169287436,
        "u": 0,
        "d": 17.86236931654675
    },
    "dsockwell": {
        "p_n": 1.954830692048942,
        "f_b": -0.45202771857814295,
        "u_d": -15.923800526403033,
        "p": 8.960484291563638,
        "n": 7.005653599514696,
        "f": 7.757055086250095,
        "b": 8.209082804828238,
        "u": 0,
        "d": 15.923800526403033
    },
    "lyrixx": {
        "p_n": 1.8741732110344484,
        "f_b": 0.026597839588269778,
        "u_d": -17.453037580800192,
        "p": 8.764196514776184,
        "n": 6.890023303741736,
        "f": 7.840408829053095,
        "b": 7.813810989464825,
        "u": -17.453037580800192,
        "d": 0
    },
    "th002": {
        "p_n": 1.9968842744016726,
        "f_b": 0.5792956928771016,
        "u_d": -15.660134866876751,
        "p": 8.890715373428364,
        "n": 6.893831099026691,
        "f": 8.181921082666078,
        "b": 7.602625389788976,
        "u": 0,
        "d": 15.660134866876751
    },
    "rraulinio": {
        "p_n": 2.1763616695756554,
        "f_b": 0.21423960250807994,
        "u_d": -16.93423499589622,
        "p": 9.280950935377213,
        "n": 7.1045892658015575,
        "f": 8.299889901843425,
        "b": 8.085650299335345,
        "u": 0,
        "d": 16.93423499589622
    },