{
    "gnawux": {
        "p_n": 1.8178599038964602,
        "f_b": -0.1861308072603869,
        "u_d": -16.325787286602782,
        "p": 8.830983660315994,
        "n": 7.0131237564195334,
        "f": 7.828988304737569,
        "b": 8.015119111997956,
        "u": 0,
        "d": 16.325787286602782
    },
    "carmark": {
        "p_n": 1.877718720611404,
        "f_b": -0.2895197170550272,
        "u_d": -17.989069498056466,
        "p": 9.133080624626178,
        "n": 7.255361904014774,
        "f": 8.049461405792963,
        "b": 8.33898112284799,
        "u": 0,
        "d": 17.989069498056466
    },
    "Jimmy-Xu": {
        "p_n": 1.9665119261176454,
        "f_b": -0.21812625240206351,
        "u_d": -15.067790670094025,
        "p": 8.877459306232808,
        "n": 6.910947380115163,
        "f": 7.7851402169729536,
        "b": 8.003266469375017,
        "u": 0,
        "d": 15.067790670094025
    },
    "henrysher": {
        "p_n": 1.5945745594270928,
        "f_b": -0.16315879121785493,
        "u_d": -16.9256884394405,
        "p": 8.712974345087536,
        "n": 7.1183997856604435,
        "f": 7.8341076697650625,
        "b": 7.997266460982917,
        "u": 0,
        "d": 16.9256884394405
    },
    "gao-feng": {
        "p_n": 1.7905189313773118,
        "f_b": 0.1571257682504088,
        "u_d": -16.88907150779275,
        "p": 8.492491464209497,
        "n": 6.701972532832185,
        "f": 7.675794882646045,
        "b": 7.518669114395636,
        "u": 0,
        "d": 16.88907150779275
    },
    "hustcat": {
        "p_n": 2.4049813168668503,
        "f_b": 0.7079885959937169,
        "u_d": -17.200729813935414,
        "p": 8.690654494002215,
        "n": 6.285673177135365,
        "f": 7.842158133565649,
        "b": 7.134169537571932,
        "u": 0,
        "d": 17.200729813935414
    },
    "PRADEEPKJ": {
        "p_n": 1.8070698281011417,
        "f_b": 0.004155086545155839,
        "u_d": -17.493529983062906,
        "p": 8.682333926984613,
        "n": 6.875264098883472,
        "f": 7.78087655620662,
        "b": 7.776721469661465,
        "u": -17.493529983062906,
        "d": 0
    },
    "Gnep": {
        "p_n": 2.4497962579832553,
        "f_b": 0.35992551812182416,
        "u_d": -17.49676617479576,
        "p": 9.287628116877698,
        "n": 6.837831858894443,
        "f": 8.242692746946982,
        "b": 7.882767228825158,
        "u": -17.49676617479576,
        "d": 0
    },
    "junoyoon": {
        "p_n": 1.7896826140164688,
        "f_b": 0.06458062840314671,
        "u_d": -14.927383451789018,
        "p": 8.519257793794289,
        "n": 6.72957517977782,
        "f": 7.656706800987627,
        "b": 7.59212617258448,
        "u": 0,
        "d": 14.927383451789018
    },
    "feiskyer": {
        "p_n": 1.9379952331293042,
        "f_b": 0.31211015839012735,
        "u_d": -16.240441719565556,
        "p": 8.678505767036807,
        "n": 6.740510533907503,
        "f": 7.865563229667218,
        "b": 7.553453071277091,
        "u": 0,
        "d": 16.240441719565556
    },
    "shimiaofeng": {
        "p_n": 2.252034581308992,
        "f_b": 0.609170923008735,
        "u_d": -16.80739797915322,
        "p": 8.683822438816136,
        "n": 6.431787857507144,
        "f": 7.862390609666008,
        "b": 7.253219686657273,
        "u": 0,
        "d": 16.80739797915322
    },
    "puresoul": {
        "p_n": 2.806359088720752,
        "f_b": -0.4782344308028499,
        "u_d": -16.661413721701017,
        "p": 8.690182815034303,
        "n": 5.883823726313551,
        "f": 7.047886055272502,
        "b": 7.526120486075352,
        "u": 0,
        "d": 16.661413721701017
    },
    "laijs": {
        "p_n": 2.0570862823890614,
        "f_b": -0.2318841823310107,
        "u_d": -16.782483979180423,
        "p": 8.782741837429185,
        "n": 6.725655555040124,
        "f": 7.638256605069149,
        "b": 7.870140787400159,
        "u": 0,
        "d": 16.782483979180423
    },
    "ghost": {
        "p_n": 2.142102338409593,
        "f_b": 0.37648634136383663,
        "u_d": -16.78503141889116,
        "p": 8.824080806883202,
        "n": 6.681978468473609,
        "f": 7.941272808360324,
        "b": 7.5647864669964875,
        "u": 0,
        "d": 16.78503141889116
    },
    "xiaods": {
        "p_n": 2.2420295789891895,
        "f_b": 0.20677502090101996,
        "u_d": -16.484510286968938,
        "p": 8.46564010063572,
        "n": 6.223610521646531,
        "f": 7.448012821591636,
        "b": 7.241237800690616,
        "u": 0,
        "d": 16.484510286968938
    },
    "danielbodart": {
        "p_n": 1.940985490621844,
        "f_b": 0.04808531476481992,
        "u_d": -17.557350682478962,
        "p": 8.55883265904401,
        "n": 6.617847168422165,
        "f": 7.612382571115497,
        "b": 7.564297256350677,
        "u": 0,
        "d": 17.557350682478962
    },
    "CMGS": {
        "p_n": 2.1556680460168742,
        "f_b": -0.12289632153742858,
        "u_d": -17.407300088663217,
        "p": 9.215881933499332,
        "n": 7.060213887482458,
        "f": 8.076599749722181,
        "b": 8.19949607125961,
        "u": -17.407300088663217,
        "d": 0
    },
    "zhengxiaochuan-3": {
        "p_n": 2.184985089688203,
        "f_b": 1.028287487293257,
        "u_d": -16.93500661198766,
        "p": 8.780866636529053,
        "n": 6.59588154684085,
        "f": 8.20251783533158,
        "b": 7.174230348038323,
        "u": 0,
        "d": 16.93500661198766
    },
    "crook": {
        "p_n": 1.719088276155242,
        "f_b": -0.4482281095586611,
        "u_d": -16.555846151757983,
        "p": 8.44064371556562,
        "n": 6.721555439410379,
        "f": 7.356985522708669,
        "b": 7.80521363226733,
        "u": 0,
        "d": 16.555846151757983
    },
    "ptptptptptpt": {
        "p_n": 2.039668829471333,
        "f_b": 1.0423922341679823,
        "u_d": -17.121765222081365,
        "p": 8.76534034826547,
        "n": 6.725671518794137,
        "f": 8.266702050613794,
        "b": 7.224309816445812,
        "u": 0,
        "d": 17.121765222081365
    },
    "bergwolf": {
        "p_n": 1.937669113045855,
        "f_b": 0.09407393588847501,
        "u_d": -16.294224645933735,
        "p": 8.515713038879193,
        "n": 6.578043925833338,
        "f": 7.5939154503005035,
        "b": 7.4998415144120285,
        "u": 0,
        "d": 16.294224645933735
    },
    "zenny": {
        "p_n": 2.057297741193114,
        "f_b": 0.553678737186071,
        "u_d": -16.95772532503038,
        "p": 8.535787891681984,
        "n": 6.47849015048887,
        "f": 7.783978389678463,
        "b": 7.230299652492392,
        "u": 0,
        "d": 16.95772532503038
    },
    "Crazykev": {
        "p_n": 2.031638927931928,
        "f_b": -0.13402600015889465,
        "u_d": -15.655460497476403,
        "p": 8.70580188874446,
        "n": 6.674162960812533,
        "f": 7.62296942469905,
        "b": 7.756995424857944,
        "u": 0,
        "d": 15.655460497476403
    },
    "daehyeok": {
        "p_n": 2.2358101792018754,
        "f_b": 0.7064318043453284,
        "u_d": -15.782108411706625,
        "p": 8.372155261907235,
        "n": 6.136345082705359,
        "f": 7.607466074478962,
        "b": 6.901034270133634,
        "u": 0,
        "d": 15.782108411706625
    },
    "jgillich": {
        "p_n": 1.693835386445853,
        "f_b": 0.8856581730703494,
        "u_d": -16.876463827611587,
        "p": 8.469084592471535,
        "n": 6.775249206025682,
        "f": 8.064995985783783,
        "b": 7.179337812713434,
        "u": 0,
        "d": 16.876463827611587
    },
    "Ddnirvana": {
        "p_n": 2.0655600864005113,
        "f_b": 0.6078292706151469,
        "u_d": -16.590092234306766,
        "p": 8.63909818489997,
        "n": 6.5735380984994585,
        "f": 7.9102327770072876,
        "b": 7.302403506392141,
        "u": 0,
        "d": 16.590092234306766
    },