{
    "tevans": {
        "p_n": 1.9355063395737684,
        "f_b": -0.3598795020100347,
        "u_d": -17.58802352490126,
        "p": 9.372724697965195,
        "n": 7.437218358391426,
        "f": 8.225031777173292,
        "b": 8.584911279183327,
        "u": 0,
        "d": 17.58802352490126
    },
    "Flowdalic": {
        "p_n": 1.9479751141445885,
        "f_b": -0.6587290966437767,
        "u_d": -17.458836923336463,
        "p": 9.27045365146051,
        "n": 7.322478537315922,
        "f": 7.967101546066328,
        "b": 8.625830642710104,
        "u": 0,
        "d": 17.458836923336463
    },
    "sco0ter": {
        "p_n": 2.273911159856473,
        "f_b": -0.861863033421133,
        "u_d": -16.743448570934927,
        "p": 9.149893891976683,
        "n": 6.87598273212021,
        "f": 7.58200679533788,
        "b": 8.443869828759013,
        "u": 0,
        "d": 16.743448570934927
    },
    "SvenBunge": {
        "p_n": 1.8179925217403206,
        "f_b": -0.7471809856360085,
        "u_d": -17.85671561070158,
        "p": 9.123096285989623,
        "n": 7.305103764249303,
        "f": 7.840509532301459,
        "b": 8.587690517937467,
        "u": 0,
        "d": 17.85671561070158
    },
    "akrherz": {
        "p_n": 1.8753955054699443,
        "f_b": -0.06618478805200745,
        "u_d": -17.4820369811828,
        "p": 9.263538982622688,
        "n": 7.388143477152743,
        "f": 8.292748835861712,
        "b": 8.35893362391372,
        "u": -17.4820369811828,
        "d": 0
    },
    "aberenguel": {
        "p_n": 2.029317009740102,
        "f_b": -1.0784320811705932,
        "u_d": -16.909785465837956,
        "p": 9.05846090987442,
        "n": 7.029143900134318,
        "f": 7.5045863644190725,
        "b": 8.583018445589666,
        "u": 0,
        "d": 16.909785465837956
    },
    "deleolajide": {
        "p_n": 1.8420533153960044,
        "f_b": -0.621405538206294,
        "u_d": -17.76062754457364,
        "p": 9.171731732541726,
        "n": 7.329678417145722,
        "f": 7.940002305740577,
        "b": 8.56140784394687,
        "u": 0,
        "d": 17.76062754457364
    },
    "pkonecki": {
        "p_n": 2.294553133664735,
        "f_b": -0.3999339023662358,
        "u_d": -17.45594535714739,
        "p": 9.199209889448014,
        "n": 6.904656755783279,
        "f": 7.851966371432528,
        "b": 8.251900273798764,
        "u": -17.45594535714739,
        "d": 0
    },
    "dwd": {
        "p_n": 2.639040323233936,
        "f_b": -0.22392807597749886,
        "u_d": -16.67793543341421,
        "p": 9.360866360841925,
        "n": 6.721826037607989,
        "f": 7.929382161236207,
        "b": 8.153310237213706,
        "u": 0,
        "d": 16.67793543341421
    },
    "Redor": {
        "p_n": 2.083627189916175,
        "f_b": -1.0004870913135342,
        "u_d": -17.762400539252976,
        "p": 9.097792967766946,
        "n": 7.014165777850771,
        "f": 7.555735827152091,
        "b": 8.556222918465625,
        "u": 0,
        "d": 17.762400539252976
    },
    "guusdk": {
        "p_n": 2.185278422752015,
        "f_b": -0.6456377144890659,
        "u_d": -17.698692009746495,
        "p": 9.33750167082377,
        "n": 7.1522232480717545,
        "f": 7.922043602203228,
        "b": 8.567681316692294,
        "u": 0,
        "d": 17.698692009746495
    },
    "godly": {
        "p_n": 1.8026754335235644,
        "f_b": -0.7976866943288599,
        "u_d": -17.49619417432767,
        "p": 9.085267291104289,
        "n": 7.282591857580725,
        "f": 7.785086227178077,
        "b": 8.582772921506937,
        "u": -17.49619417432767,
        "d": 0
    },
    "speedy01": {
        "p_n": 2.3611370570233063,
        "f_b": -0.4461457679291856,
        "u_d": -15.579472200136617,
        "p": 9.252550538629775,
        "n": 6.8914134816064685,
        "f": 7.848909126153528,
        "b": 8.295054894082714,
        "u": 0,
        "d": 15.579472200136617
    },
    "yigubigu": {
        "p_n": 2.287216452910047,
        "f_b": 0.17509132647708725,
        "u_d": -16.294411811597822,
        "p": 8.931604341398096,
        "n": 6.6443878884880485,
        "f": 7.875541778181616,
        "b": 7.700450451704529,
        "u": 0,
        "d": 16.294411811597822
    },
    "wrooot": {
        "p_n": 2.282325829076221,
        "f_b": -0.38126495677411754,
        "u_d": -16.263606052839734,
        "p": 9.33928565056695,
        "n": 7.056959821490729,
        "f": 8.00749025764178,
        "b": 8.388755214415898,
        "u": 0,
        "d": 16.263606052839734
    },
    "trumpetx": {
        "p_n": 2.338390315230006,
        "f_b": -0.7508944223664269,
        "u_d": -17.502743685821468,
        "p": 8.996463947003996,
        "n": 6.6580736317739895,
        "f": 7.451821578205779,
        "b": 8.202716000572206,
        "u": 0,
        "d": 17.502743685821468
    },
    "GregDThomas": {
        "p_n": 2.0624182253500933,
        "f_b": -0.8383893439292152,
        "u_d": -16.55105687957662,
        "p": 9.065157546393785,
        "n": 7.002739321043691,
        "f": 7.61475376175413,
        "b": 8.453143105683345,
        "u": 0,
        "d": 16.55105687957662
    },
    "hdeadman": {
        "p_n": 1.9959300694396553,
        "f_b": -0.68549077301296,
        "u_d": -17.611989325783114,
        "p": 8.903482122899552,
        "n": 6.907552053459897,
        "f": 7.562771701673244,
        "b": 8.248262474686204,
        "u": 0,
        "d": 17.611989325783114
    },
    "jcalderonzumba": {
        "p_n": 2.3317975631834553,
        "f_b": -0.34330766177665595,
        "u_d": -17.110534789994453,
        "p": 9.350123452691438,
        "n": 7.018325889507983,
        "f": 8.012570840211383,
        "b": 8.35587850198804,
        "u": 0,
        "d": 17.110534789994453
    },
    "Zepmann": {
        "p_n": 2.2283241039806008,
        "f_b": -1.1256662897956033,
        "u_d": -17.47689185805386,
        "p": 9.484552356923947,
        "n": 7.256228252943346,
        "f": 7.807557160035845,
        "b": 8.933223449831448,
        "u": -17.47689185805386,
        "d": 0
    },
    "danielhams": {
        "p_n": 2.4791246394912347,
        "f_b": -0.3737154863210286,
        "u_d": -17.67818429079228,
        "p": 9.434306651404547,
        "n": 6.955182011913313,
        "f": 8.007886588498415,
        "b": 8.381602074819444,
        "u": 0,
        "d": 17.67818429079228
    },
    "BittyByte": {
        "p_n": 1.8541423332648002,
        "f_b": -0.08448938982117582,
        "u_d": -17.56616584769359,
        "p": 9.50566916774737,
        "n": 7.651526834482571,
        "f": 8.536353306204383,
        "b": 8.620842696025559,
        "u": 0,
        "d": 17.56616584769359
    },
    "IgniteRealtime-Bot": {
        "p_n": 4.03943837616471,
        "f_b": 0.0402777952906721,
        "u_d": -17.416900492708557,
        "p": 10.554184224825178,
        "n": 6.514745848660469,
        "f": 8.55460393438816,
        "b": 8.514326139097488,
        "u": -17.416900492708557,
        "d": 0
    },
    "kristlv": {
        "p_n": 2.4954943411644432,
        "f_b": 0.43986674487490873,
        "u_d": -17.957309770505706,
        "p": 8.776173435184576,
        "n": 6.280679094020133,
        "f": 7.748359637039809,
        "b": 7.3084928921649,
        "u": 0,
        "d": 17.957309770505706
    },
    "vincentwlau": {
        "p_n": 1.706219124712164,
        "f_b": -0.24290728659102712,
        "u_d": -17.41497998475769,
        "p": 9.684453111383299,
        "n": 7.9782339866711345,
        "f": 8.709889905731703,
        "b": 8.95279719232273,
        "u": -17.41497998475769,
        "d": 0
    }
}