{
    "imsky": {
        "p_n": 2.0335556448525622,
        "f_b": -0.4488753761770585,
        "u_d": -17.497066603620283,
        "p": 9.466848702860364,
        "n": 7.433293058007802,
        "f": 8.225633192345555,
        "b": 8.674508568522613,
        "u": -17.497066603620283,
        "d": 0
    },
    "ooxi": {
        "p_n": 2.2926525462101797,
        "f_b": -0.3600994357187979,
        "u_d": -17.52490519033357,
        "p": 9.468988849815972,
        "n": 7.176336303605792,
        "f": 8.142612858851482,
        "b": 8.50271229457028,
        "u": 0,
        "d": 17.52490519033357
    },
    "Rarst": {
        "p_n": 2.7563289291945035,
        "f_b": -0.8506587801265724,
        "u_d": -16.174870112149293,
        "p": 9.344636630019714,
        "n": 6.588307700825211,
        "f": 7.541142775359177,
        "b": 8.391801555485749,
        "u": 0,
        "d": 16.174870112149293
    },
    "mdufresne": {
        "p_n": 2.1237520527846607,
        "f_b": -0.5338464067787028,
        "u_d": -17.47540947634886,
        "p": 9.185651962397188,
        "n": 7.061899909612527,
        "f": 7.856852732615505,
        "b": 8.390699139394208,
        "u": -17.47540947634886,
        "d": 0
    },
    "nathanhumphrey": {
        "p_n": 2.1792274789659034,
        "f_b": -0.5010398864825412,
        "u_d": -16.67716873500486,
        "p": 9.62838673231295,
        "n": 7.449159253347047,
        "f": 8.288253049588729,
        "b": 8.78929293607127,
        "u": 0,
        "d": 16.67716873500486
    },
    "anka-213": {
        "p_n": 1.8419497225658894,
        "f_b": -1.4562784403618032,
        "u_d": -16.180783802911144,
        "p": 9.05925074794685,
        "n": 7.21730102538096,
        "f": 7.4101366664830035,
        "b": 8.866415106844807,
        "u": 0,
        "d": 16.180783802911144
    },
    "usamamuneeb": {
        "p_n": 1.7595251219008325,
        "f_b": -1.3590259449063273,
        "u_d": -16.297002152656624,
        "p": 8.968666425741826,
        "n": 7.209141303840994,
        "f": 7.409390892338247,
        "b": 8.768416837244574,
        "u": 0,
        "d": 16.297002152656624
    },
    "boogermann": {
        "p_n": 1.4581969641071613,
        "f_b": -1.1062172325717246,
        "u_d": -16.19954202490853,
        "p": 8.86750925543394,
        "n": 7.4093122913267795,
        "f": 7.585302157094498,
        "b": 8.691519389666222,
        "u": 0,
        "d": 16.19954202490853
    },
    "cliveb": {
        "p_n": 2.072638837984714,
        "f_b": 0.47767515260855653,
        "u_d": -17.16876357156443,
        "p": 9.048692022922772,
        "n": 6.976053184938058,
        "f": 8.251210180234693,
        "b": 7.773535027626137,
        "u": 0,
        "d": 17.16876357156443
    },
    "mikeatm": {
        "p_n": 2.438446976156704,
        "f_b": -0.7607090280262767,
        "u_d": -17.478424533012046,
        "p": 9.101222245520383,
        "n": 6.662775269363679,
        "f": 7.501644243428892,
        "b": 8.262353271455169,
        "u": -17.478424533012046,
        "d": 0
    },
    "pliablepixels": {
        "p_n": 2.140580346754528,
        "f_b": -0.6667431188130273,
        "u_d": -17.47649101147026,
        "p": 9.34583762609115,
        "n": 7.205257279336622,
        "f": 7.942175893307372,
        "b": 8.6089190121204,
        "u": -17.47649101147026,
        "d": 0
    }
}