{
    "inikulin": {
        "p_n": 2.423664071078184,
        "f_b": -0.3852880692920415,
        "u_d": -17.196075072832244,
        "p": 9.30688773493469,
        "n": 6.883223663856507,
        "f": 7.902411664749577,
        "b": 8.287699734041619,
        "u": 0,
        "d": 17.196075072832244
    },
    "Sebmaster": {
        "p_n": 2.2163426097159036,
        "f_b": -0.6950162632595234,
        "u_d": -16.36719221353978,
        "p": 9.24876251775522,
        "n": 7.032419908039316,
        "f": 7.793083081267506,
        "b": 8.48809934452703,
        "u": 0,
        "d": 16.36719221353978
    },
    "domenic": {
        "p_n": 2.4549616784589015,
        "f_b": -0.8137947733216411,
        "u_d": -17.306306804827685,
        "p": 9.32479057066011,
        "n": 6.869828892201208,
        "f": 7.690412344769838,
        "b": 8.504207118091479,
        "u": 0,
        "d": 17.306306804827685
    },
    "eGavr": {
        "p_n": 2.1536438088621734,
        "f_b": -0.6389877734132163,
        "u_d": -17.477343637087454,
        "p": 9.53801082793412,
        "n": 7.384367019071946,
        "f": 8.141695036796424,
        "b": 8.78068281020964,
        "u": -17.477343637087454,
        "d": 0
    },
    "jeromew": {
        "p_n": 1.6368327630409922,
        "f_b": -0.8303334792180408,
        "u_d": -17.53386221225988,
        "p": 9.223993486751002,
        "n": 7.58716072371001,
        "f": 7.990410365621486,
        "b": 8.820743844839527,
        "u": 0,
        "d": 17.53386221225988
    },
    "stevenvachon": {
        "p_n": 2.6171837302935153,
        "f_b": -0.48172214436157823,
        "u_d": -17.034138275055298,
        "p": 9.474684664082591,
        "n": 6.857500933789076,
        "f": 7.925231726755046,
        "b": 8.406953871116624,
        "u": 0,
        "d": 17.034138275055298
    },
    "angelozerr": {
        "p_n": 2.2856496469369088,
        "f_b": -0.657137340814093,
        "u_d": -17.206167590500108,
        "p": 9.200436511668574,
        "n": 6.914786864731665,
        "f": 7.729043017793074,
        "b": 8.386180358607167,
        "u": 0,
        "d": 17.206167590500108
    },
    "sideshowbarker": {
        "p_n": 2.0595096257453918,
        "f_b": -0.8319736031049203,
        "u_d": -17.743994739894216,
        "p": 9.33342859908312,
        "n": 7.273918973337729,
        "f": 7.8876869846579645,
        "b": 8.719660587762885,
        "u": 0,
        "d": 17.743994739894216
    },
    "winhamwr": {
        "p_n": 2.562202343393304,
        "f_b": -0.40834504236952807,
        "u_d": -16.879997147376557,
        "p": 9.21291498836432,
        "n": 6.650712644971016,
        "f": 7.727641295482903,
        "b": 8.135986337852431,
        "u": 0,
        "d": 16.879997147376557
    },
    "nylen": {
        "p_n": 2.1718052414172586,
        "f_b": -0.7130907352742861,
        "u_d": -17.99343828094783,
        "p": 9.406197394976996,
        "n": 7.234392153559737,
        "f": 7.963749406631224,
        "b": 8.67684014190551,
        "u": 0,
        "d": 17.99343828094783
    },
    "moll": {
        "p_n": 2.8938136639584204,
        "f_b": -0.5725571625800816,
        "u_d": -17.6728813199353,
        "p": 9.233484992878346,
        "n": 6.339671328919925,
        "f": 7.500299579609094,
        "b": 8.072856742189176,
        "u": 0,
        "d": 17.6728813199353
    },
    "RReverser": {
        "p_n": 2.4876017816553144,
        "f_b": -0.5954574475528869,
        "u_d": -17.529055114201835,
        "p": 9.334764850185554,
        "n": 6.847163068530239,
        "f": 7.793235235581452,
        "b": 8.38869268313434,
        "u": 0,
        "d": 17.529055114201835
    },
    "pedro93": {
        "p_n": 2.9831035855712873,
        "f_b": -0.659016715931525,
        "u_d": -17.300380824165316,
        "p": 9.381908798905947,
        "n": 6.39880521333466,
        "f": 7.56084864815454,
        "b": 8.219865364086065,
        "u": 0,
        "d": 17.300380824165316
    },
    "fictitious": {
        "p_n": 2.0849079213594104,
        "f_b": -0.8146191479871128,
        "u_d": -17.489708692311556,
        "p": 9.168494778475754,
        "n": 7.083586857116344,
        "f": 7.718731243802493,
        "b": 8.533350391789606,
        "u": -17.489708692311556,
        "d": 0
    },
    "jescalan": {
        "p_n": 2.8984330570686883,
        "f_b": -0.2870260692737858,
        "u_d": -16.84978542889359,
        "p": 9.73497551572627,
        "n": 6.836542458657581,
        "f": 8.142245952555033,
        "b": 8.429272021828819,
        "u": 0,
        "d": 16.84978542889359
    },
    "mdhaddad": {
        "p_n": 1.9345689154379127,
        "f_b": -0.6993838004366832,
        "u_d": -17.47841977373656,
        "p": 9.171409418969722,
        "n": 7.236840503531809,
        "f": 7.854433061032424,
        "b": 8.553816861469107,
        "u": -17.47841977373656,
        "d": 0
    },
    "meisl": {
        "p_n": 3.044039614551477,
        "f_b": -0.35986457838191477,
        "u_d": -15.651854169109882,
        "p": 9.341405833488988,
        "n": 6.297366218937511,
        "f": 7.639453737022292,
        "b": 7.9993183154042065,
        "u": 0,
        "d": 15.651854169109882
    },
    "diervo": {
        "p_n": 1.9868128368943019,
        "f_b": -0.5326816950438262,
        "u_d": -17.290747952001123,
        "p": 9.120612015764635,
        "n": 7.133799178870333,
        "f": 7.860864749795572,
        "b": 8.393546444839398,
        "u": 0,
        "d": 17.290747952001123
    },
    "elgs": {
        "p_n": 2.4282126425183748,
        "f_b": -0.6596432283928273,
        "u_d": -17.475363306451033,
        "p": 9.226240279384918,
        "n": 6.798027636866543,
        "f": 7.682312343929317,
        "b": 8.341955572322144,
        "u": -17.475363306451033,
        "d": 0
    },
    "imingyu": {
        "p_n": 3.034769690783615,
        "f_b": 0.5144035528059643,
        "u_d": -17.94717342380309,
        "p": 9.34433087790381,
        "n": 6.309561187120194,
        "f": 8.084147808914985,
        "b": 7.56974425610902,
        "u": 0,
        "d": 17.94717342380309
    },
    "JohnGalt1717": {
        "p_n": 2.2506929421728827,
        "f_b": -0.9813916058694359,
        "u_d": -17.463099390713364,
        "p": 9.536100481425146,
        "n": 7.2854075392522635,
        "f": 7.920058207403987,
        "b": 8.901449813273423,
        "u": -17.463099390713364,
        "d": 0
    },
    "dantman": {
        "p_n": 2.000123091958212,
        "f_b": -1.3385837033416665,
        "u_d": -14.415813687168708,
        "p": 8.616199388289456,
        "n": 6.616076296331244,
        "f": 6.946845990639516,
        "b": 8.285429693981182,
        "u": 0,
        "d": 14.415813687168708
    },
    "huntharo": {
        "p_n": 2.4272584296415163,
        "f_b": -0.3096807089606317,
        "u_d": -17.714595540149862,
        "p": 9.198360403929698,
        "n": 6.7711019742881815,
        "f": 7.829890834628624,
        "b": 8.139571543589255,
        "u": 0,
        "d": 17.714595540149862
    },
    "shepmaster": {
        "p_n": 2.1684753857508987,
        "f_b": -0.7125737006643558,
        "u_d": -17.470763464342795,
        "p": 9.329479388016598,
        "n": 7.161004002265699,
        "f": 7.8889548448089695,
        "b": 8.601528545473325,
        "u": -17.470763464342795,
        "d": 0
    }
}