{
    "insin": {
        "p_n": 1.9053926919233195,
        "f_b": -0.9176019254952923,
        "u_d": -16.730768350975286,
        "p": 8.880423575391948,
        "n": 6.975030883468628,
        "f": 7.468926266682642,
        "b": 8.386528192177934,
        "u": 0,
        "d": 16.730768350975286
    },
    "bebraw": {
        "p_n": 2.3704457156324494,
        "f_b": 0.016295987884500818,
        "u_d": -17.168831412064833,
        "p": 9.502697537707556,
        "n": 7.132251822075107,
        "f": 8.325622673833582,
        "b": 8.309326685949081,
        "u": 0,
        "d": 17.168831412064833
    },
    "geowarin": {
        "p_n": 2.1733507120685243,
        "f_b": -0.962956837733838,
        "u_d": -16.078392844729787,
        "p": 8.994680342466209,
        "n": 6.821329630397685,
        "f": 7.426526567565027,
        "b": 8.389483405298865,
        "u": 0,
        "d": 16.078392844729787
    },
    "codecov-io": {
        "p_n": 2.461051088686424,
        "f_b": 0.04388866415372483,
        "u_d": -17.496030933511314,
        "p": 9.628918870532594,
        "n": 7.16786778184617,
        "f": 8.420337658266245,
        "b": 8.37644899411252,
        "u": -17.496030933511314,
        "d": 0
    },
    "mikkelwf": {
        "p_n": 1.8514696762076737,
        "f_b": -1.0596669443104059,
        "u_d": -16.042846704125573,
        "p": 8.802954800194518,
        "n": 6.951485123986845,
        "f": 7.347386489935479,
        "b": 8.407053434245885,
        "u": 0,
        "d": 16.042846704125573
    },
    "caseybaggz": {
        "p_n": 2.359302630190429,
        "f_b": 0.38258763515637995,
        "u_d": -16.534878286952924,
        "p": 9.039275761819901,
        "n": 6.679973131629472,
        "f": 8.050918264302876,
        "b": 7.668330629146496,
        "u": 0,
        "d": 16.534878286952924
    },
    "tnrich": {
        "p_n": 2.269968220607197,
        "f_b": -0.42388457738333596,
        "u_d": -17.01253093268894,
        "p": 8.715140219730891,
        "n": 6.445171999123694,
        "f": 7.368213820735624,
        "b": 7.79209839811896,
        "u": 0,
        "d": 17.01253093268894
    },
    "grahamlyus": {
        "p_n": 1.6480064989125829,
        "f_b": -0.7029274004317374,
        "u_d": -16.359610282563697,
        "p": 8.765450939175434,
        "n": 7.117444440262851,
        "f": 7.589983989503273,
        "b": 8.29291138993501,
        "u": 0,
        "d": 16.359610282563697
    },
    "jimniels": {
        "p_n": 2.1914349571753977,
        "f_b": -0.8848945036170273,
        "u_d": -16.315747664567866,
        "p": 8.836982570282366,
        "n": 6.645547613106968,
        "f": 7.298817839886154,
        "b": 8.183712343503181,
        "u": 0,
        "d": 16.315747664567866
    },
    "tomitrescak": {
        "p_n": 1.9918523627397597,
        "f_b": -0.6100429241242233,
        "u_d": -16.357838720139792,
        "p": 8.729190617365706,
        "n": 6.737338254625946,
        "f": 7.428242973933714,
        "b": 8.038285898057937,
        "u": 0,
        "d": 16.357838720139792
    },
    "arddor": {
        "p_n": 2.211475862524469,
        "f_b": -0.9341437516186559,
        "u_d": -16.1922124345507,
        "p": 9.199782568380506,
        "n": 6.988306705856037,
        "f": 7.626972761308943,
        "b": 8.5611165129276,
        "u": 0,
        "d": 16.1922124345507
    },
    "loklaan": {
        "p_n": 2.2365568728248038,
        "f_b": -0.3878614690478539,
        "u_d": -17.55371296263646,
        "p": 9.290220393232225,
        "n": 7.053663520407421,
        "f": 7.978011222295896,
        "b": 8.36587269134375,
        "u": 0,
        "d": 17.55371296263646
    },
    "vpezeshkian": {
        "p_n": 2.4940260823113123,
        "f_b": -0.6108066993977026,
        "u_d": -15.607302547396602,
        "p": 8.7959385590062,
        "n": 6.301912476694887,
        "f": 7.243522168151692,
        "b": 7.854328867549395,
        "u": 0,
        "d": 15.607302547396602
    },
    "baixiaoji": {
        "p_n": 2.1099648085599103,
        "f_b": -0.3771840352766471,
        "u_d": -14.55612341692764,
        "p": 8.304328681866695,
        "n": 6.194363873306784,
        "f": 7.060754259948416,
        "b": 7.437938295225063,
        "u": 0,
        "d": 14.55612341692764
    },
    "mcolburn": {
        "p_n": 1.9923659914415222,
        "f_b": 0.10358440978169448,
        "u_d": -15.183582372912028,
        "p": 8.573280054910652,
        "n": 6.58091406346913,
        "f": 7.628889264080739,
        "b": 7.525304854299044,
        "u": 0,
        "d": 15.183582372912028
    },
    "IljaDaderko": {
        "p_n": 1.6579860187319673,
        "f_b": 0.16668519798421677,
        "u_d": -16.789832540258704,
        "p": 8.8404510183042,
        "n": 7.182464999572233,
        "f": 8.094800607930326,
        "b": 7.928115409946109,
        "u": 0,
        "d": 16.789832540258704
    },
    "kirill-konshin": {
        "p_n": 2.4403329147356914,
        "f_b": -0.546824469740856,
        "u_d": -16.129215484317537,
        "p": 9.210177709712095,
        "n": 6.769844794976404,
        "f": 7.716599017473821,
        "b": 8.263423487214677,
        "u": 0,
        "d": 16.129215484317537
    },
    "michaelsbradleyjr": {
        "p_n": 2.009603892464476,
        "f_b": -1.1207779997192517,
        "u_d": -15.899319017134072,
        "p": 8.924635491805166,
        "n": 6.91503159934069,
        "f": 7.359444545713302,
        "b": 8.480222545432554,
        "u": 0,
        "d": 15.899319017134072
    },
    "dan-kez": {
        "p_n": 2.2426247895340667,
        "f_b": -0.45701141010709456,
        "u_d": -15.995327167313928,
        "p": 8.42683879565116,
        "n": 6.1842140061170925,
        "f": 7.077020695830578,
        "b": 7.534032105937673,
        "u": 0,
        "d": 15.995327167313928
    },
    "Carr1005": {
        "p_n": 2.437349539173704,
        "f_b": 0.08067478463907296,
        "u_d": -16.092299212226756,
        "p": 8.872232504216385,
        "n": 6.43488296504268,
        "f": 7.6938951269490685,
        "b": 7.613220342309996,
        "u": 0,
        "d": 16.092299212226756
    },
    "haldunanil": {
        "p_n": 1.8589532834369304,
        "f_b": -0.38568046962336133,
        "u_d": -16.29519214420148,
        "p": 8.86754294680544,
        "n": 7.008589663368509,
        "f": 7.745226070275294,
        "b": 8.130906539898655,
        "u": 0,
        "d": 16.29519214420148
    },
    "lsmoura": {
        "p_n": 1.4305989451714982,
        "f_b": -0.9103350690734837,
        "u_d": -17.18939679205474,
        "p": 8.899618018323768,
        "n": 7.469019073152269,
        "f": 7.729151011201277,
        "b": 8.63948608027476,
        "u": 0,
        "d": 17.18939679205474
    }
}