{
    "jacobian": {
        "p_n": 2.8014670886213455,
        "f_b": -0.17341532293353268,
        "u_d": -15.92480542406053,
        "p": 9.73866035410989,
        "n": 6.937193265488544,
        "f": 8.25121914833245,
        "b": 8.424634471265982,
        "u": 0,
        "d": 15.92480542406053
    },
    "alvinkatojr": {
        "p_n": 2.0178697915665005,
        "f_b": -0.20167596943177912,
        "u_d": -17.495093412129155,
        "p": 9.103216306872028,
        "n": 7.0853465153055275,
        "f": 7.993443426372888,
        "b": 8.195119395804667,
        "u": -17.495093412129155,
        "d": 0
    }
}