{
    "JakeWharton": {
        "p_n": 1.527526314665712,
        "f_b": -0.6213426920418197,
        "u_d": -16.10980502974892,
        "p": 8.888874361027845,
        "n": 7.361348046362133,
        "f": 7.8144398576740794,
        "b": 8.4357825497159,
        "u": 0,
        "d": 16.10980502974892
    },
    "x2on": {
        "p_n": 1.2875372500232913,
        "f_b": -0.670480706479732,
        "u_d": -16.38735618019122,
        "p": 8.787136782501598,
        "n": 7.499599532478307,
        "f": 7.808127804250087,
        "b": 8.478608510729819,
        "u": 0,
        "d": 16.38735618019122
    },
    "sallespro": {
        "p_n": 1.651611343620738,
        "f_b": -0.11432660356134061,
        "u_d": -14.763105310299254,
        "p": 8.569103638886947,
        "n": 6.917492295266209,
        "f": 7.686134665295908,
        "b": 7.800461268857249,
        "u": 0,
        "d": 14.763105310299254
    },
    "daj": {
        "p_n": 1.9647519820337394,
        "f_b": 0.3962768301241635,
        "u_d": -16.810218406164818,
        "p": 8.960285038113629,
        "n": 6.995533056079889,
        "f": 8.176047462158841,
        "b": 7.779770632034678,
        "u": 0,
        "d": 16.810218406164818
    },
    "maxchursin": {
        "p_n": 2.255261839790789,
        "f_b": 0.47044659045097426,
        "u_d": -17.49360068203992,
        "p": 9.191532513426232,
        "n": 6.936270673635443,
        "f": 8.299124888756324,
        "b": 7.82867829830535,
        "u": -17.49360068203992,
        "d": 0
    },
    "thoutbeckers": {
        "p_n": 2.4085526339745336,
        "f_b": 0.3242268860628936,
        "u_d": -17.605425535962,
        "p": 9.003456313915915,
        "n": 6.594903679941382,
        "f": 7.961293439960096,
        "b": 7.637066553897203,
        "u": 0,
        "d": 17.605425535962
    },
    "plastiv": {
        "p_n": 1.8650109362541762,
        "f_b": -0.4147327445971074,
        "u_d": -15.551248039796878,
        "p": 8.896022628288774,
        "n": 7.031011692034598,
        "f": 7.756150787863132,
        "b": 8.17088353246024,
        "u": 0,
        "d": 15.551248039796878
    },
    "francisdb": {
        "p_n": 2.930605935001995,
        "f_b": 0.7185588880863811,
        "u_d": -16.725291544327803,
        "p": 8.956258460235784,
        "n": 6.025652525233789,
        "f": 7.8502349367779765,
        "b": 7.131676048691595,
        "u": 0,
        "d": 16.725291544327803
    },
    "cowst": {
        "p_n": 2.4043590418380285,
        "f_b": 0.8220677122404112,
        "u_d": -16.957774302808318,
        "p": 8.821379334684998,
        "n": 6.41702029284697,
        "f": 8.03023366988619,
        "b": 7.208165957645779,
        "u": 0,
        "d": 16.957774302808318
    },
    "kageiit": {
        "p_n": 2.536015843703563,
        "f_b": 0.931409987772815,
        "u_d": -17.683826744319685,
        "p": 8.816637906973593,
        "n": 6.28062206327003,
        "f": 8.014334979008218,
        "b": 7.082924991235403,
        "u": 0,
        "d": 17.683826744319685
    },
    "diamrem": {
        "p_n": 2.279092337221723,
        "f_b": 0.6038497466294492,
        "u_d": -17.483339713809205,
        "p": 8.799060674882409,
        "n": 6.519968337660686,
        "f": 7.961439379586271,
        "b": 7.357589632956822,
        "u": 0,
        "d": 17.483339713809205
    },
    "sschuberth": {
        "p_n": 1.566005225964627,
        "f_b": -0.7043324644723938,
        "u_d": -15.536551142324987,
        "p": 9.135111690908843,
        "n": 7.569106464944216,
        "f": 7.999942845690333,
        "b": 8.704275310162727,
        "u": 0,
        "d": 15.536551142324987
    },
    "JaredBanyard": {
        "p_n": 1.260569369772842,
        "f_b": -1.2689314516496326,
        "u_d": -16.100714963091143,
        "p": 8.648164264114133,
        "n": 7.387594894341291,
        "f": 7.383413853402895,
        "b": 8.652345305052528,
        "u": 0,
        "d": 16.100714963091143
    },
    "dodgex": {
        "p_n": 1.367559911411643,
        "f_b": -1.3119394280033099,
        "u_d": -14.87143857869523,
        "p": 8.715990751568789,
        "n": 7.348430840157146,
        "f": 7.376241081861313,
        "b": 8.688180509864623,
        "u": 0,
        "d": 14.87143857869523
    },
    "omniuni": {
        "p_n": 1.6857806849244632,
        "f_b": -0.4238377326733147,
        "u_d": -14.756146947098577,
        "p": 8.926663427347847,
        "n": 7.240882742423384,
        "f": 7.8718542185489575,
        "b": 8.295691951222272,
        "u": 0,
        "d": 14.756146947098577
    },
    "artem-zinnatullin": {
        "p_n": 1.6594283675036285,
        "f_b": -0.753770011211051,
        "u_d": -15.852494764991325,
        "p": 8.592333518363883,
        "n": 6.932905150860255,
        "f": 7.385734329006544,
        "b": 8.139504340217595,
        "u": 0,
        "d": 15.852494764991325
    },
    "johnhamelink": {
        "p_n": 1.8768297161687677,
        "f_b": -1.2140089505734544,
        "u_d": -16.541134193196772,
        "p": 8.809817246787448,
        "n": 6.93298753061868,
        "f": 7.264397913416337,
        "b": 8.478406863989791,
        "u": 0,
        "d": 16.541134193196772
    },
    "niedzielski": {
        "p_n": 1.341674884814676,
        "f_b": -0.27610916653935647,
        "u_d": -14.747758068884893,
        "p": 8.742621577737305,
        "n": 7.400946692922629,
        "f": 7.933729552060289,
        "b": 8.209838718599645,
        "u": 0,
        "d": 14.747758068884893
    },
    "ncalexan": {
        "p_n": 1.6359458984286377,
        "f_b": -0.2488278881355228,
        "u_d": -16.655419479283417,
        "p": 9.163231984850002,
        "n": 7.527286086421364,
        "f": 8.220845091567922,
        "b": 8.469672979703445,
        "u": 0,
        "d": 16.655419479283417
    },
    "RBWare": {
        "p_n": 2.1802272495635826,
        "f_b": -0.2650421343841902,
        "u_d": -16.064480518801602,
        "p": 8.962318748835173,
        "n": 6.782091499271591,
        "f": 7.739684056861286,
        "b": 8.004726191245476,
        "u": 0,
        "d": 16.064480518801602
    },
    "alfoksGT": {
        "p_n": 0.8489638671336532,
        "f_b": -1.248818597378901,
        "u_d": -13.840256290680664,
        "p": 8.497013168562136,
        "n": 7.6480493014284825,
        "f": 7.448121936305859,
        "b": 8.69694053368476,
        "u": 0,
        "d": 13.840256290680664
    }
}