{
    "jakiestfu": {
        "p_n": 2.09841274801315,
        "f_b": -0.2864320230498407,
        "u_d": -17.492140887525828,
        "p": 9.424029056156156,
        "n": 7.325616308143006,
        "f": 8.231606670624661,
        "b": 8.518038693674502,
        "u": -17.492140887525828,
        "d": 0
    },
    "voodoo6": {
        "p_n": 2.0075555973661636,
        "f_b": 0.24251343443664375,
        "u_d": -17.485312534835536,
        "p": 9.510191580373569,
        "n": 7.502635983007405,
        "f": 8.627670498908808,
        "b": 8.385157064472164,
        "u": -17.485312534835536,
        "d": 0
    },
    "bstmedia": {
        "p_n": 2.1600881589327905,
        "f_b": -0.43621970022156376,
        "u_d": -17.26046469620288,
        "p": 9.036776860520442,
        "n": 6.876688701587652,
        "f": 7.738622930943265,
        "b": 8.174842631164829,
        "u": 0,
        "d": 17.26046469620288
    },
    "racorbit": {
        "p_n": 2.4209147565778046,
        "f_b": -0.2993368633636422,
        "u_d": -17.45020332994891,
        "p": 9.437205381196359,
        "n": 7.016290624618554,
        "f": 8.077079571225635,
        "b": 8.376416434589277,
        "u": -17.45020332994891,
        "d": 0
    },
    "jaywolters": {
        "p_n": 2.5579362106424464,
        "f_b": -0.020748269414173848,
        "u_d": -16.681021359993554,
        "p": 9.291719165563192,
        "n": 6.733782954920746,
        "f": 8.002376925534882,
        "b": 8.023125194949056,
        "u": 0,
        "d": 16.681021359993554
    },
    "smokingbarrel": {
        "p_n": 2.250120717448473,
        "f_b": -0.9493468517862445,
        "u_d": -17.45563299112609,
        "p": 9.306232375026493,
        "n": 7.05611165757802,
        "f": 7.706498590409134,
        "b": 8.655845442195378,
        "u": 0,
        "d": 17.45563299112609
    },
    "t0rpedo": {
        "p_n": 2.411080926895842,
        "f_b": -0.2739626380370481,
        "u_d": -17.767938266335257,
        "p": 9.605461019201176,
        "n": 7.194380092305334,
        "f": 8.26293923673473,
        "b": 8.536901874771779,
        "u": 0,
        "d": 17.767938266335257
    },
    "prud": {
        "p_n": 1.887753104608123,
        "f_b": -0.9029796679540638,
        "u_d": -17.50857235543414,
        "p": 9.112365184898104,
        "n": 7.224612080289981,
        "f": 7.716998798617011,
        "b": 8.619978466571075,
        "u": 0,
        "d": 17.50857235543414
    },
    "justindarc": {
        "p_n": 2.374388702090645,
        "f_b": -0.3531810519427303,
        "u_d": -17.49980851178789,
        "p": 9.523334922960444,
        "n": 7.148946220869799,
        "f": 8.159550045943757,
        "b": 8.512731097886487,
        "u": -17.49980851178789,
        "d": 0
    },
    "scottgallant": {
        "p_n": 1.7315145252664959,
        "f_b": -0.9106639350185457,
        "u_d": -16.95046745436526,
        "p": 8.81812260523268,
        "n": 7.086608079966185,
        "f": 7.49703337509016,
        "b": 8.407697310108706,
        "u": 0,
        "d": 16.95046745436526
    },
    "takrishna": {
        "p_n": 1.9919633722100922,
        "f_b": -0.5347012421938233,
        "u_d": -17.48152139555619,
        "p": 9.213846396895724,
        "n": 7.221883024685631,
        "f": 7.950514089693766,
        "b": 8.48521533188759,
        "u": -17.48152139555619,
        "d": 0
    },
    "frankie-loves-jesus": {
        "p_n": 1.9031186705398309,
        "f_b": -0.10146574502722139,
        "u_d": -17.49870561303405,
        "p": 9.346006475003133,
        "n": 7.442887804463302,
        "f": 8.343714267219607,
        "b": 8.445180012246828,
        "u": -17.49870561303405,
        "d": 0
    },
    "hugoborjesson": {
        "p_n": 2.1767076132390786,
        "f_b": 0.06003178288188327,
        "u_d": -17.29237205477422,
        "p": 8.737180791105798,
        "n": 6.56047317786672,
        "f": 7.6788428759272005,
        "b": 7.618811093045317,
        "u": 0,
        "d": 17.29237205477422
    },
    "syredeye": {
        "p_n": 1.8727381643494603,
        "f_b": -0.16484982804190196,
        "u_d": -17.485505015749695,
        "p": 8.955188799098439,
        "n": 7.082450634748978,
        "f": 7.936394802902758,
        "b": 8.10124463094466,
        "u": -17.485505015749695,
        "d": 0
    },
    "joshsilverman": {
        "p_n": 2.72952237412545,
        "f_b": -0.6316972262725082,
        "u_d": -14.175757689671203,
        "p": 8.95734034580935,
        "n": 6.2278179716838995,
        "f": 7.27673054561037,
        "b": 7.908427771882878,
        "u": 0,
        "d": 14.175757689671203
    }
}