{
    "jariz": {
        "p_n": 2.3468093501479492,
        "f_b": -0.05343311497916403,
        "u_d": -17.48582127963468,
        "p": 9.717903200306196,
        "n": 7.371093850158247,
        "f": 8.51778196774264,
        "b": 8.571215082721803,
        "u": -17.48582127963468,
        "d": 0
    },
    "akfish": {
        "p_n": 1.8392622635339384,
        "f_b": -0.17530925716887857,
        "u_d": -17.492828669380557,
        "p": 9.265077174551898,
        "n": 7.42581491101796,
        "f": 8.25779141420049,
        "b": 8.433100671369369,
        "u": -17.492828669380557,
        "d": 0
    }
}