{
    "kcbanner": {
        "p_n": 1.6526779653262382,
        "f_b": 0.026244854772341952,
        "u_d": -17.859234862996516,
        "p": 9.223069602982164,
        "n": 7.570391637655926,
        "f": 8.409853047705216,
        "b": 8.383608192932874,
        "u": 0,
        "d": 17.859234862996516
    },
    "chaffneue": {
        "p_n": 1.5678858156111923,
        "f_b": -0.8652915204673457,
        "u_d": -15.670853290334621,
        "p": 8.399286560078929,
        "n": 6.831400744467737,
        "f": 7.18269789203966,
        "b": 8.047989412507006,
        "u": 0,
        "d": 15.670853290334621
    },
    "lazd": {
        "p_n": 2.187756578453275,
        "f_b": -0.19719745834377278,
        "u_d": -17.49953860983227,
        "p": 9.150159485394326,
        "n": 6.962402906941051,
        "f": 7.957682466995802,
        "b": 8.154879925339575,
        "u": -17.49953860983227,
        "d": 0
    },
    "pareshgehlot": {
        "p_n": 2.234108915351115,
        "f_b": -0.12132374135401136,
        "u_d": -17.71425470182274,
        "p": 8.81833824918591,
        "n": 6.584229333834795,
        "f": 7.640621920833347,
        "b": 7.761945662187358,
        "u": 0,
        "d": 17.71425470182274
    },
    "jdesboeufs": {
        "p_n": 1.9715937294238195,
        "f_b": -0.3890799922210242,
        "u_d": -17.494457448655655,
        "p": 8.966822510036838,
        "n": 6.995228780613019,
        "f": 7.786485649214416,
        "b": 8.17556564143544,
        "u": -17.494457448655655,
        "d": 0
    },
    "murvinlai": {
        "p_n": 2.072176720952224,
        "f_b": 0.23354204802492617,
        "u_d": -17.791628606995456,
        "p": 9.062616882046242,
        "n": 6.990440161094019,
        "f": 8.143299545582593,
        "b": 7.909757497557667,
        "u": 0,
        "d": 17.791628606995456
    },
    "aroman": {
        "p_n": 2.0616080087080046,
        "f_b": -0.44840774413474094,
        "u_d": -17.61747809880585,
        "p": 9.139449007820772,
        "n": 7.077840999112768,
        "f": 7.884441131399399,
        "b": 8.33284887553414,
        "u": 0,
        "d": 17.61747809880585
    },
    "talamaska": {
        "p_n": 1.637165543416426,
        "f_b": -0.5954028037804289,
        "u_d": -17.482966896964204,
        "p": 8.871894948724433,
        "n": 7.234729405308007,
        "f": 7.755610775126007,
        "b": 8.351013578906436,
        "u": -17.482966896964204,
        "d": 0
    },
    "QETHAN": {
        "p_n": 1.3513749763055856,
        "f_b": -0.4259846253664996,
        "u_d": -17.495467794613646,
        "p": 8.892140350661396,
        "n": 7.540765374355811,
        "f": 8.003460549825354,
        "b": 8.429445175191853,
        "u": -17.495467794613646,
        "d": 0
    },
    "FusionAge": {
        "p_n": 2.9274178269491316,
        "f_b": 0.10219472694823128,
        "u_d": -17.809974337210452,
        "p": 8.626044119191207,
        "n": 5.698626292242075,
        "f": 7.213432569190756,
        "b": 7.111237842242525,
        "u": 0,
        "d": 17.809974337210452
    },
    "rafaelfaria": {
        "p_n": 1.8914850380751886,
        "f_b": 0.35620159467302503,
        "u_d": -17.48664115522213,
        "p": 8.935755155963355,
        "n": 7.044270117888166,
        "f": 8.168113434262272,
        "b": 7.811911839589247,
        "u": -17.48664115522213,
        "d": 0
    },
    "NVRemoteDev": {
        "p_n": 1.6881226430627772,
        "f_b": -0.16993234325576445,
        "u_d": -17.495937713827523,
        "p": 8.661225892944728,
        "n": 6.973103249881951,
        "f": 7.7321983997854575,
        "b": 7.902130743041222,
        "u": -17.495937713827523,
        "d": 0
    },
    "atnstefan": {
        "p_n": 1.9754826661973075,
        "f_b": 0.05602225427995755,
        "u_d": -16.793888170228772,
        "p": 9.145940586773769,
        "n": 7.170457920576461,
        "f": 8.186210380815094,
        "b": 8.130188126535137,
        "u": 0,
        "d": 16.793888170228772
    },
    "mattcasey": {
        "p_n": 2.1465724527550467,
        "f_b": -0.01396602640889455,
        "u_d": -17.434329588827733,
        "p": 9.121622005980594,
        "n": 6.975049553225547,
        "f": 8.041352766398624,
        "b": 8.055318792807519,
        "u": -17.434329588827733,
        "d": 0
    },
    "fabriziomoscon": {
        "p_n": 2.130624457599792,
        "f_b": -0.02789552298722331,
        "u_d": -14.476394415015251,
        "p": 8.585781977328905,
        "n": 6.455157519729113,
        "f": 7.506521987035398,
        "b": 7.534417510022621,
        "u": 0,
        "d": 14.476394415015251
    },
    "droppedoncaprica": {
        "p_n": 2.0474079512021985,
        "f_b": -0.702215331921539,
        "u_d": -16.614308261509738,
        "p": 9.157600657354907,
        "n": 7.110192706152708,
        "f": 7.782789015793038,
        "b": 8.485004347714577,
        "u": 0,
        "d": 16.614308261509738
    },
    "naxmefy": {
        "p_n": 2.6164269128318924,
        "f_b": 0.7528599983487609,
        "u_d": -17.92009256404586,
        "p": 8.93367844932418,
        "n": 6.317251536492288,
        "f": 8.001894992082613,
        "b": 7.2490349937338525,
        "u": 0,
        "d": 17.92009256404586
    },
    "flockonus": {
        "p_n": 2.6969458243177193,
        "f_b": 1.0863150680328522,
        "u_d": -17.840353707584452,
        "p": 9.061843549852934,
        "n": 6.364897725535215,
        "f": 8.256528171710501,
        "b": 7.170213103677649,
        "u": 0,
        "d": 17.840353707584452
    },
    "outrightmental": {
        "p_n": 1.9924636744197457,
        "f_b": 0.26755570111767213,
        "u_d": -17.468144188246736,
        "p": 9.491055199066878,
        "n": 7.498591524647132,
        "f": 8.628601212415841,
        "b": 8.361045511298169,
        "u": -17.468144188246736,
        "d": 0
    },
    "maziyarpanahi": {
        "p_n": 1.7472767013209722,
        "f_b": 0.1255380308098335,
        "u_d": -17.45604127575721,
        "p": 9.31390373233124,
        "n": 7.566627031010269,
        "f": 8.503034397075671,
        "b": 8.377496366265838,
        "u": -17.45604127575721,
        "d": 0
    },
    "wangcuckoo": {
        "p_n": 2.7595682216309267,
        "f_b": 1.134804719164518,
        "u_d": -17.482976734067567,
        "p": 8.855661122862049,
        "n": 6.096092901231122,
        "f": 8.043279371628845,
        "b": 6.908474652464327,
        "u": -17.482976734067567,
        "d": 0
    },
    "tommedema": {
        "p_n": 1.873537209168381,
        "f_b": -0.7144664275338339,
        "u_d": -17.28700967470462,
        "p": 9.035592533511158,
        "n": 7.162055324342777,
        "f": 7.741590715160051,
        "b": 8.456057142693885,
        "u": 0,
        "d": 17.28700967470462
    },
    "icflorescu": {
        "p_n": 2.635799884591819,
        "f_b": 0.1269166037946743,
        "u_d": -15.726098786363856,
        "p": 9.352756526222173,
        "n": 6.716956641630354,
        "f": 8.098314885823601,
        "b": 7.971398282028927,
        "u": 0,
        "d": 15.726098786363856
    },
    "micate": {
        "p_n": 2.6085776566903975,
        "f_b": 0.0020264312967110953,
        "u_d": -17.56421586281514,
        "p": 9.011393489685044,
        "n": 6.402815832994647,
        "f": 7.708117876988201,
        "b": 7.70609144569149,
        "u": 0,
        "d": 17.56421586281514
    },
    "riston": {
        "p_n": 2.253172286810571,
        "f_b": -0.24006933259792262,
        "u_d": -17.480947141644933,
        "p": 9.420996955187855,
        "n": 7.167824668377284,
        "f": 8.174376145483608,
        "b": 8.41444547808153,
        "u": -17.480947141644933,
        "d": 0
    },
    "jltwoo": {
        "p_n": 1.901010553436322,
        "f_b": -0.8047533718173012,
        "u_d": -16.064982025855564,
        "p": 8.713425888828233,
        "n": 6.812415335391911,
        "f": 7.360543926201422,
        "b": 8.165297298018723,
        "u": 0,