{
    "jedireza": {
        "p_n": 1.924111505214504,
        "f_b": -0.3897929302283316,
        "u_d": -17.49440409022628,
        "p": 9.399375384967893,
        "n": 7.475263879753389,
        "f": 8.242423167246475,
        "b": 8.632216097474807,
        "u": -17.49440409022628,
        "d": 0
    },
    "ldesplat": {
        "p_n": 2.546712595204637,
        "f_b": 0.25787652896947755,
        "u_d": -17.952700418502882,
        "p": 9.887574938395197,
        "n": 7.34086234319056,
        "f": 8.743156905277617,
        "b": 8.48528037630814,
        "u": 0,
        "d": 17.952700418502882
    },
    "alex-dixon": {
        "p_n": 2.2814448129468055,
        "f_b": -0.38936069789307837,
        "u_d": -17.846746643154397,
        "p": 9.172554837416126,
        "n": 6.89111002446932,
        "f": 7.837152081996184,
        "b": 8.226512779889262,
        "u": 0,
        "d": 17.846746643154397
    },
    "MetaCoderHirschl": {
        "p_n": 2.7981014999189346,
        "f_b": 0.17403031095807364,
        "u_d": -17.49298804230464,
        "p": 9.526023826565133,
        "n": 6.7279223266461985,
        "f": 8.213988232084702,
        "b": 8.039957921126629,
        "u": -17.49298804230464,
        "d": 0
    },
    "clickslide": {
        "p_n": 2.691237228440828,
        "f_b": 0.38490314053685104,
        "u_d": -16.373057133555886,
        "p": 8.684999962401891,
        "n": 5.993762733961063,
        "f": 7.531832918449902,
        "b": 7.146929777913051,
        "u": 0,
        "d": 16.373057133555886
    },
    "rstormsf": {
        "p_n": 1.850354551791428,
        "f_b": -0.5753381592136861,
        "u_d": -17.478661404226397,
        "p": 8.957582262924632,
        "n": 7.107227711133204,
        "f": 7.744735907422076,
        "b": 8.320074066635762,
        "u": -17.478661404226397,
        "d": 0
    },
    "ADumaine": {
        "p_n": 1.8041409162442754,
        "f_b": -0.4902958540886564,
        "u_d": -15.714205559100328,
        "p": 9.119301232598392,
        "n": 7.315160316354117,
        "f": 7.972082847431927,
        "b": 8.462378701520583,
        "u": 0,
        "d": 15.714205559100328
    },
    "alphastorm": {
        "p_n": 2.375643863687385,
        "f_b": -0.12309381272461195,
        "u_d": -16.11237472057374,
        "p": 8.692186647827391,
        "n": 6.316542784140006,
        "f": 7.442817809621393,
        "b": 7.565911622346005,
        "u": 0,
        "d": 16.11237472057374
    },
    "hydrotik": {
        "p_n": 1.6388368234249402,
        "f_b": -0.5478397998350788,
        "u_d": -17.61381237406311,
        "p": 8.918294179631303,
        "n": 7.279457356206363,
        "f": 7.824955868001294,
        "b": 8.372795667836373,
        "u": 0,
        "d": 17.61381237406311
    },
    "alecarg": {
        "p_n": 2.0372037449484273,
        "f_b": -0.3214242508631493,
        "u_d": -16.66871558339705,
        "p": 9.088635402701987,
        "n": 7.05143165775356,
        "f": 7.909321404796199,
        "b": 8.230745655659348,
        "u": 0,
        "d": 16.66871558339705
    },
    "symbianm": {
        "p_n": 2.6162304855507,
        "f_b": 0.44870851756043084,
        "u_d": -16.578391690262453,
        "p": 9.043601416921204,
        "n": 6.427370931370504,
        "f": 7.95984043292607,
        "b": 7.511131915365639,
        "u": 0,
        "d": 16.578391690262453
    },
    "lukazlatecan": {
        "p_n": 2.974538388195863,
        "f_b": 0.9339398312359455,
        "u_d": -17.476489762661217,
        "p": 9.4358182716271,
        "n": 6.461279883431238,
        "f": 8.415518993147142,
        "b": 7.481579161911196,
        "u": -17.476489762661217,
        "d": 0
    },
    "walshe": {
        "p_n": 2.15802676683756,
        "f_b": -0.6340371356145003,
        "u_d": -16.487036677937464,
        "p": 8.868750683430527,
        "n": 6.710723916592967,
        "f": 7.472718732204497,
        "b": 8.106755867818997,
        "u": 0,
        "d": 16.487036677937464
    },
    "HE-is": {
        "p_n": 2.2739970906175317,
        "f_b": -0.11768574926576925,
        "u_d": -17.82313336665725,
        "p": 9.23076975130811,
        "n": 6.956772660690578,
        "f": 8.034928331366459,
        "b": 8.152614080632228,
        "u": 0,
        "d": 17.82313336665725
    }
}