{
    "jhnns": {
        "p_n": 2.182249862235401,
        "f_b": -0.733067388390146,
        "u_d": -16.549321239057402,
        "p": 9.095041918390475,
        "n": 6.912792056155074,
        "f": 7.6373832930777015,
        "b": 8.370450681467847,
        "u": 0,
        "d": 16.549321239057402
    },
    "davidposin": {
        "p_n": 1.9764014320950816,
        "f_b": -0.5222017011613653,
        "u_d": -17.801884803211273,
        "p": 8.949000418367193,
        "n": 6.972598986272112,
        "f": 7.69969885173897,
        "b": 8.221900552900335,
        "u": 0,
        "d": 17.801884803211273
    },
    "gprasant": {
        "p_n": 1.8290429655717446,
        "f_b": -0.712961664157528,
        "u_d": -16.771887308659473,
        "p": 8.960118367522476,
        "n": 7.131075401950731,
        "f": 7.68911605265784,
        "b": 8.402077716815368,
        "u": 0,
        "d": 16.771887308659473
    },
    "coveralls": {
        "p_n": 2.0394158142393426,
        "f_b": 0.8748239317217887,
        "u_d": -17.490669475024013,
        "p": 8.999469974444374,
        "n": 6.960054160205031,
        "f": 8.417174033185596,
        "b": 7.542350101463807,
        "u": -17.490669475024013,
        "d": 0
    },
    "phishy": {
        "p_n": 2.1742772925945975,
        "f_b": -0.5759625416447385,
        "u_d": -17.653728217541424,
        "p": 9.035818149094455,
        "n": 6.8615408564998575,
        "f": 7.660698231974786,
        "b": 8.236660773619525,
        "u": 0,
        "d": 17.653728217541424
    },
    "JvJefke": {
        "p_n": 1.9963293769651784,
        "f_b": -0.3953368213149151,
        "u_d": -14.708697300570043,
        "p": 9.112908556760946,
        "n": 7.116579179795767,
        "f": 7.917075457620898,
        "b": 8.312412278935813,
        "u": 0,
        "d": 14.708697300570043
    },
    "ColCh": {
        "p_n": 2.663802792234586,
        "f_b": 0.6042413941794731,
        "u_d": -15.778867082623117,
        "p": 8.825691468181079,
        "n": 6.161888675946493,
        "f": 7.795910769153522,
        "b": 7.191669374974049,
        "u": 0,
        "d": 15.778867082623117
    },
    "ssshah5": {
        "p_n": 2.086087453021049,
        "f_b": -0.12111876193160764,
        "u_d": -15.173085962221476,
        "p": 8.709988713143325,
        "n": 6.623901260122276,
        "f": 7.606385605666997,
        "b": 7.727504367598605,
        "u": 0,
        "d": 15.173085962221476
    },
    "jamlen": {
        "p_n": 2.0911427877905027,
        "f_b": -0.1367146161209618,
        "u_d": -16.316539551073202,
        "p": 8.864973031324414,
        "n": 6.7738302435339115,
        "f": 7.751044329368682,
        "b": 7.887758945489644,
        "u": 0,
        "d": 16.316539551073202
    },
    "TheSavior": {
        "p_n": 2.406737010876837,
        "f_b": -0.44964555799566064,
        "u_d": -17.13465849688577,
        "p": 8.92387807519202,
        "n": 6.517141064315183,
        "f": 7.495686790755771,
        "b": 7.945332348751432,
        "u": 0,
        "d": 17.13465849688577
    },
    "edsharp": {
        "p_n": 2.136043942240047,
        "f_b": -1.0873488189686462,
        "u_d": -16.639038193149947,
        "p": 9.04115201802035,
        "n": 6.905108075780303,
        "f": 7.4294556374160035,
        "b": 8.51680445638465,
        "u": 0,
        "d": 16.639038193149947
    },
    "brocoli": {
        "p_n": 2.0861882721160416,
        "f_b": -0.3228368973386946,
        "u_d": -16.552211299027586,
        "p": 8.866417415933814,
        "n": 6.780229143817772,
        "f": 7.661904831206446,
        "b": 7.98474172854514,
        "u": 0,
        "d": 16.552211299027586
    },
    "mboudreau": {
        "p_n": 1.9926502630390903,
        "f_b": -0.9877827738971998,
        "u_d": -16.00805387287366,
        "p": 9.160698563538736,
        "n": 7.168048300499645,
        "f": 7.670482045070591,
        "b": 8.65826481896779,
        "u": 0,
        "d": 16.00805387287366
    },
    "rnemec": {
        "p_n": 1.7535334870784167,
        "f_b": -0.4653755851923087,
        "u_d": -15.91257965844122,
        "p": 8.555592895763597,
        "n": 6.802059408685181,
        "f": 7.446138359628234,
        "b": 7.911513944820543,
        "u": 0,
        "d": 15.91257965844122
    }
}