{
    "jimbojsb": {
        "p_n": 1.9732311087808423,
        "f_b": 0.5337527937494162,
        "u_d": -16.88309763395381,
        "p": 8.902948848238266,
        "n": 6.929717739457423,
        "f": 8.183209690722553,
        "b": 7.6494568969731365,
        "u": 0,
        "d": 16.88309763395381
    },
    "henrikbjorn": {
        "p_n": 2.822509556103932,
        "f_b": 0.18405169397466103,
        "u_d": -17.938528066640856,
        "p": 9.034336225837357,
        "n": 6.2118266697334255,
        "f": 7.715107294772722,
        "b": 7.531055600798061,
        "u": 0,
        "d": 17.938528066640856
    },
    "DandyDev": {
        "p_n": 1.8274086895108645,
        "f_b": -0.09575644437361319,
        "u_d": -17.456736262385526,
        "p": 9.17452980582014,
        "n": 7.347121116309275,
        "f": 8.2129472388779,
        "b": 8.308703683251514,
        "u": -17.456736262385526,
        "d": 0
    },
    "BrianGilbert": {
        "p_n": 3.03067832924909,
        "f_b": 0.7675272644362554,
        "u_d": -17.48964018828711,
        "p": 9.331417253324854,
        "n": 6.300738924075764,
        "f": 8.199841720918437,
        "b": 7.432314456482182,
        "u": -17.48964018828711,
        "d": 0
    },
    "vicchi": {
        "p_n": 2.0577998391737893,
        "f_b": -0.10300917625469186,
        "u_d": -17.751038345572706,
        "p": 8.889856113015735,
        "n": 6.832056273841946,
        "f": 7.809451605301494,
        "b": 7.912460781556186,
        "u": 0,
        "d": 17.751038345572706
    },
    "andypiper": {
        "p_n": 2.7906798530007784,
        "f_b": -0.30925190148152026,
        "u_d": -16.881387161042156,
        "p": 8.762264639132628,
        "n": 5.971584786131849,
        "f": 7.2122987618914784,
        "b": 7.521550663372999,
        "u": 0,
        "d": 16.881387161042156
    },
    "sesam": {
        "p_n": 2.3609520545019524,
        "f_b": -0.34309008581670675,
        "u_d": -17.13052376476663,
        "p": 9.154639131121234,
        "n": 6.793687076619282,
        "f": 7.802618060961905,
        "b": 8.145708146778611,
        "u": 0,
        "d": 17.13052376476663
    },
    "bulkan": {
        "p_n": 3.022667315436454,
        "f_b": 0.7371075175227588,
        "u_d": -17.469966523626482,
        "p": 9.428291605882722,
        "n": 6.4056242904462675,
        "f": 8.285511706925874,
        "b": 7.548404189403115,
        "u": -17.469966523626482,
        "d": 0
    },
    "elgs": {
        "p_n": 2.010111390147375,
        "f_b": -0.7827335801186317,
        "u_d": -15.67432452791812,
        "p": 8.58279134335699,
        "n": 6.572679953209614,
        "f": 7.186368858223986,
        "b": 7.969102438342618,
        "u": 0,
        "d": 15.67432452791812
    },
    "uhlhosting": {
        "p_n": 2.085425085197242,
        "f_b": -0.3778731722094948,
        "u_d": -17.07673824436905,
        "p": 8.757881943325666,
        "n": 6.672456858128424,
        "f": 7.526232814622297,
        "b": 7.904105986831792,
        "u": 0,
        "d": 17.07673824436905
    }
}