{
    "jisaacks": {
        "p_n": 1.9455068577518588,
        "f_b": -0.35599367389853853,
        "u_d": -17.129064117582924,
        "p": 9.354914270906498,
        "n": 7.409407413154639,
        "f": 8.2041640050813,
        "b": 8.560157678979838,
        "u": 0,
        "d": 17.129064117582924
    },
    "aprescott": {
        "p_n": 1.613187034713083,
        "f_b": -0.9523369645577695,
        "u_d": -17.841709672638924,
        "p": 8.824071647309594,
        "n": 7.210884612596511,
        "f": 7.541309647674169,
        "b": 8.493646612231938,
        "u": 0,
        "d": 17.841709672638924
    },
    "DavidLGoldberg": {
        "p_n": 2.214533683344847,
        "f_b": -0.5901891299643296,
        "u_d": -15.685563771426288,
        "p": 9.101973005088217,
        "n": 6.88743932174337,
        "f": 7.699611598433629,
        "b": 8.289800728397958,
        "u": 0,
        "d": 15.685563771426288
    },
    "morales2k": {
        "p_n": 1.6627612791511002,
        "f_b": -0.5752960623415646,
        "u_d": -15.162587753164207,
        "p": 8.921199654417201,
        "n": 7.258438375266101,
        "f": 7.8021709836708695,
        "b": 8.377467046012434,
        "u": 0,
        "d": 15.162587753164207
    },
    "shmup": {
        "p_n": 2.0435174852277074,
        "f_b": -1.2076506453417588,
        "u_d": -17.214296583568267,
        "p": 9.005761734789946,
        "n": 6.9622442495622385,
        "f": 7.380177669505213,
        "b": 8.587828314846972,
        "u": 0,
        "d": 17.214296583568267
    },
    "frantic": {
        "p_n": 1.7670370555977328,
        "f_b": -0.7317913694835552,
        "u_d": -17.49244328651014,
        "p": 8.928057816669671,
        "n": 7.1610207610719385,
        "f": 7.678643604129028,
        "b": 8.410434973612583,
        "u": -17.49244328651014,
        "d": 0
    },
    "unphased": {
        "p_n": 1.864173501223144,
        "f_b": -0.16370269438759344,
        "u_d": -16.413239228110573,
        "p": 9.054281435000698,
        "n": 7.190107933777554,
        "f": 8.04034333719533,
        "b": 8.204046031582923,
        "u": 0,
        "d": 16.413239228110573
    },
    "FichteFoll": {
        "p_n": 1.9839121175632508,
        "f_b": -0.5335294561691644,
        "u_d": -17.944301429888505,
        "p": 9.196975371525433,
        "n": 7.213063253962182,
        "f": 7.938254584659225,
        "b": 8.471784040828389,
        "u": 0,
        "d": 17.944301429888505
    },
    "deathaxe": {
        "p_n": 1.9038583810847252,
        "f_b": -0.8978740395249982,
        "u_d": -17.558681712071802,
        "p": 9.129880190085515,
        "n": 7.22602180900079,
        "f": 7.729013979780653,
        "b": 8.626888019305651,
        "u": 0,
        "d": 17.558681712071802
    },
    "rafaelcgo": {
        "p_n": 2.2101121826775145,
        "f_b": 0.08496856108404671,
        "u_d": -17.4847899205691,
        "p": 9.079465758027176,
        "n": 6.8693535753496615,
        "f": 8.016893947230443,
        "b": 7.931925386146396,
        "u": -17.4847899205691,
        "d": 0
    },
    "rchl": {
        "p_n": 2.275129634105019,
        "f_b": -0.5785139452446284,
        "u_d": -17.15230570968159,
        "p": 9.374030297231933,
        "n": 7.098900663126914,
        "f": 7.947208507557109,
        "b": 8.525722452801737,
        "u": 0,
        "d": 17.15230570968159
    },
    "Ajedi32": {
        "p_n": 2.481984463431308,
        "f_b": -0.3733548129771034,
        "u_d": -17.547856314192373,
        "p": 9.816655995808086,
        "n": 7.3346715323767775,
        "f": 8.38898635760388,
        "b": 8.762341170580983,
        "u": 0,
        "d": 17.547856314192373
    },
    "saamalik": {
        "p_n": 1.6502280914536147,
        "f_b": -0.5666991042785083,
        "u_d": -17.538988890007708,
        "p": 8.667766204363156,
        "n": 7.017538112909541,
        "f": 7.559302606497094,
        "b": 8.126001710775602,
        "u": 0,
        "d": 17.538988890007708
    },
    "kofalt": {
        "p_n": 1.9665468753447133,
        "f_b": -0.6164896944901006,
        "u_d": -16.99213092022731,
        "p": 9.12057072598046,
        "n": 7.154023850635747,
        "f": 7.8290524410630535,
        "b": 8.445542135553154,
        "u": 0,
        "d": 16.99213092022731
    },
    "abusalimov": {
        "p_n": 2.7104853166953067,
        "f_b": -0.4095182524111234,
        "u_d": -17.497411234391002,
        "p": 9.512550314186697,
        "n": 6.8020649974913905,
        "f": 7.952548529633482,
        "b": 8.362066782044606,
        "u": -17.497411234391002,
        "d": 0
    },
    "g105b": {
        "p_n": 2.6647414851133027,
        "f_b": -0.331433207711326,
        "u_d": -16.338761131075554,
        "p": 9.004577463017064,
        "n": 6.339835977903761,
        "f": 7.50649011660475,
        "b": 7.837923324316076,
        "u": 0,
        "d": 16.338761131075554
    },
    "r-stein": {
        "p_n": 1.9444340298779919,
        "f_b": -0.9095717209629459,
        "u_d": -17.12104999110558,
        "p": 9.258207634472507,
        "n": 7.313773604594515,
        "f": 7.831204759052039,
        "b": 8.740776480014985,
        "u": 0,
        "d": 17.12104999110558
    },
    "sigod": {
        "p_n": 1.818609611887572,
        "f_b": -0.37308960315231054,
        "u_d": -17.279872970297095,
        "p": 9.070141584347546,
        "n": 7.251531972459974,
        "f": 7.974291976827605,
        "b": 8.347381579979915,
        "u": 0,
        "d": 17.279872970297095
    },
    "matthiasg": {
        "p_n": 1.9450617887644004,
        "f_b": -0.33361413841175924,
        "u_d": -17.88411956848777,
        "p": 9.052361925118502,
        "n": 7.107300136354102,
        "f": 7.913023961530422,
        "b": 8.246638099942182,
        "u": 0,
        "d": 17.88411956848777
    },
    "Givemeyourgits": {
        "p_n": 1.470908361570105,
        "f_b": -0.48903757294483263,
        "u_d": -17.470196578755804,
        "p": 9.09084008394419,
        "n": 7.619931722374085,
        "f": 8.110867116686721,
        "b": 8.599904689631554,
        "u": -17.470196578755804,
        "d": 0
    },
    "Reinmar": {
        "p_n": 2.0238984196005783,
        "f_b": -0.19220706182265523,
        "u_d": -17.46774743113863,
        "p": 9.244897645682745,
        "n": 7.220999226082166,
        "f": 8.136844904971127,
        "b": 8.329051966793783,
        "u": -17.46774743113863,
        "d": 0
    },
    "titoBouzout": {
        "p_n": 2.0055695964310747,
        "f_b": -1.0652839297588894,
        "u_d": -17.717089538923965,
        "p": 9.348683490723365,
        "n": 7.343113894292291,
        "f": 7.813256727628383,
        "b": 8.878540657387273,
        "u": 0,
        "d": 17.717089538923965
    },
    "entombedvirus": {
        "p_n": 1.8189065582809487,
        "f_b": -0.03383223141132774,
        "u_d": -17.495773230567018,
        "p": 9.141482207882575,
        "n": 7.322575649601626,
        "f": 8.215112813036438,
        "b": 8.248945044447765,
        "u": -17.495773230567018,
        "d": 0
    },
    "stephan-nordnes-eriksen": {
        "p_n": 2.103525564823684,
        "f_b": -0.6979260927205893,
        "u_d": -17.650602427913523,
        "p": 8.966627715332777,
        "n": 6.863102150509093,
        "f": 7.56590188656064,
        "b": 8.26382797928123,
        "u": 0,
        "d": 17.650602427913523
    },
    "jmromer": {
        "p_n": 2.104462961074777,
        "f_b": -0.4790082798016968,
        "u_d": -17.456211246150044,
        "p": 9.2664482268125,
        "n": 7.161985265737723,
        "f": 7.974712606374263,
        "b": 8.45372088617596,
        "u": -17.456211246150044,
        "d": 0
    },
    "Pictor13": {
        "p_n": 1.1910839166228362,
        "f_b": -1.1184082545983323,
        "u_d": -17.864590767611343,
        "p": 9.172788282318367,
        "n": 7.98170436569553,
        "f": 8.018042196707782,
        "b": 9.136450451306114,
        "u": 0,