{
    "johannilsson": {
        "p_n": 2.0814753352839936,
        "f_b": 0.1636461323669245,
        "u_d": -17.25611218687518,
        "p": 9.643775106490907,
        "n": 7.562299771206913,
        "f": 8.684860505032372,
        "b": 8.521214372665447,
        "u": 0,
        "d": 17.25611218687518
    },
    "mattg1981": {
        "p_n": 2.4696985205827646,
        "f_b": -0.6079540967883492,
        "u_d": -17.491872833786267,
        "p": 9.090752588759381,
        "n": 6.621054068176616,
        "f": 7.551926280073824,
        "b": 8.159880376862173,
        "u": -17.491872833786267,
        "d": 0
    },
    "MantaMay": {
        "p_n": 1.6844687330298935,
        "f_b": -0.20077670520062618,
        "u_d": -17.360852817524492,
        "p": 9.237303563510956,
        "n": 7.552834830481062,
        "f": 8.294680844395696,
        "b": 8.495457549596322,
        "u": 0,
        "d": 17.360852817524492
    },
    "ened": {
        "p_n": 2.7891540744862153,
        "f_b": -0.12524903681597443,
        "u_d": -17.08074465982931,
        "p": 8.841767474139512,
        "n": 6.052613399653297,
        "f": 7.384565918488418,
        "b": 7.5098149553043925,
        "u": 0,
        "d": 17.08074465982931
    },
    "AllenCoder": {
        "p_n": 2.434419006672549,
        "f_b": 0.6340990581911079,
        "u_d": -17.977199055765237,
        "p": 9.08096104190353,
        "n": 6.646542035230981,
        "f": 8.18080106766281,
        "b": 7.5467020094717014,
        "u": 0,
        "d": 17.977199055765237
    },
    "baris3437": {
        "p_n": 2.3802021448049704,
        "f_b": 0.923427468299983,
        "u_d": -17.864849043847297,
        "p": 9.003070723941837,
        "n": 6.622868579136867,
        "f": 8.274683385689343,
        "b": 7.35125591738936,
        "u": 0,
        "d": 17.864849043847297
    },
    "alexfu": {
        "p_n": 1.8446167375396785,
        "f_b": -1.0040735820558915,
        "u_d": -17.344478296172344,
        "p": 9.14871453059608,
        "n": 7.304097793056402,
        "f": 7.724369370798296,
        "b": 8.728442952854188,
        "u": 0,
        "d": 17.344478296172344
    },
    "LaSprezz": {
        "p_n": 1.9916975075341607,
        "f_b": -0.5064667905733256,
        "u_d": -17.695677882513575,
        "p": 9.155408510035933,
        "n": 7.163711002501772,
        "f": 7.90632636098219,
        "b": 8.412793151555515,
        "u": 0,
        "d": 17.695677882513575
    },
    "DavidTPate": {
        "p_n": 1.9422739504286977,
        "f_b": -0.6982352020789957,
        "u_d": -17.483278886011966,
        "p": 9.309624281178014,
        "n": 7.367350330749316,
        "f": 7.989369704924167,
        "b": 8.687604907003163,
        "u": -17.483278886011966,
        "d": 0
    },
    "rakey": {
        "p_n": 2.348738394092784,
        "f_b": -0.6332427608992486,
        "u_d": -17.438713178452467,
        "p": 8.939749701301247,
        "n": 6.591011307208463,
        "f": 7.44875912380523,
        "b": 8.082001884704479,
        "u": -17.438713178452467,
        "d": 0
    }
}