{
    "johannilsson": {
        "p_n": 2.034624308785384,
        "f_b": -0.4303338247342996,
        "u_d": -17.515625832596257,
        "p": 9.399782887227001,
        "n": 7.365158578441617,
        "f": 8.16730382046716,
        "b": 8.59763764520146,
        "u": 0,
        "d": 17.515625832596257
    },
    "JakeWharton": {
        "p_n": 1.2864073257634505,
        "f_b": -1.1706867544118165,
        "u_d": -16.631953568508113,
        "p": 8.95340504713478,
        "n": 7.666997721371329,
        "f": 7.724858007047146,
        "b": 8.895544761458963,
        "u": 0,
        "d": 16.631953568508113
    },
    "ohhorob": {
        "p_n": 1.7239566169018028,
        "f_b": -0.9682468563796629,
        "u_d": -17.436538333971768,
        "p": 9.522160888557966,
        "n": 7.7982042716561635,
        "f": 8.176059151917233,
        "b": 9.144306008296896,
        "u": -17.436538333971768,
        "d": 0
    },
    "LorneLaliberte": {
        "p_n": 2.0275383153734374,
        "f_b": -0.9243607209836391,
        "u_d": -17.095188488513656,
        "p": 9.114118430644453,
        "n": 7.0865801152710155,
        "f": 7.638168912465915,
        "b": 8.562529633449554,
        "u": 0,
        "d": 17.095188488513656
    },
    "senagbe": {
        "p_n": 2.5563659044337887,
        "f_b": 0.41745128967377987,
        "u_d": -17.41920642661501,
        "p": 8.977357045148674,
        "n": 6.420991140714885,
        "f": 7.90789973776867,
        "b": 7.49044844809489,
        "u": 0,
        "d": 17.41920642661501
    },
    "rtyley": {
        "p_n": 1.7174341086033476,
        "f_b": -0.655330189132493,
        "u_d": -15.382006272188956,
        "p": 8.936388675704332,
        "n": 7.218954567100985,
        "f": 7.750006526836413,
        "b": 8.405336715968906,
        "u": 0,
        "d": 15.382006272188956
    },
    "adiktz": {
        "p_n": 1.7843843676224829,
        "f_b": -0.6597237761004742,
        "u_d": -15.890162493048983,
        "p": 9.372566178461133,
        "n": 7.58818181083865,
        "f": 8.150512106599654,
        "b": 8.810235882700129,
        "u": 0,
        "d": 15.890162493048983
    },
    "mahaveer": {
        "p_n": 2.6294846816450352,
        "f_b": -0.07974158479012772,
        "u_d": -17.48132004653742,
        "p": 9.774460998575899,
        "n": 7.1449763169308635,
        "f": 8.419847865358317,
        "b": 8.499589450148445,
        "u": -17.48132004653742,
        "d": 0
    },
    "rfgamaral": {
        "p_n": 2.2937615152582627,
        "f_b": -0.801067885822162,
        "u_d": -15.698373087425553,
        "p": 9.347547701456934,
        "n": 7.053786186198671,
        "f": 7.800133000916722,
        "b": 8.601200886738884,
        "u": 0,
        "d": 15.698373087425553
    },
    "GuyWhoCodez": {
        "p_n": 2.8164633391608103,
        "f_b": -0.05584469315492502,
        "u_d": -17.455398000413055,
        "p": 9.330635012404606,
        "n": 6.514171673243796,
        "f": 7.894480996246738,
        "b": 7.950325689401663,
        "u": 0,
        "d": 17.455398000413055
    },
    "rekisum": {
        "p_n": 1.924091429359203,
        "f_b": -0.44663598836576135,
        "u_d": -14.732116018212174,
        "p": 8.751592422941552,
        "n": 6.827500993582349,
        "f": 7.56622871407907,
        "b": 8.012864702444832,
        "u": 0,
        "d": 14.732116018212174
    },
    "benuch": {
        "p_n": 1.3048785425533795,
        "f_b": -0.5897371002797609,
        "u_d": -17.847786594480887,
        "p": 9.085589178665412,
        "n": 7.780710636112032,
        "f": 8.138281357248841,
        "b": 8.728018457528602,
        "u": 0,
        "d": 17.847786594480887
    },
    "TonyCostanza": {
        "p_n": 2.0595446721800315,
        "f_b": 0.8929073077208791,
        "u_d": -17.48415259027791,
        "p": 9.513583942488454,
        "n": 7.454039270308423,
        "f": 8.930265260258878,
        "b": 8.037357952537999,
        "u": -17.48415259027791,
        "d": 0
    }
}