{
    "jonathanslenders": {
        "p_n": 2.1005646684681096,
        "f_b": -0.020458848279467645,
        "u_d": -16.019331557325327,
        "p": 9.371408592629294,
        "n": 7.270843924161184,
        "f": 8.310896834255505,
        "b": 8.331355682534973,
        "u": 0,
        "d": 16.019331557325327
    },
    "e12e": {
        "p_n": 2.837551268024752,
        "f_b": -0.5061192375619967,
        "u_d": -16.134717567561538,
        "p": 8.992074254035188,
        "n": 6.154522986010436,
        "f": 7.320239001241815,
        "b": 7.826358238803811,
        "u": 0,
        "d": 16.134717567561538
    },
    "lunemec": {
        "p_n": 2.2071285635506133,
        "f_b": -0.6876954175647914,
        "u_d": -17.807252165612315,
        "p": 8.910492123853622,
        "n": 6.703363560303009,
        "f": 7.46308013329592,
        "b": 8.150775550860711,
        "u": 0,
        "d": 17.807252165612315
    },
    "lillian27": {
        "p_n": 1.7213764694007008,
        "f_b": -0.7209980413455295,
        "u_d": -17.49655847157054,
        "p": 8.881678507373003,
        "n": 7.160302037972302,
        "f": 7.660491251999888,
        "b": 8.381489293345417,
        "u": -17.49655847157054,
        "d": 0
    },
    "SanketDG": {
        "p_n": 1.7478918984546628,
        "f_b": -0.4783440520855109,
        "u_d": -17.37295175807934,
        "p": 9.114181506434203,
        "n": 7.366289607979541,
        "f": 8.001063531164117,
        "b": 8.479407583249628,
        "u": 0,
        "d": 17.37295175807934
    },
    "tony": {
        "p_n": 2.57760076246987,
        "f_b": -0.022977969753911864,
        "u_d": -15.972130609240494,
        "p": 8.996496398365988,
        "n": 6.418895635896118,
        "f": 7.6962070322540965,
        "b": 7.719185002008008,
        "u": 0,
        "d": 15.972130609240494
    },
    "htzh": {
        "p_n": 2.3480900085471434,
        "f_b": -0.7291026816914954,
        "u_d": -17.462598121217507,
        "p": 9.147957297158266,
        "n": 6.799867288611122,
        "f": 7.609360952038946,
        "b": 8.338463633730441,
        "u": -17.462598121217507,
        "d": 0
    },
    "smileboywtu": {
        "p_n": 2.5334071429632203,
        "f_b": -0.8556106947698447,
        "u_d": -17.47463611177318,
        "p": 9.269325110108555,
        "n": 6.735917967145335,
        "f": 7.574816191242022,
        "b": 8.430426886011867,
        "u": -17.47463611177318,
        "d": 0
    }
}