{
    "jp9000": {
        "p_n": 2.545343932896536,
        "f_b": -0.004910841917256548,
        "u_d": -16.6504624542954,
        "p": 9.503607061831033,
        "n": 6.958263128934497,
        "f": 8.228479674424138,
        "b": 8.233390516341395,
        "u": 0,
        "d": 16.6504624542954
    },
    "notr1ch": {
        "p_n": 1.700333330685151,
        "f_b": -0.45271965791806856,
        "u_d": -17.74055998496749,
        "p": 9.277760533435675,
        "n": 7.577427202750524,
        "f": 8.201234039134064,
        "b": 8.653953697052133,
        "u": 0,
        "d": 17.74055998496749
    },
    "bilhamil": {
        "p_n": 2.5087170218454826,
        "f_b": -0.2875256043950625,
        "u_d": -17.49468667711175,
        "p": 9.565868771865047,
        "n": 7.057151750019564,
        "f": 8.167747458744774,
        "b": 8.455273063139837,
        "u": -17.49468667711175,
        "d": 0
    },
    "mufunyo": {
        "p_n": 2.8665444534856768,
        "f_b": -0.6638165744816948,
        "u_d": -17.48459565153608,
        "p": 9.606836971068354,
        "n": 6.740292517582677,
        "f": 7.841656457084667,
        "b": 8.505473031566362,
        "u": -17.48459565153608,
        "d": 0
    },
    "Warchamp7": {
        "p_n": 2.990258884295768,
        "f_b": -0.8389526384573234,
        "u_d": -17.30707139400943,
        "p": 9.431905241105643,
        "n": 6.4416463568098745,
        "f": 7.517299479729097,
        "b": 8.35625211818642,
        "u": 0,
        "d": 17.30707139400943
    },
    "Jack0r": {
        "p_n": 2.4039286619204754,
        "f_b": -0.24505601638495733,
        "u_d": -17.00752413877877,
        "p": 9.692100538430466,
        "n": 7.288171876509991,
        "f": 8.36760819927775,
        "b": 8.612664215662708,
        "u": 0,
        "d": 17.00752413877877
    },
    "palana": {
        "p_n": 2.3813127431472783,
        "f_b": -0.1773407469682038,
        "u_d": -17.481522030808843,
        "p": 9.392496082967973,
        "n": 7.011183339820695,
        "f": 8.113169337910232,
        "b": 8.290510084878436,
        "u": -17.481522030808843,
        "d": 0
    },
    "shousa": {
        "p_n": 2.114774414577571,
        "f_b": -0.5987663507176908,
        "u_d": -17.485756474088454,
        "p": 9.386464655459294,
        "n": 7.271690240881723,
        "f": 8.029694272811662,
        "b": 8.628460623529353,
        "u": -17.485756474088454,
        "d": 0
    },
    "Gol-D-Ace": {
        "p_n": 2.1345432365422914,
        "f_b": 0.33330495466943866,
        "u_d": -17.885772043367975,
        "p": 9.626042902961595,
        "n": 7.491499666419304,
        "f": 8.72542376202517,
        "b": 8.39211880735573,
        "u": 0,
        "d": 17.885772043367975
    },
    "dodgepong": {
        "p_n": 2.1557441117078273,
        "f_b": -0.3336519727576217,
        "u_d": -17.495501948853665,
        "p": 9.656348963935882,
        "n": 7.500604852228054,
        "f": 8.411650921703156,
        "b": 8.745302894460778,
        "u": -17.495501948853665,
        "d": 0
    },
    "spangleb": {
        "p_n": 2.3984130376942776,
        "f_b": -0.7388315839125159,
        "u_d": -17.490807889120877,
        "p": 9.32934687495488,
        "n": 6.930933837260602,
        "f": 7.760724564151483,
        "b": 8.499556148063999,
        "u": -17.490807889120877,
        "d": 0
    },
    "Glought": {
        "p_n": 2.2566152632552328,
        "f_b": -0.7266179693499168,
        "u_d": -16.10648387688325,
        "p": 9.215229769068488,
        "n": 6.958614505813255,
        "f": 7.723613152765914,
        "b": 8.45023112211583,
        "u": 0,
        "d": 16.10648387688325
    }
}