{
    "junegunn": {
        "p_n": 1.9386380880918228,
        "f_b": -0.7406048967464116,
        "u_d": -17.494032669578502,
        "p": 9.162912117062191,
        "n": 7.224274028970369,
        "f": 7.823290624643075,
        "b": 8.563895521389487,
        "u": 0,
        "d": 17.494032669578502
    },
    "munimkazia": {
        "p_n": 1.8347797204161234,
        "f_b": -0.3677422783027424,
        "u_d": -14.906128348962316,
        "p": 9.271240996773184,
        "n": 7.43646127635706,
        "f": 8.169979997413751,
        "b": 8.537722275716494,
        "u": 0,
        "d": 14.906128348962316
    },
    "sent-hil": {
        "p_n": 2.078298702593271,
        "f_b": 0.20881260826098114,
        "u_d": -17.45571691665357,
        "p": 9.342680437648784,
        "n": 7.2643817350555135,
        "f": 8.40793739048264,
        "b": 8.19912478222166,
        "u": -17.45571691665357,
        "d": 0
    },
    "ivyang187": {
        "p_n": 2.638947641468871,
        "f_b": -0.32912875365982686,
        "u_d": -17.482789544172437,
        "p": 9.094786893490369,
        "n": 6.455839252021498,
        "f": 7.61074869592602,
        "b": 7.939877449585847,
        "u": -17.482789544172437,
        "d": 0
    },
    "allanwax": {
        "p_n": 1.8227761288085587,
        "f_b": -1.230347558880199,
        "u_d": -17.915724286994937,
        "p": 9.036476650262799,
        "n": 7.21370052145424,
        "f": 7.50991480641842,
        "b": 8.74026236529862,
        "u": 0,
        "d": 17.915724286994937
    },
    "jimmyss04": {
        "p_n": 2.1227390215336577,
        "f_b": 0.6666415172081024,
        "u_d": -17.094484561104643,
        "p": 9.185962107726565,
        "n": 7.063223086192908,
        "f": 8.457913355563788,
        "b": 7.791271838355685,
        "u": 0,
        "d": 17.094484561104643
    },
    "vishalsharma13": {
        "p_n": 1.5371483013208316,
        "f_b": -0.2507003736825748,
        "u_d": -17.316969221251302,
        "p": 9.07376464013463,
        "n": 7.536616338813799,
        "f": 8.179840302632927,
        "b": 8.430540676315502,
        "u": 0,
        "d": 17.316969221251302
    },
    "mmattel": {
        "p_n": 1.6110737990742319,
        "f_b": -0.834974873352599,
        "u_d": -17.83596197639917,
        "p": 9.135288226968894,
        "n": 7.5242144278946625,
        "f": 7.9122638907554785,
        "b": 8.747238764108078,
        "u": 0,
        "d": 17.83596197639917
    }
}