{
    "marksandler2": {
        "p_n": 1.9682138891978438,
        "f_b": -0.700872199207442,
        "u_d": -17.484931485521358,
        "p": 9.054740933720776,
        "n": 7.086527044522932,
        "f": 7.720197889518133,
        "b": 8.421070088725575,
        "u": -17.484931485521358,
        "d": 0
    },
    "KesterTong": {
        "p_n": 1.622527920140592,
        "f_b": -0.823746313109063,
        "u_d": -17.02301328411678,
        "p": 9.095505766706934,
        "n": 7.472977846566342,
        "f": 7.872368650082106,
        "b": 8.69611496319117,
        "u": 0,
        "d": 17.02301328411678
    },
    "MatthewTurk": {
        "p_n": 1.8427277319756943,
        "f_b": -0.5183507101117488,
        "u_d": -17.964744858286124,
        "p": 9.05649804843608,
        "n": 7.213770316460385,
        "f": 7.875958827392358,
        "b": 8.394309537504107,
        "u": 0,
        "d": 17.964744858286124
    },
    "fperez": {
        "p_n": 2.174163851895397,
        "f_b": -0.6874017052589458,
        "u_d": -17.709712268366296,
        "p": 9.283804039543547,
        "n": 7.10964018764815,
        "f": 7.853021260966376,
        "b": 8.540422966225321,
        "u": 0,
        "d": 17.709712268366296
    },
    "rgbkrk": {
        "p_n": 2.4468969195004684,
        "f_b": -0.6545584625032044,
        "u_d": -15.66285170344998,
        "p": 8.755993596596188,
        "n": 6.309096677095719,
        "f": 7.205265905594351,
        "b": 7.859824368097556,
        "u": 0,
        "d": 15.66285170344998
    },
    "kayur": {
        "p_n": 2.074692793418537,
        "f_b": -0.3537509953600573,
        "u_d": -16.58540704406343,
        "p": 9.281242546174076,
        "n": 7.206549752755539,
        "f": 8.067020651784778,
        "b": 8.420771647144836,
        "u": 0,
        "d": 16.58540704406343
    },
    "Carreau": {
        "p_n": 2.0300406040231866,
        "f_b": -0.24794188863398325,
        "u_d": -16.191600431968446,
        "p": 8.970091549343344,
        "n": 6.9400509453201575,
        "f": 7.831100303014759,
        "b": 8.079042191648742,
        "u": 0,
        "d": 16.191600431968446
    },
    "rudimk": {
        "p_n": 1.5744692409155228,
        "f_b": -0.901448201099301,
        "u_d": -16.02374496506651,
        "p": 8.882753911844508,
        "n": 7.308284670928986,
        "f": 7.6447951908370975,
        "b": 8.546243391936398,
        "u": 0,
        "d": 16.02374496506651
    }
}