{
    "JustArchi": {
        "p_n": 2.425092116537268,
        "f_b": -0.46486905724365,
        "u_d": -16.148527169785837,
        "p": 9.248703783678739,
        "n": 6.823611667141471,
        "f": 7.80372319678828,
        "b": 8.26859225403193,
        "u": 0,
        "d": 16.148527169785837
    },
    "Pandiora": {
        "p_n": 1.8716423696459845,
        "f_b": -0.3821441763097617,
        "u_d": -16.74739776775285,
        "p": 9.19732608280952,
        "n": 7.325683713163535,
        "f": 8.070432809831647,
        "b": 8.452576986141409,
        "u": 0,
        "d": 16.74739776775285
    },
    "Ryzhehvost": {
        "p_n": 2.407739397263894,
        "f_b": -0.11030006655021118,
        "u_d": -16.21730898019747,
        "p": 9.405649343641308,
        "n": 6.997909946377414,
        "f": 8.146629611734255,
        "b": 8.256929678284466,
        "u": 0,
        "d": 16.21730898019747
    },
    "ghost": {
        "p_n": 2.2993021943592886,
        "f_b": -0.7708559372647201,
        "u_d": -15.036124593399682,
        "p": 9.00535382547466,
        "n": 6.706051631115372,
        "f": 7.470274759662656,
        "b": 8.241130696927376,
        "u": 0,
        "d": 15.036124593399682
    },
    "Sighery": {
        "p_n": 1.8541448412686883,
        "f_b": -0.12785669087182683,
        "u_d": -15.370384968334115,
        "p": 9.228930795081318,
        "n": 7.37478595381263,
        "f": 8.23793002901106,
        "b": 8.365786719882887,
        "u": 0,
        "d": 15.370384968334115
    },
    "Shmurdik": {
        "p_n": 2.304965774989528,
        "f_b": -0.5180812376039086,
        "u_d": -17.731186667626417,
        "p": 9.228421952443759,
        "n": 6.923456177454231,
        "f": 7.816898446147039,
        "b": 8.334979683750948,
        "u": 0,
        "d": 17.731186667626417
    },
    "Kein": {
        "p_n": 2.2964180291454586,
        "f_b": -0.6861134071200095,
        "u_d": -16.58578231664485,
        "p": 9.304373703337466,
        "n": 7.007955674192008,
        "f": 7.8131079852047325,
        "b": 8.499221392324742,
        "u": 0,
        "d": 16.58578231664485
    },
    "Ne3tCode": {
        "p_n": 2.194222700146746,
        "f_b": -0.09213002564185047,
        "u_d": -17.49976676945722,
        "p": 9.029805869960613,
        "n": 6.835583169813868,
        "f": 7.886629507066315,
        "b": 7.978759532708166,
        "u": 0,
        "d": 17.49976676945722
    },
    "v3rg": {
        "p_n": 2.1758984954464466,
        "f_b": -0.4445466028252234,
        "u_d": -15.123781467499372,
        "p": 8.869236109468027,
        "n": 6.69333761402158,
        "f": 7.5590135603321915,
        "b": 8.003560163157415,
        "u": 0,
        "d": 15.123781467499372
    },
    "judgegr": {
        "p_n": 2.8414178810895647,
        "f_b": -0.2676010028906184,
        "u_d": -17.75507403639253,
        "p": 9.623056684377499,
        "n": 6.781638803287934,
        "f": 8.068547242387407,
        "b": 8.336148245278025,
        "u": 0,
        "d": 17.75507403639253
    },
    "il-marc": {
        "p_n": 3.1661585432993684,
        "f_b": 0.1421557957138191,
        "u_d": -15.821632731148558,
        "p": 9.012321908141587,
        "n": 5.846163364842218,
        "f": 7.500320534348813,
        "b": 7.3581647386349935,
        "u": 0,
        "d": 15.821632731148558
    },
    "jbmccune": {
        "p_n": 2.144402062944592,
        "f_b": -0.4376757884539426,
        "u_d": -17.757161756150968,
        "p": 9.436169236348146,
        "n": 7.291767173403554,
        "f": 8.145130310648879,
        "b": 8.582806099102822,
        "u": 0,
        "d": 17.757161756150968
    },
    "clumba": {
        "p_n": 2.140466437540952,
        "f_b": -0.32813806897449727,
        "u_d": -16.066909131483243,
        "p": 8.852545177526691,
        "n": 6.712078739985739,
        "f": 7.618242924268967,
        "b": 7.946380993243464,
        "u": 0,
        "d": 16.066909131483243
    },
    "DeXP": {
        "p_n": 2.4291209479266715,
        "f_b": 0.3859740045114357,
        "u_d": -15.781237673170939,
        "p": 8.907286727813073,
        "n": 6.478165779886401,
        "f": 7.885713256105454,
        "b": 7.499739251594018,
        "u": 0,
        "d": 15.781237673170939
    },
    "guihkx": {
        "p_n": 2.4697116074291188,
        "f_b": -0.7087288187089698,
        "u_d": -16.022548797810437,
        "p": 8.89300048752224,
        "n": 6.423288880093121,
        "f": 7.303780274453196,
        "b": 8.012509093162166,
        "u": 0,
        "d": 16.022548797810437
    },
    "DemonAk": {
        "p_n": 2.002009600688183,
        "f_b": -0.8181751562454398,
        "u_d": -16.670939783420966,
        "p": 8.989789921461622,
        "n": 6.987780320773439,
        "f": 7.5796975429948095,
        "b": 8.39787269924025,
        "u": 0,
        "d": 16.670939783420966
    },
    "kofe88": {
        "p_n": 2.3024646509495525,
        "f_b": -0.9941492305738668,
        "u_d": -15.464982259614779,
        "p": 9.162347761399763,
        "n": 6.859883110450211,
        "f": 7.514040820638054,
        "b": 8.50819005121192,
        "u": 0,
        "d": 15.464982259614779
    },
    "Luckz": {
        "p_n": 2.5741182746468834,
        "f_b": -0.6794221751442553,
        "u_d": -17.24292141062704,
        "p": 8.816087178993104,
        "n": 6.241968904346221,
        "f": 7.189316954097535,
        "b": 7.86873912924179,
        "u": 0,
        "d": 17.24292141062704
    },
    "ZeroMaki": {
        "p_n": 2.1302612528238587,
        "f_b": -0.11952900098536823,
        "u_d": -13.98656617286168,
        "p": 9.285119624922862,
        "n": 7.154858372099003,
        "f": 8.160224498018248,
        "b": 8.279753499003617,
        "u": 0,
        "d": 13.98656617286168
    },
    "redmarverick": {
        "p_n": 2.858468783435171,
        "f_b": 0.7718374267230121,
        "u_d": -15.667737245606688,
        "p": 9.07644666042522,
        "n": 6.217977876990048,
        "f": 8.033130982069139,
        "b": 7.261293555346127,
        "u": 0,
        "d": 15.667737245606688
    },
    "KlappPc": {
        "p_n": 1.9724310161733296,
        "f_b": -0.48715551800954593,
        "u_d": -16.140805046054247,
        "p": 9.28686605954886,
        "n": 7.31443504337553,
        "f": 8.057072792457422,
        "b": 8.544228310466968,
        "u": 0,
        "d": 16.140805046054247
    },
    "Phyxion": {
        "p_n": 2.2530185070963196,
        "f_b": -0.6093158377099002,
        "u_d": -16.417976610053596,
        "p": 9.51547663840945,
        "n": 7.26245813131313,
        "f": 8.084309466006339,
        "b": 8.693625303716239,
        "u": 0,
        "d": 16.417976610053596
    },
    "Revadike": {
        "p_n": 2.0885012215379968,
        "f_b": -0.9268556297646384,
        "u_d": -16.121312392856723,
        "p": 8.97535620064051,
        "n": 6.886854979102513,
        "f": 7.467677774989193,
        "b": 8.394533404753831,
        "u": 0,
        "d": 16.121312392856723
    },
    "lainverse": {
        "p_n": 4.084191507574594,
        "f_b": 1.6301788426067425,
        "u_d": -17.49152562013321,
        "p": 9.11032620585609,
        "n": 5.0261346982814965,
        "f": 7.883319873372165,
        "b": 6.2531410307654225,
        "u": 0,
        "d": 17.49152562013321
    },
    "darkmos": {
        "p_n": 1.3769221880897087,
        "f_b": -0.778683936738906,
        "u_d": -15.825390604604102,
        "p": 8.800115119155512,
        "n": 7.423192931065803,
        "f": 7.722312056741204,
        "b": 8.50099599348011,
        "u": 0,
        "d": 15.825390604604102
    },
    "reeporter": {
        "p_n": 2.1287964479827837,
        "f_b": -0.08409084616051743,
        "u_d": -17.46185702846643,
        "p": 9.570556282350584,
        "n": 7.4417598343678,
        "f": 8.464112635278934,
        "b": 8.548203481439451,
        "u": -17.46185702846643,
        "d": 0
    },