{
    "jwilder": {
        "p_n": 2.12789466094074,
        "f_b": -0.3481016406780171,
        "u_d": -17.764438103190695,
        "p": 9.499148299915946,
        "n": 7.371253638975206,
        "f": 8.261150149106568,
        "b": 8.609251789784585,
        "u": 0,
        "d": 17.764438103190695
    },
    "powerman": {
        "p_n": 2.174849476707287,
        "f_b": -0.5119664625542084,
        "u_d": -15.519657238143438,
        "p": 8.799327953950534,
        "n": 6.6244784772432475,
        "f": 7.455919984319786,
        "b": 7.967886446873995,
        "u": 0,
        "d": 15.519657238143438
    },
    "xmlking": {
        "p_n": 2.0813258781853596,
        "f_b": 0.19373048141772742,
        "u_d": -15.770244927233659,
        "p": 8.776302264048258,
        "n": 6.694976385862899,
        "f": 7.832504565664442,
        "b": 7.638774084246714,
        "u": 0,
        "d": 15.770244927233659
    },
    "oryband": {
        "p_n": 2.086747653503066,
        "f_b": -0.9324261559135314,
        "u_d": -16.697255251943172,
        "p": 9.296781196610112,
        "n": 7.210033543107047,
        "f": 7.787194291901813,
        "b": 8.719620447815345,
        "u": 0,
        "d": 16.697255251943172
    },
    "breml": {
        "p_n": 1.8020946476608692,
        "f_b": 0.13348357130697153,
        "u_d": -17.11158738078974,
        "p": 9.05834365472056,
        "n": 7.25624900705969,
        "f": 8.22403811654361,
        "b": 8.090554545236639,
        "u": 0,
        "d": 17.11158738078974
    },
    "daniele-athome": {
        "p_n": 1.789453323767864,
        "f_b": -0.29625708825264674,
        "u_d": -13.995762601641605,
        "p": 8.909044578588695,
        "n": 7.119591254820831,
        "f": 7.8661893725784395,
        "b": 8.162446460831086,
        "u": 0,
        "d": 13.995762601641605
    },
    "kampka": {
        "p_n": 2.6500347142290357,
        "f_b": -0.18336281471769666,
        "u_d": -15.831691034583558,
        "p": 9.25095248210977,
        "n": 6.600917767880735,
        "f": 7.834253717636404,
        "b": 8.0176165323541,
        "u": 0,
        "d": 15.831691034583558
    }
}