{
    "karpathy": {
        "p_n": 2.3500129982618496,
        "f_b": -0.3812140671304185,
        "u_d": -17.50239595721344,
        "p": 9.626523946457944,
        "n": 7.276510948196094,
        "f": 8.26091041376181,
        "b": 8.642124480892228,
        "u": 0,
        "d": 17.50239595721344
    }
}