{
    "kean": {
        "p_n": 1.9332580325734243,
        "f_b": -0.624945526615603,
        "u_d": -17.128573235816823,
        "p": 9.100714370018078,
        "n": 7.167456337444654,
        "f": 7.821612590423564,
        "b": 8.446558117039167,
        "u": 0,
        "d": 17.128573235816823
    },
    "joe528": {
        "p_n": 2.2275178605927533,
        "f_b": -0.4337708109384586,
        "u_d": -14.849721993427748,
        "p": 8.925276597301348,
        "n": 6.697758736708595,
        "f": 7.594632261535743,
        "b": 8.028403072474202,
        "u": 0,
        "d": 14.849721993427748
    },
    "BabyAzerty": {
        "p_n": 2.7651773254822913,
        "f_b": -0.3098253431594564,
        "u_d": -15.518930255821854,
        "p": 8.635764015729652,
        "n": 5.870586690247361,
        "f": 7.098262681408778,
        "b": 7.408088024568235,
        "u": 0,
        "d": 15.518930255821854
    },
    "bryan1anderson": {
        "p_n": 2.3481968495405443,
        "f_b": -0.20199903758139293,
        "u_d": -15.678516324513021,
        "p": 8.811522624641967,
        "n": 6.463325775101422,
        "f": 7.536424681080998,
        "b": 7.738423718662391,
        "u": 0,
        "d": 15.678516324513021
    },
    "winkelsdorf": {
        "p_n": 2.620077211410104,
        "f_b": 0.0963019651796504,
        "u_d": -17.489035710020097,
        "p": 9.617003024822342,
        "n": 6.996925813412238,
        "f": 8.355115401707115,
        "b": 8.258813436527465,
        "u": -17.489035710020097,
        "d": 0
    },
    "swftvsn": {
        "p_n": 1.888962909582414,
        "f_b": -0.49557861172638873,
        "u_d": -17.116553891284543,
        "p": 8.967706622884313,
        "n": 7.078743713301899,
        "f": 7.7754358622299105,
        "b": 8.2710144739563,
        "u": 0,
        "d": 17.116553891284543
    },
    "spurdow": {
        "p_n": 2.3349376238451445,
        "f_b": 0.2401113000250028,
        "u_d": -17.472885718299022,
        "p": 9.146088345430389,
        "n": 6.8111507215852445,
        "f": 8.098675183520317,
        "b": 7.858563883495314,
        "u": -17.472885718299022,
        "d": 0
    },
    "michaelnisi": {
        "p_n": 2.481267558612437,
        "f_b": -0.04939006352780062,
        "u_d": -15.413374988267064,
        "p": 9.382701291293763,
        "n": 6.901433732681326,
        "f": 8.117372480223645,
        "b": 8.166762543751446,
        "u": 0,
        "d": 15.413374988267064
    },
    "AssyriaGameStudio": {
        "p_n": 2.0489441938977357,
        "f_b": -0.9083491652897315,
        "u_d": -15.77537872727706,
        "p": 8.907253939081203,
        "n": 6.858309745183467,
        "f": 7.428607259487469,
        "b": 8.3369564247772,
        "u": 0,
        "d": 15.77537872727706
    },
    "zhihuitang": {
        "p_n": 2.1855597998162546,
        "f_b": 0.27963809194466727,
        "u_d": -16.023450483884677,
        "p": 9.126472228696977,
        "n": 6.940912428880723,
        "f": 8.173511374761183,
        "b": 7.893873282816516,
        "u": 0,
        "d": 16.023450483884677
    },
    "j531": {
        "p_n": 1.933803648518838,
        "f_b": -0.22639251145011308,
        "u_d": -16.382401534341756,
        "p": 9.07025832534304,
        "n": 7.1364546768242025,
        "f": 7.990160245358565,
        "b": 8.216552756808678,
        "u": 0,
        "d": 16.382401534341756
    },
    "freemansion": {
        "p_n": 2.1408454019169625,
        "f_b": 0.2031270294190941,
        "u_d": -17.42202821054552,
        "p": 9.019072578824556,
        "n": 6.878227176907593,
        "f": 8.050213392575621,
        "b": 7.847086363156527,
        "u": 0,
        "d": 17.42202821054552
    }
}