{
    "keithamus": {
        "p_n": 2.3131454356616263,
        "f_b": -0.4618551538114657,
        "u_d": -17.779030392912972,
        "p": 9.328187221809415,
        "n": 7.015041786147789,
        "f": 7.940686927072869,
        "b": 8.402542080884334,
        "u": 0,
        "d": 17.779030392912972
    },
    "heta": {
        "p_n": 2.057984231209293,
        "f_b": 0.19377477266239573,
        "u_d": -17.50508823150939,
        "p": 9.131218975485776,
        "n": 7.073234744276483,
        "f": 8.199114246212327,
        "b": 8.005339473549931,
        "u": 0,
        "d": 17.50508823150939
    }
}