{
    "luoser": {
        "p_n": 1.9382570257506666,
        "f_b": -0.12289089449108737,
        "u_d": -17.74794747841499,
        "p": 9.275322834566106,
        "n": 7.3370658088154395,
        "f": 8.244748874445229,
        "b": 8.367639768936316,
        "u": 0,
        "d": 17.74794747841499
    },
    "mbrandonw": {
        "p_n": 1.957831192338256,
        "f_b": -0.21359103965482795,
        "u_d": -17.311400787236334,
        "p": 9.278549213792985,
        "n": 7.320718021454729,
        "f": 8.192838097796443,
        "b": 8.406429137451271,
        "u": 0,
        "d": 17.311400787236334
    },
    "michaldrabik": {
        "p_n": 2.009753133473602,
        "f_b": -0.1669923479399671,
        "u_d": -17.496618512852393,
        "p": 8.981370634023692,
        "n": 6.97161750055009,
        "f": 7.892997893316908,
        "b": 8.059990241256875,
        "u": -17.496618512852393,
        "d": 0
    },
    "PatidarNikunj": {
        "p_n": 2.0603940107514873,
        "f_b": -0.27332329332154615,
        "u_d": -17.452197513844013,
        "p": 9.32627220744893,
        "n": 7.265878196697443,
        "f": 8.159413555412414,
        "b": 8.43273684873396,
        "u": -17.452197513844013,
        "d": 0
    },
    "christopherwright": {
        "p_n": 2.1795364852626697,
        "f_b": -0.48416312441002773,
        "u_d": -17.122834479494347,
        "p": 9.382046742807987,
        "n": 7.202510257545317,
        "f": 8.050196937971638,
        "b": 8.534360062381666,
        "u": 0,
        "d": 17.122834479494347
    },
    "coryroy": {
        "p_n": 1.966175974789918,
        "f_b": -0.3579781040828731,
        "u_d": -17.227393615726584,
        "p": 8.94278360381406,
        "n": 6.9766076290241426,
        "f": 7.780706564377665,
        "b": 8.138684668460538,
        "u": 0,
        "d": 17.227393615726584
    },
    "swoopej": {
        "p_n": 2.6401270740877063,
        "f_b": 0.06447329942677271,
        "u_d": -17.579694365973104,
        "p": 9.716061179226148,
        "n": 7.075934105138442,
        "f": 8.42823429189568,
        "b": 8.363760992468908,
        "u": 0,
        "d": 17.579694365973104
    },
    "eoji": {
        "p_n": 1.8107010681063356,
        "f_b": -0.35125671063648056,
        "u_d": -17.759459382207268,
        "p": 9.12350310833392,
        "n": 7.312802040227585,
        "f": 8.042524218962512,
        "b": 8.393780929598993,
        "u": 0,
        "d": 17.759459382207268
    },
    "dannyalright": {
        "p_n": 1.657877089014173,
        "f_b": -0.4370031081903232,
        "u_d": -17.444549328069087,
        "p": 9.44485748242256,
        "n": 7.7869803934083865,
        "f": 8.397417383820311,
        "b": 8.834420492010635,
        "u": -17.444549328069087,
        "d": 0
    },
    "Rcureton": {
        "p_n": 1.5427665781906077,
        "f_b": -0.5639421840057128,
        "u_d": -17.27559564993978,
        "p": 9.103350901032577,
        "n": 7.56058432284197,
        "f": 8.049996519934417,
        "b": 8.61393870394013,
        "u": 0,
        "d": 17.27559564993978
    }
}