{
    "Natim": {
        "p_n": 1.6106413615658415,
        "f_b": -0.498461855201473,
        "u_d": -16.926306894464613,
        "p": 9.096539171603972,
        "n": 7.48589781003813,
        "f": 8.041987563220314,
        "b": 8.540449418421787,
        "u": 0,
        "d": 16.926306894464613
    },
    "almet": {
        "p_n": 1.9697873220946516,
        "f_b": -0.40360691870856336,
        "u_d": -17.29066394724125,
        "p": 9.395701211664864,
        "n": 7.425913889570213,
        "f": 8.209004091263257,
        "b": 8.61261100997182,
        "u": 0,
        "d": 17.29066394724125
    },
    "leplatrem": {
        "p_n": 1.9016306752536245,
        "f_b": -0.3508438565320837,
        "u_d": -16.913537805171966,
        "p": 9.044023882479415,
        "n": 7.1423932072257905,
        "f": 7.917786616586561,
        "b": 8.268630473118645,
        "u": 0,
        "d": 16.913537805171966
    },
    "tarekziade": {
        "p_n": 1.7874042616389243,
        "f_b": -0.729739041250502,
        "u_d": -17.308240229841637,
        "p": 9.008056919078124,
        "n": 7.220652657439199,
        "f": 7.7494852676334105,
        "b": 8.479224308883913,
        "u": 0,
        "d": 17.308240229841637
    },
    "magopian": {
        "p_n": 1.580788073885758,
        "f_b": -0.5699769606355218,
        "u_d": -16.561212311626008,
        "p": 9.091572305719094,
        "n": 7.510784231833336,
        "f": 8.016189788458453,
        "b": 8.586166749093975,
        "u": 0,
        "d": 16.561212311626008
    },
    "n1k0": {
        "p_n": 2.214550335978445,
        "f_b": -0.45258191677849524,
        "u_d": -16.86977798450198,
        "p": 9.136490939860526,
        "n": 6.9219406038820805,
        "f": 7.802924813482056,
        "b": 8.255506730260551,
        "u": 0,
        "d": 16.86977798450198
    },
    "michielbdejong": {
        "p_n": 1.615983336987198,
        "f_b": -0.7289149482364712,
        "u_d": -17.693522964858957,
        "p": 9.10498515736559,
        "n": 7.489001820378392,
        "f": 7.932536014753755,
        "b": 8.661450962990227,
        "u": 0,
        "d": 17.693522964858957
    },
    "oak11": {
        "p_n": 2.2720225515756542,
        "f_b": -0.3517437505044896,
        "u_d": -15.787921361611188,
        "p": 9.4544007737285,
        "n": 7.182378222152845,
        "f": 8.142517622688427,
        "b": 8.494261373192916,
        "u": 0,
        "d": 15.787921361611188
    },
    "phrawzty": {
        "p_n": 2.171087217622823,
        "f_b": -0.730468835626171,
        "u_d": -17.971564627108414,
        "p": 9.604550109558417,
        "n": 7.433462891935594,
        "f": 8.15377208293392,
        "b": 8.88424091856009,
        "u": 0,
        "d": 17.971564627108414
    },
    "enguerran": {
        "p_n": 1.9721018555426877,
        "f_b": -0.40569520792667735,
        "u_d": -16.643751639565778,
        "p": 9.16927528101487,
        "n": 7.197173425472183,
        "f": 7.980376749280189,
        "b": 8.386071957206866,
        "u": 0,
        "d": 16.643751639565778
    },
    "glasserc": {
        "p_n": 2.265419094167285,
        "f_b": -0.6054317097914037,
        "u_d": -16.746142538097246,
        "p": 9.262127488401795,
        "n": 6.99670839423451,
        "f": 7.826702086422451,
        "b": 8.432133796213854,
        "u": 0,
        "d": 16.746142538097246
    },
    "scottinet": {
        "p_n": 1.9450881618810136,
        "f_b": -0.3314414919990618,
        "u_d": -17.793522345664403,
        "p": 9.356509292075781,
        "n": 7.411421130194768,
        "f": 8.218244465135744,
        "b": 8.549685957134805,
        "u": 0,
        "d": 17.793522345664403
    },
    "gabisurita": {
        "p_n": 1.9998831755676019,
        "f_b": -0.5958685069377809,
        "u_d": -17.249957335590924,
        "p": 9.09727126433204,
        "n": 7.097388088764438,
        "f": 7.799395423079349,
        "b": 8.39526393001713,
        "u": 0,
        "d": 17.249957335590924
    },
    "aegaas": {
        "p_n": 2.2136253654278235,
        "f_b": 0.09681545521158341,
        "u_d": -17.497723265881906,
        "p": 9.642753367455715,
        "n": 7.429128002027891,
        "f": 8.584348412347595,
        "b": 8.487532957136011,
        "u": -17.497723265881906,
        "d": 0
    },
    "ptgamr": {
        "p_n": 1.7975923053241125,
        "f_b": -0.7486703668680939,
        "u_d": -15.811872468403411,
        "p": 9.07649169537288,
        "n": 7.2788993900487675,
        "f": 7.803360359276777,
        "b": 8.55203072614487,
        "u": 0,
        "d": 15.811872468403411
    },
    "WilliamHoang": {
        "p_n": 2.0556080329229536,
        "f_b": 0.34427537213964854,
        "u_d": -17.41914499496212,
        "p": 9.598095802225327,
        "n": 7.542487769302373,
        "f": 8.742429471833674,
        "b": 8.398154099694025,
        "u": -17.41914499496212,
        "d": 0
    },
    "ayusharma": {
        "p_n": 1.7492782117411085,
        "f_b": -0.40065626603728344,
        "u_d": -16.959898814541184,
        "p": 8.795888924765006,
        "n": 7.046610713023897,
        "f": 7.720921685875809,
        "b": 8.121577951913093,
        "u": 0,
        "d": 16.959898814541184
    },
    "chrismbeckett": {
        "p_n": 2.260533530565805,
        "f_b": -0.5911633396151128,
        "u_d": -17.495191599584913,
        "p": 8.9256505104495,
        "n": 6.665116979883695,
        "f": 7.499802075359042,
        "b": 8.090965414974155,
        "u": -17.495191599584913,
        "d": 0
    },
    "sunakshi96": {
        "p_n": 1.6877224579184293,
        "f_b": -0.5287489445409062,
        "u_d": -16.35757665848818,
        "p": 9.359670822142022,
        "n": 7.671948364223592,
        "f": 8.251435120912355,
        "b": 8.78018406545326,
        "u": 0,
        "d": 16.35757665848818
    },
    "zakaluka": {
        "p_n": 2.622744731920676,
        "f_b": -0.2823312125864774,
        "u_d": -17.495518910876495,
        "p": 9.677727637238807,
        "n": 7.0549829053181305,
        "f": 8.22518966498523,
        "b": 8.507520877571707,
        "u": -17.495518910876495,
        "d": 0
    },
    "peterbe": {
        "p_n": 1.7157587686685485,
        "f_b": -0.8287496626277884,
        "u_d": -17.356728063568223,
        "p": 9.102242291856578,
        "n": 7.38648352318803,
        "f": 7.8299880762084095,
        "b": 8.658737738836198,
        "u": 0,
        "d": 17.356728063568223
    },
    "elelay": {
        "p_n": 2.141009685005459,
        "f_b": -0.5730905822777412,
        "u_d": -17.03046169084631,
        "p": 8.857512626412404,
        "n": 6.7165029414069455,
        "f": 7.500462492770804,
        "b": 8.073553075048546,
        "u": 0,
        "d": 17.03046169084631
    },
    "anna-liao": {
        "p_n": 2.132199361246501,
        "f_b": 0.429586446719318,
        "u_d": -16.874661039945302,
        "p": 9.424018184584495,
        "n": 7.291818823337994,
        "f": 8.572711727320904,
        "b": 8.143125280601586,
        "u": 0,
        "d": 16.874661039945302
    },
    "delijati": {
        "p_n": 2.340602387824374,
        "f_b": -0.9357666207779722,
        "u_d": -17.490824791566215,
        "p": 9.039252333771792,
        "n": 6.698649945947418,
        "f": 7.40106782947062,
        "b": 8.336834450248592,
        "u": -17.490824791566215,
        "d": 0
    },
    "cfguimaraes": {
        "p_n": 2.1143583610154604,
        "f_b": -0.6682755419013402,
        "u_d": -17.491319705789234,
        "p": 9.126639358416142,
        "n": 7.012280997400682,
        "f": 7.735322406957741,
        "b": 8.403597948859082,
        "u": -17.491319705789234,
        "d": 0
    },
    "alexryabkov": {
        "p_n": 2.5914873217097707,
        "f_b": 0.06798317191784875,
        "u_d": -17.47672653633559,
        "p": 9.386528998416974,
        "n": 6.7950416767072035,
        "f": 8.124776923521013,
        "b": 8.056793751603164,
        "u": -17.47672653633559,
        "d": 0
    },