{
    "kossnocorp": {
        "p_n": 2.4035381731283483,
        "f_b": 0.3957838212144704,
        "u_d": -17.88688611072819,
        "p": 9.512781790415914,
        "n": 7.109243617287566,
        "f": 8.508904614458976,
        "b": 8.113120793244505,
        "u": 0,
        "d": 17.88688611072819
    },
    "glebm": {
        "p_n": 2.201951367622984,
        "f_b": -0.738812431990576,
        "u_d": -17.208715533645943,
        "p": 9.079177271360416,
        "n": 6.877225903737433,
        "f": 7.6087953715536365,
        "b": 8.347607803544213,
        "u": 0,
        "d": 17.208715533645943
    },
    "rstacruz": {
        "p_n": 2.0775667007551837,
        "f_b": -0.6540312929276162,
        "u_d": -17.46314671615099,
        "p": 9.154340436316456,
        "n": 7.0767737355612725,
        "f": 7.788541439475056,
        "b": 8.442572732402672,
        "u": 0,
        "d": 17.46314671615099
    },
    "obromios": {
        "p_n": 2.173312260243458,
        "f_b": -1.2664689171130288,
        "u_d": -16.19216767376352,
        "p": 9.16894526579747,
        "n": 6.995633005554012,
        "f": 7.449054677119227,
        "b": 8.715523594232256,
        "u": 0,
        "d": 16.19216767376352
    },
    "amnesia7": {
        "p_n": 1.8548570138552272,
        "f_b": -0.6540766093807058,
        "u_d": -16.709181378894172,
        "p": 9.379369396330926,
        "n": 7.524512382475699,
        "f": 8.12490258471296,
        "b": 8.778979194093665,
        "u": 0,
        "d": 16.709181378894172
    }
}