{
    "kpumuk": {
        "p_n": 1.8610362635681268,
        "f_b": -0.558607005149554,
        "u_d": -17.492239462444598,
        "p": 9.306363482002416,
        "n": 7.445327218434289,
        "f": 8.096541847643575,
        "b": 8.655148852793129,
        "u": -17.492239462444598,
        "d": 0
    },
    "zrisher": {
        "p_n": 2.41984029632735,
        "f_b": -0.5537065323011063,
        "u_d": -17.324960382170442,
        "p": 9.26938114626143,
        "n": 6.849540849934081,
        "f": 7.782607731947202,
        "b": 8.336314264248308,
        "u": 0,
        "d": 17.324960382170442
    },
    "phlegx": {
        "p_n": 1.9328289412846527,
        "f_b": -0.6956047262244534,
        "u_d": -17.45723043047322,
        "p": 9.23043075955675,
        "n": 7.297601818272097,
        "f": 7.9162139258021975,
        "b": 8.61181865202665,
        "u": -17.45723043047322,
        "d": 0
    },
    "houndci-bot": {
        "p_n": 2.2881237949497804,
        "f_b": -0.2173063515696949,
        "u_d": -17.422581515009995,
        "p": 9.518811272986643,
        "n": 7.230687478036862,
        "f": 8.266096199726904,
        "b": 8.4834025512966,
        "u": -17.422581515009995,
        "d": 0
    }
}