{
    "KrauseFx": {
        "p_n": 1.6519835296495975,
        "f_b": -0.4852162644161133,
        "u_d": -17.927612866559304,
        "p": 9.447789575436406,
        "n": 7.795806045786809,
        "f": 8.379189678403552,
        "b": 8.864405942819666,
        "u": 0,
        "d": 17.927612866559304
    },
    "bosvard": {
        "p_n": 2.166347371251522,
        "f_b": -0.044907114169840945,
        "u_d": -17.452235611086344,
        "p": 9.00566609119216,
        "n": 6.839318719940637,
        "f": 7.900038848481478,
        "b": 7.944945962651319,
        "u": -17.452235611086344,
        "d": 0
    },
    "brooly": {
        "p_n": 2.447351530677887,
        "f_b": -0.6112085555901245,
        "u_d": -17.8459586868053,
        "p": 9.474871397476026,
        "n": 7.027519866798139,
        "f": 7.945591354342021,
        "b": 8.556799909932145,
        "u": 0,
        "d": 17.8459586868053
    },
    "lostincode": {
        "p_n": 2.1395508045671967,
        "f_b": -0.15865510446250042,
        "u_d": -17.378620641213104,
        "p": 9.509047252261926,
        "n": 7.369496447694729,
        "f": 8.359944297747077,
        "b": 8.518599402209578,
        "u": 0,
        "d": 17.378620641213104
    },
    "nnhubbard": {
        "p_n": 1.43522951426716,
        "f_b": -0.6215808240197527,
        "u_d": -17.492686265356426,
        "p": 8.96778298174587,
        "n": 7.53255346747871,
        "f": 7.939377812602413,
        "b": 8.560958636622166,
        "u": -17.492686265356426,
        "d": 0
    },
    "ghost": {
        "p_n": 1.972039076011269,
        "f_b": -0.552764380034164,
        "u_d": -17.833759977488395,
        "p": 9.111155539173865,
        "n": 7.139116463162596,
        "f": 7.848753811151148,
        "b": 8.401518191185312,
        "u": 0,
        "d": 17.833759977488395
    },
    "Pierre46": {
        "p_n": 1.7792575900175684,
        "f_b": 0.15431626337668014,
        "u_d": -17.484066909638962,
        "p": 9.348994540707395,
        "n": 7.569736950689826,
        "f": 8.53652387738695,
        "b": 8.38220761401027,
        "u": -17.484066909638962,
        "d": 0
    },
    "mRs-": {
        "p_n": 2.1446658160368166,
        "f_b": -0.6430117258919843,
        "u_d": -16.89406526094673,
        "p": 9.22060246671089,
        "n": 7.075936650674073,
        "f": 7.8267636957464894,
        "b": 8.469775421638474,
        "u": 0,
        "d": 16.89406526094673
    },
    "jcarbaugh": {
        "p_n": 2.5702180742527627,
        "f_b": -0.5589773065829888,
        "u_d": -17.46750010459557,
        "p": 9.22722778220435,
        "n": 6.6570097079515875,
        "f": 7.662630091786475,
        "b": 8.221607398369464,
        "u": -17.46750010459557,
        "d": 0
    },
    "squarefrog": {
        "p_n": 2.7198133904702413,
        "f_b": -0.32116284336240675,
        "u_d": -14.91748624940244,
        "p": 8.63717707638702,
        "n": 5.917363685916779,
        "f": 7.116688959470697,
        "b": 7.437851802833103,
        "u": 0,
        "d": 14.91748624940244
    },
    "bluwave": {
        "p_n": 3.4214184830439756,
        "f_b": 0.15390924424050212,
        "u_d": -16.786497768752234,
        "p": 9.128302661805806,
        "n": 5.706884178761831,
        "f": 7.49454804240407,
        "b": 7.3406387981635675,
        "u": 0,
        "d": 16.786497768752234
    },
    "dennisreimann": {
        "p_n": 2.1855490402596374,
        "f_b": -0.20879157057917297,
        "u_d": -17.560853088466704,
        "p": 9.48804061836431,
        "n": 7.302491578104673,
        "f": 8.290870312944906,
        "b": 8.499661883524078,
        "u": 0,
        "d": 17.560853088466704
    },
    "azamsharp": {
        "p_n": 2.2048498829257674,
        "f_b": -0.2500278102842213,
        "u_d": -17.49882644969513,
        "p": 8.982222740045117,
        "n": 6.7773728571193494,
        "f": 7.754783893440122,
        "b": 8.004811703724343,
        "u": -17.49882644969513,
        "d": 0
    },
    "cytryn": {
        "p_n": 1.6012756278857037,
        "f_b": -0.7074866375401418,
        "u_d": -16.865557556412615,
        "p": 9.10388636461937,
        "n": 7.502610736733667,
        "f": 7.949505231906447,
        "b": 8.656991869446589,
        "u": 0,
        "d": 16.865557556412615
    },
    "nfs3250": {
        "p_n": 2.1207453690660856,
        "f_b": -0.876495721985,
        "u_d": -15.545755929322796,
        "p": 9.161421707686326,
        "n": 7.040676338620241,
        "f": 7.662801162160784,
        "b": 8.539296884145784,
        "u": 0,
        "d": 15.545755929322796
    },
    "licx": {
        "p_n": 2.1183656057120164,
        "f_b": -0.11467021000942967,
        "u_d": -15.738000293227707,
        "p": 8.78107163083838,
        "n": 6.662706025126363,
        "f": 7.664553722977656,
        "b": 7.779223932987086,
        "u": 0,
        "d": 15.738000293227707
    },
    "MultX": {
        "p_n": 2.5397190873924913,
        "f_b": -0.5828988202898344,
        "u_d": -17.44351745245949,
        "p": 9.654655872940765,
        "n": 7.114936785548274,
        "f": 8.093346919099602,
        "b": 8.676245739389437,
        "u": -17.44351745245949,
        "d": 0
    },
    "fukemy": {
        "p_n": 2.3427746492080512,
        "f_b": 0.09666936884774024,
        "u_d": -16.133001784420145,
        "p": 8.813273538637707,
        "n": 6.470498889429656,
        "f": 7.690220898457552,
        "b": 7.593551529609812,
        "u": 0,
        "d": 16.133001784420145
    },
    "donileo": {
        "p_n": 2.7670040119833654,
        "f_b": -0.600303067511752,
        "u_d": -17.72309130137887,
        "p": 9.144526511967179,
        "n": 6.377522499983813,
        "f": 7.46087297221962,
        "b": 8.061176039731372,
        "u": 0,
        "d": 17.72309130137887
    },
    "khawarshzd": {
        "p_n": 2.8823672603357346,
        "f_b": -0.32834625453685007,
        "u_d": -17.61830030314978,
        "p": 9.386862030368096,
        "n": 6.504494770032362,
        "f": 7.781505272931804,
        "b": 8.109851527468654,
        "u": 0,
        "d": 17.61830030314978
    },
    "WildBamboo": {
        "p_n": 1.4971182732734256,
        "f_b": -1.1371473880795175,
        "u_d": -17.4684893999357,
        "p": 8.978861004678386,
        "n": 7.48174273140496,
        "f": 7.661728174001913,
        "b": 8.798875562081431,
        "u": -17.4684893999357,
        "d": 0
    },
    "abheyrajbsb": {
        "p_n": 1.7578193781435978,
        "f_b": -0.5686215301354611,
        "u_d": -17.73711411184368,
        "p": 9.139381005546888,
        "n": 7.38156162740329,
        "f": 7.976160551407359,
        "b": 8.54478208154282,
        "u": 0,
        "d": 17.73711411184368
    },
    "horaceho": {
        "p_n": 3.3611714276075393,
        "f_b": 0.679609030258252,
        "u_d": -16.87263264926039,
        "p": 8.851108347416854,
        "n": 5.489936919809315,
        "f": 7.510327148742212,
        "b": 6.83071811848396,
        "u": 0,
        "d": 16.87263264926039
    },
    "viggiosoft": {
        "p_n": 2.21158131534283,
        "f_b": -0.2022337946769106,
        "u_d": -16.821669663763984,
        "p": 8.873763344609689,
        "n": 6.662182029266859,
        "f": 7.666855789599818,
        "b": 7.869089584276729,
        "u": 0,
        "d": 16.821669663763984
    },
    "forgot": {
        "p_n": 2.3636027637970685,
        "f_b": 0.027574737047263653,
        "u_d": -17.742057364905712,
        "p": 9.678971727875185,
        "n": 7.315368964078116,
        "f": 8.510957714500282,
        "b": 8.483382977453019,
        "u": 0,
        "d": 17.742057364905712
    },
    "michaelochs": {
        "p_n": 1.8698943670809856,
        "f_b": -0.9469489261099309,
        "u_d": -16.71746341079763,
        "p": 9.196591156854804,
        "n": 7.326696789773819,
        "f": 7.788169510259346,
        "b": 8.735118436369277,
        "u": 0,
        "d": 16.71746341079763
    },