{
    "LeoNatan": {
        "p_n": 2.0167522462842253,
        "f_b": -0.3108476867068717,
        "u_d": -17.49907291872521,
        "p": 9.407164228320013,
        "n": 7.390411982035788,
        "f": 8.243364261824464,
        "b": 8.554211948531336,
        "u": -17.49907291872521,
        "d": 0
    },
    "vicky1787": {
        "p_n": 2.6809797426259916,
        "f_b": 0.21540298099715027,
        "u_d": -16.67034029432061,
        "p": 9.20314222426479,
        "n": 6.522162481638798,
        "f": 7.9703538434503685,
        "b": 7.754950862453218,
        "u": 0,
        "d": 16.67034029432061
    }
}