{
    "limonte": {
        "p_n": 2.1831756882545834,
        "f_b": -0.13769448345361468,
        "u_d": -17.46855811389586,
        "p": 9.372473016439484,
        "n": 7.1892973281849,
        "f": 8.212037930585385,
        "b": 8.349732414039,
        "u": 0,
        "d": 17.46855811389586
    },
    "dylanh724": {
        "p_n": 2.700541078812398,
        "f_b": 0.28190651657692634,
        "u_d": -16.063120246040064,
        "p": 9.550064585107187,
        "n": 6.849523506294789,
        "f": 8.34074730398945,
        "b": 8.058840787412525,
        "u": 0,
        "d": 16.063120246040064
    },
    "crabbly": {
        "p_n": 1.9879110609618058,
        "f_b": -1.0165567665240962,
        "u_d": -17.57222541908404,
        "p": 9.339214651100312,
        "n": 7.351303590138506,
        "f": 7.836980737357361,
        "b": 8.853537503881457,
        "u": 0,
        "d": 17.57222541908404
    },
    "birjolaxew": {
        "p_n": 2.1809076195793633,
        "f_b": -0.608270742097071,
        "u_d": -16.316273073295925,
        "p": 9.150178796052579,
        "n": 6.969271176473216,
        "f": 7.755589615214362,
        "b": 8.363860357311433,
        "u": 0,
        "d": 16.316273073295925
    },
    "seiyria": {
        "p_n": 2.5635184075538975,
        "f_b": 0.08780835371732465,
        "u_d": -14.974589217270468,
        "p": 9.536923787350165,
        "n": 6.973405379796268,
        "f": 8.29906876043188,
        "b": 8.211260406714555,
        "u": 0,
        "d": 14.974589217270468
    },
    "simo9000": {
        "p_n": 1.8742738258308265,
        "f_b": -0.4993545975289493,
        "u_d": -17.795697004082538,
        "p": 9.22149305441522,
        "n": 7.347219228584393,
        "f": 8.034678842735332,
        "b": 8.534033440264281,
        "u": 0,
        "d": 17.795697004082538
    },
    "acupajoe": {
        "p_n": 2.2893268845201407,
        "f_b": -0.5111886327014439,
        "u_d": -17.49499036331085,
        "p": 9.41148472036348,
        "n": 7.12215783584334,
        "f": 8.011226961752689,
        "b": 8.522415594454133,
        "u": -17.49499036331085,
        "d": 0
    },
    "Tonkpils": {
        "p_n": 2.403709212484154,
        "f_b": -0.43446339209871176,
        "u_d": -16.123993145998114,
        "p": 9.448582220735824,
        "n": 7.04487300825167,
        "f": 8.029495918444391,
        "b": 8.463959310543103,
        "u": 0,
        "d": 16.123993145998114
    },
    "rafaelrenanpacheco": {
        "p_n": 2.1741051054929237,
        "f_b": -0.46620314748330216,
        "u_d": -17.13838356609976,
        "p": 9.411307670686725,
        "n": 7.237202565193801,
        "f": 8.091153544198612,
        "b": 8.557356691681914,
        "u": 0,
        "d": 17.13838356609976
    },
    "Hucxley": {
        "p_n": 2.0250323222120103,
        "f_b": -0.9655657216572164,
        "u_d": -17.466145444580206,
        "p": 9.176117167168798,
        "n": 7.151084844956787,
        "f": 7.680818145234185,
        "b": 8.646383866891401,
        "u": -17.466145444580206,
        "d": 0
    },
    "samturrell": {
        "p_n": 2.2511617999748417,
        "f_b": -0.5623420020849856,
        "u_d": -17.804756620609584,
        "p": 9.368886390324903,
        "n": 7.117724590350061,
        "f": 7.962134489294989,
        "b": 8.524476491379975,
        "u": 0,
        "d": 17.804756620609584
    },
    "taxpayer": {
        "p_n": 1.8047068429882671,
        "f_b": -0.4328571260038654,
        "u_d": -16.27036641381558,
        "p": 9.14423814452314,
        "n": 7.339531301534873,
        "f": 8.025456160027073,
        "b": 8.458313286030938,
        "u": 0,
        "d": 16.27036641381558
    },
    "toverux": {
        "p_n": 2.1359669704023165,
        "f_b": -0.720381265460909,
        "u_d": -17.402260713617043,
        "p": 9.050126301950527,
        "n": 6.914159331548211,
        "f": 7.621952184018915,
        "b": 8.342333449479824,
        "u": 0,
        "d": 17.402260713617043
    },
    "yeomann": {
        "p_n": 2.2618379034049783,
        "f_b": -0.09881994780307579,
        "u_d": -16.748216802839302,
        "p": 8.92027689238185,
        "n": 6.658438988976871,
        "f": 7.739947966777823,
        "b": 7.838767914580899,
        "u": 0,
        "d": 16.748216802839302
    },
    "hellsan631": {
        "p_n": 1.8125986250472668,
        "f_b": -0.10093966599904824,
        "u_d": -16.261647284122613,
        "p": 9.075225925260613,
        "n": 7.262627300213346,
        "f": 8.118456779737455,
        "b": 8.219396445736503,
        "u": 0,
        "d": 16.261647284122613
    },
    "mattbrunetti": {
        "p_n": 2.287505584168759,
        "f_b": -0.5802127054617046,
        "u_d": -17.910111925983166,
        "p": 9.193827193102079,
        "n": 6.90632160893332,
        "f": 7.759968048286847,
        "b": 8.340180753748552,
        "u": 0,
        "d": 17.910111925983166
    },
    "AmitMY": {
        "p_n": 1.937966924851727,
        "f_b": -0.1570160409906567,
        "u_d": -17.15668146708055,
        "p": 9.16146339137387,
        "n": 7.223496466522143,
        "f": 8.113971908452678,
        "b": 8.270987949443334,
        "u": 0,
        "d": 17.15668146708055
    },
    "gverni": {
        "p_n": 1.9345521577063804,
        "f_b": -0.453449590607617,
        "u_d": -17.720115787891082,
        "p": 9.378613823134774,
        "n": 7.444061665428394,
        "f": 8.184612948977776,
        "b": 8.638062539585393,
        "u": 0,
        "d": 17.720115787891082
    },
    "Herz3h": {
        "p_n": 2.1873138656849873,
        "f_b": -0.7386938008449047,
        "u_d": -17.178985201281577,
        "p": 9.193253679628619,
        "n": 7.005939813943631,
        "f": 7.730249846363673,
        "b": 8.468943647208578,
        "u": 0,
        "d": 17.178985201281577
    },
    "baum1234": {
        "p_n": 1.4957827001987019,
        "f_b": -0.7927541130472449,
        "u_d": -16.421852684190824,
        "p": 9.243890306781324,
        "n": 7.748107606582622,
        "f": 8.09962190015835,
        "b": 8.892376013205595,
        "u": 0,
        "d": 16.421852684190824
    },
    "kitarafrei": {
        "p_n": 2.1712624574248913,
        "f_b": -0.20088319132225685,
        "u_d": -17.825261914938736,
        "p": 9.180420260198737,
        "n": 7.009157802773846,
        "f": 7.994347435825164,
        "b": 8.19523062714742,
        "u": 0,
        "d": 17.825261914938736
    },
    "taytus": {
        "p_n": 2.5015074721141977,
        "f_b": 0.3972804108479062,
        "u_d": -17.087161256690777,
        "p": 8.884451135118463,
        "n": 6.382943663004265,
        "f": 7.832337604485317,
        "b": 7.435057193637411,
        "u": 0,
        "d": 17.087161256690777
    },
    "projct1": {
        "p_n": 2.8426043189909596,
        "f_b": 0.18871532473655073,
        "u_d": -17.939888792212543,
        "p": 9.464611985973214,
        "n": 6.622007666982254,
        "f": 8.13766748884601,
        "b": 7.948952164109459,
        "u": 0,
        "d": 17.939888792212543
    },
    "madmark81": {
        "p_n": 1.9852366336651883,
        "f_b": -0.4764333685094275,
        "u_d": -17.43945677898969,
        "p": 9.366184679194355,
        "n": 7.380948045529166,
        "f": 8.135349678107048,
        "b": 8.611783046616475,
        "u": -17.43945677898969,
        "d": 0
    },
    "IronCoderXYZ": {
        "p_n": 2.487233371233301,
        "f_b": 0.30261324112268095,
        "u_d": -16.807673837547274,
        "p": 8.782928778935938,
        "n": 6.295695407702637,
        "f": 7.690618713880628,
        "b": 7.388005472757947,
        "u": 0,
        "d": 16.807673837547274
    },
    "craigs100": {
        "p_n": 2.1031923357204825,
        "f_b": -0.4795429165844478,
        "u_d": -16.970444078250345,
        "p": 9.196585141636174,
        "n": 7.093392805915691,
        "f": 7.905217515483708,
        "b": 8.384760432068155,
        "u": 0,
        "d": 16.970444078250345
    },