{
    "lipis": {
        "p_n": 2.1939699724374506,
        "f_b": -0.08433664101267979,
        "u_d": -17.093666471287705,
        "p": 9.57305149570103,
        "n": 7.379081523263579,
        "f": 8.433898188975965,
        "b": 8.518234829988645,
        "u": 0,
        "d": 17.093666471287705
    },
    "ilyabreev": {
        "p_n": 2.522957617355699,
        "f_b": -0.3849678002693686,
        "u_d": -17.764064001347492,
        "p": 9.467994478441636,
        "n": 6.945036861085937,
        "f": 8.014031769629103,
        "b": 8.398999569898471,
        "u": 0,
        "d": 17.764064001347492
    },
    "semplon": {
        "p_n": 2.4325630692445515,
        "f_b": 1.5077004474686504,
        "u_d": -17.483907948196364,
        "p": 8.845170273620816,
        "n": 6.412607204376265,
        "f": 8.382738962732866,
        "b": 6.875038515264215,
        "u": -17.483907948196364,
        "d": 0
    },
    "Jokero": {
        "p_n": 2.3727695975791008,
        "f_b": -0.34738282247278907,
        "u_d": -17.474357620506243,
        "p": 9.267141662585296,
        "n": 6.894372065006195,
        "f": 7.90706545255935,
        "b": 8.25444827503214,
        "u": -17.474357620506243,
        "d": 0
    },
    "seanfoo": {
        "p_n": 2.042845987007624,
        "f_b": -0.5042842509524039,
        "u_d": -17.449978966059657,
        "p": 9.555707677763982,
        "n": 7.512861690756358,
        "f": 8.282142558783967,
        "b": 8.786426809736371,
        "u": -17.449978966059657,
        "d": 0
    },
    "vltr": {
        "p_n": 3.0336481742056085,
        "f_b": -0.365001487922024,
        "u_d": -17.483108554878843,
        "p": 9.725828610120736,
        "n": 6.692180435915128,
        "f": 8.02650377905692,
        "b": 8.391505266978944,
        "u": -17.483108554878843,
        "d": 0
    },
    "tomlutzenberger": {
        "p_n": 2.1281209490443906,
        "f_b": -0.9477149223331605,
        "u_d": -17.75701831013705,
        "p": 9.329483841036136,
        "n": 7.201362891991746,
        "f": 7.79156590534736,
        "b": 8.73928082768052,
        "u": 0,
        "d": 17.75701831013705
    },
    "Findus23": {
        "p_n": 2.1549668387269154,
        "f_b": -0.6957278909979419,
        "u_d": -17.499823402468902,
        "p": 9.328224674187764,
        "n": 7.1732578354608485,
        "f": 7.902877309325335,
        "b": 8.598605200323277,
        "u": -17.499823402468902,
        "d": 0
    },
    "serhioV": {
        "p_n": 2.3330947238931596,
        "f_b": -0.5104610531634695,
        "u_d": -17.48284641144204,
        "p": 9.24988926495352,
        "n": 6.91679454106036,
        "f": 7.8281113764252055,
        "b": 8.338572429588675,
        "u": -17.48284641144204,
        "d": 0
    },
    "maxlibin": {
        "p_n": 2.281390916654866,
        "f_b": 0.3977537184998212,
        "u_d": -17.438716285552996,
        "p": 9.359270776223497,
        "n": 7.077879859568631,
        "f": 8.417452177145975,
        "b": 8.019698458646154,
        "u": -17.438716285552996,
        "d": 0
    },
    "ritcheyer": {
        "p_n": 1.8765891987819519,
        "f_b": -0.5796763576084718,
        "u_d": -17.40663559803095,
        "p": 9.47439433921653,
        "n": 7.597805140434579,
        "f": 8.246261561021319,
        "b": 8.82593791862979,
        "u": -17.40663559803095,
        "d": 0
    }
}