{
    "longitachi": {
        "p_n": 2.9123562971490404,
        "f_b": 1.1202006882321651,
        "u_d": -16.678633581849205,
        "p": 8.949718001103022,
        "n": 6.037361703953982,
        "f": 8.053640196644585,
        "b": 6.93343950841242,
        "u": 0,
        "d": 16.678633581849205
    },
    "simayang01": {
        "p_n": 2.687824183852581,
        "f_b": 0.9612742119182149,
        "u_d": -16.407803282120877,
        "p": 8.822724793209508,
        "n": 6.134900609356927,
        "f": 7.959449807242325,
        "b": 6.99817559532411,
        "u": 0,
        "d": 16.407803282120877
    },
    "adntian": {
        "p_n": 3.0169412301285465,
        "f_b": 1.367290671668334,
        "u_d": -17.498208312325804,
        "p": 9.055084558990181,
        "n": 6.038143328861635,
        "f": 8.230259279760075,
        "b": 6.862968608091741,
        "u": -17.498208312325804,
        "d": 0
    },
    "hotdog12345a": {
        "p_n": 3.1944487042206298,
        "f_b": 1.4411960417422298,
        "u_d": -17.618023923349313,
        "p": 8.974368400146108,
        "n": 5.779919695925479,
        "f": 8.097742068906909,
        "b": 6.656546027164679,
        "u": 0,
        "d": 17.618023923349313
    },
    "shen456": {
        "p_n": 2.976149666875349,
        "f_b": 0.9720304309166297,
        "u_d": -17.22688288783666,
        "p": 9.027669530167637,
        "n": 6.051519863292288,
        "f": 8.025609912188278,
        "b": 7.053579481271648,
        "u": 0,
        "d": 17.22688288783666
    }
}