{
    "lucasr": {
        "p_n": 1.865471525488772,
        "f_b": -0.4221709539140228,
        "u_d": -16.63216334170683,
        "p": 9.168174118115552,
        "n": 7.30270259262678,
        "f": 8.024352878414154,
        "b": 8.446523832328177,
        "u": 0,
        "d": 16.63216334170683
    },
    "theoklink": {
        "p_n": 2.2512098058098715,
        "f_b": -0.4317013292975149,
        "u_d": -16.42374893274101,
        "p": 8.957098727772218,
        "n": 6.705888921962346,
        "f": 7.615643160218524,
        "b": 8.047344489516039,
        "u": 0,
        "d": 16.42374893274101
    }
}