{
    "M66B": {
        "p_n": 1.9975886253610247,
        "f_b": -0.009181810842479265,
        "u_d": -17.477528330030495,
        "p": 9.641022514254281,
        "n": 7.643433888893257,
        "f": 8.63763729615253,
        "b": 8.646819106995009,
        "u": -17.477528330030495,
        "d": 0
    },
    "Gitoffthelawn": {
        "p_n": 2.1936446901835165,
        "f_b": -0.236955913460692,
        "u_d": -17.470223110705184,
        "p": 9.721811673996374,
        "n": 7.5281669838128575,
        "f": 8.50651137217427,
        "b": 8.743467285634962,
        "u": -17.470223110705184,
        "d": 0
    },
    "licaon-kter": {
        "p_n": 1.8857043865330096,
        "f_b": -0.5683679032419109,
        "u_d": -17.13157900512333,
        "p": 9.199863678176268,
        "n": 7.314159291643258,
        "f": 7.972827533288807,
        "b": 8.541195436530717,
        "u": 0,
        "d": 17.13157900512333
    },
    "marco-scavuzzo": {
        "p_n": 1.7327742159019035,
        "f_b": -0.4505041477830307,
        "u_d": -17.487500783302135,
        "p": 9.324816897969463,
        "n": 7.592042682067559,
        "f": 8.233177716126995,
        "b": 8.683681863910026,
        "u": -17.487500783302135,
        "d": 0
    },
    "top-master": {
        "p_n": 1.3446087561957407,
        "f_b": -0.7262714002803197,
        "u_d": -16.775788930047394,
        "p": 9.092608160669243,
        "n": 7.747999404473503,
        "f": 8.057168082431213,
        "b": 8.783439482711533,
        "u": 0,
        "d": 16.775788930047394
    }
}