{
    "mrbrdo": {
        "p_n": 2.107525174993242,
        "f_b": -0.7765334294185875,
        "u_d": -17.493917914490385,
        "p": 9.209499154609583,
        "n": 7.101973979616341,
        "f": 7.767469852403669,
        "b": 8.544003281822256,
        "u": -17.493917914490385,
        "d": 0
    },
    "maccman": {
        "p_n": 2.326780325819927,
        "f_b": -0.30412451261831386,
        "u_d": -17.49915949069648,
        "p": 9.04125110647964,
        "n": 6.714470780659713,
        "f": 7.72579868726052,
        "b": 8.029923199878834,
        "u": -17.49915949069648,
        "d": 0
    },
    "bemurphy": {
        "p_n": 2.204829731379803,
        "f_b": -0.4929103899450187,
        "u_d": -17.432924197732405,
        "p": 9.441156657884505,
        "n": 7.236326926504702,
        "f": 8.092286597222094,
        "b": 8.585196987167112,
        "u": -17.432924197732405,
        "d": 0
    },
    "fwoeck": {
        "p_n": 1.8233175707071467,
        "f_b": -0.898038097716924,
        "u_d": -17.46396891794299,
        "p": 8.931709477338943,
        "n": 7.108391906631796,
        "f": 7.571031643126908,
        "b": 8.469069740843832,
        "u": 0,
        "d": 17.46396891794299
    },
    "ecoment": {
        "p_n": 1.6853399768618527,
        "f_b": -0.9439948013320905,
        "u_d": -17.490024244337455,
        "p": 9.067011014280778,
        "n": 7.381671037418926,
        "f": 7.752343625183807,
        "b": 8.696338426515897,
        "u": -17.490024244337455,
        "d": 0
    },
    "gorman": {
        "p_n": 2.6932399430324523,
        "f_b": -0.592779587001786,
        "u_d": -14.379003098804828,
        "p": 9.09785567709055,
        "n": 6.404615734058098,
        "f": 7.454845912073431,
        "b": 8.047625499075217,
        "u": 0,
        "d": 14.379003098804828
    },
    "mvilrokx": {
        "p_n": 2.138065843328352,
        "f_b": -0.1930704294565011,
        "u_d": -16.8843468382053,
        "p": 9.224548400649386,
        "n": 7.086482557321034,
        "f": 8.05898026425696,
        "b": 8.25205069371346,
        "u": 0,
        "d": 16.8843468382053
    },
    "agustinvinao": {
        "p_n": 2.2266164688283094,
        "f_b": 0.5381550629578058,
        "u_d": -17.484561253453556,
        "p": 9.461095803367897,
        "n": 7.2344793345395875,
        "f": 8.616865100432644,
        "b": 8.078710037474838,
        "u": -17.484561253453556,
        "d": 0
    },
    "inspire22": {
        "p_n": 2.5722245203106535,
        "f_b": -0.270422438158179,
        "u_d": -17.762640936352085,
        "p": 8.936007464860822,
        "n": 6.363782944550168,
        "f": 7.514683985626405,
        "b": 7.785106423784584,
        "u": 0,
        "d": 17.762640936352085
    },
    "jayrylan": {
        "p_n": 2.327929830483108,
        "f_b": -0.3140939130248661,
        "u_d": -17.973386074054467,
        "p": 9.040307956012182,
        "n": 6.7123781255290735,
        "f": 7.719296084258195,
        "b": 8.033389997283061,
        "u": 0,
        "d": 17.973386074054467
    },
    "VinothiniBalakrishnan": {
        "p_n": 1.6287617753418058,
        "f_b": -0.13132160863367304,
        "u_d": -15.29862642181586,
        "p": 8.496013262621556,
        "n": 6.86725148727975,
        "f": 7.615971570633817,
        "b": 7.74729317926749,
        "u": 0,
        "d": 15.29862642181586
    }
}