{
    "1st1": {
        "p_n": 2.025816846612109,
        "f_b": -0.24886879711617294,
        "u_d": -16.059634322873542,
        "p": 9.00227602737727,
        "n": 6.976459180765161,
        "f": 7.86493320551313,
        "b": 8.113802002629303,
        "u": 0,
        "d": 16.059634322873542
    },
    "saghul": {
        "p_n": 2.327875889908662,
        "f_b": -0.5168603588692529,
        "u_d": -16.10520763358231,
        "p": 9.135182058208319,
        "n": 6.8073061682996565,
        "f": 7.712813933819361,
        "b": 8.229674292688614,
        "u": 0,
        "d": 16.10520763358231
    },
    "sametmax": {
        "p_n": 1.6766046783801931,
        "f_b": -0.22700493669004018,
        "u_d": -15.557415393900659,
        "p": 8.668270020397092,
        "n": 6.991665342016899,
        "f": 7.716465212861975,
        "b": 7.943470149552015,
        "u": 0,
        "d": 15.557415393900659
    },
    "digitaldavenyc": {
        "p_n": 2.0672048990498197,
        "f_b": 0.06079167075219516,
        "u_d": -17.31885032390232,
        "p": 8.960120374259185,
        "n": 6.8929154752093655,
        "f": 7.956913760110373,
        "b": 7.896122089358178,
        "u": 0,
        "d": 17.31885032390232
    },
    "claws": {
        "p_n": 2.4233564202894176,
        "f_b": -0.6465880163218198,
        "u_d": -17.66705632309807,
        "p": 9.57841185818858,
        "n": 7.155055437899163,
        "f": 8.043439639882962,
        "b": 8.690027656204782,
        "u": 0,
        "d": 17.66705632309807
    },
    "iceb0y": {
        "p_n": 1.807611317539462,
        "f_b": -1.024810069140675,
        "u_d": -17.91092123099307,
        "p": 8.87379898195039,
        "n": 7.066187664410928,
        "f": 7.457588288610322,
        "b": 8.482398357750997,
        "u": 0,
        "d": 17.91092123099307
    },
    "asvetlov": {
        "p_n": 2.559743125849809,
        "f_b": -0.698352989014281,
        "u_d": -17.499434971904442,
        "p": 9.206956949730014,
        "n": 6.647213823880205,
        "f": 7.577908892297969,
        "b": 8.27626188131225,
        "u": -17.499434971904442,
        "d": 0
    },
    "matemax": {
        "p_n": 2.078654732294549,
        "f_b": 0.1798823280385209,
        "u_d": -17.77989445540045,
        "p": 9.06840423003558,
        "n": 6.98974949774103,
        "f": 8.119018027907565,
        "b": 7.939135699869044,
        "u": 0,
        "d": 17.77989445540045
    },
    "ChillarAnand": {
        "p_n": 1.9104549366985264,
        "f_b": -0.0929064521071421,
        "u_d": -17.591035819691974,
        "p": 9.081477708041728,
        "n": 7.1710227713432015,
        "f": 8.079797013638894,
        "b": 8.172703465746036,
        "u": 0,
        "d": 17.591035819691974
    },
    "elprans": {
        "p_n": 2.0418582660370337,
        "f_b": 0.4425474447355322,
        "u_d": -17.013828940955285,
        "p": 8.93739191438993,
        "n": 6.895533648352897,
        "f": 8.13773650373918,
        "b": 7.695189059003648,
        "u": 0,
        "d": 17.013828940955285
    },
    "f0t0n": {
        "p_n": 1.7470164533375296,
        "f_b": -0.5537151067686921,
        "u_d": -17.497652735362827,
        "p": 9.038509025215442,
        "n": 7.291492571877912,
        "f": 7.888143245162331,
        "b": 8.441858351931023,
        "u": -17.497652735362827,
        "d": 0
    },
    "kaniini": {
        "p_n": 1.9985233319304356,
        "f_b": -0.46162829393044547,
        "u_d": -17.039354477129283,
        "p": 9.12626042667341,
        "n": 7.127737094742974,
        "f": 7.896184613742969,
        "b": 8.357812907673415,
        "u": 0,
        "d": 17.039354477129283
    },
    "jimfulton": {
        "p_n": 2.0096503482383614,
        "f_b": -0.8475875067724781,
        "u_d": -16.958412522006853,
        "p": 9.017223202558442,
        "n": 7.007572854320081,
        "f": 7.588604275053023,
        "b": 8.436191781825501,
        "u": 0,
        "d": 16.958412522006853
    },
    "vodik": {
        "p_n": 2.45230079917655,
        "f_b": 0.12076191604119035,
        "u_d": -17.4837970434914,
        "p": 8.827948548689932,
        "n": 6.375647749513382,
        "f": 7.662179107122252,
        "b": 7.541417191081061,
        "u": -17.4837970434914,
        "d": 0
    },
    "lsbardel": {
        "p_n": 1.8764953750718787,
        "f_b": -0.8728154535507411,
        "u_d": -17.1986720257793,
        "p": 9.183970102421156,
        "n": 7.307474727349278,
        "f": 7.809314688109847,
        "b": 8.682130141660588,
        "u": 0,
        "d": 17.1986720257793
    },
    "SamWhited": {
        "p_n": 3.0149240591955078,
        "f_b": -0.8995658578519823,
        "u_d": -16.77034203358345,
        "p": 9.180839259766339,
        "n": 6.165915200570831,
        "f": 7.223594301242594,
        "b": 8.123160159094576,
        "u": 0,
        "d": 16.77034203358345
    },
    "mayfield": {
        "p_n": 2.3515772897710034,
        "f_b": -0.40378438447565124,
        "u_d": -17.29399252876141,
        "p": 9.505790989395809,
        "n": 7.154213699624806,
        "f": 8.128110152272482,
        "b": 8.531894536748133,
        "u": 0,
        "d": 17.29399252876141
    },
    "Noctem": {
        "p_n": 2.15992062603663,
        "f_b": -0.5577035138709876,
        "u_d": -16.071598023123347,
        "p": 9.091996571883923,
        "n": 6.932075945847293,
        "f": 7.733184501930114,
        "b": 8.290888015801102,
        "u": 0,
        "d": 16.071598023123347
    },
    "Sherlock-Holo": {
        "p_n": 1.952946856763563,
        "f_b": -0.7163764195902704,
        "u_d": -17.46510680017417,
        "p": 9.110089400220115,
        "n": 7.157142543456552,
        "f": 7.775427762043199,
        "b": 8.49180418163347,
        "u": -17.46510680017417,
        "d": 0
    },
    "jlaine": {
        "p_n": 2.1611863883457403,
        "f_b": -0.5847297858405822,
        "u_d": -16.796215279355227,
        "p": 8.946270546349012,
        "n": 6.785084158003272,
        "f": 7.573312459255852,
        "b": 8.158042245096434,
        "u": 0,
        "d": 16.796215279355227
    },
    "sakurai-youhei": {
        "p_n": 1.916384865871657,
        "f_b": 0.3365537729999133,
        "u_d": -16.92256200746275,
        "p": 8.959837605861615,
        "n": 7.0434527399899585,
        "f": 8.169922059425744,
        "b": 7.833368286425831,
        "u": 0,
        "d": 16.92256200746275
    },
    "pfreixes": {
        "p_n": 2.063762495647902,
        "f_b": -0.7658599885914112,
        "u_d": -17.48484364140232,
        "p": 9.171833774042206,
        "n": 7.108071278394304,
        "f": 7.757022531922549,
        "b": 8.52288252051396,
        "u": 0,
        "d": 17.48484364140232
    },
    "fantix": {
        "p_n": 2.0207679069110647,
        "f_b": -0.23644384663579388,
        "u_d": -16.604673014148997,
        "p": 9.045490495031537,
        "n": 7.024722588120472,
        "f": 7.916884618258107,
        "b": 8.153328464893901,
        "u": 0,
        "d": 16.604673014148997
    },
    "japrogramer": {
        "p_n": 2.024314866768268,
        "f_b": 0.10820373882231671,
        "u_d": -17.49849658114313,
        "p": 9.14628141246695,
        "n": 7.121966545698681,
        "f": 8.188225848493975,
        "b": 8.080022109671658,
        "u": -17.49849658114313,
        "d": 0
    },
    "andr-04": {
        "p_n": 2.100003315530386,
        "f_b": -0.5124547202368337,
        "u_d": -14.975466890832628,
        "p": 9.30878046080797,
        "n": 7.208777145277584,
        "f": 8.00255144292436,
        "b": 8.515006163161194,
        "u": 0,
        "d": 14.975466890832628
    },
    "jeffiy": {
        "p_n": 1.6495756758120983,
        "f_b": -0.12098073508392382,
        "u_d": -17.023712820097636,
        "p": 8.905370034048449,
        "n": 7.255794358236351,
        "f": 8.020091828600437,
        "b": 8.14107256368436,
        "u": 0,
        "d": 17.023712820097636
    },