{
    "jeremyschlatter": {
        "p_n": 1.9918569715646877,
        "f_b": -0.3284451568492752,
        "u_d": -16.965545846396665,
        "p": 9.194763247763042,
        "n": 7.202906276198354,
        "f": 8.03461218355606,
        "b": 8.363057340405335,
        "u": 0,
        "d": 16.965545846396665
    },
    "glycerine": {
        "p_n": 2.8192612224934344,
        "f_b": -0.10449707291142474,
        "u_d": -17.495927629855853,
        "p": 9.294082669545222,
        "n": 6.474821447051788,
        "f": 7.832203521842793,
        "b": 7.9367005947542175,
        "u": -17.495927629855853,
        "d": 0
    },
    "omeid": {
        "p_n": 2.3654197469570146,
        "f_b": -0.5640911042580914,
        "u_d": -16.582686110881806,
        "p": 9.19502062606226,
        "n": 6.829600879105245,
        "f": 7.730265200454706,
        "b": 8.294356304712798,
        "u": 0,
        "d": 16.582686110881806
    },
    "willfaught": {
        "p_n": 2.1514902722244997,
        "f_b": -0.4910880764315291,
        "u_d": -17.719719652030054,
        "p": 9.099346764613198,
        "n": 6.9478564923886985,
        "f": 7.778057590285183,
        "b": 8.269145666716712,
        "u": 0,
        "d": 17.719719652030054
    },
    "FiloSottile": {
        "p_n": 1.314630561790997,
        "f_b": -0.9336110594522706,
        "u_d": -16.593971202137052,
        "p": 8.760244100378905,
        "n": 7.445613538587908,
        "f": 7.636123289757271,
        "b": 8.569734349209542,
        "u": 0,
        "d": 16.593971202137052
    },
    "danielmanesku": {
        "p_n": 1.6935680977325855,
        "f_b": -0.25387515017268747,
        "u_d": -16.547962436851922,
        "p": 9.311231462648504,
        "n": 7.617663364915918,
        "f": 8.337509838695867,
        "b": 8.591384988868555,
        "u": 0,
        "d": 16.547962436851922
    },
    "athirn": {
        "p_n": 1.8228044966212495,
        "f_b": -0.5240901305861971,
        "u_d": -17.612636857504217,
        "p": 8.928800433124241,
        "n": 7.105995936502992,
        "f": 7.755353119520517,
        "b": 8.279443250106715,
        "u": 0,
        "d": 17.612636857504217
    },
    "scher200": {
        "p_n": 2.1034586630397163,
        "f_b": 0.594461172116274,
        "u_d": -17.482750195911628,
        "p": 9.065538542696892,
        "n": 6.962079879657176,
        "f": 8.311039797235171,
        "b": 7.716578625118897,
        "u": -17.482750195911628,
        "d": 0
    }
}