{
    "malarkey": {
        "p_n": 2.381697559253272,
        "f_b": -0.16564199335127583,
        "u_d": -17.246611273066357,
        "p": 9.564497717161014,
        "n": 7.182800157907742,
        "f": 8.29082794085874,
        "b": 8.456469934210016,
        "u": 0,
        "d": 17.246611273066357
    },
    "jina": {
        "p_n": 2.8438831114619028,
        "f_b": 0.0260594985295306,
        "u_d": -15.456261714495163,
        "p": 9.66608751771848,
        "n": 6.822204406256578,
        "f": 8.257175711252295,
        "b": 8.231116212722764,
        "u": 0,
        "d": 15.456261714495163
    }
}