{
    "malcommac": {
        "p_n": 1.8260123497602327,
        "f_b": -0.06702643789163787,
        "u_d": -17.262183802196546,
        "p": 9.058018841666119,
        "n": 7.232006491905886,
        "f": 8.111499447840185,
        "b": 8.178525885731823,
        "u": 0,
        "d": 17.262183802196546
    },
    "Hout": {
        "p_n": 1.773595978043069,
        "f_b": -0.15124079540559876,
        "u_d": -17.050131616915834,
        "p": 9.015194570830072,
        "n": 7.241598592787003,
        "f": 8.052776184105738,
        "b": 8.204016979511337,
        "u": 0,
        "d": 17.050131616915834
    },
    "cjwirth": {
        "p_n": 1.903321153634808,
        "f_b": -0.3689447619371604,
        "u_d": -15.191617360829142,
        "p": 8.709679221719956,
        "n": 6.806358068085148,
        "f": 7.573546263933972,
        "b": 7.942491025871132,
        "u": 0,
        "d": 15.191617360829142
    },
    "ypresto": {
        "p_n": 2.1574348126802434,
        "f_b": -0.6579413008946773,
        "u_d": -16.924661439092112,
        "p": 8.917799805673365,
        "n": 6.7603649929931215,
        "f": 7.510111748885905,
        "b": 8.168053049780582,
        "u": 0,
        "d": 16.924661439092112
    },
    "cgoldsby": {
        "p_n": 1.7640320667776912,
        "f_b": -0.3305297646274683,
        "u_d": -15.722604317858131,
        "p": 8.683701879400235,
        "n": 6.919669812622544,
        "f": 7.636420963697655,
        "b": 7.9669507283251235,
        "u": 0,
        "d": 15.722604317858131
    },
    "tcurdt": {
        "p_n": 2.444326301674865,
        "f_b": 0.307494282771998,
        "u_d": -16.332186614075653,
        "p": 8.926399937714834,
        "n": 6.482073636039969,
        "f": 7.857983928263401,
        "b": 7.550489645491403,
        "u": 0,
        "d": 16.332186614075653
    },
    "rbukovansky": {
        "p_n": 2.6861484404994496,
        "f_b": -0.0142344228545781,
        "u_d": -17.454105941155905,
        "p": 9.364399274939274,
        "n": 6.678250834439824,
        "f": 8.014207843262259,
        "b": 8.028442266116837,
        "u": -17.454105941155905,
        "d": 0
    },
    "timefrancesco": {
        "p_n": 3.119758112448343,
        "f_b": 0.5014884119488574,
        "u_d": -16.517981083453318,
        "p": 9.107174802218072,
        "n": 5.987416689769729,
        "f": 7.798039951968329,
        "b": 7.296551540019472,
        "u": 0,
        "d": 16.517981083453318
    },
    "andriichernenko": {
        "p_n": 2.5820639172040014,
        "f_b": 0.6721105912603997,
        "u_d": -17.12130746984123,
        "p": 9.035053096765958,
        "n": 6.452989179561957,
        "f": 8.080076433794158,
        "b": 7.407965842533758,
        "u": 0,
        "d": 17.12130746984123
    },
    "aleufms": {
        "p_n": 2.2226332612397295,
        "f_b": 1.0773109040986473,
        "u_d": -14.882179261171602,
        "p": 8.499821757149853,
        "n": 6.277188495910123,
        "f": 7.927160578579311,
        "b": 6.849849674480664,
        "u": 0,
        "d": 14.882179261171602
    }
}