{
    "leonerd": {
        "p_n": 1.9743922826899105,
        "f_b": -0.7867284156553875,
        "u_d": -16.84421051895857,
        "p": 9.145815205889106,
        "n": 7.171422923199195,
        "f": 7.7652548567164565,
        "b": 8.551983272371844,
        "u": 0,
        "d": 16.84421051895857
    },
    "ara4n": {
        "p_n": 2.059866698661865,
        "f_b": -0.39050042364101856,
        "u_d": -17.71141906524894,
        "p": 8.971049945915187,
        "n": 6.911183247253322,
        "f": 7.745866384763746,
        "b": 8.136366808404764,
        "u": 0,
        "d": 17.71141906524894
    },
    "erikjohnston": {
        "p_n": 2.253598008983955,
        "f_b": -0.4189765549730211,
        "u_d": -16.84483725169795,
        "p": 9.165332989476415,
        "n": 6.91173498049246,
        "f": 7.829045707497928,
        "b": 8.248022262470949,
        "u": 0,
        "d": 16.84483725169795
    },
    "Kegsay": {
        "p_n": 2.3464383829550854,
        "f_b": -0.6612086193673097,
        "u_d": -17.298345335603553,
        "p": 9.061557567929167,
        "n": 6.715119184974082,
        "f": 7.557734066767969,
        "b": 8.218942686135279,
        "u": 0,
        "d": 17.298345335603553
    },
    "dbkr": {
        "p_n": 2.261165716986323,
        "f_b": -0.2883237212451082,
        "u_d": -16.461068951553834,
        "p": 9.280083155420154,
        "n": 7.0189174384338315,
        "f": 8.005338436304438,
        "b": 8.293662157549546,
        "u": 0,
        "d": 16.461068951553834
    },
    "matrixbot": {
        "p_n": 2.0364242992848514,
        "f_b": -0.09066326074320763,
        "u_d": -17.676490633863587,
        "p": 8.73206189047482,
        "n": 6.6956375911899695,
        "f": 7.668518110460791,
        "b": 7.759181371203999,
        "u": 0,
        "d": 17.676490633863587
    },
    "NegativeMjark": {
        "p_n": 2.192748979801154,
        "f_b": -0.711768526247754,
        "u_d": -17.124841079795868,
        "p": 9.069748149516489,
        "n": 6.876999169715335,
        "f": 7.617489396492035,
        "b": 8.329257922739789,
        "u": 0,
        "d": 17.124841079795868
    },
    "Osndok": {
        "p_n": 2.380673890775931,
        "f_b": -0.748093676517799,
        "u_d": -17.467690795920213,
        "p": 9.682482013059834,
        "n": 7.301808122283903,
        "f": 8.11809822941297,
        "b": 8.86619190593077,
        "u": -17.467690795920213,
        "d": 0
    },
    "richvdh": {
        "p_n": 2.4626333963290516,
        "f_b": -0.32880251864299304,
        "u_d": -16.918297742522753,
        "p": 9.252148188195388,
        "n": 6.7895147918663366,
        "f": 7.856430230709366,
        "b": 8.185232749352359,
        "u": 0,
        "d": 16.918297742522753
    },
    "glyph": {
        "p_n": 2.8320952452979444,
        "f_b": -0.2379932917477987,
        "u_d": -17.63044677803785,
        "p": 9.638717015566101,
        "n": 6.806621770268157,
        "f": 8.10367274704323,
        "b": 8.341666038791029,
        "u": 0,
        "d": 17.63044677803785
    },
    "illicitonion": {
        "p_n": 2.3309442372138136,
        "f_b": -0.40376426687617073,
        "u_d": -16.110548359293727,
        "p": 9.055388726013087,
        "n": 6.724444488799273,
        "f": 7.688034473968094,
        "b": 8.091798740844265,
        "u": 0,
        "d": 16.110548359293727
    },
    "turt2live": {
        "p_n": 2.482744588079102,
        "f_b": -0.35807432659721883,
        "u_d": -17.498838283909965,
        "p": 9.075299296280047,
        "n": 6.592554708200945,
        "f": 7.654889838941887,
        "b": 8.012964165539106,
        "u": -17.498838283909965,
        "d": 0
    },
    "simsasaile": {
        "p_n": 1.9428252472667946,
        "f_b": -0.4556244180797737,
        "u_d": -17.52812640792912,
        "p": 8.655736580332709,
        "n": 6.7129113330659145,
        "f": 7.456511747659425,
        "b": 7.912136165739199,
        "u": 0,
        "d": 17.52812640792912
    },
    "aperezdc": {
        "p_n": 1.8431597717564019,
        "f_b": -0.616841056258238,
        "u_d": -17.428802281801232,
        "p": 8.930109057797313,
        "n": 7.086949286040912,
        "f": 7.700108643789994,
        "b": 8.316949700048232,
        "u": 0,
        "d": 17.428802281801232
    },
    "negzi": {
        "p_n": 1.319564591861127,
        "f_b": -0.7153497750382467,
        "u_d": -17.582046449716334,
        "p": 9.105303536867329,
        "n": 7.785738945006202,
        "f": 8.087846353417643,
        "b": 8.80319612845589,
        "u": 0,
        "d": 17.582046449716334
    },
    "KlausHans": {
        "p_n": 1.7091036009373344,
        "f_b": -0.6725228599824407,
        "u_d": -14.480019604828602,
        "p": 8.622870124707298,
        "n": 6.913766523769963,
        "f": 7.432056894247411,
        "b": 8.104579754229851,
        "u": 0,
        "d": 14.480019604828602
    },
    "rubo77": {
        "p_n": 2.064971121307803,
        "f_b": -0.6064627083091008,
        "u_d": -17.842931978893105,
        "p": 8.872635568157003,
        "n": 6.8076644468492,
        "f": 7.53691865334855,
        "b": 8.143381361657651,
        "u": 0,
        "d": 17.842931978893105
    },
    "mweinelt": {
        "p_n": 1.8869022361148762,
        "f_b": -0.18001487773286406,
        "u_d": -17.49531438163574,
        "p": 8.922472814754183,
        "n": 7.035570578639307,
        "f": 7.889014257830313,
        "b": 8.069029135563177,
        "u": -17.49531438163574,
        "d": 0
    },
    "pik": {
        "p_n": 2.028553279089172,
        "f_b": -0.8260406397797073,
        "u_d": -17.12689344268611,
        "p": 9.119915084422761,
        "n": 7.091361805333589,
        "f": 7.692618124988321,
        "b": 8.518658764768029,
        "u": 0,
        "d": 17.12689344268611
    },
    "kyrias": {
        "p_n": 1.822847527141298,
        "f_b": -0.6121451145949832,
        "u_d": -16.83823262786933,
        "p": 8.83047037226857,
        "n": 7.007622845127272,
        "f": 7.612974051400429,
        "b": 8.225119165995412,
        "u": 0,
        "d": 16.83823262786933
    },
    "KentShikama": {
        "p_n": 1.9289655403865709,
        "f_b": -0.3986007551519002,
        "u_d": -17.45399247328118,
        "p": 9.351035353012914,
        "n": 7.422069812626344,
        "f": 8.187252205243679,
        "b": 8.585852960395579,
        "u": 0,
        "d": 17.45399247328118
    },
    "4nd3r": {
        "p_n": 2.7142766015827835,
        "f_b": -0.45819270854632776,
        "u_d": -16.757474601894785,
        "p": 9.060735860136408,
        "n": 6.346459258553624,
        "f": 7.474501205071853,
        "b": 7.932693913618181,
        "u": 0,
        "d": 16.757474601894785
    },
    "Half-Shot": {
        "p_n": 2.3954011760208447,
        "f_b": -0.3198877463299583,
        "u_d": -16.81662405414275,
        "p": 9.293641133435159,
        "n": 6.898239957414314,
        "f": 7.9359966722597575,
        "b": 8.255884418589716,
        "u": 0,
        "d": 16.81662405414275
    },
    "jython234": {
        "p_n": 2.029595753224724,
        "f_b": -0.15659161320899617,
        "u_d": -17.913131131268006,
        "p": 8.944547814241252,
        "n": 6.914952061016528,
        "f": 7.851454131024393,
        "b": 8.008045744233389,
        "u": 0,
        "d": 17.913131131268006
    },
    "hawkowl": {
        "p_n": 2.0753953201803004,
        "f_b": -0.5220920475229835,
        "u_d": -15.126041359039721,
        "p": 9.019008314016478,
        "n": 6.943612993836178,
        "f": 7.720264630164836,
        "b": 8.24235667768782,
        "u": 0,
        "d": 15.126041359039721
    },
    "jcgruenhage": {
        "p_n": 2.3782712345751715,
        "f_b": -0.5903203264081149,
        "u_d": -16.454094676511193,
        "p": 9.170481172335904,
        "n": 6.792209937760733,
        "f": 7.686185391844262,
        "b": 8.276505718252377,
        "u": 0,
        "d": 16.454094676511193
    },