{
    "maxwellito": {
        "p_n": 2.1022154485585034,
        "f_b": -0.4846492348110596,
        "u_d": -16.68205536445488,
        "p": 9.234066933674988,
        "n": 7.131851485116485,
        "f": 7.940634591990206,
        "b": 8.425283826801266,
        "u": 0,
        "d": 16.68205536445488
    },
    "flyingfisch": {
        "p_n": 1.9570825777739227,
        "f_b": -0.556220582852017,
        "u_d": -16.481704795168437,
        "p": 8.918749366212634,
        "n": 6.961666788438711,
        "f": 7.662097785899665,
        "b": 8.218318368751682,
        "u": 0,
        "d": 16.481704795168437
    },
    "jolic": {
        "p_n": 2.335846428010081,
        "f_b": -0.9227418053698191,
        "u_d": -17.334934657996868,
        "p": 9.131753854444613,
        "n": 6.795907426434532,
        "f": 7.502459737754663,
        "b": 8.425201543124482,
        "u": 0,
        "d": 17.334934657996868
    },
    "mg": {
        "p_n": 1.5252001515088898,
        "f_b": -0.7175090497701824,
        "u_d": -16.930632970867208,
        "p": 9.057053762230185,
        "n": 7.531853610721295,
        "f": 7.935699161590648,
        "b": 8.65320821136083,
        "u": 0,
        "d": 16.930632970867208
    },
    "csgruenebe": {
        "p_n": 1.7669138877121062,
        "f_b": -0.43787865965691175,
        "u_d": -17.79347543274106,
        "p": 9.101579722051854,
        "n": 7.334665834339748,
        "f": 7.999183448367345,
        "b": 8.437062108024257,
        "u": 0,
        "d": 17.79347543274106
    },
    "morgangiraud": {
        "p_n": 2.0783617775732726,
        "f_b": -0.44081411261872905,
        "u_d": -16.107726547876034,
        "p": 8.965600645091053,
        "n": 6.88723886751778,
        "f": 7.7060126999950525,
        "b": 8.146826812613781,
        "u": 0,
        "d": 16.107726547876034
    },
    "ghost": {
        "p_n": 2.0332214265830526,
        "f_b": -0.8417920912413868,
        "u_d": -16.309792250213025,
        "p": 9.11060477832288,
        "n": 7.077383351739828,
        "f": 7.67309801941066,
        "b": 8.514890110652047,
        "u": 0,
        "d": 16.309792250213025
    },
    "termoplus": {
        "p_n": 2.2892679442198114,
        "f_b": 0.4818584836098978,
        "u_d": -15.330401944305073,
        "p": 9.544318451310142,
        "n": 7.25505050709033,
        "f": 8.640613721005185,
        "b": 8.158755237395287,
        "u": 0,
        "d": 15.330401944305073
    },
    "monkeehub": {
        "p_n": 1.8482067533768323,
        "f_b": -0.20831330835114414,
        "u_d": -17.458889210433405,
        "p": 9.351699246217835,
        "n": 7.503492492841003,
        "f": 8.323439215353847,
        "b": 8.531752523704991,
        "u": -17.458889210433405,
        "d": 0
    },
    "Nerdissimo": {
        "p_n": 2.8076773903956713,
        "f_b": 1.119803511998386,
        "u_d": -17.811584533000364,
        "p": 9.844743896996189,
        "n": 7.037066506600517,
        "f": 9.000806957797547,
        "b": 7.881003445799161,
        "u": 0,
        "d": 17.811584533000364
    },
    "christ0ph3r": {
        "p_n": 2.914943444734263,
        "f_b": -0.28593648525802706,
        "u_d": -15.071042556316277,
        "p": 9.083592496161188,
        "n": 6.168649051426925,
        "f": 7.483152531165043,
        "b": 7.76908901642307,
        "u": 0,
        "d": 15.071042556316277
    },
    "PeterWooster": {
        "p_n": 2.204675410816696,
        "f_b": -0.4759856010864434,
        "u_d": -16.995657964963357,
        "p": 8.784679516052687,
        "n": 6.580004105235991,
        "f": 7.444349010101118,
        "b": 7.920334611187561,
        "u": 0,
        "d": 16.995657964963357
    },
    "bahamadon": {
        "p_n": 2.571226976359748,
        "f_b": -0.5029766698903568,
        "u_d": -17.481753995708278,
        "p": 9.702543881182551,
        "n": 7.131316904822803,
        "f": 8.165442058057499,
        "b": 8.668418727947856,
        "u": 0,
        "d": 17.481753995708278
    },
    "SmartArtsStudio": {
        "p_n": 2.0282310076918435,
        "f_b": -1.2235125679923051,
        "u_d": -16.954067553896856,
        "p": 9.086415734687247,
        "n": 7.058184726995403,
        "f": 7.460543946845172,
        "b": 8.684056514837478,
        "u": 0,
        "d": 16.954067553896856
    },
    "jeffceriello": {
        "p_n": 2.284744167167249,
        "f_b": -0.6513787517883625,
        "u_d": -16.710911043155846,
        "p": 9.1510108660431,
        "n": 6.866266698875851,
        "f": 7.682949406565294,
        "b": 8.334328158353657,
        "u": 0,
        "d": 16.710911043155846
    },
    "jimshell": {
        "p_n": 2.164475192132916,
        "f_b": -0.5339601419454105,
        "u_d": -17.514853154103303,
        "p": 9.213778097748943,
        "n": 7.049302905616027,
        "f": 7.86456043070978,
        "b": 8.39852057265519,
        "u": 0,
        "d": 17.514853154103303
    },
    "KrishnaPG": {
        "p_n": 1.7677573645565197,
        "f_b": -1.1909064958833202,
        "u_d": -17.17439991788292,
        "p": 8.864776136689281,
        "n": 7.0970187721327616,
        "f": 7.38544420646936,
        "b": 8.57635070235268,
        "u": 0,
        "d": 17.17439991788292
    },
    "StoneCypher": {
        "p_n": 3.2158100480032976,
        "f_b": -0.3979303669454408,
        "u_d": -16.50233013087697,
        "p": 9.107122841710249,
        "n": 5.891312793706951,
        "f": 7.300252634235879,
        "b": 7.69818300118132,
        "u": 0,
        "d": 16.50233013087697
    },
    "sbastias": {
        "p_n": 1.7690354181159798,
        "f_b": -0.7289492055963338,
        "u_d": -17.73384990331093,
        "p": 8.910227328029544,
        "n": 7.141191909913564,
        "f": 7.661235016173387,
        "b": 8.39018422176972,
        "u": 0,
        "d": 17.73384990331093
    },
    "ch0wner": {
        "p_n": 1.941286370108541,
        "f_b": 0.6882309870723358,
        "u_d": -17.015497065045672,
        "p": 8.972317420778069,
        "n": 7.031031050669528,
        "f": 8.345789729259966,
        "b": 7.65755874218763,
        "u": 0,
        "d": 17.015497065045672
    },
    "codebymikey": {
        "p_n": 2.193445032487446,
        "f_b": 0.18039325329331035,
        "u_d": -17.824906883753382,
        "p": 9.159083121954565,
        "n": 6.965638089467118,
        "f": 8.152557232357497,
        "b": 7.972163979064186,
        "u": 0,
        "d": 17.824906883753382
    },
    "rotellanomala": {
        "p_n": 2.297361022742553,
        "f_b": -0.08749539653417315,
        "u_d": -17.46902114150916,
        "p": 9.368458504168332,
        "n": 7.071097481425779,
        "f": 8.17603029452997,
        "b": 8.263525691064142,
        "u": -17.46902114150916,
        "d": 0
    }
}