{
    "mcxiaoke": {
        "p_n": 1.8807769410425763,
        "f_b": -0.4076429253173952,
        "u_d": -17.813439198575285,
        "p": 9.201380930292988,
        "n": 7.320603989250412,
        "f": 8.057170997113003,
        "b": 8.464813922430398,
        "u": 0,
        "d": 17.813439198575285
    },
    "AlexPari": {
        "p_n": 2.8928183003703136,
        "f_b": -0.06753957034476876,
        "u_d": -17.48711006335537,
        "p": 9.257398550070752,
        "n": 6.364580249700438,
        "f": 7.777219614713211,
        "b": 7.844759185057979,
        "u": -17.48711006335537,
        "d": 0
    },
    "francis-mwakidoshi": {
        "p_n": 2.821757593300629,
        "f_b": 0.4542284905741649,
        "u_d": -17.472740957732878,
        "p": 9.480310545710068,
        "n": 6.65855295240944,
        "f": 8.296545994346836,
        "b": 7.842317503772671,
        "u": -17.472740957732878,
        "d": 0
    },
    "Spring-Xu": {
        "p_n": 2.5538690147732517,
        "f_b": -0.0476020516945006,
        "u_d": -17.493332740763314,
        "p": 9.008015290690734,
        "n": 6.454146275917482,
        "f": 7.707279757456858,
        "b": 7.7548818091513585,
        "u": -17.493332740763314,
        "d": 0
    },
    "MahdiPishguy": {
        "p_n": 2.7049416924382914,
        "f_b": 0.4217928728978926,
        "u_d": -17.492982279628087,
        "p": 9.4509024412211,
        "n": 6.745960748782808,
        "f": 8.309328031450901,
        "b": 7.887535158553009,
        "u": -17.492982279628087,
        "d": 0
    },
    "jfernandojr": {
        "p_n": 2.291415501209568,
        "f_b": -0.5758357312044726,
        "u_d": -17.494795520141018,
        "p": 8.779984021431478,
        "n": 6.48856852022191,
        "f": 7.346358405224458,
        "b": 7.9221941364289306,
        "u": -17.494795520141018,
        "d": 0
    }
}