{
    "Mechazawa": {
        "p_n": 2.444883589875297,
        "f_b": -0.9222216856762895,
        "u_d": -17.090943647746897,
        "p": 9.014418818896113,
        "n": 6.569535229020816,
        "f": 7.330866181120319,
        "b": 8.253087866796609,
        "u": 0,
        "d": 17.090943647746897
    },
    "ylluminarious": {
        "p_n": 2.7598229320534795,
        "f_b": 0.27079508771573657,
        "u_d": -17.89948583841988,
        "p": 9.48997201053243,
        "n": 6.73014907847895,
        "f": 8.24545808836356,
        "b": 7.974663000647823,
        "u": 0,
        "d": 17.89948583841988
    },
    "DaanBiesterbos": {
        "p_n": 2.200014594104834,
        "f_b": 0.030869447556620244,
        "u_d": -17.420676693480313,
        "p": 9.71005351851889,
        "n": 7.510038924414056,
        "f": 8.625480945244783,
        "b": 8.594611497688163,
        "u": -17.420676693480313,
        "d": 0
    }
}