{
    "nickw": {
        "p_n": 2.143709572207749,
        "f_b": -0.6360714905638369,
        "u_d": -17.229312646610047,
        "p": 9.174615864656765,
        "n": 7.030906292449016,
        "f": 7.7847253332709725,
        "b": 8.42079682383481,
        "u": 0,
        "d": 17.229312646610047
    },
    "rclai": {
        "p_n": 1.8285064641121096,
        "f_b": -0.25430456636255094,
        "u_d": -17.48464671600145,
        "p": 9.419398497381827,
        "n": 7.590892033269718,
        "f": 8.377992982144498,
        "b": 8.632297548507049,
        "u": -17.48464671600145,
        "d": 0
    },
    "dennisharrison": {
        "p_n": 1.9942926002536332,
        "f_b": -0.5108599938042069,
        "u_d": -17.64335150227853,
        "p": 9.07856242300043,
        "n": 7.084269822746796,
        "f": 7.825986125971509,
        "b": 8.336846119775716,
        "u": 0,
        "d": 17.64335150227853
    },
    "richpowell": {
        "p_n": 1.8422181267018125,
        "f_b": -0.8654578402092348,
        "u_d": -17.492170411948464,
        "p": 8.845313828774039,
        "n": 7.003095702072226,
        "f": 7.491475845318515,
        "b": 8.35693368552775,
        "u": -17.492170411948464,
        "d": 0
    },
    "elGusto": {
        "p_n": 1.82811765798996,
        "f_b": -1.1904836239856813,
        "u_d": -17.448930720276163,
        "p": 8.801633051006052,
        "n": 6.973515393016092,
        "f": 7.292332410018231,
        "b": 8.482816034003912,
        "u": 0,
        "d": 17.448930720276163
    },
    "sircharleswatson": {
        "p_n": 2.1545873822462607,
        "f_b": -0.3866185978698713,
        "u_d": -16.385192265746177,
        "p": 9.142294416190358,
        "n": 6.987707033944098,
        "f": 7.871691426132292,
        "b": 8.258310024002164,
        "u": 0,
        "d": 16.385192265746177
    },
    "rlech": {
        "p_n": 1.9898735047829303,
        "f_b": -0.40743065176298465,
        "u_d": -17.478607308787517,
        "p": 9.114199459907729,
        "n": 7.124325955124799,
        "f": 7.915547381634772,
        "b": 8.322978033397757,
        "u": -17.478607308787517,
        "d": 0
    },
    "rizkysyazuli": {
        "p_n": 1.764752291002714,
        "f_b": -0.4386916650366208,
        "u_d": -17.483698766305306,
        "p": 8.910081647892916,
        "n": 7.145329356890202,
        "f": 7.808359669873249,
        "b": 8.24705133490987,
        "u": -17.483698766305306,
        "d": 0
    },
    "MacNCheeze": {
        "p_n": 1.8586031945261317,
        "f_b": -0.1325688468947508,
        "u_d": -16.991912943817663,
        "p": 9.3080189214073,
        "n": 7.449415726881168,
        "f": 8.312432900696859,
        "b": 8.44500174759161,
        "u": 0,
        "d": 16.991912943817663
    },
    "xpluscal": {
        "p_n": 2.3827356150427033,
        "f_b": -0.08864557929143224,
        "u_d": -17.45947233442664,
        "p": 9.394517361064148,
        "n": 7.011781746021445,
        "f": 8.15882676389708,
        "b": 8.247472343188512,
        "u": -17.45947233442664,
        "d": 0
    },
    "jorjordandan": {
        "p_n": 1.9647284776204454,
        "f_b": -0.9291023919368024,
        "u_d": -16.39466336943257,
        "p": 9.091177790299415,
        "n": 7.12644931267897,
        "f": 7.644262355520792,
        "b": 8.573364747457594,
        "u": 0,
        "d": 16.39466336943257
    },
    "aesmon": {
        "p_n": 2.711754812776647,
        "f_b": -0.5525078813190394,
        "u_d": -16.48556343796794,
        "p": 9.176686309871515,
        "n": 6.464931497094868,
        "f": 7.544554962823671,
        "b": 8.09706284414271,
        "u": 0,
        "d": 16.48556343796794
    },
    "elie222": {
        "p_n": 1.785920825858339,
        "f_b": -0.6141808740010788,
        "u_d": -17.493554207856057,
        "p": 9.22076898813921,
        "n": 7.43484816228087,
        "f": 8.0207181382095,
        "b": 8.634899012210578,
        "u": -17.493554207856057,
        "d": 0
    },
    "JoeyAndres": {
        "p_n": 2.472589862916145,
        "f_b": -0.4921039866695054,
        "u_d": -16.12331445750742,
        "p": 8.916737460529463,
        "n": 6.444147597613318,
        "f": 7.434390535736638,
        "b": 7.926494522406143,
        "u": 0,
        "d": 16.12331445750742
    },
    "benstr": {
        "p_n": 2.156637173398143,
        "f_b": -0.16379863917864057,
        "u_d": -17.881523118033922,
        "p": 9.202413349172641,
        "n": 7.045776175774498,
        "f": 8.04219544288425,
        "b": 8.20599408206289,
        "u": 0,
        "d": 17.881523118033922
    },
    "krishnaff": {
        "p_n": 2.222729358181139,
        "f_b": -0.9245816029749019,
        "u_d": -17.694367602728803,
        "p": 8.816956140686486,
        "n": 6.594226782505347,
        "f": 7.243300660108465,
        "b": 8.167882263083367,
        "u": 0,
        "d": 17.694367602728803
    },
    "dcsan": {
        "p_n": 2.0984672221446754,
        "f_b": -0.9716930421961152,
        "u_d": -17.16608910129653,
        "p": 8.741433321606987,
        "n": 6.642966099462312,
        "f": 7.206353189436593,
        "b": 8.178046231632708,
        "u": 0,
        "d": 17.16608910129653
    },
    "rohanray": {
        "p_n": 1.9900986959028764,
        "f_b": -0.4281160663449306,
        "u_d": -16.46901565343295,
        "p": 9.030511677880993,
        "n": 7.0404129819781165,
        "f": 7.821404296757089,
        "b": 8.24952036310202,
        "u": 0,
        "d": 16.46901565343295
    },
    "linhkurt": {
        "p_n": 2.6335494352311137,
        "f_b": -0.7601819837997272,
        "u_d": -17.466792665807134,
        "p": 9.934569785174078,
        "n": 7.301020349942965,
        "f": 8.237704075658657,
        "b": 8.997886059458384,
        "u": -17.466792665807134,
        "d": 0
    },
    "aaronthorp": {
        "p_n": 2.146179744331671,
        "f_b": -0.4356371415192113,
        "u_d": -16.418915830800216,
        "p": 8.806327814413805,
        "n": 6.660148070082134,
        "f": 7.515419371488364,
        "b": 7.951056513007575,
        "u": 0,
        "d": 16.418915830800216
    },
    "sferoze": {
        "p_n": 1.6228543117292054,
        "f_b": -0.544878002965091,
        "u_d": -17.678405087462412,
        "p": 9.022168793741134,
        "n": 7.3993144820119285,
        "f": 7.938302636393986,
        "b": 8.483180639359077,
        "u": 0,
        "d": 17.678405087462412
    },
    "txs": {
        "p_n": 2.031413758630527,
        "f_b": -0.4536700121489794,
        "u_d": -17.44365526671327,
        "p": 9.18458877319021,
        "n": 7.153175014559683,
        "f": 7.942046887800457,
        "b": 8.395716899949436,
        "u": -17.44365526671327,
        "d": 0
    },
    "verdavaine": {
        "p_n": 2.1114705492447756,
        "f_b": -0.42143885041721774,
        "u_d": -17.444465774769537,
        "p": 9.180982303593524,
        "n": 7.069511754348748,
        "f": 7.914527603762528,
        "b": 8.335966454179745,
        "u": -17.444465774769537,
        "d": 0
    },
    "nicholasalanbrown": {
        "p_n": 1.9531592346294193,
        "f_b": -0.5378736826887529,
        "u_d": -17.495765544373608,
        "p": 8.640200484096766,
        "n": 6.687041249467347,
        "f": 7.39468402543768,
        "b": 7.932557708126433,
        "u": -17.495765544373608,
        "d": 0
    },
    "cosio55": {
        "p_n": 2.230030525271262,
        "f_b": 0.36973667871592397,
        "u_d": -17.802842797010975,
        "p": 8.72778680577791,
        "n": 6.497756280506648,
        "f": 7.797639882500241,
        "b": 7.427903203784317,
        "u": 0,
        "d": 17.802842797010975
    },
    "jon-grangien": {
        "p_n": 1.4540204429638806,
        "f_b": -1.1357101279693183,
        "u_d": -17.467858956567053,
        "p": 8.667466280394425,
        "n": 7.213445837430545,
        "f": 7.372600994927826,
        "b": 8.508311122897144,
        "u": 0,
        "d": 17.467858956567053
    },