{
    "mgechev": {
        "p_n": 1.9265319409410075,
        "f_b": -0.4604279074101072,
        "u_d": -16.826005981383737,
        "p": 9.370254591642725,
        "n": 7.443722650701718,
        "f": 8.176774667467168,
        "b": 8.637202574877275,
        "u": 0,
        "d": 16.826005981383737
    },
    "preslavsh": {
        "p_n": 1.8203323177579485,
        "f_b": -0.13438631910172205,
        "u_d": -16.375494598551796,
        "p": 9.061328256247657,
        "n": 7.240995938489709,
        "f": 8.083968937817822,
        "b": 8.218355256919544,
        "u": 0,
        "d": 16.375494598551796
    },
    "guojenman": {
        "p_n": 1.831927608243685,
        "f_b": -0.6036405477524269,
        "u_d": -16.93439498494495,
        "p": 9.129721345163466,
        "n": 7.297793736919781,
        "f": 7.91193726716541,
        "b": 8.515577814917837,
        "u": 0,
        "d": 16.93439498494495
    },
    "TonyCasey": {
        "p_n": 2.4058168258980395,
        "f_b": -0.2533793454629727,
        "u_d": -17.464575086481254,
        "p": 9.444802625457534,
        "n": 7.038985799559494,
        "f": 8.115204539777029,
        "b": 8.368583885240001,
        "u": -17.464575086481254,
        "d": 0
    },
    "lazarljubenovic": {
        "p_n": 2.081055068079947,
        "f_b": -0.8465198044639575,
        "u_d": -17.298381349062517,
        "p": 9.110863445455976,
        "n": 7.029808377376029,
        "f": 7.647076009184024,
        "b": 8.493595813647982,
        "u": 0,
        "d": 17.298381349062517
    },
    "pgrm": {
        "p_n": 2.022861231473831,
        "f_b": -0.6709213782794707,
        "u_d": -15.149409479953587,
        "p": 9.08796593979348,
        "n": 7.06510470831965,
        "f": 7.7410746349168305,
        "b": 8.411996013196301,
        "u": 0,
        "d": 15.149409479953587
    },
    "michaeljota": {
        "p_n": 2.3875646911846733,
        "f_b": -0.7026394863587253,
        "u_d": -16.938626350115264,
        "p": 9.402451359414464,
        "n": 7.01488666822979,
        "f": 7.857349270642764,
        "b": 8.55998875700149,
        "u": 0,
        "d": 16.938626350115264
    },
    "rafaelss95": {
        "p_n": 2.396495553978175,
        "f_b": -0.4716321017715668,
        "u_d": -17.430705263320295,
        "p": 9.285566608587976,
        "n": 6.889071054609801,
        "f": 7.851502780713105,
        "b": 8.323134882484672,
        "u": 0,
        "d": 17.430705263320295
    },
    "rolandjitsu": {
        "p_n": 2.4049388255062736,
        "f_b": -1.1304422443688011,
        "u_d": -16.501180692096554,
        "p": 9.008472522369177,
        "n": 6.603533696862903,
        "f": 7.240781987431639,
        "b": 8.37122423180044,
        "u": 0,
        "d": 16.501180692096554
    },
    "mohammedzamakhan": {
        "p_n": 1.8777379375302452,
        "f_b": -0.5174976253999599,
        "u_d": -16.087816872523366,
        "p": 9.28515323300406,
        "n": 7.407415295473815,
        "f": 8.087535451538958,
        "b": 8.605033076938918,
        "u": 0,
        "d": 16.087816872523366
    },
    "vikashkumar29": {
        "p_n": 2.956333634517275,
        "f_b": 0.3771079450476762,
        "u_d": -17.181103747364343,
        "p": 9.123817159680907,
        "n": 6.167483525163632,
        "f": 7.834204314946108,
        "b": 7.457096369898432,
        "u": 0,
        "d": 17.181103747364343
    },
    "ghsyeung": {
        "p_n": 2.462755326656829,
        "f_b": -0.4453134978141655,
        "u_d": -17.497745030641376,
        "p": 9.462641457127376,
        "n": 6.999886130470546,
        "f": 8.008607044891878,
        "b": 8.453920542706044,
        "u": -17.497745030641376,
        "d": 0
    },
    "wKoza": {
        "p_n": 1.8853873904848246,
        "f_b": -0.3839343189792608,
        "u_d": -17.46899929296333,
        "p": 9.371445196812232,
        "n": 7.486057806327407,
        "f": 8.236784342080188,
        "b": 8.620718661059449,
        "u": 0,
        "d": 17.46899929296333
    },
    "antonybudianto": {
        "p_n": 2.1822026877942236,
        "f_b": 0.13126698539650405,
        "u_d": -16.529131583971427,
        "p": 8.975251834124887,
        "n": 6.793049146330663,
        "f": 7.949783982926027,
        "b": 7.818516997529523,
        "u": 0,
        "d": 16.529131583971427
    },
    "xtianus79": {
        "p_n": 2.391438892328452,
        "f_b": -0.4719144165285485,
        "u_d": -17.47910476207875,
        "p": 9.449366173510363,
        "n": 7.057927281181911,
        "f": 8.017689519081863,
        "b": 8.489603935610411,
        "u": -17.47910476207875,
        "d": 0
    },
    "leocaseiro": {
        "p_n": 1.7981113410655976,
        "f_b": -0.9764345102730552,
        "u_d": -17.828181683040167,
        "p": 8.776392970980865,
        "n": 6.9782816299152675,
        "f": 7.389120045311538,
        "b": 8.365554555584593,
        "u": 0,
        "d": 17.828181683040167
    },
    "deepu105": {
        "p_n": 2.3823419899097695,
        "f_b": 0.09410874777284661,
        "u_d": -16.501607751212266,
        "p": 8.859008595812321,
        "n": 6.476666605902552,
        "f": 7.7148919747438605,
        "b": 7.620783226971014,
        "u": 0,
        "d": 16.501607751212266
    },
    "ddancziger": {
        "p_n": 2.4043357337204316,
        "f_b": -0.3176482897303785,
        "u_d": -17.90288499796311,
        "p": 9.091078749472182,
        "n": 6.68674301575175,
        "f": 7.7300867377467775,
        "b": 8.047735027477156,
        "u": 0,
        "d": 17.90288499796311
    },
    "rokerkony": {
        "p_n": 1.699045381549837,
        "f_b": -0.6494733894247524,
        "u_d": -17.486580430466702,
        "p": 9.236469379209012,
        "n": 7.537423997659175,
        "f": 8.062209993721718,
        "b": 8.71168338314647,
        "u": -17.486580430466702,
        "d": 0
    },
    "massimilianorango": {
        "p_n": 2.0816428544915135,
        "f_b": -0.3970757729818297,
        "u_d": -13.865354406809182,
        "p": 8.887698820911723,
        "n": 6.806055966420209,
        "f": 7.648339507175051,
        "b": 8.045415280156881,
        "u": 0,
        "d": 13.865354406809182
    },
    "akrueger": {
        "p_n": 1.67903265195255,
        "f_b": -0.7656442671387858,
        "u_d": -17.382795503543715,
        "p": 8.785390107923806,
        "n": 7.106357455971256,
        "f": 7.5630516483781385,
        "b": 8.328695915516924,
        "u": 0,
        "d": 17.382795503543715
    },
    "slimlime": {
        "p_n": 2.635453493670801,
        "f_b": -0.6288552442059103,
        "u_d": -16.163372922478054,
        "p": 8.791031968841033,
        "n": 6.155578475170231,
        "f": 7.158877599902676,
        "b": 7.787732844108587,
        "u": 0,
        "d": 16.163372922478054
    },
    "intellix": {
        "p_n": 2.6358789006784837,
        "f_b": -0.9063601246872057,
        "u_d": -15.694443331428612,
        "p": 8.912170533922966,
        "n": 6.276291633244482,
        "f": 7.141051021240122,
        "b": 8.047411145927327,
        "u": 0,
        "d": 15.694443331428612
    },
    "willgm": {
        "p_n": 2.2313329985330324,
        "f_b": -0.32894229670009434,
        "u_d": -15.350706011383489,
        "p": 8.780984825184373,
        "n": 6.54965182665134,
        "f": 7.50084717756781,
        "b": 7.829789474267904,
        "u": 0,
        "d": 15.350706011383489
    },
    "darkbasic": {
        "p_n": 2.0805394480091515,
        "f_b": 0.23695573952436444,
        "u_d": -16.214034727270533,
        "p": 8.728685408118302,
        "n": 6.648145960109151,
        "f": 7.806893553875908,
        "b": 7.569937814351544,
        "u": 0,
        "d": 16.214034727270533
    },
    "FabienDehopre": {
        "p_n": 1.6866320520364564,
        "f_b": -0.3965654962094245,
        "u_d": -17.422625352043774,
        "p": 8.949075667915057,
        "n": 7.262443615878601,
        "f": 7.907476893792117,
        "b": 8.304042390001541,
        "u": 0,