{
    "mikeash": {
        "p_n": 2.5667936504681315,
        "f_b": -0.19008803977927968,
        "u_d": -17.579973665278207,
        "p": 9.697938280012515,
        "n": 7.131144629544384,
        "f": 8.31949743488881,
        "b": 8.50958547466809,
        "u": 0,
        "d": 17.579973665278207
    },
    "mbrandonw": {
        "p_n": 2.5516207157288147,
        "f_b": -0.44173677300843117,
        "u_d": -15.702555529799877,
        "p": 9.167082384020569,
        "n": 6.615461668291754,
        "f": 7.670403639651946,
        "b": 8.112140412660377,
        "u": 0,
        "d": 15.702555529799877
    },
    "texastoland": {
        "p_n": 2.694563908314354,
        "f_b": -0.5151326541587196,
        "u_d": -16.614616663252463,
        "p": 9.244042671551249,
        "n": 6.549478763236895,
        "f": 7.639194390314712,
        "b": 8.154327044473431,
        "u": 0,
        "d": 16.614616663252463
    }
}