{
    "scanny": {
        "p_n": 2.1303647257431226,
        "f_b": -0.3301195400402417,
        "u_d": -16.852831170574092,
        "p": 9.354686215225335,
        "n": 7.224321489482213,
        "f": 8.124444082333653,
        "b": 8.454563622373895,
        "u": 0,
        "d": 16.852831170574092
    },
    "rskis": {
        "p_n": 2.4428522611854575,
        "f_b": -0.3240628878620626,
        "u_d": -17.491298475621235,
        "p": 9.46555417064327,
        "n": 7.022701909457812,
        "f": 8.08209659611951,
        "b": 8.406159483981572,
        "u": -17.491298475621235,
        "d": 0
    }
}