{
    "minikomi": {
        "p_n": 1.9234188273074748,
        "f_b": -0.5322071479473109,
        "u_d": -17.795576550561314,
        "p": 9.323340344427038,
        "n": 7.399921517119563,
        "f": 8.095527356799645,
        "b": 8.627734504746956,
        "u": 0,
        "d": 17.795576550561314
    },
    "craighooghiem": {
        "p_n": 2.210616187993704,
        "f_b": -0.6536983560452008,
        "u_d": -16.36516517957575,
        "p": 9.215744414891212,
        "n": 7.005128226897508,
        "f": 7.78358714287176,
        "b": 8.43728549891696,
        "u": 0,
        "d": 16.36516517957575
    },
    "truks": {
        "p_n": 1.8664173174167331,
        "f_b": -0.6161111148912823,
        "u_d": -17.6640304218384,
        "p": 9.113494688895496,
        "n": 7.247077371478763,
        "f": 7.872230472741489,
        "b": 8.488341587632771,
        "u": 0,
        "d": 17.6640304218384
    },
    "qfard": {
        "p_n": 1.882108739123944,
        "f_b": 0.32825523015744196,
        "u_d": -17.474732372381013,
        "p": 9.675484569425691,
        "n": 7.7933758303017475,
        "f": 8.89855781494244,
        "b": 8.570302584784997,
        "u": -17.474732372381013,
        "d": 0
    },
    "mazen79": {
        "p_n": 1.7254515089821467,
        "f_b": -1.0300498891376364,
        "u_d": -17.440646749577283,
        "p": 8.958826562621706,
        "n": 7.233375053639559,
        "f": 7.581075863561814,
        "b": 8.61112575269945,
        "u": -17.440646749577283,
        "d": 0
    }
}