{
    "mishoo": {
        "p_n": 2.295104862078947,
        "f_b": -0.6824567026001667,
        "u_d": -16.31985553222845,
        "p": 9.298040623184281,
        "n": 7.002935761105334,
        "f": 7.8092598408447245,
        "b": 8.491716543444891,
        "u": 0,
        "d": 16.31985553222845
    },
    "rvanvelzen": {
        "p_n": 2.3564582165426753,
        "f_b": -0.6993537337036901,
        "u_d": -17.883339844817606,
        "p": 9.343241814628298,
        "n": 6.986783598085623,
        "f": 7.815335839505115,
        "b": 8.514689573208805,
        "u": 0,
        "d": 17.883339844817606
    },
    "ForbesLindesay": {
        "p_n": 2.0414681336330114,
        "f_b": -0.7794529102342285,
        "u_d": -16.83366915318084,
        "p": 9.087651872993934,
        "n": 7.046183739360923,
        "f": 7.677191351060314,
        "b": 8.456644261294542,
        "u": 0,
        "d": 16.83366915318084
    },
    "michaelficarra": {
        "p_n": 2.4281133386002924,
        "f_b": -0.6873089048217524,
        "u_d": -16.430905726263212,
        "p": 9.182535338236297,
        "n": 6.754421999636005,
        "f": 7.624824216525275,
        "b": 8.312133121347028,
        "u": 0,
        "d": 16.430905726263212
    },
    "tJener": {
        "p_n": 3.1078330166519255,
        "f_b": -0.05451397486234022,
        "u_d": -17.430016590253288,
        "p": 9.084159102917909,
        "n": 5.976326086265983,
        "f": 7.502985607160776,
        "b": 7.557499582023116,
        "u": 0,
        "d": 17.430016590253288
    },
    "akumpf": {
        "p_n": 2.1086326043723655,
        "f_b": -0.6867678253343179,
        "u_d": -15.735183933266999,
        "p": 9.079417407168211,
        "n": 6.970784802795846,
        "f": 7.681717192314871,
        "b": 8.368485017649189,
        "u": 0,
        "d": 15.735183933266999
    },
    "bdkjones": {
        "p_n": 1.46149458303932,
        "f_b": -1.0225102256681335,
        "u_d": -17.320333769441167,
        "p": 9.26849764776117,
        "n": 7.807003064721849,
        "f": 8.026495243407442,
        "b": 9.049005469075576,
        "u": 0,
        "d": 17.320333769441167
    },
    "lehni": {
        "p_n": 1.8921436103133242,
        "f_b": -0.6185418754720118,
        "u_d": -15.74088157921639,
        "p": 9.09508619166995,
        "n": 7.202942581356625,
        "f": 7.839743448777281,
        "b": 8.458285324249292,
        "u": 0,
        "d": 15.74088157921639
    },
    "mlarcher": {
        "p_n": 2.6293816143531235,
        "f_b": -0.4990645767250417,
        "u_d": -16.826562422960865,
        "p": 9.189273405315452,
        "n": 6.559891790962329,
        "f": 7.62505030977637,
        "b": 8.124114886501411,
        "u": 0,
        "d": 16.826562422960865
    },
    "arnaudlimbourg": {
        "p_n": 2.9929296542369936,
        "f_b": 0.4595425131172792,
        "u_d": -16.76215551958398,
        "p": 8.973698779285156,
        "n": 5.9807691250481625,
        "f": 7.707005208725299,
        "b": 7.24746269560802,
        "u": 0,
        "d": 16.76215551958398
    },
    "ghost": {
        "p_n": 2.186761433630643,
        "f_b": -0.7042707750982906,
        "u_d": -16.738332418235508,
        "p": 9.527266052812568,
        "n": 7.3405046191819245,
        "f": 8.0817499484481,
        "b": 8.786020723546391,
        "u": 0,
        "d": 16.738332418235508
    },
    "Skalman": {
        "p_n": 2.3939383558236873,
        "f_b": -0.9113230204119276,
        "u_d": -16.407868969656526,
        "p": 9.44426642323819,
        "n": 7.050328067414503,
        "f": 7.7916357351203835,
        "b": 8.702958755532311,
        "u": 0,
        "d": 16.407868969656526
    },
    "fidian": {
        "p_n": 2.846200261477721,
        "f_b": -0.8533810310321801,
        "u_d": -15.025677923769777,
        "p": 9.15373081104772,
        "n": 6.307530549569998,
        "f": 7.303940164792769,
        "b": 8.157321195824949,
        "u": 0,
        "d": 15.025677923769777
    },
    "ernelli": {
        "p_n": 2.0881148682241992,
        "f_b": -0.25330991450297535,
        "u_d": -17.495278397350766,
        "p": 9.017111486342708,
        "n": 6.928996618118509,
        "f": 7.8463990949791205,
        "b": 8.099709009482096,
        "u": -17.495278397350766,
        "d": 0
    },
    "mgol": {
        "p_n": 2.6666999019180686,
        "f_b": -0.46032040211492564,
        "u_d": -15.877735278297436,
        "p": 9.496576807010786,
        "n": 6.829876905092718,
        "f": 7.933066654994288,
        "b": 8.393387057109214,
        "u": 0,
        "d": 15.877735278297436
    },
    "SLaks": {
        "p_n": 2.4592624724617558,
        "f_b": -1.2551656978111065,
        "u_d": -15.719834943074229,
        "p": 9.03779890371381,
        "n": 6.578536431252054,
        "f": 7.180584818577378,
        "b": 8.435750516388484,
        "u": 0,
        "d": 15.719834943074229
    },
    "RefinedSoftwareLLC": {
        "p_n": 2.255472962804209,
        "f_b": -0.6579576243412539,
        "u_d": -16.028868464038833,
        "p": 8.832250505268888,
        "n": 6.576777542464679,
        "f": 7.375535211696157,
        "b": 8.03349283603741,
        "u": 0,
        "d": 16.028868464038833
    },
    "timmutton": {
        "p_n": 2.274964806244732,
        "f_b": -0.5225964678262969,
        "u_d": -17.54646431361752,
        "p": 9.41943092514824,
        "n": 7.144466118903509,
        "f": 8.020650288112726,
        "b": 8.543246755939023,
        "u": 0,
        "d": 17.54646431361752
    },
    "bcherny": {
        "p_n": 2.447229161642289,
        "f_b": -0.9233738803206659,
        "u_d": -16.875608043769112,
        "p": 9.169014814780018,
        "n": 6.721785653137729,
        "f": 7.483713293798541,
        "b": 8.407087174119207,
        "u": 0,
        "d": 16.875608043769112
    },
    "kzc": {
        "p_n": 2.1149337839880786,
        "f_b": -0.897970558539452,
        "u_d": -17.490419580440705,
        "p": 9.259183780935757,
        "n": 7.1442499969476785,
        "f": 7.752731609671992,
        "b": 8.650702168211444,
        "u": -17.490419580440705,
        "d": 0
    },
    "avdg": {
        "p_n": 2.063071275910681,
        "f_b": -0.04819174895172651,
        "u_d": -15.935283245713581,
        "p": 9.593609228494481,
        "n": 7.5305379525838,
        "f": 8.537977716063278,
        "b": 8.586169465015004,
        "u": 0,
        "d": 15.935283245713581
    }
}