{
    "davisking": {
        "p_n": 1.818324430856653,
        "f_b": -0.7238484582545599,
        "u_d": -17.735310404641012,
        "p": 9.213590756507127,
        "n": 7.395266325650474,
        "f": 7.94250431195152,
        "b": 8.66635277020608,
        "u": 0,
        "d": 17.735310404641012
    },
    "arjunmajum": {
        "p_n": 1.57001098422164,
        "f_b": -0.7788073285934143,
        "u_d": -17.44206881603267,
        "p": 9.3812908973178,
        "n": 7.81127991309616,
        "f": 8.206881740910273,
        "b": 8.985689069503687,
        "u": -17.44206881603267,
        "d": 0
    },
    "AWNystrom": {
        "p_n": 1.5551269454608017,
        "f_b": -0.43113663877164576,
        "u_d": -17.396513560548183,
        "p": 9.466639955195653,
        "n": 7.911513009734851,
        "f": 8.47350816307943,
        "b": 8.904644801851076,
        "u": -17.396513560548183,
        "d": 0
    },
    "KanwalSingh": {
        "p_n": 1.4447181746589965,
        "f_b": -0.5269283059379877,
        "u_d": -17.442198179388175,
        "p": 9.14994619596468,
        "n": 7.705228021305684,
        "f": 8.164122955666189,
        "b": 8.691051261604176,
        "u": -17.442198179388175,
        "d": 0
    },
    "manalgandhi": {
        "p_n": 1.024542211458627,
        "f_b": -0.3069856172953571,
        "u_d": -16.11474113679097,
        "p": 8.74467100170872,
        "n": 7.720128790250094,
        "f": 8.078907087331729,
        "b": 8.385892704627086,
        "u": 0,
        "d": 16.11474113679097
    },
    "jinyichao": {
        "p_n": 2.201366865950476,
        "f_b": -0.19420718306223428,
        "u_d": -17.49827088256402,
        "p": 9.778818914007733,
        "n": 7.577452048057257,
        "f": 8.581031889501379,
        "b": 8.775239072563613,
        "u": -17.49827088256402,
        "d": 0
    },
    "dbl001": {
        "p_n": 2.6783690767935475,
        "f_b": 0.23171164199280625,
        "u_d": -16.166624863069064,
        "p": 8.92311974968165,
        "n": 6.244750672888102,
        "f": 7.699791032281279,
        "b": 7.468079390288473,
        "u": 0,
        "d": 16.166624863069064
    },
    "wihoho": {
        "p_n": 1.5297619295497542,
        "f_b": -0.16735998490272763,
        "u_d": -17.489774035523634,
        "p": 9.102953523612062,
        "n": 7.573191594062307,
        "f": 8.254392566385821,
        "b": 8.421752551288549,
        "u": -17.489774035523634,
        "d": 0
    },
    "lopuhin": {
        "p_n": 2.5310520896611344,
        "f_b": 0.014947269253807072,
        "u_d": -17.247943076947422,
        "p": 9.082226636666748,
        "n": 6.551174547005614,
        "f": 7.824174226463084,
        "b": 7.809226957209277,
        "u": 0,
        "d": 17.247943076947422
    },
    "jaksmid": {
        "p_n": 2.2954290890275892,
        "f_b": -0.6421473459585183,
        "u_d": -17.166457552768847,
        "p": 9.005777249344519,
        "n": 6.710348160316929,
        "f": 7.536989031851464,
        "b": 8.179136377809982,
        "u": 0,
        "d": 17.166457552768847
    },
    "amn41": {
        "p_n": 2.0963228644209106,
        "f_b": -0.49537234929218243,
        "u_d": -17.916301555132353,
        "p": 8.970510849036945,
        "n": 6.874187984616034,
        "f": 7.674663242180399,
        "b": 8.170035591472582,
        "u": 0,
        "d": 17.916301555132353
    },
    "abubakarsohail": {
        "p_n": 1.553348034484073,
        "f_b": -0.4444888219575498,
        "u_d": -15.43501406092918,
        "p": 8.485574273545753,
        "n": 6.93222623906168,
        "f": 7.486655845324941,
        "b": 7.931144667282491,
        "u": 0,
        "d": 15.43501406092918
    },
    "cmllmrnn": {
        "p_n": 1.5004053902642775,
        "f_b": -0.7485313405676521,
        "u_d": -14.06866480413157,
        "p": 8.800700117218362,
        "n": 7.3002947269540845,
        "f": 7.676231751802398,
        "b": 8.42476309237005,
        "u": 0,
        "d": 14.06866480413157
    },
    "cbonadio": {
        "p_n": 2.0340318973707285,
        "f_b": 0.7104164490544882,
        "u_d": -17.68896277098463,
        "p": 9.371709240399532,
        "n": 7.337677343028804,
        "f": 8.709901516241413,
        "b": 7.999485067186924,
        "u": 0,
        "d": 17.68896277098463
    },
    "leandroneves": {
        "p_n": 2.7228875543733864,
        "f_b": 0.2442158942587147,
        "u_d": -17.49361985298108,
        "p": 9.221165157534866,
        "n": 6.49827760316148,
        "f": 7.981829327477531,
        "b": 7.737613433218816,
        "u": -17.49361985298108,
        "d": 0
    },
    "AdamMiltonBarker": {
        "p_n": 1.963584871594752,
        "f_b": -0.8626109326119806,
        "u_d": -17.482084088183097,
        "p": 9.304133269005439,
        "n": 7.340548397410687,
        "f": 7.891035366902072,
        "b": 8.753646299514052,
        "u": -17.482084088183097,
        "d": 0
    },
    "ankitarath2011": {
        "p_n": 2.0865641701275974,
        "f_b": -1.1397268737742587,
        "u_d": -16.27046631334094,
        "p": 8.799473328614493,
        "n": 6.712909158486895,
        "f": 7.186327806663566,
        "b": 8.326054680437824,
        "u": 0,
        "d": 16.27046631334094
    },
    "munaAchyuta": {
        "p_n": 1.5856725448040931,
        "f_b": 0.49154900924388834,
        "u_d": -17.644499024593784,
        "p": 9.011396717727624,
        "n": 7.425724172923531,
        "f": 8.464334949947522,
        "b": 7.972785940703634,
        "u": 0,
        "d": 17.644499024593784
    }
}