{
    "mlaursen": {
        "p_n": 2.1785348564842675,
        "f_b": -0.6196246798508973,
        "u_d": -16.455573709777237,
        "p": 9.195928548400495,
        "n": 7.017393691916228,
        "f": 7.796848780232914,
        "b": 8.416473460083811,
        "u": 0,
        "d": 16.455573709777237
    },
    "carlosforero": {
        "p_n": 1.593555169050651,
        "f_b": -1.1372548025406033,
        "u_d": -17.838970284611754,
        "p": 9.05270241718845,
        "n": 7.459147248137798,
        "f": 7.687297431392823,
        "b": 8.824552233933426,
        "u": 0,
        "d": 17.838970284611754
    },
    "frol": {
        "p_n": 1.9047934169090919,
        "f_b": -0.7396534836567081,
        "u_d": -17.67360381477679,
        "p": 9.263495125432968,
        "n": 7.358701708523876,
        "f": 7.941271675150068,
        "b": 8.680925158806776,
        "u": 0,
        "d": 17.67360381477679
    },
    "maxcan": {
        "p_n": 2.3361052655759202,
        "f_b": -0.47397068369146744,
        "u_d": -17.498113899303583,
        "p": 9.182408614996714,
        "n": 6.846303349420793,
        "f": 7.777370640363019,
        "b": 8.251341324054486,
        "u": -17.498113899303583,
        "d": 0
    },
    "nbolten": {
        "p_n": 1.770841911323191,
        "f_b": -1.1397584452020446,
        "u_d": -17.87850129659929,
        "p": 9.073813366566807,
        "n": 7.302971455243616,
        "f": 7.618513188304188,
        "b": 8.758271633506233,
        "u": 0,
        "d": 17.87850129659929
    },
    "fkhadra": {
        "p_n": 2.165126723583416,
        "f_b": 0.38312094124383655,
        "u_d": -17.422516376198566,
        "p": 9.243017673523582,
        "n": 7.077890949940166,
        "f": 8.352014782353791,
        "b": 7.968893841109955,
        "u": -17.422516376198566,
        "d": 0
    },
    "phlare": {
        "p_n": 2.9893339719145553,
        "f_b": 0.6162590318826933,
        "u_d": -17.48490758522446,
        "p": 9.872513359679091,
        "n": 6.883179387764536,
        "f": 8.68597588966316,
        "b": 8.069716857780467,
        "u": -17.48490758522446,
        "d": 0
    },
    "MrXyfir": {
        "p_n": 3.079042945074665,
        "f_b": -0.5007381717218458,
        "u_d": -16.613500406640966,
        "p": 9.437265628412236,
        "n": 6.358222683337571,
        "f": 7.647375070013981,
        "b": 8.148113241735826,
        "u": 0,
        "d": 16.613500406640966
    },
    "stickfigure": {
        "p_n": 2.176559165536468,
        "f_b": -0.382577850161697,
        "u_d": -17.220849600909652,
        "p": 9.111048311971551,
        "n": 6.934489146435083,
        "f": 7.831479804122468,
        "b": 8.214057654284165,
        "u": 0,
        "d": 17.220849600909652
    },
    "hisapy": {
        "p_n": 2.200479081889755,
        "f_b": -0.6638240781514897,
        "u_d": -16.678253533596063,
        "p": 9.094003450026833,
        "n": 6.8935243681370775,
        "f": 7.661851870006211,
        "b": 8.3256759481577,
        "u": 0,
        "d": 16.678253533596063
    },
    "dgollub": {
        "p_n": 2.3564267531607914,
        "f_b": -0.8040178708024328,
        "u_d": -17.477732883327825,
        "p": 9.199386458040127,
        "n": 6.842959704879336,
        "f": 7.619164146058514,
        "b": 8.423182016860947,
        "u": -17.477732883327825,
        "d": 0
    },
    "chase": {
        "p_n": 3.28071488708067,
        "f_b": -0.006724661550654432,
        "u_d": -17.469207666993448,
        "p": 9.13401128979195,
        "n": 5.85329640271128,
        "f": 7.490291515476288,
        "b": 7.497016177026943,
        "u": -17.469207666993448,
        "d": 0
    },
    "williegroovy": {
        "p_n": 2.1874325600839306,
        "f_b": -0.6193798262945158,
        "u_d": -17.47945527937308,
        "p": 9.16818682510498,
        "n": 6.98075426502105,
        "f": 7.764780631915757,
        "b": 8.384160458210273,
        "u": -17.47945527937308,
        "d": 0
    },
    "Ardhimas": {
        "p_n": 1.924757428849361,
        "f_b": -0.29625462629158505,
        "u_d": -15.983083279209001,
        "p": 9.067792325926437,
        "n": 7.143034897077076,
        "f": 7.957286298355964,
        "b": 8.253540924647549,
        "u": 0,
        "d": 15.983083279209001
    },
    "ostrebler": {
        "p_n": 1.9701459508118315,
        "f_b": -0.6572185260235077,
        "u_d": -17.483303922198235,
        "p": 9.1101376566379,
        "n": 7.139991705826068,
        "f": 7.79645541822023,
        "b": 8.453673944243738,
        "u": -17.483303922198235,
        "d": 0
    },
    "MikeLimeRocket": {
        "p_n": 2.4656109288263526,
        "f_b": -0.3436205287549434,
        "u_d": -17.447927613756082,
        "p": 9.453591437503619,
        "n": 6.987980508677266,
        "f": 8.04897570871297,
        "b": 8.392596237467913,
        "u": -17.447927613756082,
        "d": 0
    },
    "Kaishiyoku": {
        "p_n": 1.9726162581307305,
        "f_b": -0.7882227604227499,
        "u_d": -17.97261444998176,
        "p": 9.506878732236837,
        "n": 7.534262474106106,
        "f": 8.126459222960097,
        "b": 8.914681983382847,
        "u": 0,
        "d": 17.97261444998176
    },
    "jojo-tutor": {
        "p_n": 2.8118043445277685,
        "f_b": -0.1740142021768465,
        "u_d": -17.447379636733412,
        "p": 9.276224834138038,
        "n": 6.464420489610269,
        "f": 7.783315560785731,
        "b": 7.957329762962577,
        "u": -17.447379636733412,
        "d": 0
    }
}