{
    "clelland": {
        "p_n": 1.6463602041852576,
        "f_b": -1.0617755394929036,
        "u_d": -15.780270007029852,
        "p": 9.07009609630207,
        "n": 7.423735892116812,
        "f": 7.716028224462989,
        "b": 8.777803763955893,
        "u": 0,
        "d": 15.780270007029852
    },
    "agrieve": {
        "p_n": 1.623572165592135,
        "f_b": -0.8235178341805032,
        "u_d": -16.84513698165599,
        "p": 8.902601474145992,
        "n": 7.2790293085538575,
        "f": 7.679056474259674,
        "b": 8.502574308440177,
        "u": 0,
        "d": 16.84513698165599
    },
    "mmocny": {
        "p_n": 1.489028532570396,
        "f_b": -0.6712448734629577,
        "u_d": -16.913593267332686,
        "p": 9.047411410558453,
        "n": 7.558382877988057,
        "f": 7.967274707541777,
        "b": 8.638519581004735,
        "u": 0,
        "d": 16.913593267332686
    },
    "dj2": {
        "p_n": 1.8895107795525714,
        "f_b": -0.7492020566385289,
        "u_d": -17.46323546304553,
        "p": 9.09996586722977,
        "n": 7.2104550876771984,
        "f": 7.78060944913422,
        "b": 8.529811505772749,
        "u": -17.46323546304553,
        "d": 0
    },
    "brettcannon": {
        "p_n": 1.5293205443747597,
        "f_b": -0.6980150706667381,
        "u_d": -16.90981333721397,
        "p": 9.314604144714739,
        "n": 7.785283600339979,
        "f": 8.20093633719399,
        "b": 8.898951407860729,
        "u": 0,
        "d": 16.90981333721397
    },
    "kzahel": {
        "p_n": 2.12298066914743,
        "f_b": -0.5647998877782952,
        "u_d": -16.923647880187964,
        "p": 8.970281790828082,
        "n": 6.847301121680652,
        "f": 7.6263915123652195,
        "b": 8.191191400143515,
        "u": 0,
        "d": 16.923647880187964
    },
    "felquis": {
        "p_n": 2.306550813660757,
        "f_b": -0.06687457359663718,
        "u_d": -17.57022478439688,
        "p": 8.996915428950167,
        "n": 6.69036461528941,
        "f": 7.81020273532147,
        "b": 7.877077308918107,
        "u": 0,
        "d": 17.57022478439688
    },
    "mwoghiren": {
        "p_n": 1.5838154105603026,
        "f_b": -0.6986050734859628,
        "u_d": -17.691749484821095,
        "p": 9.190488473524201,
        "n": 7.606673062963899,
        "f": 8.049278231501068,
        "b": 8.747883304987031,
        "u": 0,
        "d": 17.691749484821095
    },
    "shepheb": {
        "p_n": 1.716777030058691,
        "f_b": -1.2824794536637771,
        "u_d": -16.895111021448834,
        "p": 8.815250398655895,
        "n": 7.098473368597204,
        "f": 7.31562215679466,
        "b": 8.598101610458437,
        "u": 0,
        "d": 16.895111021448834
    },
    "drkemp": {
        "p_n": 1.702184531504332,
        "f_b": -0.7105079113450499,
        "u_d": -17.734378077305895,
        "p": 8.950840282823753,
        "n": 7.248655751319421,
        "f": 7.744494061399062,
        "b": 8.455001972744112,
        "u": 0,
        "d": 17.734378077305895
    },
    "kamrik": {
        "p_n": 1.5218557345016936,
        "f_b": -0.8072902058034348,
        "u_d": -15.1417824039269,
        "p": 8.968056132144557,
        "n": 7.446200397642864,
        "f": 7.803483161991993,
        "b": 8.610773367795428,
        "u": 0,
        "d": 15.1417824039269
    },
    "learningjs": {
        "p_n": 2.003827161909662,
        "f_b": -1.4054496387814064,
        "u_d": -17.201295329762992,
        "p": 9.130424531360285,
        "n": 7.126597369450623,
        "f": 7.425786131014751,
        "b": 8.831235769796157,
        "u": 0,
        "d": 17.201295329762992
    },
    "adam-singer": {
        "p_n": 2.084479300026274,
        "f_b": -0.43774175679864946,
        "u_d": -17.39470831491557,
        "p": 9.146223964100669,
        "n": 7.061744664074395,
        "f": 7.885113435688206,
        "b": 8.322855192486855,
        "u": 0,
        "d": 17.39470831491557
    },
    "cesine": {
        "p_n": 2.1593939269189653,
        "f_b": -0.669597512154386,
        "u_d": -14.638636354358649,
        "p": 9.102322430054306,
        "n": 6.942928503135341,
        "f": 7.68782671051763,
        "b": 8.357424222672016,
        "u": 0,
        "d": 14.638636354358649
    },
    "ghchinoy": {
        "p_n": 1.2688576511039713,
        "f_b": -0.62152147107098,
        "u_d": -14.582681085974956,
        "p": 8.560376393607314,
        "n": 7.291518742503342,
        "f": 7.615186832519838,
        "b": 8.236708303590818,
        "u": 0,
        "d": 14.582681085974956
    },
    "beaufortfrancois": {
        "p_n": 1.5754626431285779,
        "f_b": -0.4581516814827644,
        "u_d": -16.504644451864266,
        "p": 9.10108473658821,
        "n": 7.525622093459631,
        "f": 8.084277574282538,
        "b": 8.542429255765303,
        "u": 0,
        "d": 16.504644451864266
    },
    "tanx": {
        "p_n": 1.4292510552820223,
        "f_b": -0.8865904348154272,
        "u_d": -16.255241308250202,
        "p": 8.744447315597805,
        "n": 7.3151962603157825,
        "f": 7.58652657054908,
        "b": 8.473117005364507,
        "u": 0,
        "d": 16.255241308250202
    },
    "Haemp": {
        "p_n": 1.8718989330054114,
        "f_b": -0.8437043906913164,
        "u_d": -16.96876805651014,
        "p": 9.045202450961742,
        "n": 7.173303517956331,
        "f": 7.687400789113379,
        "b": 8.531105179804696,
        "u": 0,
        "d": 16.96876805651014
    },
    "FreakTheMighty": {
        "p_n": 2.001148471823365,
        "f_b": -0.7987486447279126,
        "u_d": -16.62646004949396,
        "p": 8.582104686494207,
        "n": 6.580956214670842,
        "f": 7.182156128218567,
        "b": 7.98090477294648,
        "u": 0,
        "d": 16.62646004949396
    },
    "Ledda": {
        "p_n": 1.4654475503067133,
        "f_b": -0.8048264290608431,
        "u_d": -15.859212795356095,
        "p": 8.380457094367252,
        "n": 6.915009544060538,
        "f": 7.245320104683473,
        "b": 8.050146533744316,
        "u": 0,
        "d": 15.859212795356095
    },
    "wernight": {
        "p_n": 1.957918846943162,
        "f_b": -0.6921552345850595,
        "u_d": -14.731457398685512,
        "p": 8.709621366153264,
        "n": 6.751702519210102,
        "f": 7.384584325389153,
        "b": 8.076739559974213,
        "u": 0,
        "d": 14.731457398685512
    },
    "8enmann": {
        "p_n": 2.0475814780309927,
        "f_b": -0.7964686540156087,
        "u_d": -16.180994021348248,
        "p": 8.979616780849666,
        "n": 6.932035302818673,
        "f": 7.557591714826366,
        "b": 8.354060368841974,
        "u": 0,
        "d": 16.180994021348248
    },
    "hatboysam": {
        "p_n": 1.916274981732177,
        "f_b": -1.3263586268975747,
        "u_d": -15.67494920204889,
        "p": 8.744132850968835,
        "n": 6.8278578692366585,
        "f": 7.122816046653959,
        "b": 8.449174673551534,
        "u": 0,
        "d": 15.67494920204889
    },
    "dance-cmdr": {
        "p_n": 1.852351184030292,
        "f_b": -0.6039625876090238,
        "u_d": -15.577348387948463,
        "p": 9.084972943429172,
        "n": 7.23262175939888,
        "f": 7.856816057609514,
        "b": 8.460778645218538,
        "u": 0,
        "d": 15.577348387948463
    },
    "gauntface": {
        "p_n": 1.685397233756845,
        "f_b": -1.33654771806314,
        "u_d": -17.800171547395486,
        "p": 9.064405224840366,
        "n": 7.379007991083521,
        "f": 7.553432748930374,
        "b": 8.889980466993514,
        "u": 0,
        "d": 17.800171547395486
    },
    "StephenFluin": {
        "p_n": 1.8227460412558685,
        "f_b": -0.4952515304915899,
        "u_d": -17.391314666784883,
        "p": 8.935923736615658,
        "n": 7.11317769535979,
        "f": 7.776924950741929,
        "b": 8.272176481233519,
        "u": 0,
        "d": 17.391314666784883
    },