{
    "MojoJolo": {
        "p_n": 2.10390797930849,
        "f_b": -0.2747193774889194,
        "u_d": -17.71867246365718,
        "p": 9.635000056265476,
        "n": 7.531092076956986,
        "f": 8.445686377866771,
        "b": 8.72040575535569,
        "u": 0,
        "d": 17.71867246365718
    }
}