{
    "rmcardle": {
        "p_n": 2.0509102128550936,
        "f_b": 0.06450946842572236,
        "u_d": -17.493688179996465,
        "p": 9.442395034235693,
        "n": 7.391484821380599,
        "f": 8.449194662021007,
        "b": 8.384685193595285,
        "u": -17.493688179996465,
        "d": 0
    },
    "crusader9": {
        "p_n": 2.4803890895737535,
        "f_b": 0.5103218861481853,
        "u_d": -17.495454593636847,
        "p": 9.257733777667026,
        "n": 6.777344688093272,
        "f": 8.272700175954242,
        "b": 7.7623782898060565,
        "u": -17.495454593636847,
        "d": 0
    },
    "ghost": {
        "p_n": 1.9799369446751696,
        "f_b": -0.328956055502152,
        "u_d": -17.49634725730423,
        "p": 9.19216758880279,
        "n": 7.21223064412762,
        "f": 8.037721088714129,
        "b": 8.36667714421628,
        "u": -17.49634725730423,
        "d": 0
    },
    "sirrus": {
        "p_n": 1.9237067925406226,
        "f_b": -0.5155334465607408,
        "u_d": -16.108679038224473,
        "p": 8.852518545475139,
        "n": 6.928811752934516,
        "f": 7.6328984259244566,
        "b": 8.148431872485197,
        "u": 0,
        "d": 16.108679038224473
    },
    "nmat": {
        "p_n": 2.1221087580476112,
        "f_b": -0.24146140953176953,
        "u_d": -17.000937396744725,
        "p": 9.376744889169492,
        "n": 7.254636131121881,
        "f": 8.194959805379803,
        "b": 8.436421214911572,
        "u": 0,
        "d": 17.000937396744725
    },
    "Silent-Joker": {
        "p_n": 1.5596621564584705,
        "f_b": -0.23583852185945453,
        "u_d": -15.382977703277238,
        "p": 9.37909378491457,
        "n": 7.819431628456099,
        "f": 8.481343445755607,
        "b": 8.717181967615062,
        "u": 0,
        "d": 15.382977703277238
    },
    "reggie-regg": {
        "p_n": 2.1263626548213335,
        "f_b": -0.47311103062944504,
        "u_d": -17.499014030528528,
        "p": 9.040451319780214,
        "n": 6.91408866495888,
        "f": 7.740714477054825,
        "b": 8.21382550768427,
        "u": -17.499014030528528,
        "d": 0
    },
    "kmscode": {
        "p_n": 1.8484459919868792,
        "f_b": -0.5634887695092496,
        "u_d": -17.170784921044298,
        "p": 9.039079870563324,
        "n": 7.1906338785764445,
        "f": 7.833112489815259,
        "b": 8.396601259324509,
        "u": 0,
        "d": 17.170784921044298
    },
    "sparerd": {
        "p_n": 1.8539694916054277,
        "f_b": -0.5391103578236276,
        "u_d": -16.81419607328997,
        "p": 9.15241255097855,
        "n": 7.298443059373122,
        "f": 7.955872626264021,
        "b": 8.494982984087649,
        "u": 0,
        "d": 16.81419607328997
    },
    "benwa": {
        "p_n": 1.966108035862204,
        "f_b": -0.5243851936367179,
        "u_d": -17.043329166238543,
        "p": 9.260875197096365,
        "n": 7.2947671612341605,
        "f": 8.015628582346903,
        "b": 8.54001377598362,
        "u": 0,
        "d": 17.043329166238543
    },
    "jotatsu": {
        "p_n": 1.9628601305248345,
        "f_b": -0.596883272862847,
        "u_d": -16.67068030661745,
        "p": 8.681784621584091,
        "n": 6.718924491059257,
        "f": 7.4019129198902505,
        "b": 7.9987961927530975,
        "u": 0,
        "d": 16.67068030661745
    },
    "jcefoli": {
        "p_n": 2.0727907104457657,
        "f_b": -0.8310339916772982,
        "u_d": -16.556478693656565,
        "p": 9.142805947531425,
        "n": 7.070015237085659,
        "f": 7.690893596469893,
        "b": 8.521927588147191,
        "u": 0,
        "d": 16.556478693656565
    },
    "igor2x": {
        "p_n": 2.122280780701029,
        "f_b": -0.8030456671257609,
        "u_d": -17.27970734156,
        "p": 9.007785208722074,
        "n": 6.885504428021045,
        "f": 7.54512198480868,
        "b": 8.34816765193444,
        "u": 0,
        "d": 17.27970734156
    },
    "pedro2555": {
        "p_n": 2.0564307966607895,
        "f_b": -0.47414987903881034,
        "u_d": -17.128145490656753,
        "p": 9.264829123235465,
        "n": 7.208398326574676,
        "f": 7.999538785385665,
        "b": 8.473688664424476,
        "u": 0,
        "d": 17.128145490656753
    },
    "mjmooney": {
        "p_n": 2.411307601577356,
        "f_b": -0.21339071249434838,
        "u_d": -17.483132794093656,
        "p": 9.419865519977543,
        "n": 7.008557918400188,
        "f": 8.107516362941691,
        "b": 8.32090707543604,
        "u": -17.483132794093656,
        "d": 0
    },
    "Kvarkas": {
        "p_n": 1.9052814865051015,
        "f_b": 0.2321607200189746,
        "u_d": -17.493209846829366,
        "p": 9.637107378976857,
        "n": 7.731825892471756,
        "f": 8.800546995733793,
        "b": 8.568386275714818,
        "u": -17.493209846829366,
        "d": 0
    },
    "bluikko": {
        "p_n": 2.392569227963035,
        "f_b": -0.46751297660193103,
        "u_d": -17.909332529992376,
        "p": 9.333176732703247,
        "n": 6.940607504740212,
        "f": 7.903135630420765,
        "b": 8.370648607022696,
        "u": 0,
        "d": 17.909332529992376
    },
    "Benchwork": {
        "p_n": 1.7725653711573823,
        "f_b": -0.28151147596581794,
        "u_d": -17.47910146257021,
        "p": 9.408877771344732,
        "n": 7.63631240018735,
        "f": 8.381839347783131,
        "b": 8.66335082374895,
        "u": -17.47910146257021,
        "d": 0
    },
    "sutty550e": {
        "p_n": 2.2466264871244146,
        "f_b": -0.44918984416173124,
        "u_d": -15.440767222640886,
        "p": 9.095971817877953,
        "n": 6.849345330753538,
        "f": 7.74806365223488,
        "b": 8.19725349639661,
        "u": 0,
        "d": 15.440767222640886
    },
    "countchappy": {
        "p_n": 2.0833658349891255,
        "f_b": 0.20059504163011077,
        "u_d": -16.95667476362896,
        "p": 9.352312054716357,
        "n": 7.268946219727232,
        "f": 8.41092665803685,
        "b": 8.210331616406739,
        "u": 0,
        "d": 16.95667476362896
    },
    "rhardy613": {
        "p_n": 1.9739835037435025,
        "f_b": -0.4472722186942608,
        "u_d": -17.43949693439671,
        "p": 9.041678438400648,
        "n": 7.067694934657146,
        "f": 7.831050577181767,
        "b": 8.278322795876027,
        "u": 0,
        "d": 17.43949693439671
    },
    "farosch": {
        "p_n": 2.2012092278281585,
        "f_b": -0.3471124249483468,
        "u_d": -17.23883963101801,
        "p": 9.214976408925562,
        "n": 7.013767181097403,
        "f": 7.940815582537309,
        "b": 8.287928007485656,
        "u": 0,
        "d": 17.23883963101801
    },
    "aplocher": {
        "p_n": 2.2870887910675357,
        "f_b": -0.5078968334015848,
        "u_d": -17.786919187229845,
        "p": 9.428105516962958,
        "n": 7.1410167258954225,
        "f": 8.030612704728398,
        "b": 8.538509538129983,
        "u": 0,
        "d": 17.786919187229845
    },
    "TheLeftMoose": {
        "p_n": 1.739359297942709,
        "f_b": -0.2871567019624024,
        "u_d": -17.437478671996622,
        "p": 9.352820070361318,
        "n": 7.613460772418609,
        "f": 8.339562070408762,
        "b": 8.626718772371165,
        "u": -17.437478671996622,
        "d": 0
    },
    "LIyoai": {
        "p_n": 1.8279610107922935,
        "f_b": -0.8912016785944106,
        "u_d": -16.16875437806216,
        "p": 9.022904751291149,
        "n": 7.194943740498855,
        "f": 7.663323406597796,
        "b": 8.554525085192207,
        "u": 0,
        "d": 16.16875437806216
    },
    "vargasjj": {
        "p_n": 2.194250798511746,
        "f_b": -0.7421690956305156,
        "u_d": -17.49024597559428,
        "p": 8.766904485218118,
        "n": 6.5726536867063725,
        "f": 7.298694538146988,
        "b": 8.040863633777503,
        "u": -17.49024597559428,
        "d": 0
    },