{
    "GQHD168": {
        "p_n": 2.095203361732569,
        "f_b": -0.6628449545415043,
        "u_d": -17.4895085474995,
        "p": 9.143898241777993,
        "n": 7.048694880045424,
        "f": 7.764874083640957,
        "b": 8.427719038182461,
        "u": -17.4895085474995,
        "d": 0
    },
    "alecont": {
        "p_n": 1.9525103570476672,
        "f_b": 0.02459706252161631,
        "u_d": -17.475355554410807,
        "p": 9.61007253689526,
        "n": 7.657562179847592,
        "f": 8.646115889632235,
        "b": 8.621518827110618,
        "u": -17.475355554410807,
        "d": 0
    },
    "ooeygui": {
        "p_n": 1.5370701027562905,
        "f_b": 0.11700620757614466,
        "u_d": -17.469234812367322,
        "p": 9.664364930906954,
        "n": 8.127294828150664,
        "f": 8.954332983316881,
        "b": 8.837326775740737,
        "u": -17.469234812367322,
        "d": 0
    },
    "bfjelds": {
        "p_n": 1.462698969455122,
        "f_b": -0.4310991300949567,
        "u_d": -17.708695818732355,
        "p": 9.191797642002056,
        "n": 7.729098672546934,
        "f": 8.244898592227017,
        "b": 8.675997722321974,
        "u": 0,
        "d": 17.708695818732355
    },
    "zhuridartem": {
        "p_n": 1.489909066621518,
        "f_b": -0.8213213627464011,
        "u_d": -17.59051939767768,
        "p": 8.906665535967036,
        "n": 7.416756469345518,
        "f": 7.751050321283078,
        "b": 8.572371684029479,
        "u": 0,
        "d": 17.59051939767768
    },
    "mms-": {
        "p_n": 1.2517125953889616,
        "f_b": -1.2337264737790097,
        "u_d": -17.011379440083626,
        "p": 8.833123774613714,
        "n": 7.5814111792247525,
        "f": 7.590404240029729,
        "b": 8.824130713808739,
        "u": 0,
        "d": 17.011379440083626
    },
    "jessekaplan": {
        "p_n": 1.635871246990595,
        "f_b": -0.13504699191425829,
        "u_d": -17.495849653985278,
        "p": 9.428234767917562,
        "n": 7.792363520926967,
        "f": 8.542775648465135,
        "b": 8.677822640379393,
        "u": -17.495849653985278,
        "d": 0
    },
    "msftclas": {
        "p_n": 1.6851869348304511,
        "f_b": 0.04436059119113622,
        "u_d": -17.422708284822747,
        "p": 9.687614128286866,
        "n": 8.002427193456414,
        "f": 8.867200956467208,
        "b": 8.822840365276072,
        "u": -17.422708284822747,
        "d": 0
    },
    "IoTGirl": {
        "p_n": 1.96172015304756,
        "f_b": -0.000890436894039226,
        "u_d": -17.493731242307042,
        "p": 9.501638176538137,
        "n": 7.539918023490577,
        "f": 8.520332881567338,
        "b": 8.521223318461377,
        "u": -17.493731242307042,
        "d": 0
    },
    "turkycat": {
        "p_n": 1.8865142310334102,
        "f_b": -0.7440956853287091,
        "u_d": -17.45584966985197,
        "p": 9.390938217144775,
        "n": 7.504423986111365,
        "f": 8.075633258963716,
        "b": 8.819728944292425,
        "u": -17.45584966985197,
        "d": 0
    },
    "Sumahitha": {
        "p_n": 1.3391701739882595,
        "f_b": -0.5720456848349897,
        "u_d": -17.445832039859678,
        "p": 9.65529659831537,
        "n": 8.316126424327111,
        "f": 8.699688668903747,
        "b": 9.271734353738736,
        "u": -17.445832039859678,
        "d": 0
    },
    "ricl": {
        "p_n": 1.6722803972228508,
        "f_b": -0.534582349444312,
        "u_d": -17.47991761219501,
        "p": 9.252740262291098,
        "n": 7.5804598650682475,
        "f": 8.149308888957517,
        "b": 8.683891238401829,
        "u": -17.47991761219501,
        "d": 0
    },
    "dotMorten": {
        "p_n": 1.9591876851911492,
        "f_b": -0.5599022467891963,
        "u_d": -17.45572055493089,
        "p": 9.145853408058901,
        "n": 7.186665722867752,
        "f": 7.886308442068728,
        "b": 8.446210688857924,
        "u": 0,
        "d": 17.45572055493089
    },
    "grahamehorner": {
        "p_n": 1.117226218211501,
        "f_b": -0.450329585926351,
        "u_d": -17.493822785773943,
        "p": 8.822707525626099,
        "n": 7.705481307414598,
        "f": 8.038929623557172,
        "b": 8.489259209483523,
        "u": -17.493822785773943,
        "d": 0
    },
    "dankuo": {
        "p_n": 1.3777900573082569,
        "f_b": -0.5352393439228393,
        "u_d": -17.458250320709766,
        "p": 9.0803166186419,
        "n": 7.702526561333643,
        "f": 8.123801918026352,
        "b": 8.659041261949191,
        "u": -17.458250320709766,
        "d": 0
    },
    "TheFlyingDutchMark": {
        "p_n": 1.4905370902428388,
        "f_b": -1.2672473376497173,
        "u_d": -15.351641630392294,
        "p": 8.652084341637842,
        "n": 7.161547251395003,
        "f": 7.273192127691564,
        "b": 8.540439465341281,
        "u": 0,
        "d": 15.351641630392294
    },
    "alanch-ms": {
        "p_n": 1.72945883208995,
        "f_b": -0.7251693661764662,
        "u_d": -17.438142243769324,
        "p": 9.050380418796337,
        "n": 7.320921586706387,
        "f": 7.823066319663129,
        "b": 8.548235685839595,
        "u": 0,
        "d": 17.438142243769324
    },
    "tomkuijsten": {
        "p_n": 2.4629910073120485,
        "f_b": 0.7557105920756033,
        "u_d": -14.59435310714903,
        "p": 8.981394115985896,
        "n": 6.518403108673848,
        "f": 8.127753908367673,
        "b": 7.3720433162920695,
        "u": 0,
        "d": 14.59435310714903
    },
    "arturl": {
        "p_n": 2.3355143089698176,
        "f_b": -0.20189067657305593,
        "u_d": -17.44557662368127,
        "p": 9.525693105141219,
        "n": 7.190178796171401,
        "f": 8.256990612369782,
        "b": 8.458881288942838,
        "u": -17.44557662368127,
        "d": 0
    },
    "0kkult0": {
        "p_n": 2.961879828675494,
        "f_b": 0.32104932801077535,
        "u_d": -17.661920609386158,
        "p": 9.110476570001893,
        "n": 6.148596741326399,
        "f": 7.790061319669534,
        "b": 7.469011991658759,
        "u": 0,
        "d": 17.661920609386158
    },
    "TGoodhew": {
        "p_n": 1.4943307754630215,
        "f_b": -0.7777579302794848,
        "u_d": -17.712769344066977,
        "p": 9.029759460775907,
        "n": 7.535428685312885,
        "f": 7.893715107904654,
        "b": 8.67147303818414,
        "u": 0,
        "d": 17.712769344066977
    },
    "jwillmer": {
        "p_n": 0.992830916560127,
        "f_b": -1.3378651344029473,
        "u_d": -14.26050179988528,
        "p": 8.232870127055936,
        "n": 7.240039210495809,
        "f": 7.067522101574398,
        "b": 8.405387235977345,
        "u": 0,
        "d": 14.26050179988528
    },
    "OwenBrotherwood": {
        "p_n": 1.1047009042458402,
        "f_b": -1.3090880778645548,
        "u_d": -15.895741327857744,
        "p": 8.494383397071566,
        "n": 7.389682492825726,
        "f": 7.287488906016369,
        "b": 8.596576983880924,
        "u": 0,
        "d": 15.895741327857744
    },
    "hansmbakker": {
        "p_n": 1.6743631606715539,
        "f_b": -0.9270075863616576,
        "u_d": -14.724513773498654,
        "p": 8.83194679720445,
        "n": 7.157583636532896,
        "f": 7.531261423687845,
        "b": 8.458269010049502,
        "u": 0,
        "d": 14.724513773498654
    },
    "FansteKaRiNa1998": {
        "p_n": 1.7454285503337665,
        "f_b": -0.7901450072866911,
        "u_d": -17.0312502941822,
        "p": 9.000483803419009,
        "n": 7.255055253085242,
        "f": 7.732697024608779,
        "b": 8.52284203189547,
        "u": 0,
        "d": 17.0312502941822
    }
}