{
    "mysticatea": {
        "p_n": 1.7962707012451489,
        "f_b": -0.19385825539559853,
        "u_d": -16.18238314737195,
        "p": 9.160963124219155,
        "n": 7.364692422974006,
        "f": 8.16589864589878,
        "b": 8.359756901294379,
        "u": 0,
        "d": 16.18238314737195
    },
    "paulpflug": {
        "p_n": 1.7898040868216372,
        "f_b": -0.703556707346686,
        "u_d": -15.709037126990733,
        "p": 8.681426109940743,
        "n": 6.891622023119106,
        "f": 7.434745712856581,
        "b": 8.138302420203267,
        "u": 0,
        "d": 15.709037126990733
    },
    "keithamus": {
        "p_n": 1.9324850983431618,
        "f_b": -0.3839528454905494,
        "u_d": -16.220278710666328,
        "p": 9.054131774161567,
        "n": 7.121646675818405,
        "f": 7.895912802244711,
        "b": 8.27986564773526,
        "u": 0,
        "d": 16.220278710666328
    },
    "josh-endries": {
        "p_n": 1.433721264214821,
        "f_b": -0.7921480178846849,
        "u_d": -15.157735383616988,
        "p": 8.785475916588203,
        "n": 7.351754652373382,
        "f": 7.67254127553845,
        "b": 8.464689293423135,
        "u": 0,
        "d": 15.157735383616988
    },
    "BobbyBabes": {
        "p_n": 1.8388066145855957,
        "f_b": -0.7263742952111034,
        "u_d": -17.121789282107887,
        "p": 9.07392700292553,
        "n": 7.235120388339934,
        "f": 7.79133654802718,
        "b": 8.517710843238284,
        "u": 0,
        "d": 17.121789282107887
    },
    "robario": {
        "p_n": 1.938040665285616,
        "f_b": -0.5506748975839955,
        "u_d": -15.9474030690262,
        "p": 9.155928699263361,
        "n": 7.217888033977745,
        "f": 7.911570917828556,
        "b": 8.462245815412551,
        "u": 0,
        "d": 15.9474030690262
    },
    "jamietre": {
        "p_n": 2.595855365624014,
        "f_b": -0.646626269105953,
        "u_d": -15.027736999413374,
        "p": 8.984915393273791,
        "n": 6.389060027649777,
        "f": 7.363674575908808,
        "b": 8.010300845014761,
        "u": 0,
        "d": 15.027736999413374
    },
    "serapath": {
        "p_n": 2.6081095545922572,
        "f_b": -0.9564464549516911,
        "u_d": -16.070099040968664,
        "p": 9.270688564951818,
        "n": 6.662579010359561,
        "f": 7.488410560179845,
        "b": 8.444857015131536,
        "u": 0,
        "d": 16.070099040968664
    },
    "codecov-io": {
        "p_n": 2.631653753621956,
        "f_b": 0.2879838876970915,
        "u_d": -17.952607023562006,
        "p": 9.680284714830126,
        "n": 7.04863096120817,
        "f": 8.508449781867693,
        "b": 8.220465894170601,
        "u": 0,
        "d": 17.952607023562006
    },
    "ohtake": {
        "p_n": 1.5285128045250662,
        "f_b": -0.42122511526474504,
        "u_d": -15.42400587121365,
        "p": 8.803726181764674,
        "n": 7.2752133772396075,
        "f": 7.828857221869768,
        "b": 8.250082337134513,
        "u": 0,
        "d": 15.42400587121365
    },
    "amclin": {
        "p_n": 1.7823505056373596,
        "f_b": -0.7430842073946975,
        "u_d": -15.650493540506684,
        "p": 8.52642229262572,
        "n": 6.74407178698836,
        "f": 7.263704936109691,
        "b": 8.006789143504388,
        "u": 0,
        "d": 15.650493540506684
    }
}