{
    "tonybajan": {
        "p_n": 2.4018386623085206,
        "f_b": -0.4272575812129418,
        "u_d": -17.565673503588428,
        "p": 9.251260518217903,
        "n": 6.849421855909382,
        "f": 7.836712396457171,
        "b": 8.263969977670113,
        "u": 0,
        "d": 17.565673503588428
    },
    "kollhof": {
        "p_n": 1.8880625513339346,
        "f_b": -0.6848859709423216,
        "u_d": -17.574056596699336,
        "p": 9.131633492375961,
        "n": 7.243570941042027,
        "f": 7.845159231237833,
        "b": 8.530045202180155,
        "u": 0,
        "d": 17.574056596699336
    },
    "junkafarian": {
        "p_n": 2.3472698558554264,
        "f_b": -0.3429578316575572,
        "u_d": -17.27056936187907,
        "p": 9.26767730413135,
        "n": 6.920407448275924,
        "f": 7.9225634603748585,
        "b": 8.265521292032416,
        "u": 0,
        "d": 17.27056936187907
    },
    "davidszotten": {
        "p_n": 2.2954620300197845,
        "f_b": -0.34987779759109117,
        "u_d": -17.31786043047677,
        "p": 9.344897555399921,
        "n": 7.049435525380137,
        "f": 8.022227641594483,
        "b": 8.372105439185574,
        "u": 0,
        "d": 17.31786043047677
    },
    "mattbennett": {
        "p_n": 2.1672220576596333,
        "f_b": -0.541131161126648,
        "u_d": -17.61340930414046,
        "p": 9.210610548217838,
        "n": 7.043388490558205,
        "f": 7.856433938824697,
        "b": 8.397565099951345,
        "u": 0,
        "d": 17.61340930414046
    },
    "noisyboiler": {
        "p_n": 2.1118771668628558,
        "f_b": -0.5218601758612262,
        "u_d": -17.165852070531262,
        "p": 9.314540076252584,
        "n": 7.202662909389728,
        "f": 7.997671404890543,
        "b": 8.519531580751769,
        "u": 0,
        "d": 17.165852070531262
    },
    "shauns": {
        "p_n": 2.271192994714074,
        "f_b": -0.4340258440165563,
        "u_d": -17.274235578754585,
        "p": 9.373881900374458,
        "n": 7.102688905660385,
        "f": 8.021272481009143,
        "b": 8.4552983250257,
        "u": 0,
        "d": 17.274235578754585
    },
    "jessepollak": {
        "p_n": 2.1065407547514976,
        "f_b": -0.2395346314644513,
        "u_d": -17.461779416702175,
        "p": 9.252764061540361,
        "n": 7.146223306788864,
        "f": 8.079726368432386,
        "b": 8.319260999896837,
        "u": -17.461779416702175,
        "d": 0
    },
    "kooba": {
        "p_n": 2.314042062093854,
        "f_b": -0.1500664852370086,
        "u_d": -17.486475216568255,
        "p": 9.4133832693245,
        "n": 7.099341207230646,
        "f": 8.181328995659069,
        "b": 8.331395480896077,
        "u": -17.486475216568255,
        "d": 0
    },
    "rejoc": {
        "p_n": 1.7506283610656848,
        "f_b": -0.8121423458213766,
        "u_d": -16.566649666556845,
        "p": 9.199162332962933,
        "n": 7.448533971897248,
        "f": 7.917776979519402,
        "b": 8.729919325340779,
        "u": 0,
        "d": 16.566649666556845
    },
    "ayoshi": {
        "p_n": 2.2336968788074394,
        "f_b": -0.08391039823248292,
        "u_d": -16.532977160707762,
        "p": 9.048423340299847,
        "n": 6.814726461492407,
        "f": 7.8896197017798855,
        "b": 7.973530100012368,
        "u": 0,
        "d": 16.532977160707762
    },
    "astawiarski": {
        "p_n": 2.161784112837034,
        "f_b": -0.16681380376446775,
        "u_d": -17.49693917626585,
        "p": 9.270545289584103,
        "n": 7.108761176747069,
        "f": 8.106246331283351,
        "b": 8.27306013504782,
        "u": -17.49693917626585,
        "d": 0
    },
    "iky": {
        "p_n": 2.144491115317514,
        "f_b": -0.6691759178801808,
        "u_d": -17.52730355957501,
        "p": 8.967074371158715,
        "n": 6.8225832558412005,
        "f": 7.560240854559868,
        "b": 8.229416772440048,
        "u": 0,
        "d": 17.52730355957501
    },
    "noizex": {
        "p_n": 2.0346818838982186,
        "f_b": -0.21073710366760157,
        "u_d": -16.76200954973872,
        "p": 8.893727461206584,
        "n": 6.859045577308366,
        "f": 7.771017967423674,
        "b": 7.981755071091276,
        "u": 0,
        "d": 16.76200954973872
    },
    "daviskirk": {
        "p_n": 2.3992053446469868,
        "f_b": -0.5928329824591145,
        "u_d": -15.648013622209543,
        "p": 9.044571383236132,
        "n": 6.645366038589145,
        "f": 7.548552219683081,
        "b": 8.141385202142196,
        "u": 0,
        "d": 15.648013622209543
    },
    "bweaver-cxp": {
        "p_n": 2.007588558278729,
        "f_b": -0.7137223888419744,
        "u_d": -16.944459840841493,
        "p": 8.765507987903547,
        "n": 6.757919429624818,
        "f": 7.404852514343196,
        "b": 8.11857490318517,
        "u": 0,
        "d": 16.944459840841493
    },
    "izmailoff": {
        "p_n": 1.9568161775055675,
        "f_b": -0.10801474085422491,
        "u_d": -17.47519391227426,
        "p": 8.977536393229514,
        "n": 7.020720215723946,
        "f": 7.945120934049617,
        "b": 8.053135674903842,
        "u": -17.47519391227426,
        "d": 0
    },
    "manfred-chebli": {
        "p_n": 2.2489797139316554,
        "f_b": 0.34842321190071956,
        "u_d": -17.489887421702907,
        "p": 8.980261320368099,
        "n": 6.731281606436443,
        "f": 8.029983069352632,
        "b": 7.681559857451912,
        "u": -17.489887421702907,
        "d": 0
    },
    "xqliang": {
        "p_n": 2.129650261206004,
        "f_b": -0.1788096719376675,
        "u_d": -17.49310162272019,
        "p": 9.23641392297861,
        "n": 7.1067636617726055,
        "f": 8.082183956406773,
        "b": 8.26099362834444,
        "u": -17.49310162272019,
        "d": 0
    },
    "levchik": {
        "p_n": 2.5159735447619944,
        "f_b": 0.07503436973337951,
        "u_d": -17.29347268954858,
        "p": 8.984387122206861,
        "n": 6.468413577444867,
        "f": 7.763917534692554,
        "b": 7.688883164959175,
        "u": 0,
        "d": 17.29347268954858
    },
    "alexander-mayr": {
        "p_n": 2.1641776687762357,
        "f_b": 0.7885237823660454,
        "u_d": -17.922189751841827,
        "p": 8.96261876202415,
        "n": 6.798441093247914,
        "f": 8.274791818819054,
        "b": 7.4862680364530085,
        "u": 0,
        "d": 17.922189751841827
    },
    "mikegreen7892003": {
        "p_n": 2.4086018525367177,
        "f_b": -0.08465723747089093,
        "u_d": -17.441369386097968,
        "p": 9.309582096874104,
        "n": 6.900980244337386,
        "f": 8.0629525518703,
        "b": 8.14760978934119,
        "u": -17.441369386097968,
        "d": 0
    },
    "ornoone": {
        "p_n": 1.904625529932888,
        "f_b": 0.13207236557580515,
        "u_d": -16.365471565339597,
        "p": 9.187421559553053,
        "n": 7.282796029620165,
        "f": 8.301144977374513,
        "b": 8.169072611798708,
        "u": 0,
        "d": 16.365471565339597
    },
    "geoffjukes": {
        "p_n": 2.466408500145855,
        "f_b": -0.30757389929510204,
        "u_d": -17.999528351492337,
        "p": 9.801298645107138,
        "n": 7.3348901449612836,
        "f": 8.41430744538666,
        "b": 8.721881344681762,
        "u": 0,
        "d": 17.999528351492337
    },
    "bobh66": {
        "p_n": 2.2961082807869104,
        "f_b": -0.41466520553175457,
        "u_d": -17.215097122159325,
        "p": 9.387026220713949,
        "n": 7.090917939927039,
        "f": 8.031639477554616,
        "b": 8.446304683086371,
        "u": 0,
        "d": 17.215097122159325
    },
    "alexeysofin": {
        "p_n": 2.278880990206365,
        "f_b": -0.43088191459058933,
        "u_d": -17.4637087337691,
        "p": 8.96101181541507,
        "n": 6.682130825208705,
        "f": 7.606130363016593,
        "b": 8.037012277607182,
        "u": 0,