{
    "nelhage": {
        "p_n": 2.340098990518608,
        "f_b": -0.29308286478569734,
        "u_d": -16.77615287313968,
        "p": 9.291159721430004,
        "n": 6.951060730911396,
        "f": 7.974568793777852,
        "b": 8.26765165856355,
        "u": 0,
        "d": 16.77615287313968
    },
    "slashbeast": {
        "p_n": 2.198613447444149,
        "f_b": -0.003477109361269548,
        "u_d": -15.38903601004448,
        "p": 8.777583245563298,
        "n": 6.578969798119148,
        "f": 7.676537967160589,
        "b": 7.680015076521858,
        "u": 0,
        "d": 15.38903601004448
    },
    "vi": {
        "p_n": 2.4444108985856747,
        "f_b": -0.5253808602522883,
        "u_d": -17.485988439755552,
        "p": 9.195557747689104,
        "n": 6.75114684910343,
        "f": 7.710661868270123,
        "b": 8.236042728522412,
        "u": -17.485988439755552,
        "d": 0
    },
    "Smattr": {
        "p_n": 2.348213483199487,
        "f_b": -0.5096229259200982,
        "u_d": -15.693829750428865,
        "p": 8.848681687278678,
        "n": 6.500468204079191,
        "f": 7.419763482718885,
        "b": 7.929386408638983,
        "u": 0,
        "d": 15.693829750428865
    },
    "Thanatermesis": {
        "p_n": 2.1264588250683127,
        "f_b": -0.13270334831177788,
        "u_d": -15.590153087473944,
        "p": 8.897348609637845,
        "n": 6.770889784569532,
        "f": 7.7677675229478,
        "b": 7.900470871259578,
        "u": 0,
        "d": 15.590153087473944
    },
    "worr": {
        "p_n": 2.5841039383498083,
        "f_b": 0.0317547709074848,
        "u_d": -17.48888719653289,
        "p": 9.446509584040747,
        "n": 6.862405645690939,
        "f": 8.170335000319586,
        "b": 8.138580229412101,
        "u": -17.48888719653289,
        "d": 0
    },
    "scop": {
        "p_n": 1.8106811370059273,
        "f_b": -0.652747508855609,
        "u_d": -16.140235645586024,
        "p": 8.786720189185276,
        "n": 6.976039052179349,
        "f": 7.5550058662545085,
        "b": 8.207753375110117,
        "u": 0,
        "d": 16.140235645586024
    },
    "Ulrar": {
        "p_n": 1.9805350316290191,
        "f_b": -0.45953382570325996,
        "u_d": -15.88467774680741,
        "p": 8.861904284385725,
        "n": 6.881369252756706,
        "f": 7.641869855719585,
        "b": 8.101403681422845,
        "u": 0,
        "d": 15.88467774680741
    }
}