{
    "nervanasys": {
        "p_n": 1.5860273530902669,
        "f_b": -0.2177078607018128,
        "u_d": -17.49197205478194,
        "p": 9.25188981496591,
        "n": 7.665862461875643,
        "f": 8.35002220806987,
        "b": 8.567730068771683,
        "u": -17.49197205478194,
        "d": 0
    },
    "scttl": {
        "p_n": 1.848851055699642,
        "f_b": -0.2758605099143132,
        "u_d": -17.61397858400499,
        "p": 9.17043852339346,
        "n": 7.321587467693819,
        "f": 8.108082740586484,
        "b": 8.383943250500797,
        "u": 0,
        "d": 17.61397858400499
    },
    "seba-1511": {
        "p_n": 1.9980668779999728,
        "f_b": -0.5244947201711394,
        "u_d": -16.975121385928418,
        "p": 9.385795011567984,
        "n": 7.387728133568011,
        "f": 8.124514212482428,
        "b": 8.649008932653567,
        "u": 0,
        "d": 16.975121385928418
    },
    "apark263": {
        "p_n": 2.108182313966452,
        "f_b": -0.12268066655065635,
        "u_d": -17.75713371338651,
        "p": 8.864108013202923,
        "n": 6.755925699236471,
        "f": 7.748676522944368,
        "b": 7.871357189495025,
        "u": 0,
        "d": 17.75713371338651
    },
    "ursk": {
        "p_n": 1.6915634558008756,
        "f_b": -0.5288262983438594,
        "u_d": -17.832193191676417,
        "p": 9.055408455837805,
        "n": 7.363845000036929,
        "f": 7.945213578765437,
        "b": 8.474039877109297,
        "u": 0,
        "d": 17.832193191676417
    },
    "andyyuan78": {
        "p_n": 2.3886482510196583,
        "f_b": 0.561055911491728,
        "u_d": -17.142618919906113,
        "p": 8.915764642729922,
        "n": 6.527116391710264,
        "f": 8.001968472965958,
        "b": 7.44091256147423,
        "u": 0,
        "d": 17.142618919906113
    },
    "Kaixhin": {
        "p_n": 1.9120376093121543,
        "f_b": -1.0200585801919182,
        "u_d": -16.427168523610558,
        "p": 8.697292234989165,
        "n": 6.785254625677011,
        "f": 7.231244140237129,
        "b": 8.251302720429047,
        "u": 0,
        "d": 16.427168523610558
    },
    "Thomas-Yang": {
        "p_n": 2.1226826454110146,
        "f_b": -0.1929172901685554,
        "u_d": -17.495280118303462,
        "p": 9.010534476497291,
        "n": 6.887851831086277,
        "f": 7.852734508707506,
        "b": 8.045651798876062,
        "u": 0,
        "d": 17.495280118303462
    },
    "Jokeren": {
        "p_n": 1.4973211505369557,
        "f_b": -0.020650786698588774,
        "u_d": -16.741773325767657,
        "p": 9.026701342173922,
        "n": 7.5293801916369665,
        "f": 8.26771537355615,
        "b": 8.28836616025474,
        "u": 0,
        "d": 16.741773325767657
    },
    "yinyinl": {
        "p_n": 1.7204829699052073,
        "f_b": -0.2588573709937183,
        "u_d": -17.495240307756152,
        "p": 9.296778960565387,
        "n": 7.57629599066018,
        "f": 8.307108790115924,
        "b": 8.565966161109642,
        "u": -17.495240307756152,
        "d": 0
    },
    "yuehusile": {
        "p_n": 2.450622649653119,
        "f_b": 0.4725255539129627,
        "u_d": -17.497416373611365,
        "p": 8.88146028644801,
        "n": 6.430837636794892,
        "f": 7.892411738577933,
        "b": 7.41988618466497,
        "u": -17.497416373611365,
        "d": 0
    },
    "dbl001": {
        "p_n": 1.7825527120603049,
        "f_b": 0.22851266257536285,
        "u_d": -16.427362538456936,
        "p": 8.581702133638613,
        "n": 6.799149421578308,
        "f": 7.804682108896142,
        "b": 7.576169446320779,
        "u": 0,
        "d": 16.427362538456936
    },
    "tambetm": {
        "p_n": 2.2439581222295555,
        "f_b": -0.20695141789038107,
        "u_d": -15.910360958845667,
        "p": 8.987057615849032,
        "n": 6.743099493619477,
        "f": 7.761602845789064,
        "b": 7.968554263679445,
        "u": 0,
        "d": 15.910360958845667
    },
    "cveres": {
        "p_n": 2.4790588414051493,
        "f_b": 0.18524853820710785,
        "u_d": -17.83385857382588,
        "p": 8.932586528375763,
        "n": 6.453527686970614,
        "f": 7.7856813767767425,
        "b": 7.600432838569635,
        "u": 0,
        "d": 17.83385857382588
    },
    "sensus-sextus": {
        "p_n": 2.365875672249649,
        "f_b": 0.09830663995893829,
        "u_d": -16.69287016105541,
        "p": 8.794530870506335,
        "n": 6.428655198256687,
        "f": 7.66074635436098,
        "b": 7.562439714402042,
        "u": 0,
        "d": 16.69287016105541
    },
    "jcoreyes": {
        "p_n": 1.731848754611062,
        "f_b": -0.7873946510354006,
        "u_d": -17.069840771239456,
        "p": 8.995795812768941,
        "n": 7.263947058157879,
        "f": 7.7361741099457095,
        "b": 8.52356876098111,
        "u": 0,
        "d": 17.069840771239456
    },
    "scott-gray": {
        "p_n": 2.043581933686019,
        "f_b": -0.541132316981872,
        "u_d": -17.24334198558248,
        "p": 9.138651804655897,
        "n": 7.095069870969878,
        "f": 7.846294679321951,
        "b": 8.387426996303823,
        "u": 0,
        "d": 17.24334198558248
    },
    "NeuroCampos": {
        "p_n": 1.9460906430063796,
        "f_b": 0.1656156592391138,
        "u_d": -17.74911602130611,
        "p": 8.836477383939794,
        "n": 6.8903867409334145,
        "f": 7.946239892056161,
        "b": 7.780624232817047,
        "u": 0,
        "d": 17.74911602130611
    },
    "Sowasa": {
        "p_n": 2.3566770328939946,
        "f_b": -0.5833440752125725,
        "u_d": -16.44637965079205,
        "p": 9.302139246886242,
        "n": 6.945462213992247,
        "f": 7.832128692832958,
        "b": 8.41547276804553,
        "u": 0,
        "d": 16.44637965079205
    },
    "buriy": {
        "p_n": 2.8189271751785574,
        "f_b": -0.13821614301621565,
        "u_d": -16.832272750145144,
        "p": 9.483954677015433,
        "n": 6.665027501836875,
        "f": 8.005383017918046,
        "b": 8.143599160934262,
        "u": 0,
        "d": 16.832272750145144
    },
    "felipefariax": {
        "p_n": 2.537716279035606,
        "f_b": 0.8547572390810361,
        "u_d": -16.3339986435405,
        "p": 9.112583806858776,
        "n": 6.57486752782317,
        "f": 8.271104286881492,
        "b": 7.416347047800456,
        "u": 0,
        "d": 16.3339986435405
    },
    "yxlao": {
        "p_n": 2.0402488781585237,
        "f_b": 0.19287730157227223,
        "u_d": -17.08453590620107,
        "p": 9.042721599791808,
        "n": 7.002472721633284,
        "f": 8.119035811498682,
        "b": 7.92615850992641,
        "u": 0,
        "d": 17.08453590620107
    },
    "nervetumer": {
        "p_n": 1.6199801266155873,
        "f_b": -0.5920020220892042,
        "u_d": -17.522469567756097,
        "p": 9.186053319722863,
        "n": 7.566073193107275,
        "f": 8.080062245370467,
        "b": 8.672064267459671,
        "u": 0,
        "d": 17.522469567756097
    },
    "mwoodson1": {
        "p_n": 2.5078835889374176,
        "f_b": -0.20089595711893438,
        "u_d": -17.47211011933316,
        "p": 9.578865375362097,
        "n": 7.07098178642468,
        "f": 8.224475602333921,
        "b": 8.425371559452856,
        "u": -17.47211011933316,
        "d": 0
    },
    "jennifermyers": {
        "p_n": 1.8175273326699068,
        "f_b": 0.22337751992056276,
        "u_d": -16.66975122014608,
        "p": 9.544647242209894,
        "n": 7.727119909539987,
        "f": 8.747572335835223,
        "b": 8.52419481591466,
        "u": 0,
        "d": 16.66975122014608
    },
    "hanlin-nervana": {
        "p_n": 1.5319590448105709,
        "f_b": -0.5916531930314299,
        "u_d": -17.574188963407945,
        "p": 9.094593428912068,
        "n": 7.562634384101497,
        "f": 8.032787309991068,
        "b": 8.624440503022498,
        "u": 0,
        "d": 17.574188963407945
    },