{
    "allenxwang": {
        "p_n": 1.9287808105046071,
        "f_b": -0.571156581838121,
        "u_d": -17.817154344577673,
        "p": 9.143895144314333,
        "n": 7.215114333809726,
        "f": 7.8939264481429685,
        "b": 8.46508302998109,
        "u": 0,
        "d": 17.817154344577673
    },
    "adriancole": {
        "p_n": 2.550984338779193,
        "f_b": -0.24242938663526648,
        "u_d": -17.499991054523615,
        "p": 9.278571251011982,
        "n": 6.727586912232789,
        "f": 7.881864388304753,
        "b": 8.12429377494002,
        "u": -17.499991054523615,
        "d": 0
    },
    "cloudbees-pull-request-builder": {
        "p_n": 3.0266518489525343,
        "f_b": -0.30935618645416874,
        "u_d": -17.41764447760038,
        "p": 10.116432295899038,
        "n": 7.089780446946504,
        "f": 8.448428278195687,
        "b": 8.757784464649855,
        "u": -17.41764447760038,
        "d": 0
    },
    "timmc": {
        "p_n": 2.103342046160071,
        "f_b": -0.4985508659181459,
        "u_d": -16.331326331047233,
        "p": 9.054400344656543,
        "n": 6.951058298496472,
        "f": 7.753453888617434,
        "b": 8.25200475453558,
        "u": 0,
        "d": 16.331326331047233
    },
    "benjchristensen": {
        "p_n": 2.4551729993745868,
        "f_b": -0.5690252753624581,
        "u_d": -17.861751792382947,
        "p": 9.000669231678309,
        "n": 6.545496232303722,
        "f": 7.488570094309786,
        "b": 8.057595369672244,
        "u": 0,
        "d": 17.861751792382947
    },
    "dstengle": {
        "p_n": 2.2677617156137053,
        "f_b": -0.916521461518462,
        "u_d": -16.83003319480479,
        "p": 9.093435850794735,
        "n": 6.82567413518103,
        "f": 7.501294262228653,
        "b": 8.417815723747115,
        "u": 0,
        "d": 16.83003319480479
    },
    "NiteshKant": {
        "p_n": 2.1252519537992534,
        "f_b": -0.6785735469502576,
        "u_d": -17.779829290099975,
        "p": 9.380196411211575,
        "n": 7.254944457412321,
        "f": 7.978283660836819,
        "b": 8.656857207787077,
        "u": 0,
        "d": 17.779829290099975
    },
    "mattnelson": {
        "p_n": 1.9889405074141333,
        "f_b": -0.8333382038717883,
        "u_d": -16.929982425501105,
        "p": 9.067816970617343,
        "n": 7.07887646320321,
        "f": 7.656677614974383,
        "b": 8.490015818846171,
        "u": 0,
        "d": 16.929982425501105
    },
    "qiangdavidliu": {
        "p_n": 2.429171268235054,
        "f_b": -0.20111568939055147,
        "u_d": -17.70708746828553,
        "p": 9.41347127675181,
        "n": 6.984300008516756,
        "f": 8.098327797939008,
        "b": 8.29944348732956,
        "u": 0,
        "d": 17.70708746828553
    },
    "khawes": {
        "p_n": 2.06197605208893,
        "f_b": -0.5063809128530217,
        "u_d": -17.75260224347189,
        "p": 9.25552991958515,
        "n": 7.19355386749622,
        "f": 7.9713514371141745,
        "b": 8.477732349967196,
        "u": 0,
        "d": 17.75260224347189
    },
    "aspyker": {
        "p_n": 2.117549280283253,
        "f_b": -0.07776451810555329,
        "u_d": -17.498054317569917,
        "p": 9.159548571520931,
        "n": 7.041999291237678,
        "f": 8.061891672326528,
        "b": 8.139656190432081,
        "u": -17.498054317569917,
        "d": 0
    },
    "tbak": {
        "p_n": 1.6922903196125487,
        "f_b": -0.3925194363642639,
        "u_d": -17.75779832621682,
        "p": 9.453723703084616,
        "n": 7.761433383472068,
        "f": 8.41131882509621,
        "b": 8.803838261460474,
        "u": 0,
        "d": 17.75779832621682
    },
    "esigma5": {
        "p_n": 2.1264694175269128,
        "f_b": -0.2608751787819923,
        "u_d": -17.490308939515636,
        "p": 9.93748603676509,
        "n": 7.811016619238178,
        "f": 8.743813738610637,
        "b": 9.00468891739263,
        "u": -17.490308939515636,
        "d": 0
    },
    "dhawken": {
        "p_n": 2.381211515436707,
        "f_b": -0.701612514061047,
        "u_d": -17.356925994611956,
        "p": 9.433180337111363,
        "n": 7.051968821674656,
        "f": 7.891768322362486,
        "b": 8.593380836423533,
        "u": 0,
        "d": 17.356925994611956
    },
    "OskarKjellin": {
        "p_n": 2.3975282311100887,
        "f_b": -0.37185008509849826,
        "u_d": -15.984209067116767,
        "p": 9.328805784693579,
        "n": 6.93127755358349,
        "f": 7.9441166265892855,
        "b": 8.315966711687784,
        "u": 0,
        "d": 15.984209067116767
    },
    "elandau": {
        "p_n": 2.470517061916434,
        "f_b": -0.6039531256605208,
        "u_d": -16.41826326282204,
        "p": 9.117859008761899,
        "n": 6.647341946845465,
        "f": 7.5806239149734225,
        "b": 8.184577040633943,
        "u": 0,
        "d": 16.41826326282204
    },
    "rspieldenner": {
        "p_n": 1.3926090314721922,
        "f_b": -0.7514052537151823,
        "u_d": -17.78164741319763,
        "p": 8.712020561843014,
        "n": 7.319411530370822,
        "f": 7.6400134192493265,
        "b": 8.391418672964509,
        "u": 0,
        "d": 17.78164741319763
    },
    "spencergibb": {
        "p_n": 2.198350426542504,
        "f_b": -1.2794362107451116,
        "u_d": -17.484825207581544,
        "p": 9.004962593925319,
        "n": 6.806612167382815,
        "f": 7.26606927528151,
        "b": 8.545505486026622,
        "u": 0,
        "d": 17.484825207581544
    },
    "jjteo74": {
        "p_n": 2.856326150160747,
        "f_b": 0.42061450666550204,
        "u_d": -17.610219516861672,
        "p": 9.171789840612643,
        "n": 6.315463690451896,
        "f": 7.953934018865021,
        "b": 7.533319512199519,
        "u": 0,
        "d": 17.610219516861672
    },
    "drtechniko": {
        "p_n": 1.7941699642096793,
        "f_b": -0.33319603802025455,
        "u_d": -17.479541791737663,
        "p": 9.28180844951747,
        "n": 7.487638485307791,
        "f": 8.218125448402503,
        "b": 8.551321486422758,
        "u": -17.479541791737663,
        "d": 0
    },
    "diegopacheco": {
        "p_n": 1.8885074499325611,
        "f_b": -0.2247716042563681,
        "u_d": -17.459916472027906,
        "p": 9.756455109833038,
        "n": 7.8679476599004765,
        "f": 8.699815582738573,
        "b": 8.924587186994941,
        "u": -17.459916472027906,
        "d": 0
    },
    "hoaz": {
        "p_n": 2.1727392119195024,
        "f_b": 0.3193946183577232,
        "u_d": -17.59592532084549,
        "p": 9.22944299321237,
        "n": 7.0567037812928675,
        "f": 8.30277069643148,
        "b": 7.983376078073757,
        "u": 0,
        "d": 17.59592532084549
    },
    "WreathCrystal": {
        "p_n": 1.47101293259969,
        "f_b": -1.075298373397854,
        "u_d": -15.749173358149246,
        "p": 8.772897078508041,
        "n": 7.301884145908351,
        "f": 7.49974142550927,
        "b": 8.575039798907124,
        "u": 0,
        "d": 15.749173358149246
    }
}