{
    "akashivskyy": {
        "p_n": 2.17200604920129,
        "f_b": -0.5568526754161187,
        "u_d": -15.911325982255736,
        "p": 9.091417288240518,
        "n": 6.919411239039228,
        "f": 7.726987925931812,
        "b": 8.283840601347931,
        "u": 0,
        "d": 15.911325982255736
    },
    "SandeepAggarwal": {
        "p_n": 1.8483150084714,
        "f_b": -1.0546002039460767,
        "u_d": -15.26923257159203,
        "p": 8.762354564833492,
        "n": 6.914039556362092,
        "f": 7.310896958624754,
        "b": 8.365497162570831,
        "u": 0,
        "d": 15.26923257159203
    }
}