{
    "nicklockwood": {
        "p_n": 1.9320049800290464,
        "f_b": -0.7698456927681656,
        "u_d": -17.589776689853963,
        "p": 9.230115087724002,
        "n": 7.2981101076949555,
        "f": 7.879189751325396,
        "b": 8.649035444093562,
        "u": 0,
        "d": 17.589776689853963
    },
    "bartvandendriessche": {
        "p_n": 2.7496166393104566,
        "f_b": -0.4496031506771416,
        "u_d": -17.195162456033774,
        "p": 9.207070648695469,
        "n": 6.457454009385012,
        "f": 7.60746075370167,
        "b": 8.057063904378811,
        "u": 0,
        "d": 17.195162456033774
    },
    "BobDG": {
        "p_n": 2.4371862942306457,
        "f_b": 0.22222457933008855,
        "u_d": -15.079397228077209,
        "p": 9.77124692078066,
        "n": 7.334060626550015,
        "f": 8.663766063330382,
        "b": 8.441541484000293,
        "u": 0,
        "d": 15.079397228077209
    },
    "timgcarlson": {
        "p_n": 2.1304519879656265,
        "f_b": -0.6326857388454341,
        "u_d": -17.9736282895378,
        "p": 9.117985994670951,
        "n": 6.987534006705324,
        "f": 7.73641713126542,
        "b": 8.369102870110854,
        "u": 0,
        "d": 17.9736282895378
    },
    "Broich": {
        "p_n": 2.3735385793315826,
        "f_b": -0.589818483576865,
        "u_d": -16.09139826565763,
        "p": 8.969093978554696,
        "n": 6.595555399223113,
        "f": 7.487415447100473,
        "b": 8.077233930677338,
        "u": 0,
        "d": 16.09139826565763
    },
    "justinmakaila": {
        "p_n": 2.968701564699572,
        "f_b": 0.049398402610218994,
        "u_d": -16.219045884539476,
        "p": 8.634682963166412,
        "n": 5.66598139846684,
        "f": 7.175031382121736,
        "b": 7.125632979511517,
        "u": 0,
        "d": 16.219045884539476
    },
    "wimbledon": {
        "p_n": 2.2912430684286313,
        "f_b": -0.5362020071225233,
        "u_d": -16.24957213939143,
        "p": 8.769203543622107,
        "n": 6.477960475193475,
        "f": 7.35548100584653,
        "b": 7.891683012969053,
        "u": 0,
        "d": 16.24957213939143
    },
    "adamcian": {
        "p_n": 2.2395193836088936,
        "f_b": -0.6152027608097281,
        "u_d": -17.53275505192879,
        "p": 9.129757642361959,
        "n": 6.890238258753065,
        "f": 7.702396570152647,
        "b": 8.317599330962375,
        "u": 0,
        "d": 17.53275505192879
    },
    "ghost": {
        "p_n": 2.363621487282505,
        "f_b": -0.4529942043818309,
        "u_d": -16.389523637981082,
        "p": 9.224992082691854,
        "n": 6.8613705954093485,
        "f": 7.816684236859686,
        "b": 8.269678441241517,
        "u": 0,
        "d": 16.389523637981082
    },
    "keithyeohh": {
        "p_n": 2.9646959591503848,
        "f_b": 0.06468884355193616,
        "u_d": -17.499439927590604,
        "p": 9.2432039023154,
        "n": 6.278507943165016,
        "f": 7.793200344516176,
        "b": 7.72851150096424,
        "u": -17.499439927590604,
        "d": 0
    },
    "cvconover": {
        "p_n": 2.3587478068009675,
        "f_b": -0.605606397836878,
        "u_d": -17.229773639548604,
        "p": 9.057241394528049,
        "n": 6.698493587727081,
        "f": 7.575064292209126,
        "b": 8.180670690046004,
        "u": 0,
        "d": 17.229773639548604
    },
    "MP85": {
        "p_n": 1.7080192152785,
        "f_b": -0.28359195478859256,
        "u_d": -17.39748174787811,
        "p": 9.374356601685651,
        "n": 7.666337386407151,
        "f": 8.378551016652105,
        "b": 8.662142971440698,
        "u": 0,
        "d": 17.39748174787811
    },
    "plandem": {
        "p_n": 2.702926567860416,
        "f_b": -0.17362471819406267,
        "u_d": -16.240354768339863,
        "p": 9.493937096823931,
        "n": 6.791010528963515,
        "f": 8.055661453796692,
        "b": 8.229286171990754,
        "u": 0,
        "d": 16.240354768339863
    },
    "fprosper": {
        "p_n": 2.951198498526466,
        "f_b": 0.900776455302541,
        "u_d": -16.021101903217673,
        "p": 10.083571485969447,
        "n": 7.132372987442981,
        "f": 9.058360464357484,
        "b": 8.157584009054943,
        "u": 0,
        "d": 16.021101903217673
    },
    "kumargaurav89": {
        "p_n": 2.6150549600185027,
        "f_b": 0.32812081041149455,
        "u_d": -17.000636665477824,
        "p": 9.015157335163162,
        "n": 6.400102375144659,
        "f": 7.8716902603596575,
        "b": 7.543569449948163,
        "u": 0,
        "d": 17.000636665477824
    },
    "wdcurry": {
        "p_n": 2.3477176349020024,
        "f_b": -0.42786306104514615,
        "u_d": -16.814458327544656,
        "p": 9.414196703493534,
        "n": 7.066479068591532,
        "f": 8.02640635551996,
        "b": 8.454269416565106,
        "u": 0,
        "d": 16.814458327544656
    },
    "davidogren": {
        "p_n": 3.042825975457954,
        "f_b": 0.05262762233043716,
        "u_d": -17.407193430513747,
        "p": 9.61294178257706,
        "n": 6.570115807119106,
        "f": 8.117842606013301,
        "b": 8.065214983682864,
        "u": 0,
        "d": 17.407193430513747
    },
    "GantMan": {
        "p_n": 2.57161501093906,
        "f_b": -0.10282652219155963,
        "u_d": -17.097098247796353,
        "p": 9.753584738339997,
        "n": 7.181969727400937,
        "f": 8.416363971774688,
        "b": 8.519190493966248,
        "u": 0,
        "d": 17.097098247796353
    },
    "sebinsua": {
        "p_n": 2.890215271396686,
        "f_b": 0.9038657199328659,
        "u_d": -16.19622566934625,
        "p": 8.754750818878936,
        "n": 5.86453554748225,
        "f": 7.761576043147025,
        "b": 6.857710323214159,
        "u": 0,
        "d": 16.19622566934625
    },
    "nikalra": {
        "p_n": 1.6504909146236688,
        "f_b": -0.8546346464427668,
        "u_d": -16.419242150696967,
        "p": 9.098130444411371,
        "n": 7.447639529787702,
        "f": 7.845567663878153,
        "b": 8.70020231032092,
        "u": 0,
        "d": 16.419242150696967
    },
    "frakman1": {
        "p_n": 2.688540599168933,
        "f_b": -0.6184241710464295,
        "u_d": -17.452733814806734,
        "p": 9.708171399271285,
        "n": 7.019630800102352,
        "f": 8.054689014163603,
        "b": 8.673113185210033,
        "u": -17.452733814806734,
        "d": 0
    },
    "kbala": {
        "p_n": 1.6090209475503334,
        "f_b": 0.479988748696357,
        "u_d": -17.81528292513395,
        "p": 9.530675075479873,
        "n": 7.92165412792954,
        "f": 8.966158976052885,
        "b": 8.486170227356528,
        "u": 0,
        "d": 17.81528292513395
    },
    "Davvie": {
        "p_n": 1.8772241383338386,
        "f_b": -0.4051618626477165,
        "u_d": -14.23015733507135,
        "p": 9.27682900206746,
        "n": 7.399604863733622,
        "f": 8.135636001576682,
        "b": 8.540797864224398,
        "u": 0,
        "d": 14.23015733507135
    },
    "ishaq": {
        "p_n": 2.98992829623422,
        "f_b": -0.26580062631298684,
        "u_d": -17.494750315920328,
        "p": 9.256161852729273,
        "n": 6.266233556495052,
        "f": 7.628297391455669,
        "b": 7.8940980177686555,
        "u": -17.494750315920328,
        "d": 0
    },
    "markst": {
        "p_n": 2.271461573869086,
        "f_b": -0.610097470952681,
        "u_d": -17.55606069456451,
        "p": 9.11484446303292,
        "n": 6.843382889163834,
        "f": 7.674064940622037,
        "b": 8.284162411574718,
        "u": 0,
        "d": 17.55606069456451
    },
    "ReDetection": {
        "p_n": 2.4429270375639778,
        "f_b": -0.21355039117822283,
        "u_d": -16.494935222657805,
        "p": 9.293798921689731,
        "n": 6.850871884125754,
        "f": 7.965560207318631,
        "b": 8.179110598496854,
        "u": 0,
        "d": 16.494935222657805
    },