{
    "nicklockwood": {
        "p_n": 2.1548315104587497,
        "f_b": -0.7723032343496392,
        "u_d": -16.561361554444556,
        "p": 9.153120640628996,
        "n": 6.998289130170247,
        "f": 7.6895532682248025,
        "b": 8.461856502574442,
        "u": 0,
        "d": 16.561361554444556
    },
    "parrots": {
        "p_n": 1.9994782574382013,
        "f_b": -1.0560316559823457,
        "u_d": -17.259545803310836,
        "p": 9.27291030269852,
        "n": 7.273432045260319,
        "f": 7.745155345988247,
        "b": 8.801187001970593,
        "u": 0,
        "d": 17.259545803310836
    },
    "ldesroziers": {
        "p_n": 2.3473241397404205,
        "f_b": -0.8243864631067268,
        "u_d": -16.098093576859974,
        "p": 9.065997969461357,
        "n": 6.718673829720936,
        "f": 7.480142668037782,
        "b": 8.304529131144509,
        "u": 0,
        "d": 16.098093576859974
    },
    "jhollida24": {
        "p_n": 2.039610400746655,
        "f_b": 0.92199659036363,
        "u_d": -17.459438606722262,
        "p": 9.253758347367153,
        "n": 7.214147946620498,
        "f": 8.69495144217564,
        "b": 7.77295485181201,
        "u": -17.459438606722262,
        "d": 0
    },
    "isair": {
        "p_n": 2.738971493842497,
        "f_b": -0.3417005072366823,
        "u_d": -17.989013703146732,
        "p": 9.443621346621558,
        "n": 6.7046498527790614,
        "f": 7.903285346081969,
        "b": 8.244985853318651,
        "u": 0,
        "d": 17.989013703146732
    },
    "AnthonyMyatt": {
        "p_n": 2.81400666853453,
        "f_b": 0.13300063935839201,
        "u_d": -17.475694377980588,
        "p": 9.19594352314661,
        "n": 6.38193685461208,
        "f": 7.855440508558542,
        "b": 7.72243986920015,
        "u": -17.475694377980588,
        "d": 0
    },
    "toco": {
        "p_n": 2.4717419939562415,
        "f_b": -0.9507407644623154,
        "u_d": -15.974950201101656,
        "p": 8.830298160538778,
        "n": 6.358556166582536,
        "f": 7.119056781329499,
        "b": 8.069797545791815,
        "u": 0,
        "d": 15.974950201101656
    },
    "gresrun": {
        "p_n": 2.7222062366747313,
        "f_b": 0.7479899651522341,
        "u_d": -17.429822647132347,
        "p": 9.061772240267972,
        "n": 6.339566003593241,
        "f": 8.074664104506724,
        "b": 7.326674139354489,
        "u": 0,
        "d": 17.429822647132347
    },
    "psholtz": {
        "p_n": 1.6429707242390474,
        "f_b": -0.8269976120525921,
        "u_d": -17.49024972867392,
        "p": 8.988342027275651,
        "n": 7.345371303036604,
        "f": 7.7533578591298316,
        "b": 8.580355471182424,
        "u": -17.49024972867392,
        "d": 0
    },
    "rvi": {
        "p_n": 2.719352895141901,
        "f_b": -0.42090832148321944,
        "u_d": -17.497563579255864,
        "p": 9.553281881408356,
        "n": 6.833928986266455,
        "f": 7.983151273095796,
        "b": 8.404059594579016,
        "u": -17.497563579255864,
        "d": 0
    },
    "maxmitch": {
        "p_n": 2.239878649783689,
        "f_b": -0.25585681162962004,
        "u_d": -17.490942959219424,
        "p": 9.38095388932441,
        "n": 7.14107523954072,
        "f": 8.133086158617754,
        "b": 8.388942970247374,
        "u": -17.490942959219424,
        "d": 0
    },
    "roycable": {
        "p_n": 2.778631233866154,
        "f_b": -0.7643665070947296,
        "u_d": -15.094102737313824,
        "p": 8.697565907630356,
        "n": 5.918934673764202,
        "f": 6.926067037149915,
        "b": 7.6904335442446445,
        "u": 0,
        "d": 15.094102737313824
    },
    "shineall": {
        "p_n": 2.249105678389764,
        "f_b": 0.9996707126106834,
        "u_d": -17.233828268712216,
        "p": 8.937286691526399,
        "n": 6.688181013136635,
        "f": 8.312569208636859,
        "b": 7.312898496026175,
        "u": 0,
        "d": 17.233828268712216
    },
    "ansonyao": {
        "p_n": 2.8287960095110147,
        "f_b": -1.043849134075578,
        "u_d": -17.406352393652487,
        "p": 9.443200582059049,
        "n": 6.614404572548034,
        "f": 7.506878010265752,
        "b": 8.55072714434133,
        "u": -17.406352393652487,
        "d": 0
    }
}