{
    "nicoulaj": {
        "p_n": 2.10662353056423,
        "f_b": -0.7421621497358721,
        "u_d": -16.660925845804208,
        "p": 8.963167537183358,
        "n": 6.856544006619128,
        "f": 7.538774697033306,
        "b": 8.280936846769178,
        "u": 0,
        "d": 16.660925845804208
    },
    "todofixthis": {
        "p_n": 3.4223718182308076,
        "f_b": 0.8843427999763556,
        "u_d": -17.453528080499325,
        "p": 9.194024436552425,
        "n": 5.7716526183216175,
        "f": 7.925009927425199,
        "b": 7.0406671274488435,
        "u": -17.453528080499325,
        "d": 0
    },
    "ammachado": {
        "p_n": 2.8340461149615113,
        "f_b": 1.1384370327896267,
        "u_d": -17.902414488024768,
        "p": 8.969853976559682,
        "n": 6.13580786159817,
        "f": 8.12204943547374,
        "b": 6.983612402684113,
        "u": 0,
        "d": 17.902414488024768
    },
    "ziggystar": {
        "p_n": 2.8018970073362475,
        "f_b": 1.0918943951459212,
        "u_d": -17.901333153112407,
        "p": 8.974851862429238,
        "n": 6.172954855092991,
        "f": 8.119850556334075,
        "b": 7.027956161188154,
        "u": 0,
        "d": 17.901333153112407
    },
    "nicolas-zozol": {
        "p_n": 2.7253917074204743,
        "f_b": 1.158108612299312,
        "u_d": -17.556928797973406,
        "p": 8.76050145003999,
        "n": 6.035109742619516,
        "f": 7.97685990247941,
        "b": 6.8187512901800975,
        "u": 0,
        "d": 17.556928797973406
    },
    "vsch": {
        "p_n": 1.8869373056663825,
        "f_b": -1.1465413025984112,
        "u_d": -17.368377071092162,
        "p": 9.021157027992366,
        "n": 7.134219722325984,
        "f": 7.504417723859969,
        "b": 8.65095902645838,
        "u": 0,
        "d": 17.368377071092162
    },
    "davemerrill": {
        "p_n": 2.7608931114136155,
        "f_b": -0.13012673797811125,
        "u_d": -16.526287668535737,
        "p": 9.629044878124656,
        "n": 6.8681517667110406,
        "f": 8.183534953428792,
        "b": 8.313661691406903,
        "u": 0,
        "d": 16.526287668535737
    },
    "JaSpr": {
        "p_n": 1.7536873646365123,
        "f_b": -0.28881731276339906,
        "u_d": -16.77141972529456,
        "p": 9.346375231346872,
        "n": 7.59268786671036,
        "f": 8.325122892646917,
        "b": 8.613940205410316,
        "u": 0,
        "d": 16.77141972529456
    },
    "viktort": {
        "p_n": 2.649594950403257,
        "f_b": 0.9089559898028003,
        "u_d": -16.88807412250645,
        "p": 8.895122004469801,
        "n": 6.245527054066544,
        "f": 8.024802524169573,
        "b": 7.1158465343667725,
        "u": 0,
        "d": 16.88807412250645
    },
    "joshco": {
        "p_n": 2.8876969210748555,
        "f_b": 1.0039469919420236,
        "u_d": -17.994636198812433,
        "p": 9.000676652779816,
        "n": 6.112979731704961,
        "f": 8.0588016882134,
        "b": 7.054854696271376,
        "u": 0,
        "d": 17.994636198812433
    },
    "acdvorak": {
        "p_n": 2.713165218939844,
        "f_b": 1.0800614609893113,
        "u_d": -17.3852885183903,
        "p": 8.78262986640862,
        "n": 6.0694646474687755,
        "f": 7.966077987433353,
        "b": 6.886016526444042,
        "u": 0,
        "d": 17.3852885183903
    },
    "POPSuL": {
        "p_n": 2.8158531783001894,
        "f_b": 1.0437368704430012,
        "u_d": -17.4939169746124,
        "p": 9.01754128017009,
        "n": 6.2016881018699,
        "f": 8.131483126241495,
        "b": 7.087746255798494,
        "u": -17.4939169746124,
        "d": 0
    },
    "blackfyre": {
        "p_n": 2.7587158415240136,
        "f_b": 1.1392909745609199,
        "u_d": -17.497638550865286,
        "p": 8.985768856241473,
        "n": 6.227053014717459,
        "f": 8.176056422759926,
        "b": 7.036765448199006,
        "u": -17.497638550865286,
        "d": 0
    },
    "moderndeveloperllc": {
        "p_n": 2.7980305867049573,
        "f_b": 1.150068565029117,
        "u_d": -17.49406050187142,
        "p": 9.031621539928882,
        "n": 6.233590953223924,
        "f": 8.20764052909096,
        "b": 7.057571964061844,
        "u": -17.49406050187142,
        "d": 0
    },
    "cobhimself": {
        "p_n": 2.8092572188572253,
        "f_b": 1.1659588323521861,
        "u_d": -17.491732638739343,
        "p": 9.03719343210081,
        "n": 6.227936213243585,
        "f": 8.215544238848292,
        "b": 7.049585406496106,
        "u": -17.491732638739343,
        "d": 0
    },
    "hakre": {
        "p_n": 2.0586476224701773,
        "f_b": -0.645415466304696,
        "u_d": -17.353789715593386,
        "p": 9.271452415132797,
        "n": 7.21280479266262,
        "f": 7.919420870745361,
        "b": 8.564836337050057,
        "u": 0,
        "d": 17.353789715593386
    },
    "mnahkies": {
        "p_n": 2.7466499674704066,
        "f_b": 1.0300205050776086,
        "u_d": -17.876642892728707,
        "p": 8.972155090679529,
        "n": 6.225505123209122,
        "f": 8.11384035948313,
        "b": 7.083819854405521,
        "u": 0,
        "d": 17.876642892728707
    },
    "grbspltt": {
        "p_n": 2.7408152779506008,
        "f_b": 1.0167580499423163,
        "u_d": -17.85657145345947,
        "p": 8.966830687766546,
        "n": 6.226015409815945,
        "f": 8.104802073762404,
        "b": 7.088044023820087,
        "u": 0,
        "d": 17.85657145345947
    }
}