{
    "nikic": {
        "p_n": 2.3543238371813704,
        "f_b": -0.7593901810837096,
        "u_d": -17.176805010829835,
        "p": 9.254614913508846,
        "n": 6.900291076327475,
        "f": 7.697757904376305,
        "b": 8.457148085460014,
        "u": 0,
        "d": 17.176805010829835
    },
    "schmittjoh": {
        "p_n": 2.3478992983085476,
        "f_b": -0.5784091245184726,
        "u_d": -17.46301534273074,
        "p": 9.555351638291018,
        "n": 7.207452339982471,
        "f": 8.092197426877508,
        "b": 8.67060655139598,
        "u": 0,
        "d": 17.46301534273074
    },
    "mneuhaus": {
        "p_n": 2.376983295792325,
        "f_b": -0.765333032596363,
        "u_d": -17.486651931753958,
        "p": 9.182290863518592,
        "n": 6.805307567726267,
        "f": 7.611132699324248,
        "b": 8.37646573192061,
        "u": -17.486651931753958,
        "d": 0
    },
    "pscheit": {
        "p_n": 2.4852186209533773,
        "f_b": -0.7113578057150889,
        "u_d": -17.546904215902064,
        "p": 9.208655574760217,
        "n": 6.723436953806839,
        "f": 7.610367361425983,
        "b": 8.321725167141071,
        "u": 0,
        "d": 17.546904215902064
    },
    "TomasVotruba": {
        "p_n": 2.121077013632622,
        "f_b": -0.01184409104037698,
        "u_d": -17.86579896792834,
        "p": 9.409862201509016,
        "n": 7.288785187876394,
        "f": 8.343401649172517,
        "b": 8.355245740212894,
        "u": 0,
        "d": 17.86579896792834
    },
    "felixfbecker": {
        "p_n": 2.472910234319748,
        "f_b": -0.6919122175718204,
        "u_d": -17.569478655966876,
        "p": 9.350469471453916,
        "n": 6.877559237134168,
        "f": 7.768058245508131,
        "b": 8.459970463079951,
        "u": 0,
        "d": 17.569478655966876
    },
    "mvriel": {
        "p_n": 2.1557403541416846,
        "f_b": -0.2936971947762643,
        "u_d": -17.88969283921322,
        "p": 9.555691556506595,
        "n": 7.39995120236491,
        "f": 8.33097278204762,
        "b": 8.624669976823885,
        "u": 0,
        "d": 17.88969283921322
    },
    "theseer": {
        "p_n": 1.9318284052085213,
        "f_b": -1.0020548614126579,
        "u_d": -17.292725641479954,
        "p": 9.186300615512712,
        "n": 7.254472210304191,
        "f": 7.719358982202122,
        "b": 8.72141384361478,
        "u": 0,
        "d": 17.292725641479954
    },
    "lisachenko": {
        "p_n": 2.397871277175615,
        "f_b": -0.2502505910040771,
        "u_d": -17.498018262015055,
        "p": 9.341961707612473,
        "n": 6.944090430436858,
        "f": 8.017900773522626,
        "b": 8.268151364526704,
        "u": -17.498018262015055,
        "d": 0
    },
    "YuriyNasretdinov": {
        "p_n": 2.5969319180595996,
        "f_b": 0.2782437169480705,
        "u_d": -17.487948046218133,
        "p": 9.451548722602762,
        "n": 6.854616804543163,
        "f": 8.292204622046999,
        "b": 8.013960905098928,
        "u": -17.487948046218133,
        "d": 0
    },
    "hinikato": {
        "p_n": 1.7301455213053512,
        "f_b": -0.8127792650829377,
        "u_d": -17.05683440436527,
        "p": 9.016232352544378,
        "n": 7.286086831239027,
        "f": 7.744769959350233,
        "b": 8.55754922443317,
        "u": 0,
        "d": 17.05683440436527
    },
    "donquixote": {
        "p_n": 2.1377828535728547,
        "f_b": -0.7768387144572593,
        "u_d": -16.792816066184578,
        "p": 8.89408386032013,
        "n": 6.756301006747275,
        "f": 7.436773076305073,
        "b": 8.213611790762332,
        "u": 0,
        "d": 16.792816066184578
    },
    "Trismegiste": {
        "p_n": 2.7662068522083842,
        "f_b": -0.551112234231141,
        "u_d": -17.414902387813985,
        "p": 9.435480862581228,
        "n": 6.669274010372844,
        "f": 7.776821319361465,
        "b": 8.327933553592606,
        "u": 0,
        "d": 17.414902387813985
    },
    "Ocramius": {
        "p_n": 1.9188919237415067,
        "f_b": -0.64808002381322,
        "u_d": -17.95446211885812,
        "p": 9.14748313855261,
        "n": 7.228591214811104,
        "f": 7.863997164775247,
        "b": 8.512077188588467,
        "u": 0,
        "d": 17.95446211885812
    },
    "cameronjacobson": {
        "p_n": 2.998378317521702,
        "f_b": 0.6068300706947625,
        "u_d": -17.51413220279162,
        "p": 9.056491468388522,
        "n": 6.05811315086682,
        "f": 7.860717344975052,
        "b": 7.25388727428029,
        "u": 0,
        "d": 17.51413220279162
    },
    "GrahamCampbell": {
        "p_n": 2.287947513121172,
        "f_b": -0.3999667353699703,
        "u_d": -15.646846376741468,
        "p": 9.281307824337183,
        "n": 6.993360311216011,
        "f": 7.937350700091612,
        "b": 8.337317435461582,
        "u": 0,
        "d": 15.646846376741468
    },
    "llaville": {
        "p_n": 2.031039451984234,
        "f_b": -0.6434463480225752,
        "u_d": -16.26490221945319,
        "p": 8.820143256759106,
        "n": 6.789103804774872,
        "f": 7.482900356755701,
        "b": 8.126346704778276,
        "u": 0,
        "d": 16.26490221945319
    },
    "muglug": {
        "p_n": 2.469868918882942,
        "f_b": -0.8121637174013685,
        "u_d": -17.388880504957037,
        "p": 9.395111349546209,
        "n": 6.925242430663267,
        "f": 7.754095031404054,
        "b": 8.566258748805422,
        "u": 0,
        "d": 17.388880504957037
    },
    "ondrejmirtes": {
        "p_n": 1.8976038965906437,
        "f_b": -0.15680929554239675,
        "u_d": -17.441410075893746,
        "p": 9.650056444608818,
        "n": 7.752452548018175,
        "f": 8.622849848542298,
        "b": 8.779659144084695,
        "u": -17.441410075893746,
        "d": 0
    },
    "ovr": {
        "p_n": 2.3023268577617078,
        "f_b": 0.07156064255463335,
        "u_d": -14.868465440866371,
        "p": 9.027554408079752,
        "n": 6.725227550318044,
        "f": 7.912171300476214,
        "b": 7.840610657921581,
        "u": 0,
        "d": 14.868465440866371
    },
    "aik099": {
        "p_n": 2.5303703700360494,
        "f_b": -0.6119684951234081,
        "u_d": -17.51918255878443,
        "p": 9.381452744684482,
        "n": 6.851082374648433,
        "f": 7.810283312104753,
        "b": 8.422251807228161,
        "u": 0,
        "d": 17.51918255878443
    },
    "cmb69": {
        "p_n": 1.9618826547397061,
        "f_b": -0.7827959306851078,
        "u_d": -17.10171202792256,
        "p": 8.810904419306539,
        "n": 6.8490217645668325,
        "f": 7.438565126594131,
        "b": 8.221361057279239,
        "u": 0,
        "d": 17.10171202792256
    },
    "suralc": {
        "p_n": 3.1454405676316126,
        "f_b": -0.04070876542758928,
        "u_d": -17.098921161123055,
        "p": 9.401478492807795,
        "n": 6.256037925176183,
        "f": 7.8084038262781945,
        "b": 7.849112591705784,
        "u": 0,
        "d": 17.098921161123055
    },
    "msjyoo": {
        "p_n": 2.196766854714536,
        "f_b": -0.8141321241754085,
        "u_d": -17.489126467306846,
        "p": 9.503670969328052,
        "n": 7.306904114613516,
        "f": 7.99822147988308,
        "b": 8.812353604058488,
        "u": -17.489126467306846,
        "d": 0
    },
    "mindplay-dk": {
        "p_n": 2.4978510597878785,
        "f_b": -0.6590162998685232,
        "u_d": -17.474889533799445,
        "p": 9.424642769320226,
        "n": 6.926791709532347,
        "f": 7.846209089492025,
        "b": 8.505225389360549,
        "u": -17.474889533799445,
        "d": 0
    },
    "bpicolo": {
        "p_n": 2.930620939413954,
        "f_b": -0.37295046731836834,
        "u_d": -14.991252690697051,
        "p": 8.694074120195214,
        "n": 5.76345318078126,
        "f": 7.042288416829054,
        "b": 7.415238884147422,
        "u": 0,
        "d": 14.991252690697051
    },