{
    "idavis": {
        "p_n": 2.0054174763964205,
        "f_b": -0.504213892274489,
        "u_d": -17.994244436712655,
        "p": 9.141862664019545,
        "n": 7.136445187623124,
        "f": 7.88704697968409,
        "b": 8.391260871958579,
        "u": 0,
        "d": 17.994244436712655
    },
    "Talljoe": {
        "p_n": 2.154955806280066,
        "f_b": -0.7605000186070194,
        "u_d": -15.796050375980109,
        "p": 9.118947030818891,
        "n": 6.963991224538825,
        "f": 7.661219118375349,
        "b": 8.421719136982368,
        "u": 0,
        "d": 15.796050375980109
    },
    "remogloor": {
        "p_n": 2.0974288752704275,
        "f_b": -0.766091136706037,
        "u_d": -17.244989420487503,
        "p": 9.02537139836343,
        "n": 6.927942523093002,
        "f": 7.593611392375197,
        "b": 8.359702529081234,
        "u": 0,
        "d": 17.244989420487503
    },
    "danielmarbach": {
        "p_n": 2.09811371780396,
        "f_b": -0.8743583297763617,
        "u_d": -17.48335948011825,
        "p": 9.131080835549454,
        "n": 7.032967117745494,
        "f": 7.6448448117592935,
        "b": 8.519203141535655,
        "u": -17.48335948011825,
        "d": 0
    },
    "MrKWatkins": {
        "p_n": 2.3181869712868455,
        "f_b": -0.2506977262138159,
        "u_d": -17.481426308080156,
        "p": 9.158586313865483,
        "n": 6.840399342578637,
        "f": 7.8741439651151515,
        "b": 8.124841691328967,
        "u": -17.481426308080156,
        "d": 0
    },
    "dabide": {
        "p_n": 1.8491358406790326,
        "f_b": -0.032833204109882885,
        "u_d": -17.493455004246123,
        "p": 9.001850918750083,
        "n": 7.152715078071051,
        "f": 8.060866396355625,
        "b": 8.093699600465508,
        "u": -17.493455004246123,
        "d": 0
    },
    "sekhat": {
        "p_n": 2.105904082613563,
        "f_b": -0.9007598624331123,
        "u_d": -16.709249510861806,
        "p": 8.98452374568908,
        "n": 6.878619663075517,
        "f": 7.481191773165742,
        "b": 8.381951635598854,
        "u": 0,
        "d": 16.709249510861806
    },
    "bartelink": {
        "p_n": 2.5078940745810225,
        "f_b": 0.058501472528353915,
        "u_d": -17.465178664285524,
        "p": 9.55264825953465,
        "n": 7.044754184953627,
        "f": 8.327951958508315,
        "b": 8.269450485979961,
        "u": -17.465178664285524,
        "d": 0
    },
    "salfab": {
        "p_n": 2.2177146302894855,
        "f_b": -0.6281882064563327,
        "u_d": -17.336377398514834,
        "p": 9.03922308519544,
        "n": 6.821508454905954,
        "f": 7.616271666822531,
        "b": 8.244459873278863,
        "u": 0,
        "d": 17.336377398514834
    },
    "MicahWray": {
        "p_n": 2.889767856130735,
        "f_b": 0.6492433634756694,
        "u_d": -17.487874675695203,
        "p": 9.095528608848952,
        "n": 6.205760752718216,
        "f": 7.975266362521419,
        "b": 7.326022999045749,
        "u": -17.487874675695203,
        "d": 0
    },
    "BrunoJuchli": {
        "p_n": 2.5937153287213697,
        "f_b": -0.6123650867559292,
        "u_d": -17.440907321432725,
        "p": 9.382375335795803,
        "n": 6.788660007074434,
        "f": 7.779335128057154,
        "b": 8.391700214813083,
        "u": 0,
        "d": 17.440907321432725
    },
    "scott-xu": {
        "p_n": 1.983048189958743,
        "f_b": -0.5424924603194281,
        "u_d": -17.081070040342997,
        "p": 8.959203467731482,
        "n": 6.976155277772739,
        "f": 7.696433142592397,
        "b": 8.238925602911825,
        "u": 0,
        "d": 17.081070040342997
    },
    "otakustay": {
        "p_n": 2.920679079522132,
        "f_b": 0.44632772075632765,
        "u_d": -17.915746924091053,
        "p": 9.092077748226945,
        "n": 6.171398668704813,
        "f": 7.8549020688440425,
        "b": 7.408574348087715,
        "u": 0,
        "d": 17.915746924091053
    },
    "onovotny": {
        "p_n": 1.8853421421438963,
        "f_b": -0.425064286180584,
        "u_d": -17.348247963777204,
        "p": 9.043248641196218,
        "n": 7.157906499052322,
        "f": 7.888045427033978,
        "b": 8.313109713214562,
        "u": 0,
        "d": 17.348247963777204
    },
    "dsplaisted": {
        "p_n": 1.6519400395145691,
        "f_b": -0.8585802488977077,
        "u_d": -17.42600090883449,
        "p": 9.273047972096204,
        "n": 7.621107932581635,
        "f": 8.017787827890066,
        "b": 8.876368076787774,
        "u": -17.42600090883449,
        "d": 0
    },
    "Soflar": {
        "p_n": 2.63540832803555,
        "f_b": -0.25291269928715554,
        "u_d": -17.631515051905037,
        "p": 8.78272122269629,
        "n": 6.1473128946607405,
        "f": 7.338560709034938,
        "b": 7.591473408322093,
        "u": 0,
        "d": 17.631515051905037
    },
    "ghost": {
        "p_n": 1.845312779593935,
        "f_b": -0.6814337230687215,
        "u_d": -17.969788662161385,
        "p": 9.186439913894315,
        "n": 7.34112713430038,
        "f": 7.923066662562986,
        "b": 8.604500385631708,
        "u": 0,
        "d": 17.969788662161385
    },
    "martinkoslof": {
        "p_n": 2.9514003164161533,
        "f_b": -0.05883664085730622,
        "u_d": -17.472908779377203,
        "p": 9.357259509129666,
        "n": 6.405859192713512,
        "f": 7.852141030492936,
        "b": 7.910977671350242,
        "u": -17.472908779377203,
        "d": 0
    },
    "ssakharov": {
        "p_n": 2.0786817392234447,
        "f_b": -0.7621193111090605,
        "u_d": -17.498042198632017,
        "p": 9.105046323876346,
        "n": 7.026364584652901,
        "f": 7.684645798710093,
        "b": 8.446765109819154,
        "u": -17.498042198632017,
        "d": 0
    },
    "Plasma": {
        "p_n": 2.366255065808218,
        "f_b": -0.811686148392635,
        "u_d": -17.011223483844965,
        "p": 8.89352847343634,
        "n": 6.5272734076281225,
        "f": 7.304557866335914,
        "b": 8.116244014728549,
        "u": 0,
        "d": 17.011223483844965
    },
    "cr7pt0gr4ph7": {
        "p_n": 2.025701684957781,
        "f_b": -1.1395672478146697,
        "u_d": -17.476584760590253,
        "p": 9.335879380063226,
        "n": 7.310177695105445,
        "f": 7.753244913676999,
        "b": 8.892812161491669,
        "u": -17.476584760590253,
        "d": 0
    },
    "drieseng": {
        "p_n": 2.0349662132664594,
        "f_b": -0.10088499079045654,
        "u_d": -17.4103821960231,
        "p": 9.09280799231845,
        "n": 7.057841779051991,
        "f": 8.024882390289992,
        "b": 8.125767381080449,
        "u": 0,
        "d": 17.4103821960231
    },
    "alexmbaker": {
        "p_n": 2.4343532069691287,
        "f_b": -0.7097425559442598,
        "u_d": -17.46088879692882,
        "p": 9.658790045838252,
        "n": 7.224436838869123,
        "f": 8.086742164381558,
        "b": 8.796484720325818,
        "u": -17.46088879692882,
        "d": 0
    },
    "iappert": {
        "p_n": 2.2308458884098687,
        "f_b": -0.5710734554394055,
        "u_d": -16.39328805595063,
        "p": 9.306191247291952,
        "n": 7.075345358882084,
        "f": 7.905231575367315,
        "b": 8.47630503080672,
        "u": 0,
        "d": 16.39328805595063
    },
    "mattwarren": {
        "p_n": 2.884056540592743,
        "f_b": -0.4309004945586796,
        "u_d": -16.345252919000266,
        "p": 9.324150024661437,
        "n": 6.440093484068694,
        "f": 7.666671507085725,
        "b": 8.097572001644405,
        "u": 0,
        "d": 16.345252919000266
    },
    "eminyuce": {
        "p_n": 2.4755054581713853,
        "f_b": -0.10030702329505736,
        "u_d": -17.335472781653632,
        "p": 8.944903142835734,
        "n": 6.469397684664349,
        "f": 7.656996902102513,
        "b": 7.75730392539757,
        "u": 0,