{
    "ansjsun": {
        "p_n": 1.742138247179163,
        "f_b": -0.6845563473504477,
        "u_d": -17.467950248807878,
        "p": 9.1588437203276,
        "n": 7.416705473148436,
        "f": 7.945496423062794,
        "b": 8.630052770413242,
        "u": -17.467950248807878,
        "d": 0
    },
    "nl19856": {
        "p_n": 2.454691811512223,
        "f_b": 0.6664076595168957,
        "u_d": -17.879116496610514,
        "p": 8.813615789517378,
        "n": 6.358923978005155,
        "f": 7.919473713519714,
        "b": 7.253066054002819,
        "u": 0,
        "d": 17.879116496610514
    },
    "daledude": {
        "p_n": 2.245127943014989,
        "f_b": -0.4498688904204631,
        "u_d": -17.519629977144298,
        "p": 9.502413863919614,
        "n": 7.257285920904625,
        "f": 8.154915447201889,
        "b": 8.604784337622352,
        "u": 0,
        "d": 17.519629977144298
    },
    "phani546": {
        "p_n": 2.8144462441794156,
        "f_b": 1.0401176803398977,
        "u_d": -17.49772415632838,
        "p": 8.759488528899892,
        "n": 5.9450422847204765,
        "f": 7.872324246980133,
        "b": 6.832206566640235,
        "u": 0,
        "d": 17.49772415632838
    },
    "omershelef": {
        "p_n": 1.6048897817458965,
        "f_b": -0.8460433564847278,
        "u_d": -17.483448636759558,
        "p": 9.254353112670767,
        "n": 7.6494633309248705,
        "f": 8.028886543555455,
        "b": 8.874929900040183,
        "u": -17.483448636759558,
        "d": 0
    },
    "allwefantasy": {
        "p_n": 2.1155474263365726,
        "f_b": -0.43495293379865174,
        "u_d": -17.489012496876192,
        "p": 9.194975604436582,
        "n": 7.0794281781000095,
        "f": 7.91972542436897,
        "b": 8.354678358167622,
        "u": -17.489012496876192,
        "d": 0
    },
    "ashclegit": {
        "p_n": 2.4139509201752993,
        "f_b": 0.4413841110375776,
        "u_d": -16.968768665875736,
        "p": 8.67828284426578,
        "n": 6.264331924090481,
        "f": 7.691999439696919,
        "b": 7.250615328659341,
        "u": 0,
        "d": 16.968768665875736
    },
    "eliranmoyal": {
        "p_n": 1.679072631209097,
        "f_b": -0.495528541570577,
        "u_d": -17.484755432602768,
        "p": 9.360907132863636,
        "n": 7.681834501654539,
        "f": 8.273606546473799,
        "b": 8.769135088044376,
        "u": -17.484755432602768,
        "d": 0
    },
    "jstortz": {
        "p_n": 1.728532132840435,
        "f_b": -0.011776335618611355,
        "u_d": -17.431557221625006,
        "p": 9.897362591913254,
        "n": 8.168830459072819,
        "f": 9.02720835768373,
        "b": 9.038984693302341,
        "u": -17.431557221625006,
        "d": 0
    },
    "jheimbouch": {
        "p_n": 1.613160236194461,
        "f_b": 0.039783622971519605,
        "u_d": -17.49873486820113,
        "p": 9.394722045759675,
        "n": 7.781561809565214,
        "f": 8.608033739148205,
        "b": 8.568250116176685,
        "u": -17.49873486820113,
        "d": 0
    },
    "yongkyun": {
        "p_n": 2.156933175594957,
        "f_b": -0.35744710482855346,
        "u_d": -17.467541346448748,
        "p": 9.23084399286066,
        "n": 7.073910817265703,
        "f": 7.973653852648905,
        "b": 8.331100957477458,
        "u": -17.467541346448748,
        "d": 0
    },
    "kyunam": {
        "p_n": 1.9057343853964568,
        "f_b": -0.5062744215344779,
        "u_d": -17.44466853125608,
        "p": 9.92590838165453,
        "n": 8.020173996258073,
        "f": 8.719903978189063,
        "b": 9.22617839972354,
        "u": -17.44466853125608,
        "d": 0
    },
    "satapsa": {
        "p_n": 1.5653059936091118,
        "f_b": -0.33075143726572254,
        "u_d": -17.218413073925987,
        "p": 8.853205190200313,
        "n": 7.2878991965912014,
        "f": 7.905176474762896,
        "b": 8.235927912028618,
        "u": 0,
        "d": 17.218413073925987
    },
    "ottboy4": {
        "p_n": 2.058734097510925,
        "f_b": -0.2499455711913523,
        "u_d": -17.46724104473993,
        "p": 9.459353908876126,
        "n": 7.4006198113652015,
        "f": 8.305014074524987,
        "b": 8.55495964571634,
        "u": -17.46724104473993,
        "d": 0
    },
    "ighack": {
        "p_n": 2.271849591374706,
        "f_b": 0.1670896475002479,
        "u_d": -17.492917013492466,
        "p": 9.004198067749003,
        "n": 6.732348476374297,
        "f": 7.951818095811774,
        "b": 7.784728448311526,
        "u": -17.492917013492466,
        "d": 0
    },
    "shi-yuan": {
        "p_n": 2.2641645804250388,
        "f_b": -0.14699403681730772,
        "u_d": -17.4760260538953,
        "p": 9.364547315139838,
        "n": 7.100382734714799,
        "f": 8.158968006518664,
        "b": 8.305962043335972,
        "u": -17.4760260538953,
        "d": 0
    },
    "javadevmtl": {
        "p_n": 1.6969532147217024,
        "f_b": -0.10937556800199211,
        "u_d": -17.483120258466446,
        "p": 9.347658605867547,
        "n": 7.650705391145845,
        "f": 8.4444942145057,
        "b": 8.553869782507691,
        "u": -17.483120258466446,
        "d": 0
    },
    "Selvinaz1984": {
        "p_n": 2.730246865483064,
        "f_b": 0.3504102167418388,
        "u_d": -17.05805528038253,
        "p": 8.662176760663995,
        "n": 5.9319298951809305,
        "f": 7.472258436293382,
        "b": 7.121848219551543,
        "u": 0,
        "d": 17.05805528038253
    },
    "chenyg0911": {
        "p_n": 2.094346564512901,
        "f_b": -0.45616044193947936,
        "u_d": -17.423878834309953,
        "p": 9.228885246064166,
        "n": 7.134538681551265,
        "f": 7.953631742837976,
        "b": 8.409792184777455,
        "u": -17.423878834309953,
        "d": 0
    },
    "gigouni": {
        "p_n": 2.4532456908137874,
        "f_b": -0.4142892847149495,
        "u_d": -17.46852162697025,
        "p": 9.26996774618095,
        "n": 6.816722055367162,
        "f": 7.836200258416581,
        "b": 8.25048954313153,
        "u": -17.46852162697025,
        "d": 0
    },
    "srijiths": {
        "p_n": 2.6249198476136097,
        "f_b": -0.767556595068748,
        "u_d": -17.433608771124867,
        "p": 9.38980629118485,
        "n": 6.764886443571241,
        "f": 7.693568069843672,
        "b": 8.46112466491242,
        "u": -17.433608771124867,
        "d": 0
    },
    "phingocchi": {
        "p_n": 1.7935182612601288,
        "f_b": -0.07041334158805057,
        "u_d": -17.48613884372737,
        "p": 9.510363444933988,
        "n": 7.716845183673859,
        "f": 8.578397643509899,
        "b": 8.648810985097949,
        "u": -17.48613884372737,
        "d": 0
    },
    "sivadas": {
        "p_n": 2.4707933029035187,
        "f_b": 0.7741099775868898,
        "u_d": -17.74736636949547,
        "p": 8.799320371589367,
        "n": 6.328527068685848,
        "f": 7.950978708931053,
        "b": 7.176868731344163,
        "u": 0,
        "d": 17.74736636949547
    },
    "Jacky0312": {
        "p_n": 2.6716421260662297,
        "f_b": 0.1341364985972442,
        "u_d": -16.395586800870007,
        "p": 8.79365329199645,
        "n": 6.122011165930219,
        "f": 7.524900478261957,
        "b": 7.390763979664713,
        "u": 0,
        "d": 16.395586800870007
    },
    "xForMe": {
        "p_n": 2.559891297396991,
        "f_b": 0.8931793861839132,
        "u_d": -15.903949041286928,
        "p": 9.018844323865597,
        "n": 6.458953026468606,
        "f": 8.185488368259058,
        "b": 7.292308982075145,
        "u": 0,
        "d": 15.903949041286928
    },
    "zhaolihe": {
        "p_n": 2.2549632553309173,
        "f_b": -0.07992518482397415,
        "u_d": -16.69333403214963,
        "p": 9.23719540786582,
        "n": 6.982232152534902,
        "f": 8.069751187788373,
        "b": 8.149676372612348,
        "u": 0,
        "d": 16.69333403214963
    },