{
    "andris9": {
        "p_n": 2.1207450411859456,
        "f_b": -0.7055237726481467,
        "u_d": -17.320261118273017,
        "p": 9.181553704637944,
        "n": 7.060808663451998,
        "f": 7.7684192977208975,
        "b": 8.473943070369044,
        "u": 0,
        "d": 17.320261118273017
    },
    "simontabor": {
        "p_n": 2.62083702393011,
        "f_b": -0.7651615765951973,
        "u_d": -16.037359373020244,
        "p": 8.759965522576106,
        "n": 6.139128498645996,
        "f": 7.066966222313452,
        "b": 7.832127798908649,
        "u": 0,
        "d": 16.037359373020244
    },
    "elbrook": {
        "p_n": 1.87734820222928,
        "f_b": 0.9746736719241467,
        "u_d": -17.134849587903247,
        "p": 8.859596408923938,
        "n": 6.982248206694658,
        "f": 8.408259143771371,
        "b": 7.433585471847224,
        "u": 0,
        "d": 17.134849587903247
    },
    "dukejones": {
        "p_n": 2.240782041697985,
        "f_b": 1.356344998772288,
        "u_d": -17.63452850275493,
        "p": 8.98094664613944,
        "n": 6.740164604441455,
        "f": 8.538728124676592,
        "b": 7.182383125904304,
        "u": 0,
        "d": 17.63452850275493
    },
    "igorjos": {
        "p_n": 2.4362156103968324,
        "f_b": 0.09803573415643108,
        "u_d": -17.537736765582707,
        "p": 8.80640214819519,
        "n": 6.370186537798357,
        "f": 7.637312210074988,
        "b": 7.539276475918557,
        "u": 0,
        "d": 17.537736765582707
    },
    "Yonysun": {
        "p_n": 1.7047329504200768,
        "f_b": -0.6620213205006191,
        "u_d": -16.83179336092008,
        "p": 8.992097829387525,
        "n": 7.287364878967448,
        "f": 7.808720693927176,
        "b": 8.470742014427795,
        "u": 0,
        "d": 16.83179336092008
    },
    "cavinsmith": {
        "p_n": 2.2906612851499926,
        "f_b": 0.384809731435789,
        "u_d": -17.448947348713006,
        "p": 9.341530393211887,
        "n": 7.050869108061894,
        "f": 8.388604616354785,
        "b": 8.003794884918996,
        "u": -17.448947348713006,
        "d": 0
    },
    "peernohell": {
        "p_n": 2.513458664806243,
        "f_b": -0.2301062427353422,
        "u_d": -17.89860393969077,
        "p": 9.072860591584323,
        "n": 6.55940192677808,
        "f": 7.70107813781353,
        "b": 7.931184380548872,
        "u": 0,
        "d": 17.89860393969077
    },
    "MrXyfir": {
        "p_n": 2.2864040178980254,
        "f_b": -0.5814802964475536,
        "u_d": -17.883551292536914,
        "p": 9.152100366368915,
        "n": 6.865696348470889,
        "f": 7.718158209196124,
        "b": 8.299638505643678,
        "u": 0,
        "d": 17.883551292536914
    }
}