{
    "bergie": {
        "p_n": 2.033815453027623,
        "f_b": -0.69493873932577,
        "u_d": -17.68405136103397,
        "p": 9.166224119263365,
        "n": 7.132408666235742,
        "f": 7.801847023086668,
        "b": 8.496785762412438,
        "u": 0,
        "d": 17.68405136103397
    },
    "mwawrusch": {
        "p_n": 2.3212239040053486,
        "f_b": -0.6015375808527637,
        "u_d": -17.594130548974263,
        "p": 9.254479519720672,
        "n": 6.933255615715323,
        "f": 7.793098777291615,
        "b": 8.394636358144378,
        "u": 0,
        "d": 17.594130548974263
    },
    "kenhkan": {
        "p_n": 2.214508837481125,
        "f_b": -0.7855594441754725,
        "u_d": -17.34147996465015,
        "p": 9.173174463488289,
        "n": 6.958665626007164,
        "f": 7.6731403226599895,
        "b": 8.458699766835462,
        "u": 0,
        "d": 17.34147996465015
    },
    "sirwobin": {
        "p_n": 2.5787979965625105,
        "f_b": -0.5490583446877686,
        "u_d": -17.482082123737317,
        "p": 9.464345443332434,
        "n": 6.885547446769923,
        "f": 7.900417272707294,
        "b": 8.449475617395063,
        "u": -17.482082123737317,
        "d": 0
    },
    "jonnor": {
        "p_n": 2.250699834673963,
        "f_b": -0.7169889127371345,
        "u_d": -17.33753038774821,
        "p": 9.163200360553532,
        "n": 6.912500525879569,
        "f": 7.679355986847982,
        "b": 8.396344899585117,
        "u": 0,
        "d": 17.33753038774821
    },
    "subtleGradient": {
        "p_n": 1.9042868112338542,
        "f_b": -1.0544857270435841,
        "u_d": -17.495599012820037,
        "p": 9.130323459714239,
        "n": 7.226036648480385,
        "f": 7.650937190575519,
        "b": 8.705422917619103,
        "u": -17.495599012820037,
        "d": 0
    },
    "Bartvds": {
        "p_n": 2.4759548229019313,
        "f_b": -0.8166042814357279,
        "u_d": -17.47498721173318,
        "p": 9.319092109005076,
        "n": 6.843137286103145,
        "f": 7.672812556836247,
        "b": 8.489416838271975,
        "u": -17.47498721173318,
        "d": 0
    },
    "forresto": {
        "p_n": 2.4642422059698967,
        "f_b": -0.8119034791608879,
        "u_d": -17.471652406016695,
        "p": 9.141221734462745,
        "n": 6.676979528492848,
        "f": 7.503148891897352,
        "b": 8.31505237105824,
        "u": -17.471652406016695,
        "d": 0
    },
    "Gozala": {
        "p_n": 2.688152550594088,
        "f_b": -0.680906229575978,
        "u_d": -17.956002894845998,
        "p": 9.030327876754248,
        "n": 6.342175326160159,
        "f": 7.345798486669214,
        "b": 8.026704716245192,
        "u": 0,
        "d": 17.956002894845998
    },
    "jpaulm": {
        "p_n": 2.5173154041781673,
        "f_b": -0.5200387131470174,
        "u_d": -17.491849585139253,
        "p": 9.365705818112994,
        "n": 6.848390413934827,
        "f": 7.847028759450402,
        "b": 8.36706747259742,
        "u": -17.491849585139253,
        "d": 0
    },
    "ghost": {
        "p_n": 2.1114884040690667,
        "f_b": -0.45193740884157485,
        "u_d": -17.63879003968907,
        "p": 9.019961793218492,
        "n": 6.908473389149425,
        "f": 7.738248886763172,
        "b": 8.190186295604747,
        "u": 0,
        "d": 17.63879003968907
    },
    "intrz": {
        "p_n": 1.7741773026892602,
        "f_b": -1.0235304001617749,
        "u_d": -17.453507025659135,
        "p": 9.708445761683638,
        "n": 7.934268458994378,
        "f": 8.30959191025812,
        "b": 9.333122310419895,
        "u": -17.453507025659135,
        "d": 0
    },
    "trustmaster": {
        "p_n": 2.1197240535903132,
        "f_b": -0.6845595527346422,
        "u_d": -17.494966525921615,
        "p": 9.125434794289287,
        "n": 7.005710740698974,
        "f": 7.72329299112681,
        "b": 8.407852543861452,
        "u": -17.494966525921615,
        "d": 0
    },
    "paulyoung": {
        "p_n": 2.7301982210378863,
        "f_b": -0.675744910358647,
        "u_d": -16.817174895013164,
        "p": 9.350827461829752,
        "n": 6.620629240791866,
        "f": 7.647855896131485,
        "b": 8.323600806490132,
        "u": 0,
        "d": 16.817174895013164
    },
    "rhalff": {
        "p_n": 2.8270979824122158,
        "f_b": 0.3360169935346349,
        "u_d": -17.4864127428875,
        "p": 9.087596509116423,
        "n": 6.2604985267042075,
        "f": 7.842056014677633,
        "b": 7.506039021142998,
        "u": -17.4864127428875,
        "d": 0
    },
    "djdeath": {
        "p_n": 2.0098389160687553,
        "f_b": -0.6917217265953575,
        "u_d": -17.788272746741317,
        "p": 9.29322839844081,
        "n": 7.283389482372055,
        "f": 7.942448077108754,
        "b": 8.634169803704111,
        "u": 0,
        "d": 17.788272746741317
    },
    "automata": {
        "p_n": 2.9541747637350158,
        "f_b": 0.3630037361936438,
        "u_d": -17.36086094839577,
        "p": 8.887683296422775,
        "n": 5.9335085326877595,
        "f": 7.59209778265209,
        "b": 7.229094046458446,
        "u": 0,
        "d": 17.36086094839577
    },
    "hayesmg": {
        "p_n": 2.2963345472226786,
        "f_b": -0.7905811460812,
        "u_d": -17.30172214419864,
        "p": 9.26810622561739,
        "n": 6.971771678394711,
        "f": 7.724648378965449,
        "b": 8.51522952504665,
        "u": 0,
        "d": 17.30172214419864
    },
    "jskrzypek": {
        "p_n": 2.178989630058499,
        "f_b": -0.726039464974674,
        "u_d": -17.483579819030666,
        "p": 9.141462092901676,
        "n": 6.962472462843177,
        "f": 7.688947545385091,
        "b": 8.414987010359765,
        "u": -17.483579819030666,
        "d": 0
    },
    "dremekie": {
        "p_n": 2.41814769480777,
        "f_b": -0.00895593910210657,
        "u_d": -17.472875369284253,
        "p": 8.93573119600931,
        "n": 6.517583501201541,
        "f": 7.7221793790543725,
        "b": 7.731135318156479,
        "u": -17.472875369284253,
        "d": 0
    },
    "oleksandr": {
        "p_n": 1.9439746669155689,
        "f_b": -0.9996102445318167,
        "u_d": -17.468685170748817,
        "p": 9.179208208207507,
        "n": 7.235233541291938,
        "f": 7.707415752483814,
        "b": 8.70702599701563,
        "u": -17.468685170748817,
        "d": 0
    },
    "robhawkes": {
        "p_n": 2.855874397681415,
        "f_b": -0.20334418085438966,
        "u_d": -16.747863173867668,
        "p": 8.846624659858037,
        "n": 5.990750262176622,
        "f": 7.317015370590134,
        "b": 7.520359551444524,
        "u": 0,
        "d": 16.747863173867668
    },
    "ComFreek": {
        "p_n": 2.517951161918605,
        "f_b": -0.287686142759215,
        "u_d": -14.764792574148267,
        "p": 8.577535859863843,
        "n": 6.059584697945239,
        "f": 7.1747172075249335,
        "b": 7.4624033502841485,
        "u": 0,
        "d": 14.764792574148267
    },
    "aretecode": {
        "p_n": 1.8199224825105382,
        "f_b": -0.9303531913587761,
        "u_d": -17.45635212993456,
        "p": 9.208345019426854,
        "n": 7.388422536916316,
        "f": 7.833207182492197,
        "b": 8.763560373850973,
        "u": -17.45635212993456,
        "d": 0
    },
    "afshin2003": {
        "p_n": 2.349475955831606,
        "f_b": -0.7211012902520864,
        "u_d": -17.44829709939363,
        "p": 9.158308784900882,
        "n": 6.808832829069276,
        "f": 7.623020161859035,
        "b": 8.344121452111121,
        "u": -17.44829709939363,
        "d": 0
    },
    "coderany": {
        "p_n": 2.2280521617162474,
        "f_b": 0.10496572413511096,
        "u_d": -15.772380412844603,
        "p": 8.828229667529333,
        "n": 6.600177505813086,
        "f": 7.766686448738765,
        "b": 7.661720724603654,
        "u": 0,
        "d": 15.772380412844603
    },