{
    "nostalgiaz": {
        "p_n": 2.0762710268405495,
        "f_b": -0.00019151946926143637,
        "u_d": -17.507538068021315,
        "p": 9.398258335771185,
        "n": 7.321987308930636,
        "f": 8.360027062616279,
        "b": 8.36021858208554,
        "u": 0,
        "d": 17.507538068021315
    },
    "kaansoral": {
        "p_n": 2.117596615274903,
        "f_b": -1.0322723921937333,
        "u_d": -15.837013493605575,
        "p": 9.131484371172967,
        "n": 7.013887755898064,
        "f": 7.556549867438648,
        "b": 8.588822259632382,
        "u": 0,
        "d": 15.837013493605575
    },
    "Bearcosta": {
        "p_n": 1.9789795521560265,
        "f_b": -0.6228341450142381,
        "u_d": -17.389906363426064,
        "p": 9.134914146770727,
        "n": 7.155934594614701,
        "f": 7.834007298185595,
        "b": 8.456841443199833,
        "u": 0,
        "d": 17.389906363426064
    },
    "arnaldodg": {
        "p_n": 1.9631191128826275,
        "f_b": -0.33960794879181755,
        "u_d": -17.450566457186735,
        "p": 9.316426628748632,
        "n": 7.353307515866004,
        "f": 8.165063097911409,
        "b": 8.504671046703226,
        "u": -17.450566457186735,
        "d": 0
    },
    "volpino": {
        "p_n": 2.152307284176832,
        "f_b": 0.10540714148359243,
        "u_d": -17.496562619328113,
        "p": 9.509468044341848,
        "n": 7.357160760165016,
        "f": 8.486017972995228,
        "b": 8.380610831511635,
        "u": -17.496562619328113,
        "d": 0
    },
    "LostCrew": {
        "p_n": 2.0669078403461185,
        "f_b": -0.157617096504179,
        "u_d": -17.774417587621848,
        "p": 9.483508842861385,
        "n": 7.416601002515266,
        "f": 8.371246374436236,
        "b": 8.528863470940415,
        "u": 0,
        "d": 17.774417587621848
    },
    "BdMdesigN": {
        "p_n": 1.6252489284283316,
        "f_b": -0.621352455930845,
        "u_d": -17.494717449252118,
        "p": 8.988648721979043,
        "n": 7.363399793550712,
        "f": 7.8653480297994545,
        "b": 8.4867004857303,
        "u": -17.494717449252118,
        "d": 0
    },
    "frapontillo": {
        "p_n": 1.8577400866650446,
        "f_b": -0.5177584685942218,
        "u_d": -17.77191736399394,
        "p": 8.881143783235276,
        "n": 7.023403696570231,
        "f": 7.693394505605642,
        "b": 8.211152974199864,
        "u": 0,
        "d": 17.77191736399394
    },
    "Pasvaz": {
        "p_n": 2.1081202779419144,
        "f_b": -0.588228136314414,
        "u_d": -17.451257333752523,
        "p": 9.141265274331905,
        "n": 7.033144996389991,
        "f": 7.793091067203741,
        "b": 8.381319203518155,
        "u": -17.451257333752523,
        "d": 0
    },
    "mattpi": {
        "p_n": 2.025789861839013,
        "f_b": -0.3908502166511827,
        "u_d": -17.425887697637464,
        "p": 9.300394407714279,
        "n": 7.274604545875266,
        "f": 8.09207436846918,
        "b": 8.482924585120363,
        "u": -17.425887697637464,
        "d": 0
    },
    "michaek": {
        "p_n": 2.845858561002254,
        "f_b": -0.46231663958623326,
        "u_d": -16.13963373422554,
        "p": 9.42007669570625,
        "n": 6.574218134703996,
        "f": 7.765989095412006,
        "b": 8.228305734998239,
        "u": 0,
        "d": 16.13963373422554
    },
    "SergeyBarskiy": {
        "p_n": 2.2286677462659386,
        "f_b": -0.37042643324507196,
        "u_d": -17.409884165950395,
        "p": 9.588016295439942,
        "n": 7.359348549174004,
        "f": 8.288469205684438,
        "b": 8.65889563892951,
        "u": 0,
        "d": 17.409884165950395
    },
    "nkostadinov": {
        "p_n": 1.9488671969518077,
        "f_b": -0.5191961778584577,
        "u_d": -17.499881560697684,
        "p": 9.414461882224995,
        "n": 7.465594685273187,
        "f": 8.180430194819863,
        "b": 8.69962637267832,
        "u": -17.499881560697684,
        "d": 0
    },
    "stefanocudini": {
        "p_n": 1.7471728600922116,
        "f_b": -0.5167530942726968,
        "u_d": -17.814825977496515,
        "p": 8.83307170352402,
        "n": 7.085898843431808,
        "f": 7.701108726341565,
        "b": 8.217861820614262,
        "u": 0,
        "d": 17.814825977496515
    },
    "SkeLLLa": {
        "p_n": 2.0571877028321426,
        "f_b": -0.580108557468817,
        "u_d": -15.85393096788398,
        "p": 8.828863399750036,
        "n": 6.771675696917893,
        "f": 7.510215269599556,
        "b": 8.090323827068373,
        "u": 0,
        "d": 15.85393096788398
    },
    "raveren": {
        "p_n": 2.2111535126939135,
        "f_b": -0.7735898908938399,
        "u_d": -17.492613404126686,
        "p": 9.18625082076219,
        "n": 6.9750973080682765,
        "f": 7.693879118968313,
        "b": 8.467469009862153,
        "u": -17.492613404126686,
        "d": 0
    },
    "pytkin": {
        "p_n": 1.974021168304283,
        "f_b": -0.7568395146426834,
        "u_d": -17.45537917576869,
        "p": 8.737986297539134,
        "n": 6.763965129234851,
        "f": 7.372555956065652,
        "b": 8.129395470708335,
        "u": -17.45537917576869,
        "d": 0
    },
    "h-sobhy": {
        "p_n": 1.5986199722710293,
        "f_b": -1.049637912340005,
        "u_d": -16.435611124678704,
        "p": 9.143446967294599,
        "n": 7.54482699502357,
        "f": 7.819318024989082,
        "b": 8.868955937329087,
        "u": 0,
        "d": 16.435611124678704
    },
    "cvsguimaraes": {
        "p_n": 2.452906272415106,
        "f_b": -0.21325688872762694,
        "u_d": -15.729728490221301,
        "p": 9.017061179609517,
        "n": 6.5641549071944105,
        "f": 7.6839795990381505,
        "b": 7.8972364877657775,
        "u": 0,
        "d": 15.729728490221301
    },
    "jurgenvo": {
        "p_n": 1.683318369657849,
        "f_b": 0.051469800122325715,
        "u_d": -17.468314260380254,
        "p": 8.780341296268354,
        "n": 7.097022926610505,
        "f": 7.964417011500592,
        "b": 7.912947211378266,
        "u": -17.468314260380254,
        "d": 0
    },
    "sotarules": {
        "p_n": 1.912355051184825,
        "f_b": -1.0729571340343398,
        "u_d": -16.79219506512912,
        "p": 8.971169346545032,
        "n": 7.058814295360207,
        "f": 7.47851325393545,
        "b": 8.55147038796979,
        "u": 0,
        "d": 16.79219506512912
    },
    "Vadorequest": {
        "p_n": 2.4345655335502254,
        "f_b": -0.7049585888938115,
        "u_d": -17.17682428110917,
        "p": 9.243602480499309,
        "n": 6.8090369469490835,
        "f": 7.67384041927729,
        "b": 8.378799008171102,
        "u": 0,
        "d": 17.17682428110917
    },
    "marclaporte": {
        "p_n": 1.60222092717866,
        "f_b": -0.29356975453881695,
        "u_d": -17.479421334447597,
        "p": 9.38591927828412,
        "n": 7.7836983511054605,
        "f": 8.438023937425381,
        "b": 8.731593691964198,
        "u": -17.479421334447597,
        "d": 0
    },
    "onebree": {
        "p_n": 2.113187036170136,
        "f_b": -0.6166779563468037,
        "u_d": -17.486795870059243,
        "p": 9.135743724176299,
        "n": 7.022556688006163,
        "f": 7.770811227917829,
        "b": 8.387489184264632,
        "u": -17.486795870059243,
        "d": 0
    },
    "Adspectus": {
        "p_n": 1.8126944406922698,
        "f_b": 0.17673896494251196,
        "u_d": -17.468671223768535,
        "p": 9.062295360995504,
        "n": 7.2496009203032346,
        "f": 8.244317623120626,
        "b": 8.067578658178114,
        "u": -17.468671223768535,
        "d": 0
    },
    "bonesoul": {
        "p_n": 2.088218952101636,
        "f_b": -0.36942438032965974,
        "u_d": -17.280482568562913,
        "p": 8.76022393265671,
        "n": 6.672004980555075,
        "f": 7.531402266441063,
        "b": 7.900826646770723,
        "u": 0,