{
    "Nyx0uf": {
        "p_n": 2.3482498266922276,
        "f_b": 0.20118786222974983,
        "u_d": -17.418923908881162,
        "p": 10.077638661802181,
        "n": 7.729388835109954,
        "f": 9.004107679570943,
        "b": 8.802919817341193,
        "u": -17.418923908881162,
        "d": 0
    }
}