{
    "oakes": {
        "p_n": 2.035748223270452,
        "f_b": -0.5109471672128327,
        "u_d": -15.414300776240546,
        "p": 9.011979531475433,
        "n": 6.976231308204981,
        "f": 7.7386318362337905,
        "b": 8.249579003446623,
        "u": 0,
        "d": 15.414300776240546
    },
    "ivanceras": {
        "p_n": 2.7414009244597457,
        "f_b": 0.34085880765898935,
        "u_d": -14.976504185386302,
        "p": 8.916794549104441,
        "n": 6.175393624644696,
        "f": 7.716523490704064,
        "b": 7.375664683045074,
        "u": 0,
        "d": 14.976504185386302
    },
    "leonardinius": {
        "p_n": 2.102598871493404,
        "f_b": 0.3805486147852353,
        "u_d": -16.19928475585545,
        "p": 8.736217649810715,
        "n": 6.633618778317311,
        "f": 7.875192521456631,
        "b": 7.494643906671396,
        "u": 0,
        "d": 16.19928475585545
    },
    "bluealert": {
        "p_n": 2.2644066887798946,
        "f_b": 0.9487460624930204,
        "u_d": -16.955463119462078,
        "p": 8.89328143976364,
        "n": 6.628874750983746,
        "f": 8.235451126620204,
        "b": 7.286705064127183,
        "u": 0,
        "d": 16.955463119462078
    },
    "Sean1708": {
        "p_n": 2.3767297189471854,
        "f_b": 0.8636824377367702,
        "u_d": -17.382389404774706,
        "p": 8.989092907348786,
        "n": 6.6123631884016,
        "f": 8.232569266743578,
        "b": 7.368886829006808,
        "u": 0,
        "d": 17.382389404774706
    },
    "alsam": {
        "p_n": 1.6854218692927967,
        "f_b": 0.25525620689312767,
        "u_d": -16.89168553382781,
        "p": 8.87588763332682,
        "n": 7.190465764034024,
        "f": 8.160804802126986,
        "b": 7.905548595233858,
        "u": 0,
        "d": 16.89168553382781
    },
    "cetra3": {
        "p_n": 1.952090611733711,
        "f_b": 0.8911807688258095,
        "u_d": -16.62315133186514,
        "p": 8.907464908214362,
        "n": 6.955374296480651,
        "f": 8.377009986760411,
        "b": 7.485829217934602,
        "u": 0,
        "d": 16.62315133186514
    },
    "ActualizeInMaterial": {
        "p_n": 2.056321785262348,
        "f_b": 1.1724225198751608,
        "u_d": -15.984221840993833,
        "p": 8.690306226349811,
        "n": 6.633984441087463,
        "f": 8.248356593656219,
        "b": 7.075934073781058,
        "u": 0,
        "d": 15.984221840993833
    }
}