{
    "oakes": {
        "p_n": 2.1216568037625,
        "f_b": -0.60675466561087,
        "u_d": -16.794665036221012,
        "p": 9.266535258786101,
        "n": 7.144878455023601,
        "f": 7.902329524099416,
        "b": 8.509084189710286,
        "u": 0,
        "d": 16.794665036221012
    },
    "Misophistful": {
        "p_n": 2.486477697357503,
        "f_b": -0.16464693139363273,
        "u_d": -15.571543116115249,
        "p": 8.601074016785958,
        "n": 6.114596319428455,
        "f": 7.27551170241039,
        "b": 7.440158633804023,
        "u": 0,
        "d": 15.571543116115249
    },
    "anthgur": {
        "p_n": 2.101246215051267,
        "f_b": -0.7917429011914816,
        "u_d": -16.280478346636777,
        "p": 9.26262158801923,
        "n": 7.161375372967964,
        "f": 7.8161270298978565,
        "b": 8.607869931089338,
        "u": 0,
        "d": 16.280478346636777
    },
    "patrickmcelwee": {
        "p_n": 2.107007803012057,
        "f_b": 0.6295005076890785,
        "u_d": -17.71773022322673,
        "p": 8.981072842562135,
        "n": 6.874065039550078,
        "f": 8.242319194900645,
        "b": 7.612818687211567,
        "u": 0,
        "d": 17.71773022322673
    },
    "ysmolsky": {
        "p_n": 2.4467864174537564,
        "f_b": -0.6173235545327111,
        "u_d": -17.185599436773337,
        "p": 9.188660170957071,
        "n": 6.741873753503315,
        "f": 7.656605184963838,
        "b": 8.273928739496549,
        "u": 0,
        "d": 17.185599436773337
    },
    "dparis": {
        "p_n": 2.755982734516925,
        "f_b": -0.7577006177290233,
        "u_d": -17.37977208095714,
        "p": 9.5306910789636,
        "n": 6.774708344446674,
        "f": 7.773849402840625,
        "b": 8.531550020569648,
        "u": 0,
        "d": 17.37977208095714
    },
    "DjebbZ": {
        "p_n": 1.4896486688093749,
        "f_b": -0.5136489989487831,
        "u_d": -15.458343725967605,
        "p": 9.079044652424521,
        "n": 7.589395983615146,
        "f": 8.077395818545442,
        "b": 8.591044817494225,
        "u": 0,
        "d": 15.458343725967605
    },
    "joshuafcole": {
        "p_n": 2.7576593384362846,
        "f_b": -0.7649366157910542,
        "u_d": -17.033949279079543,
        "p": 9.118176838105748,
        "n": 6.360517499669464,
        "f": 7.356878860992079,
        "b": 8.121815476783134,
        "u": 0,
        "d": 17.033949279079543
    },
    "brycecovert": {
        "p_n": 2.543462773438206,
        "f_b": -0.2749441945229485,
        "u_d": -17.46222482434356,
        "p": 9.347928885803054,
        "n": 6.804466112364848,
        "f": 7.9387254018224755,
        "b": 8.213669596345424,
        "u": -17.46222482434356,
        "d": 0
    },
    "floybix": {
        "p_n": 2.7330668767006916,
        "f_b": -0.7785789229253055,
        "u_d": -16.309461680369118,
        "p": 9.34215481231378,
        "n": 6.609087935613088,
        "f": 7.586331912500782,
        "b": 8.364910835426087,
        "u": 0,
        "d": 16.309461680369118
    },
    "MasterMastic": {
        "p_n": 3.1814780260362667,
        "f_b": -0.2766067877010103,
        "u_d": -16.423303490562276,
        "p": 9.664205964038834,
        "n": 6.482727938002567,
        "f": 7.935163557170195,
        "b": 8.211770344871205,
        "u": 0,
        "d": 16.423303490562276
    }
}