{
    "Jahnp": {
        "p_n": 2.0788614216494388,
        "f_b": 0.03945089890552289,
        "u_d": -17.49422085960205,
        "p": 9.71940804390562,
        "n": 7.640546622256181,
        "f": 8.699702782533663,
        "b": 8.66025188362814,
        "u": -17.49422085960205,
        "d": 0
    },
    "philworthington": {
        "p_n": 1.966435633380958,
        "f_b": -0.4633137390605331,
        "u_d": -17.48466267640362,
        "p": 9.387881480297477,
        "n": 7.4214458469165185,
        "f": 8.17300679407673,
        "b": 8.636320533137264,
        "u": -17.48466267640362,
        "d": 0
    },
    "notandrew": {
        "p_n": 1.9027690247340612,
        "f_b": -0.2546193773500054,
        "u_d": -17.46594467430166,
        "p": 9.402907292528234,
        "n": 7.500138267794172,
        "f": 8.3242130914862,
        "b": 8.578832468836206,
        "u": -17.46594467430166,
        "d": 0
    },
    "battletoilet": {
        "p_n": 1.7737065136615913,
        "f_b": -0.06912969560876192,
        "u_d": -17.920566214068202,
        "p": 9.663440162813508,
        "n": 7.889733649151917,
        "f": 8.742022058178332,
        "b": 8.811151753787094,
        "u": 0,
        "d": 17.920566214068202
    },
    "LezaMax": {
        "p_n": 1.3910995471137344,
        "f_b": -0.08061070501025291,
        "u_d": -17.479727870442527,
        "p": 9.80013220821969,
        "n": 8.409032661105956,
        "f": 9.064277082157696,
        "b": 9.14488778716795,
        "u": -17.479727870442527,
        "d": 0
    },
    "andrewconnell": {
        "p_n": 1.5480335847820168,
        "f_b": -0.5208582520458638,
        "u_d": -17.691790811692734,
        "p": 9.189177647778024,
        "n": 7.641144062996007,
        "f": 8.154731729364084,
        "b": 8.675589981409948,
        "u": 0,
        "d": 17.691790811692734
    },
    "StfBauer": {
        "p_n": 2.0177363852574555,
        "f_b": -0.7831894305096814,
        "u_d": -17.479572443747752,
        "p": 9.368849804262995,
        "n": 7.351113419005539,
        "f": 7.968386896379426,
        "b": 8.751576326889108,
        "u": -17.479572443747752,
        "d": 0
    },
    "ericthompson": {
        "p_n": 2.010892754364482,
        "f_b": -0.14434170161946902,
        "u_d": -17.478288039780676,
        "p": 9.662588154112047,
        "n": 7.651695399747565,
        "f": 8.584970926120072,
        "b": 8.72931262773954,
        "u": -17.478288039780676,
        "d": 0
    },
    "mikewheaton": {
        "p_n": 1.907152368450019,
        "f_b": -0.3052724883743547,
        "u_d": -17.491944160501856,
        "p": 9.445464946607807,
        "n": 7.538312578157788,
        "f": 8.33925251819562,
        "b": 8.644525006569975,
        "u": -17.491944160501856,
        "d": 0
    },
    "purtuga": {
        "p_n": 2.1490409171012637,
        "f_b": -0.28721328876497054,
        "u_d": -17.49751019826692,
        "p": 9.67018395207431,
        "n": 7.521143034973047,
        "f": 8.452056849141194,
        "b": 8.739270137906164,
        "u": -17.49751019826692,
        "d": 0
    },
    "wdo3650": {
        "p_n": 1.942962482424539,
        "f_b": -0.42131972418231456,
        "u_d": -17.463949663450876,
        "p": 9.516098036654448,
        "n": 7.573135554229909,
        "f": 8.333956933351022,
        "b": 8.755276657533337,
        "u": -17.463949663450876,
        "d": 0
    },
    "aremes": {
        "p_n": 2.361515271277094,
        "f_b": -0.4066320182718197,
        "u_d": -17.498422470292095,
        "p": 9.226624606672953,
        "n": 6.865109335395859,
        "f": 7.842550961898496,
        "b": 8.249182980170316,
        "u": -17.498422470292095,
        "d": 0
    },
    "oising": {
        "p_n": 2.1526883785984783,
        "f_b": -0.44545592092549136,
        "u_d": -17.807988109747306,
        "p": 9.171095109550462,
        "n": 7.018406730951984,
        "f": 7.872022959788477,
        "b": 8.317478880713969,
        "u": 0,
        "d": 17.807988109747306
    },
    "gautamsi": {
        "p_n": 1.5466351439648331,
        "f_b": -0.9216500582817284,
        "u_d": -17.486641303806373,
        "p": 9.212244011065263,
        "n": 7.665608867100429,
        "f": 7.978101409941982,
        "b": 8.89975146822371,
        "u": -17.486641303806373,
        "d": 0
    },
    "johnnyongesa": {
        "p_n": 1.2251414288037443,
        "f_b": -0.6486552419083527,
        "u_d": -17.46830732478158,
        "p": 9.042658930346937,
        "n": 7.817517501543192,
        "f": 8.105760594990889,
        "b": 8.754415836899241,
        "u": -17.46830732478158,
        "d": 0
    },
    "msftclas": {
        "p_n": 1.8855849129664746,
        "f_b": 0.15604662030433403,
        "u_d": -17.41277502804669,
        "p": 9.704447286265747,
        "n": 7.818862373299273,
        "f": 8.839678139934676,
        "b": 8.683631519630342,
        "u": -17.41277502804669,
        "d": 0
    },
    "elegault": {
        "p_n": 2.459900510509316,
        "f_b": -0.6828423003985247,
        "u_d": -17.94607465732863,
        "p": 9.32041790913547,
        "n": 6.860517398626154,
        "f": 7.74904650368155,
        "b": 8.431888804080074,
        "u": 0,
        "d": 17.94607465732863
    },
    "manndave": {
        "p_n": 2.2746248006771665,
        "f_b": -0.45225347278060113,
        "u_d": -16.753200207833284,
        "p": 9.45891171259847,
        "n": 7.184286911921303,
        "f": 8.095472575869586,
        "b": 8.547726048650187,
        "u": 0,
        "d": 16.753200207833284
    },
    "jimbarrett33": {
        "p_n": 1.979511335114882,
        "f_b": -0.7697424904526553,
        "u_d": -17.493124451154312,
        "p": 9.465560890273064,
        "n": 7.486049555158182,
        "f": 8.090933977489296,
        "b": 8.860676467941952,
        "u": -17.493124451154312,
        "d": 0
    },
    "cut2run": {
        "p_n": 1.8581333388793526,
        "f_b": 0.0635305239106927,
        "u_d": -17.82277381545309,
        "p": 9.361404889754862,
        "n": 7.5032715508755095,
        "f": 8.464103482270533,
        "b": 8.40057295835984,
        "u": 0,
        "d": 17.82277381545309
    },
    "lijunle": {
        "p_n": 1.8908733833630054,
        "f_b": -0.5332485620769258,
        "u_d": -17.490868440756532,
        "p": 9.245818541614616,
        "n": 7.354945158251611,
        "f": 8.03375756889465,
        "b": 8.567006130971576,
        "u": -17.490868440756532,
        "d": 0
    },
    "kasajian": {
        "p_n": 2.581530991292178,
        "f_b": -0.12704894015928403,
        "u_d": -17.48254180438121,
        "p": 9.815771647621965,
        "n": 7.234240656329787,
        "f": 8.461481681896233,
        "b": 8.588530622055517,
        "u": -17.48254180438121,
        "d": 0
    },
    "leekaiwei": {
        "p_n": 2.190786557335384,
        "f_b": -0.519544113151575,
        "u_d": -17.486152992265282,
        "p": 8.94220130264572,
        "n": 6.751414745310337,
        "f": 7.58703596740224,
        "b": 8.106580080553815,
        "u": 0,
        "d": 17.486152992265282
    },
    "LarsKemmann": {
        "p_n": 1.6646371582463804,
        "f_b": -0.524083566239808,
        "u_d": -17.494394903057675,
        "p": 9.356992441035203,
        "n": 7.692355282788823,
        "f": 8.262632078792109,
        "b": 8.786715645031917,
        "u": -17.494394903057675,
        "d": 0
    },
    "Danny-Engelman": {
        "p_n": 2.01399774277552,
        "f_b": -0.9058973284603846,
        "u_d": -16.862568772897404,
        "p": 9.107398932507902,
        "n": 7.093401189732382,
        "f": 7.64745139688995,
        "b": 8.553348725350334,
        "u": 0,
        "d": 16.862568772897404
    },
    "nero120": {
        "p_n": 2.4212256192422963,
        "f_b": -0.5688520288091041,
        "u_d": -17.781254472220603,
        "p": 9.281892898915878,
        "n": 6.8606672796735815,
        "f": 7.786854074890178,
        "b": 8.355706103699282,
        "u": 0,