{
    "oliviertassinari": {
        "p_n": 1.989987621681598,
        "f_b": -0.46899953406714623,
        "u_d": -17.61930119428252,
        "p": 9.304886957412268,
        "n": 7.31489933573067,
        "f": 8.075393379537896,
        "b": 8.544392913605042,
        "u": 0,
        "d": 17.61930119428252
    },
    "jardakotesovec": {
        "p_n": 2.1972713898453975,
        "f_b": -0.29846721670734055,
        "u_d": -15.765938377339294,
        "p": 9.412986252135443,
        "n": 7.215714862290046,
        "f": 8.165116948859074,
        "b": 8.463584165566415,
        "u": 0,
        "d": 15.765938377339294
    },
    "funkyeah": {
        "p_n": 1.979543378401159,
        "f_b": -0.48007055925341025,
        "u_d": -15.69066683859833,
        "p": 9.02228143267272,
        "n": 7.042738054271561,
        "f": 7.792474463845436,
        "b": 8.272545023098846,
        "u": 0,
        "d": 15.69066683859833
    },
    "nimahkh": {
        "p_n": 2.47553423753814,
        "f_b": -0.04013595527005265,
        "u_d": -17.49720725650088,
        "p": 9.423209176203162,
        "n": 6.947674938665022,
        "f": 8.165374079799065,
        "b": 8.205510035069118,
        "u": -17.49720725650088,
        "d": 0
    },
    "jasan-s": {
        "p_n": 2.101241251033853,
        "f_b": -0.5613740827199472,
        "u_d": -17.447775176694766,
        "p": 9.116862119622205,
        "n": 7.015620868588352,
        "f": 7.785554452745304,
        "b": 8.346928535465251,
        "u": -17.447775176694766,
        "d": 0
    },
    "ashl1": {
        "p_n": 2.3800615135208014,
        "f_b": -0.655113148663049,
        "u_d": -17.488701140587455,
        "p": 9.16368767106908,
        "n": 6.783626157548279,
        "f": 7.646100339977155,
        "b": 8.301213488640204,
        "u": -17.488701140587455,
        "d": 0
    },
    "steezeburger": {
        "p_n": 2.49019534213255,
        "f_b": -0.2284125971418023,
        "u_d": -16.72398186369125,
        "p": 9.126801996796438,
        "n": 6.636606654663888,
        "f": 7.767498027159261,
        "b": 7.995910624301064,
        "u": 0,
        "d": 16.72398186369125
    },
    "Nopik": {
        "p_n": 2.2414491841708566,
        "f_b": -0.45011603482619655,
        "u_d": -17.49636745039477,
        "p": 9.488303204039276,
        "n": 7.24685401986842,
        "f": 8.14252059454075,
        "b": 8.592636629366947,
        "u": -17.49636745039477,
        "d": 0
    },
    "yoadsn": {
        "p_n": 2.0591362179277803,
        "f_b": -0.4957175568758263,
        "u_d": -16.608492552918825,
        "p": 9.224940407234218,
        "n": 7.165804189306438,
        "f": 7.947513519832414,
        "b": 8.44323107670824,
        "u": 0,
        "d": 16.608492552918825
    },
    "damusnet": {
        "p_n": 2.011559394325144,
        "f_b": -0.24370804391893586,
        "u_d": -17.891323146084886,
        "p": 9.577962680833096,
        "n": 7.566403286507952,
        "f": 8.450328961711055,
        "b": 8.69403700562999,
        "u": 0,
        "d": 17.891323146084886
    },
    "robrkerr": {
        "p_n": 3.0587183920359635,
        "f_b": -0.1422067192657508,
        "u_d": -17.496911285955655,
        "p": 9.684125070208417,
        "n": 6.625406678172453,
        "f": 8.08366251455756,
        "b": 8.22586923382331,
        "u": -17.496911285955655,
        "d": 0
    },
    "ofirpeer": {
        "p_n": 2.7137086451992865,
        "f_b": -0.5870873618958594,
        "u_d": -16.33781515329901,
        "p": 9.470383287594569,
        "n": 6.756674642395282,
        "f": 7.819985284046995,
        "b": 8.407072645942854,
        "u": 0,
        "d": 16.33781515329901
    },
    "wieseljonas": {
        "p_n": 2.8791896691758607,
        "f_b": 0.07261761033148773,
        "u_d": -17.47822548041213,
        "p": 9.272125162213182,
        "n": 6.392935493037322,
        "f": 7.8688391327909954,
        "b": 7.796221522459508,
        "u": -17.47822548041213,
        "d": 0
    },
    "christianeide": {
        "p_n": 2.3240204084148015,
        "f_b": -0.35318994788028757,
        "u_d": -16.645092522667984,
        "p": 8.976562929164745,
        "n": 6.652542520749943,
        "f": 7.6379577510172005,
        "b": 7.991147698897488,
        "u": 0,
        "d": 16.645092522667984
    },
    "kunal-arora": {
        "p_n": 2.9759915315248353,
        "f_b": -0.08463685962348766,
        "u_d": -17.634773031405828,
        "p": 9.025959550107888,
        "n": 6.049968018583053,
        "f": 7.495645354533727,
        "b": 7.580282214157215,
        "u": 0,
        "d": 17.634773031405828
    },
    "Schlesiger": {
        "p_n": 3.2436397679628968,
        "f_b": -0.16996613144278871,
        "u_d": -15.688682668803379,
        "p": 9.213829191823283,
        "n": 5.970189423860386,
        "f": 7.50702624212044,
        "b": 7.676992373563229,
        "u": 0,
        "d": 15.688682668803379
    },
    "platonish": {
        "p_n": 2.448403948597673,
        "f_b": -0.21367904120059222,
        "u_d": -17.248152210886822,
        "p": 9.086570003149514,
        "n": 6.638166054551841,
        "f": 7.755528508250382,
        "b": 7.969207549450974,
        "u": 0,
        "d": 17.248152210886822
    },
    "bmueller-sykes": {
        "p_n": 2.4918819466871547,
        "f_b": -0.5076991838003595,
        "u_d": -17.081341189081755,
        "p": 8.769585771065831,
        "n": 6.277703824378676,
        "f": 7.269795205822074,
        "b": 7.777494389622434,
        "u": 0,
        "d": 17.081341189081755
    },
    "gaearon": {
        "p_n": 2.09996620577206,
        "f_b": -0.620862195558832,
        "u_d": -15.284076153312814,
        "p": 8.889542151040684,
        "n": 6.789575945268624,
        "f": 7.529127950375239,
        "b": 8.149990145934071,
        "u": 0,
        "d": 15.284076153312814
    }
}