{
    "openaphid": {
        "p_n": 1.991385800106121,
        "f_b": -0.7457901642619822,
        "u_d": -16.25456591024109,
        "p": 9.113058388856555,
        "n": 7.1216725887504335,
        "f": 7.7444704066725025,
        "b": 8.490260570934485,
        "u": 0,
        "d": 16.25456591024109
    },
    "quintos": {
        "p_n": 2.504847462432858,
        "f_b": -0.4706418961969039,
        "u_d": -15.88581919120439,
        "p": 9.336981586096883,
        "n": 6.832134123664025,
        "f": 7.849236906782002,
        "b": 8.319878802978906,
        "u": 0,
        "d": 15.88581919120439
    },
    "iPaulPro": {
        "p_n": 2.40296988706209,
        "f_b": -0.4225721608224706,
        "u_d": -16.371783711124817,
        "p": 9.23945687412018,
        "n": 6.836486987058089,
        "f": 7.826685850177899,
        "b": 8.24925801100037,
        "u": 0,
        "d": 16.371783711124817
    },
    "VAdaihiep": {
        "p_n": 2.635255374730068,
        "f_b": 0.04557855864162619,
        "u_d": -17.57609620898632,
        "p": 9.317788366051897,
        "n": 6.682532991321828,
        "f": 8.022949958007676,
        "b": 7.977371399366049,
        "u": 0,
        "d": 17.57609620898632
    },
    "AravindRaj56060": {
        "p_n": 2.2558639879855287,
        "f_b": 0.33076788915592736,
        "u_d": -15.806754963274857,
        "p": 9.002693797340683,
        "n": 6.746829809355154,
        "f": 8.040145747925882,
        "b": 7.709377858769955,
        "u": 0,
        "d": 15.806754963274857
    },
    "cagkanciloglu": {
        "p_n": 2.403332854538905,
        "f_b": 0.23903531994528837,
        "u_d": -17.948504353902997,
        "p": 9.134323200844403,
        "n": 6.730990346305497,
        "f": 8.052174433547595,
        "b": 7.813139113602307,
        "u": 0,
        "d": 17.948504353902997
    },
    "KyungHo": {
        "p_n": 2.421927862522061,
        "f_b": 0.37714646100338456,
        "u_d": -17.494497865707462,
        "p": 9.23813691043232,
        "n": 6.8162090479102595,
        "f": 8.215746209672982,
        "b": 7.838599748669598,
        "u": -17.494497865707462,
        "d": 0
    },
    "sandeeptiwari": {
        "p_n": 2.8628363517295066,
        "f_b": 0.13718337161956384,
        "u_d": -17.968163197634865,
        "p": 9.167359558766474,
        "n": 6.304523207036968,
        "f": 7.804533068711502,
        "b": 7.667349697091939,
        "u": 0,
        "d": 17.968163197634865
    },
    "ren44": {
        "p_n": 1.9706150540482934,
        "f_b": -0.517348479070872,
        "u_d": -17.472704759135574,
        "p": 9.25783252560111,
        "n": 7.287217471552816,
        "f": 8.013850759041528,
        "b": 8.5311992381124,
        "u": -17.472704759135574,
        "d": 0
    },
    "zizih": {
        "p_n": 2.4264333327008796,
        "f_b": -0.01583565676000287,
        "u_d": -17.419027657822028,
        "p": 9.107537696370848,
        "n": 6.681104363669968,
        "f": 7.886403201640407,
        "b": 7.90223885840041,
        "u": -17.419027657822028,
        "d": 0
    },
    "soualid": {
        "p_n": 2.4489399487271033,
        "f_b": -0.8701721400844029,
        "u_d": -17.25127833772417,
        "p": 9.07638619105842,
        "n": 6.627446242331317,
        "f": 7.416830146652668,
        "b": 8.28700228673707,
        "u": 0,
        "d": 17.25127833772417
    },
    "EPCTechnologies": {
        "p_n": 1.8535488743119632,
        "f_b": -1.0327453651201335,
        "u_d": -15.798778211338513,
        "p": 8.770519152247141,
        "n": 6.916970277935178,
        "f": 7.327372032531093,
        "b": 8.360117397651226,
        "u": 0,
        "d": 15.798778211338513
    }
}