{
    "tfmorris": {
        "p_n": 1.8855152041385903,
        "f_b": -0.5850502575149861,
        "u_d": -17.09622764960598,
        "p": 8.997527873013277,
        "n": 7.112012668874687,
        "f": 7.762245142186488,
        "b": 8.347295399701474,
        "u": 0,
        "d": 17.09622764960598
    },
    "thadguidry": {
        "p_n": 2.1539342550599008,
        "f_b": -0.3906150817390124,
        "u_d": -17.492753628462395,
        "p": 9.330879077581352,
        "n": 7.176944822521452,
        "f": 8.058604409181896,
        "b": 8.449219490920909,
        "u": -17.492753628462395,
        "d": 0
    },
    "wetneb": {
        "p_n": 2.0764627299457334,
        "f_b": -0.4667148453108947,
        "u_d": -17.535048173721712,
        "p": 9.332277895107287,
        "n": 7.255815165161554,
        "f": 8.060689107478973,
        "b": 8.527403952789868,
        "u": 0,
        "d": 17.535048173721712
    },
    "ettorerizza": {
        "p_n": 2.185114362644584,
        "f_b": -0.7676953413182988,
        "u_d": -17.00320383376842,
        "p": 9.13018822984672,
        "n": 6.945073867202136,
        "f": 7.653783377865278,
        "b": 8.421478719183577,
        "u": 0,
        "d": 17.00320383376842
    },
    "ostephens": {
        "p_n": 2.222336888803495,
        "f_b": -0.6634786739116105,
        "u_d": -17.365833809190807,
        "p": 9.173781138528494,
        "n": 6.951444249724998,
        "f": 7.730873357170941,
        "b": 8.394352031082551,
        "u": 0,
        "d": 17.365833809190807
    },
    "magdmartin": {
        "p_n": 1.6242214582374928,
        "f_b": -0.5218722168564813,
        "u_d": -17.495867864293984,
        "p": 9.027950689694478,
        "n": 7.403729231456985,
        "f": 7.954903852147492,
        "b": 8.476776069003973,
        "u": -17.495867864293984,
        "d": 0
    },
    "fpompermaier": {
        "p_n": 2.0753362236076143,
        "f_b": -0.5278920310995616,
        "u_d": -17.487342204313183,
        "p": 9.376537088179052,
        "n": 7.301200864571438,
        "f": 8.074922960825464,
        "b": 8.602814991925026,
        "u": -17.487342204313183,
        "d": 0
    },
    "jackyq2015": {
        "p_n": 1.611486097751973,
        "f_b": -0.8040556545624007,
        "u_d": -16.594210751321906,
        "p": 9.071200626293233,
        "n": 7.4597145285412605,
        "f": 7.863429750136046,
        "b": 8.667485404698446,
        "u": 0,
        "d": 16.594210751321906
    },
    "answerquest": {
        "p_n": 1.9400953786883104,
        "f_b": -0.41576959068278363,
        "u_d": -17.25554810078275,
        "p": 9.190184142197445,
        "n": 7.250088763509135,
        "f": 8.012251657511898,
        "b": 8.428021248194682,
        "u": 0,
        "d": 17.25554810078275
    },
    "Downchuck": {
        "p_n": 2.089529999983524,
        "f_b": -0.7784178179381236,
        "u_d": -16.483651771905876,
        "p": 9.114457010953743,
        "n": 7.024927010970218,
        "f": 7.68048310199292,
        "b": 8.458900919931043,
        "u": 0,
        "d": 16.483651771905876
    },
    "Opennat": {
        "p_n": 1.9376576456478283,
        "f_b": -0.22920100544496158,
        "u_d": -17.58072843947158,
        "p": 9.081433360002563,
        "n": 7.143775714354735,
        "f": 7.998004034456169,
        "b": 8.227205039901131,
        "u": 0,
        "d": 17.58072843947158
    },
    "sparkica": {
        "p_n": 1.5751407871823249,
        "f_b": -0.7836430827027359,
        "u_d": -15.941447169761819,
        "p": 8.48711404350176,
        "n": 6.911973256319436,
        "f": 7.30772210855923,
        "b": 8.091365191261966,
        "u": 0,
        "d": 15.941447169761819
    },
    "tcbuzor": {
        "p_n": 2.1386909027009935,
        "f_b": -0.24303220914309964,
        "u_d": -17.43340709013899,
        "p": 9.06127335546551,
        "n": 6.922582452764516,
        "f": 7.870411799543462,
        "b": 8.113444008686562,
        "u": -17.43340709013899,
        "d": 0
    },
    "ultraklon": {
        "p_n": 2.199010987120615,
        "f_b": -0.29732141428512016,
        "u_d": -16.454378065521148,
        "p": 8.812315064223714,
        "n": 6.613304077103099,
        "f": 7.564148863520846,
        "b": 7.861470277805966,
        "u": 0,
        "d": 16.454378065521148
    },
    "hvmarck": {
        "p_n": 1.8032886789192242,
        "f_b": -0.542584759998916,
        "u_d": -17.607912379217304,
        "p": 9.063634352011395,
        "n": 7.2603456730921705,
        "f": 7.8906976325523255,
        "b": 8.433282392551241,
        "u": 0,
        "d": 17.607912379217304
    },
    "Busa78": {
        "p_n": 1.667241727290036,
        "f_b": -0.627583282868132,
        "u_d": -16.75684966556974,
        "p": 8.987671330311425,
        "n": 7.320429603021389,
        "f": 7.8402588252323415,
        "b": 8.467842108100474,
        "u": 0,
        "d": 16.75684966556974
    },
    "eliohb": {
        "p_n": 2.2642023973598597,
        "f_b": 0.455970658938031,
        "u_d": -16.9602076710293,
        "p": 8.811459012577835,
        "n": 6.547256615217975,
        "f": 7.90734314336692,
        "b": 7.451372484428889,
        "u": 0,
        "d": 16.9602076710293
    },
    "Blakko": {
        "p_n": 2.721199341541527,
        "f_b": 0.3422251406756729,
        "u_d": -17.4740814466629,
        "p": 8.787566400752183,
        "n": 6.066367059210656,
        "f": 7.598079300319256,
        "b": 7.255854159643583,
        "u": 0,
        "d": 17.4740814466629
    },
    "frodeseverin": {
        "p_n": 2.474728930283689,
        "f_b": -0.5666884654275899,
        "u_d": -17.48723068050152,
        "p": 9.463603905743774,
        "n": 6.988874975460085,
        "f": 7.942895207888134,
        "b": 8.509583673315724,
        "u": -17.48723068050152,
        "d": 0
    },
    "FWennerdahl": {
        "p_n": 1.7922980071509365,
        "f_b": -0.664585564008819,
        "u_d": -16.324221111735273,
        "p": 9.097833648016742,
        "n": 7.305535640865806,
        "f": 7.869391862436865,
        "b": 8.533977426445684,
        "u": 0,
        "d": 16.324221111735273
    },
    "Krisa": {
        "p_n": 3.1270514900549324,
        "f_b": -0.40988855124515133,
        "u_d": -17.479721423242008,
        "p": 9.457439504856186,
        "n": 6.330388014801254,
        "f": 7.688969484206144,
        "b": 8.098858035451295,
        "u": 0,
        "d": 17.479721423242008
    },
    "baditaflorin": {
        "p_n": 1.7016866924709335,
        "f_b": -0.6095117614011176,
        "u_d": -16.043327973052193,
        "p": 8.997227220711533,
        "n": 7.2955405282406,
        "f": 7.841627993775507,
        "b": 8.451139755176625,
        "u": 0,
        "d": 16.043327973052193
    },
    "ghirardinicola": {
        "p_n": 2.096470114850108,
        "f_b": -0.01937777473056279,
        "u_d": -17.543218585153923,
        "p": 8.848920640805098,
        "n": 6.752450525954989,
        "f": 7.790996696014762,
        "b": 7.810374470745325,
        "u": 0,
        "d": 17.543218585153923
    },
    "psychemedia": {
        "p_n": 2.1153929632271034,
        "f_b": -0.7781405449694088,
        "u_d": -17.443122633092962,
        "p": 8.836121525590102,
        "n": 6.720728562362998,
        "f": 7.3893547714918455,
        "b": 8.167495316461254,
        "u": 0,
        "d": 17.443122633092962
    },
    "rufuspollock": {
        "p_n": 2.0916686216472735,
        "f_b": -0.47636915133334057,
        "u_d": -17.45052028148412,
        "p": 9.277249960682633,
        "n": 7.18558133903536,
        "f": 7.993231074192327,
        "b": 8.469600225525667,
        "u": -17.45052028148412,
        "d": 0
    },
    "lmsanch": {
        "p_n": 1.6831496453502712,
        "f_b": -0.1846672139683161,
        "u_d": -17.484405747837034,
        "p": 8.89641757872109,
        "n": 7.213267933370819,
        "f": 7.9625091490617965,
        "b": 8.147176363030113,
        "u": -17.484405747837034,