{
    "aeneasr": {
        "p_n": 1.9591015492742727,
        "f_b": -0.5674584946380126,
        "u_d": -17.497016192644423,
        "p": 9.182586628450299,
        "n": 7.223485079176026,
        "f": 7.919306606494155,
        "b": 8.486765101132168,
        "u": -17.497016192644423,
        "d": 0
    },
    "tbroyer": {
        "p_n": 1.6461283215990443,
        "f_b": -0.8449205938784212,
        "u_d": -17.46917898553508,
        "p": 9.142576836862137,
        "n": 7.496448515263093,
        "f": 7.897052379123404,
        "b": 8.741972973001825,
        "u": -17.46917898553508,
        "d": 0
    },
    "joeblew99": {
        "p_n": 1.8689330913135578,
        "f_b": 0.1464383264065443,
        "u_d": -17.4544567233375,
        "p": 9.399216112693487,
        "n": 7.53028302137993,
        "f": 8.53796873023998,
        "b": 8.391530403833436,
        "u": -17.4544567233375,
        "d": 0
    },
    "leetal": {
        "p_n": 2.252395198000851,
        "f_b": 0.1544527672638054,
        "u_d": -16.1088959172921,
        "p": 9.142518253227909,
        "n": 6.890123055227058,
        "f": 8.093547037859386,
        "b": 7.9390942705955805,
        "u": 0,
        "d": 16.1088959172921
    },
    "michael-golfi": {
        "p_n": 2.154770666224655,
        "f_b": -0.573811009009674,
        "u_d": -17.486535402338937,
        "p": 8.919975453182184,
        "n": 6.765204786957529,
        "f": 7.555684615565021,
        "b": 8.129495624574695,
        "u": 0,
        "d": 17.486535402338937
    },
    "sbani": {
        "p_n": 1.818427668130834,
        "f_b": -0.7088696300488593,
        "u_d": -16.785534605303617,
        "p": 8.8926952525332,
        "n": 7.0742675844023655,
        "f": 7.629046603443353,
        "b": 8.337916233492212,
        "u": 0,
        "d": 16.785534605303617
    },
    "waynerobinson": {
        "p_n": 2.070176073765074,
        "f_b": -0.7046032477325737,
        "u_d": -17.470858015472523,
        "p": 9.293509134451199,
        "n": 7.223333060686125,
        "f": 7.906119473702375,
        "b": 8.610722721434948,
        "u": -17.470858015472523,
        "d": 0
    },
    "janekolszak": {
        "p_n": 2.1058014937857887,
        "f_b": -0.30393559898581834,
        "u_d": -16.99924600613245,
        "p": 8.860648369735548,
        "n": 6.7548468759497595,
        "f": 7.655779823349745,
        "b": 7.959715422335563,
        "u": 0,
        "d": 16.99924600613245
    },
    "ashic": {
        "p_n": 2.1825681319619505,
        "f_b": -0.48139019356977286,
        "u_d": -17.452670024501188,
        "p": 9.314518326786537,
        "n": 7.1319501948245865,
        "f": 7.982539164020675,
        "b": 8.463929357590448,
        "u": -17.452670024501188,
        "d": 0
    },
    "faxal": {
        "p_n": 2.740350540216978,
        "f_b": -0.15446749519030423,
        "u_d": -17.497547245731088,
        "p": 9.399997275965656,
        "n": 6.659646735748678,
        "f": 7.952588258262016,
        "b": 8.10705575345232,
        "u": -17.497547245731088,
        "d": 0
    },
    "matteosuppo": {
        "p_n": 1.7977630886137614,
        "f_b": -0.133902480129656,
        "u_d": -17.81710294185013,
        "p": 8.879070783120206,
        "n": 7.081307694506444,
        "f": 7.913237998748498,
        "b": 8.047140478878154,
        "u": 0,
        "d": 17.81710294185013
    },
    "boyvinall": {
        "p_n": 2.526102343444032,
        "f_b": -0.42260785915597854,
        "u_d": -17.391412199037287,
        "p": 8.964145063888267,
        "n": 6.438042720444235,
        "f": 7.489789962588262,
        "b": 7.91239782174424,
        "u": 0,
        "d": 17.391412199037287
    },
    "nishaantchauhan": {
        "p_n": 1.4603452711194764,
        "f_b": -0.2484087276341862,
        "u_d": -17.43224502328428,
        "p": 8.846660982204748,
        "n": 7.386315711085271,
        "f": 7.992283982827916,
        "b": 8.240692710462103,
        "u": 0,
        "d": 17.43224502328428
    },
    "20zinnm": {
        "p_n": 2.034579365011715,
        "f_b": -0.8491495012029491,
        "u_d": -17.495932431050466,
        "p": 9.107137148623096,
        "n": 7.072557783611381,
        "f": 7.665272715515765,
        "b": 8.514422216718714,
        "u": -17.495932431050466,
        "d": 0
    },
    "pbarker": {
        "p_n": 2.4707080128832937,
        "f_b": -0.20034497510398275,
        "u_d": -17.49548212378168,
        "p": 9.810469419619388,
        "n": 7.339761406736094,
        "f": 8.474942925625749,
        "b": 8.675287900729732,
        "u": -17.49548212378168,
        "d": 0
    },
    "MOZGIII": {
        "p_n": 2.2903918293602707,
        "f_b": -0.5804992486482305,
        "u_d": -17.297954345618002,
        "p": 9.38732935703835,
        "n": 7.0969375276780795,
        "f": 7.9518838180341,
        "b": 8.53238306668233,
        "u": 0,
        "d": 17.297954345618002
    },
    "mderazon": {
        "p_n": 1.860709714567319,
        "f_b": -0.713110646732118,
        "u_d": -17.492283689469627,
        "p": 9.142262601052652,
        "n": 7.281552886485333,
        "f": 7.855352420402933,
        "b": 8.56846306713505,
        "u": -17.492283689469627,
        "d": 0
    },
    "someone1": {
        "p_n": 2.050646567639137,
        "f_b": -0.6762532539906712,
        "u_d": -17.33686851714604,
        "p": 9.009134708811883,
        "n": 6.958488141172746,
        "f": 7.64568479799698,
        "b": 8.321938051987651,
        "u": 0,
        "d": 17.33686851714604
    },
    "nikolay-turpitko": {
        "p_n": 2.2890895766994346,
        "f_b": -0.9231904995248428,
        "u_d": -17.53204119536123,
        "p": 9.44781230432987,
        "n": 7.158722727630436,
        "f": 7.841672266217731,
        "b": 8.764862765742574,
        "u": 0,
        "d": 17.53204119536123
    },
    "joshuarubin": {
        "p_n": 1.6885657684508564,
        "f_b": -0.32931429825063496,
        "u_d": -17.71633851436897,
        "p": 9.31751977248581,
        "n": 7.628954004034953,
        "f": 8.308579739135064,
        "b": 8.6378940373857,
        "u": 0,
        "d": 17.71633851436897
    },
    "Zev23": {
        "p_n": 1.7376296454272726,
        "f_b": -0.5621025662069288,
        "u_d": -16.17364197574862,
        "p": 8.72839136561424,
        "n": 6.990761720186967,
        "f": 7.578525259797138,
        "b": 8.140627826004067,
        "u": 0,
        "d": 16.17364197574862
    },
    "andrewmcnamara": {
        "p_n": 2.0161154491311706,
        "f_b": -0.03234008447189751,
        "u_d": -17.805876365755065,
        "p": 9.052510204496873,
        "n": 7.036394755365702,
        "f": 8.028282437695339,
        "b": 8.060622522167236,
        "u": 0,
        "d": 17.805876365755065
    },
    "ventayol": {
        "p_n": 0.9652188936260249,
        "f_b": -0.8117100938430131,
        "u_d": -17.49051588469089,
        "p": 8.91720002952432,
        "n": 7.951981135898295,
        "f": 8.028735535789801,
        "b": 8.840445629632814,
        "u": -17.49051588469089,
        "d": 0
    },
    "pnicolcev-tulipretail": {
        "p_n": 1.8781908354597832,
        "f_b": -0.4209366104529355,
        "u_d": -16.785520458820145,
        "p": 9.206320636184794,
        "n": 7.32812980072501,
        "f": 8.056756913228433,
        "b": 8.477693523681369,
        "u": 0,
        "d": 16.785520458820145
    },
    "rick7712": {
        "p_n": 2.2371602928651653,
        "f_b": 0.22432876070821628,
        "u_d": -17.492877827363863,
        "p": 8.998739337979348,
        "n": 6.761579045114183,
        "f": 7.992323571900873,
        "b": 7.767994811192657,
        "u": -17.492877827363863,
        "d": 0
    },
    "OvermindDL1": {
        "p_n": 2.5924716839142325,
        "f_b": -0.9625815557634159,
        "u_d": -17.746338021959826,
        "p": 9.072471464641598,
        "n": 6.479999780727366,
        "f": 7.2949448448027745,
        "b": 8.25752640056619,
        "u": 0,