{
    "nicekei": {
        "p_n": 2.22670133151407,
        "f_b": -0.33093411602498435,
        "u_d": -17.49100399411299,
        "p": 9.785716467831037,
        "n": 7.559015136316967,
        "f": 8.506898744061509,
        "b": 8.837832860086493,
        "u": -17.49100399411299,
        "d": 0
    },
    "antonsteenvoorden": {
        "p_n": 2.6049376236642843,
        "f_b": 0.11282129824101617,
        "u_d": -16.263606910892594,
        "p": 9.541484225649004,
        "n": 6.93654660198472,
        "f": 8.29542606293737,
        "b": 8.182604764696354,
        "u": 0,
        "d": 16.263606910892594
    }
}