{
    "mitsuhiko": {
        "p_n": 2.291791621931318,
        "f_b": -0.5385477950897535,
        "u_d": -16.758425360548852,
        "p": 9.30137477793645,
        "n": 7.0095831560051325,
        "f": 7.886205069425914,
        "b": 8.424752864515668,
        "u": 0,
        "d": 16.758425360548852
    },
    "jab": {
        "p_n": 2.210103874600266,
        "f_b": -0.7594878709416673,
        "u_d": -16.991390103750618,
        "p": 9.051094171918646,
        "n": 6.840990297318379,
        "f": 7.566298299147679,
        "b": 8.325786170089346,
        "u": 0,
        "d": 16.991390103750618
    },
    "snoack": {
        "p_n": 2.2829669654149596,
        "f_b": -1.2218489794498293,
        "u_d": -17.490465270818145,
        "p": 9.304647771210442,
        "n": 7.021680805795483,
        "f": 7.552239798778048,
        "b": 8.774088778227878,
        "u": -17.490465270818145,
        "d": 0
    },
    "yawor": {
        "p_n": 2.391626957868075,
        "f_b": -0.3811274614929321,
        "u_d": -15.672737537077081,
        "p": 9.355295975788003,
        "n": 6.963669017919928,
        "f": 7.9689187661075,
        "b": 8.350046227600432,
        "u": 0,
        "d": 15.672737537077081
    },
    "untitaker": {
        "p_n": 2.6160065312292264,
        "f_b": -0.4076156670767386,
        "u_d": -17.918994767780433,
        "p": 9.514753025707453,
        "n": 6.898746494478226,
        "f": 8.00294192655447,
        "b": 8.410557593631209,
        "u": 0,
        "d": 17.918994767780433
    },
    "jeffwidman": {
        "p_n": 2.638104109381085,
        "f_b": -0.24672132038251604,
        "u_d": -16.95253691850279,
        "p": 9.45930388900382,
        "n": 6.821199779622735,
        "f": 8.01689117412202,
        "b": 8.263612494504535,
        "u": 0,
        "d": 16.95253691850279
    },
    "berkerpeksag": {
        "p_n": 1.44232881554358,
        "f_b": 0.20427036925720543,
        "u_d": -14.86511601776592,
        "p": 8.408736752364083,
        "n": 6.966407936820503,
        "f": 7.789707529220896,
        "b": 7.585437159963691,
        "u": 0,
        "d": 14.86511601776592
    },
    "danofames": {
        "p_n": 2.623521851601268,
        "f_b": -0.7574090598391328,
        "u_d": -17.46834003571769,
        "p": 9.49340934014937,
        "n": 6.869887488548102,
        "f": 7.80294388442917,
        "b": 8.560352944268303,
        "u": -17.46834003571769,
        "d": 0
    },
    "dnjackson": {
        "p_n": 2.176709501926984,
        "f_b": -0.755893328547776,
        "u_d": -17.480378775843345,
        "p": 9.380415501839067,
        "n": 7.203705999912083,
        "f": 7.914114086601687,
        "b": 8.670007415149463,
        "u": -17.480378775843345,
        "d": 0
    },
    "soulseekah": {
        "p_n": 1.506743216253847,
        "f_b": -0.4858799423083582,
        "u_d": -17.490792242973594,
        "p": 9.248195014307743,
        "n": 7.741451798053896,
        "f": 8.251883435026642,
        "b": 8.737763377335,
        "u": -17.490792242973594,
        "d": 0
    },
    "djc": {
        "p_n": 1.8816738242756559,
        "f_b": -0.5382791756168537,
        "u_d": -17.630080009577043,
        "p": 9.09119099136948,
        "n": 7.209517167093824,
        "f": 7.881214491423226,
        "b": 8.41949366704008,
        "u": 0,
        "d": 17.630080009577043
    },
    "Arfrever": {
        "p_n": 2.7848004811189977,
        "f_b": -0.09397680883256676,
        "u_d": -17.48443385600872,
        "p": 9.341410796560258,
        "n": 6.55661031544126,
        "f": 7.902022151584475,
        "b": 7.995998960417042,
        "u": -17.48443385600872,
        "d": 0
    },
    "ricky-undeadcoders": {
        "p_n": 2.779806105694912,
        "f_b": -0.26617077462588945,
        "u_d": -17.552900569369225,
        "p": 9.821968217516503,
        "n": 7.0421621118215905,
        "f": 8.298979777356102,
        "b": 8.565150551981992,
        "u": 0,
        "d": 17.552900569369225
    },
    "ghost": {
        "p_n": 2.018260062371266,
        "f_b": -0.32434665833580034,
        "u_d": -17.679230171426553,
        "p": 9.055245051644203,
        "n": 7.036984989272937,
        "f": 7.883941691290669,
        "b": 8.20828834962647,
        "u": 0,
        "d": 17.679230171426553
    },
    "ThiefMaster": {
        "p_n": 2.1848330951233805,
        "f_b": -0.9065684061976711,
        "u_d": -17.250619118875143,
        "p": 9.250404388563407,
        "n": 7.065571293440026,
        "f": 7.704703637902881,
        "b": 8.611272044100552,
        "u": 0,
        "d": 17.250619118875143
    },
    "ntrrgc": {
        "p_n": 1.7855326837106755,
        "f_b": -1.103249711931305,
        "u_d": -17.778570486212452,
        "p": 9.193349267748136,
        "n": 7.407816584037461,
        "f": 7.748958069927145,
        "b": 8.85220778185845,
        "u": 0,
        "d": 17.778570486212452
    },
    "ShaheedHaque": {
        "p_n": 2.576353984167776,
        "f_b": -0.689661909535424,
        "u_d": -17.70943237464629,
        "p": 9.584301292427522,
        "n": 7.007947308259746,
        "f": 7.951293345575923,
        "b": 8.640955255111347,
        "u": 0,
        "d": 17.70943237464629
    },
    "Naddiseo": {
        "p_n": 1.8603540217613048,
        "f_b": -1.1321875675348085,
        "u_d": -17.666871170348358,
        "p": 9.006842262907348,
        "n": 7.146488241146043,
        "f": 7.5105714682592914,
        "b": 8.6427590357941,
        "u": 0,
        "d": 17.666871170348358
    },
    "davidism": {
        "p_n": 2.244090696459496,
        "f_b": -0.7945543543481026,
        "u_d": -17.41535310945422,
        "p": 9.307636388800105,
        "n": 7.063545692340609,
        "f": 7.788313863396306,
        "b": 8.582868217744409,
        "u": 0,
        "d": 17.41535310945422
    },
    "legutierr": {
        "p_n": 2.2005469548798278,
        "f_b": -0.462788211541028,
        "u_d": -17.482757296288785,
        "p": 9.556741814786161,
        "n": 7.356194859906333,
        "f": 8.225074231575732,
        "b": 8.68786244311676,
        "u": -17.482757296288785,
        "d": 0
    },
    "Dmitri-Sintsov": {
        "p_n": 2.2465598432141274,
        "f_b": -1.024777403934082,
        "u_d": -17.43214337249294,
        "p": 9.362684951215343,
        "n": 7.116125108001215,
        "f": 7.7270163276412385,
        "b": 8.75179373157532,
        "u": -17.43214337249294,
        "d": 0
    },
    "doctortoffu": {
        "p_n": 1.8462167905712912,
        "f_b": -0.5366502783055616,
        "u_d": -16.125896846860908,
        "p": 9.134759117047798,
        "n": 7.288542326476507,
        "f": 7.943325582609372,
        "b": 8.479975860914934,
        "u": 0,
        "d": 16.125896846860908
    },
    "terminalmage": {
        "p_n": 1.907769326903149,
        "f_b": -0.7662696563459823,
        "u_d": -16.482267701693786,
        "p": 8.854139411139204,
        "n": 6.946370084236055,
        "f": 7.517119919514639,
        "b": 8.283389575860621,
        "u": 0,
        "d": 16.482267701693786
    },
    "andreasWallner": {
        "p_n": 1.9371202576173774,
        "f_b": -1.069439161576133,
        "u_d": -16.127716510248828,
        "p": 8.929070124546946,
        "n": 6.991949866929569,
        "f": 7.425790414950191,
        "b": 8.495229576526324,
        "u": 0,
        "d": 16.127716510248828
    },
    "wosc": {
        "p_n": 2.9873885536048936,
        "f_b": -0.6046812624629512,
        "u_d": -17.874946610324354,
        "p": 9.345249986525832,
        "n": 6.357861432920939,
        "f": 7.549215078491911,
        "b": 8.153896340954862,
        "u": 0,
        "d": 17.874946610324354
    },
    "artheus": {
        "p_n": 2.4894598150365645,
        "f_b": -0.8023011257185679,
        "u_d": -17.479445123010233,
        "p": 9.709499134540348,
        "n": 7.220039319503783,
        "f": 8.063618664162782,
        "b": 8.86591978988135,
        "u": -17.479445123010233,
        "d": 0
    },