{
    "pedrovgs": {
        "p_n": 1.726441412068838,
        "f_b": -0.2568389144297196,
        "u_d": -17.472265643203823,
        "p": 9.224831938231162,
        "n": 7.498390526162324,
        "f": 8.233191774981883,
        "b": 8.490030689411602,
        "u": -17.472265643203823,
        "d": 0
    },
    "ppamorim": {
        "p_n": 1.81165158142902,
        "f_b": -0.5791011569297719,
        "u_d": -16.42230700765375,
        "p": 8.976308657600933,
        "n": 7.164657076171913,
        "f": 7.780932288421537,
        "b": 8.36003344535131,
        "u": 0,
        "d": 16.42230700765375
    },
    "manpreetsinghsodhi": {
        "p_n": 2.933440308908107,
        "f_b": 0.22862535403774764,
        "u_d": -17.492964981109004,
        "p": 9.596516940557848,
        "n": 6.663076631649741,
        "f": 8.244109463122667,
        "b": 8.01548410908492,
        "u": -17.492964981109004,
        "d": 0
    },
    "Fiddl3": {
        "p_n": 2.508181747635412,
        "f_b": -0.31872062161442116,
        "u_d": -17.403551914407583,
        "p": 9.017222675961749,
        "n": 6.509040928326337,
        "f": 7.603771491336833,
        "b": 7.922492112951254,
        "u": 0,
        "d": 17.403551914407583
    },
    "Amritpal33": {
        "p_n": 2.329892468030674,
        "f_b": 0.2440789334620579,
        "u_d": -17.58389294349554,
        "p": 9.013104768581496,
        "n": 6.683212300550822,
        "f": 7.970198001297188,
        "b": 7.72611906783513,
        "u": 0,
        "d": 17.58389294349554
    },
    "frakc": {
        "p_n": 2.7166141633863727,
        "f_b": -0.4956817240687075,
        "u_d": -17.49858493578883,
        "p": 9.035552277516057,
        "n": 6.3189381141296845,
        "f": 7.429404333788518,
        "b": 7.925086057857225,
        "u": -17.49858493578883,
        "d": 0
    },
    "tuncaulubilge": {
        "p_n": 2.648155214765846,
        "f_b": -0.6960196192191042,
        "u_d": -17.494270783189815,
        "p": 8.793211411151425,
        "n": 6.145056196385579,
        "f": 7.12112399415895,
        "b": 7.817143613378054,
        "u": -17.494270783189815,
        "d": 0
    },
    "DuongNTdev": {
        "p_n": 2.605658199705334,
        "f_b": -0.12107313079577064,
        "u_d": -17.478115628996605,
        "p": 9.17665361377663,
        "n": 6.570995414071295,
        "f": 7.813287948526077,
        "b": 7.934361079321848,
        "u": -17.478115628996605,
        "d": 0
    },
    "DawinderGill": {
        "p_n": 1.9261701187990496,
        "f_b": 0.1345993429502812,
        "u_d": -17.428996188382097,
        "p": 9.617554478910044,
        "n": 7.691384360110995,
        "f": 8.72176909098566,
        "b": 8.587169748035379,
        "u": -17.428996188382097,
        "d": 0
    },
    "adesueb": {
        "p_n": 2.400739749856351,
        "f_b": 0.06049432619757589,
        "u_d": -17.449782291966834,
        "p": 9.262640867035586,
        "n": 6.861901117179235,
        "f": 8.092518155206198,
        "b": 8.032023829008622,
        "u": -17.449782291966834,
        "d": 0
    }
}