{
    "aderuwe": {
        "p_n": 2.4517181123386873,
        "f_b": -0.23382723099703107,
        "u_d": -16.58917402169205,
        "p": 9.433257493968725,
        "n": 6.9815393816300375,
        "f": 8.090484822300866,
        "b": 8.324312053297897,
        "u": 0,
        "d": 16.58917402169205
    },
    "veewee": {
        "p_n": 1.577373063651022,
        "f_b": -0.5824213055842353,
        "u_d": -16.918629086272272,
        "p": 9.156388230485915,
        "n": 7.579015166834893,
        "f": 8.076491045868286,
        "b": 8.658912351452521,
        "u": 0,
        "d": 16.918629086272272
    },
    "igormukhingmailcom": {
        "p_n": 2.4338466964712513,
        "f_b": 0.02831009934014883,
        "u_d": -17.85597963306622,
        "p": 9.205029745207746,
        "n": 6.771183048736495,
        "f": 8.002261446642194,
        "b": 7.973951347302045,
        "u": 0,
        "d": 17.85597963306622
    },
    "llaville": {
        "p_n": 1.7450050534998809,
        "f_b": -0.281821621687703,
        "u_d": -17.25080345324147,
        "p": 8.996575721838902,
        "n": 7.251570668339021,
        "f": 7.9831623842451105,
        "b": 8.264984005932813,
        "u": 0,
        "d": 17.25080345324147
    },
    "adam-paterson": {
        "p_n": 2.2098048353389537,
        "f_b": -0.2864917522910382,
        "u_d": -17.798707992817253,
        "p": 9.309428930608746,
        "n": 7.099624095269792,
        "f": 8.06128063679375,
        "b": 8.347772389084788,
        "u": 0,
        "d": 17.798707992817253
    },
    "paslandau": {
        "p_n": 2.0433274988322356,
        "f_b": -0.5023525020406883,
        "u_d": -17.505096522046344,
        "p": 9.13447960959545,
        "n": 7.091152110763215,
        "f": 7.861639609158988,
        "b": 8.363992111199677,
        "u": 0,
        "d": 17.505096522046344
    },
    "aaa2000": {
        "p_n": 1.4996676740553205,
        "f_b": -0.8735728212365572,
        "u_d": -16.430374407194698,
        "p": 8.54065755138164,
        "n": 7.04098987732632,
        "f": 7.354037303735701,
        "b": 8.227610124972259,
        "u": 0,
        "d": 16.430374407194698
    },
    "lykciv": {
        "p_n": 1.5843679401854187,
        "f_b": -0.7979994704007289,
        "u_d": -16.489297873646137,
        "p": 9.087992379785476,
        "n": 7.503624439600057,
        "f": 7.8968086744924015,
        "b": 8.69480814489313,
        "u": 0,
        "d": 16.489297873646137
    },
    "tifabien": {
        "p_n": 1.6526411877671752,
        "f_b": -0.3091625179267119,
        "u_d": -17.02062116490477,
        "p": 9.400761293687147,
        "n": 7.748120105919972,
        "f": 8.419859440840202,
        "b": 8.729021958766914,
        "u": 0,
        "d": 17.02062116490477
    },
    "keradus": {
        "p_n": 1.8597678798273973,
        "f_b": -0.48178803199544085,
        "u_d": -17.188271274188388,
        "p": 9.154794593350118,
        "n": 7.295026713522721,
        "f": 7.9840166374387,
        "b": 8.46580466943414,
        "u": 0,
        "d": 17.188271274188388
    },
    "mharbers": {
        "p_n": 1.8479910442306142,
        "f_b": -0.2461370004849499,
        "u_d": -16.146220591267678,
        "p": 8.79285023294596,
        "n": 6.944859188715347,
        "f": 7.745786210588179,
        "b": 7.991923211073129,
        "u": 0,
        "d": 16.146220591267678
    },
    "bizmate": {
        "p_n": 2.5290896291284373,
        "f_b": 0.2952528912109518,
        "u_d": -16.627177252901667,
        "p": 9.227090907870107,
        "n": 6.698001278741669,
        "f": 8.110172538911364,
        "b": 7.814919647700412,
        "u": 0,
        "d": 16.627177252901667
    },
    "Miljar": {
        "p_n": 1.8371210068711168,
        "f_b": -0.772621285396017,
        "u_d": -16.057723396575394,
        "p": 9.181483495310584,
        "n": 7.344362488439467,
        "f": 7.876612349177016,
        "b": 8.649233634573033,
        "u": 0,
        "d": 16.057723396575394
    },
    "kvdnberg": {
        "p_n": 1.9516325187423966,
        "f_b": -0.5527907499311322,
        "u_d": -16.151368805558246,
        "p": 9.3668859347686,
        "n": 7.415253416026204,
        "f": 8.114674300431837,
        "b": 8.667465050362969,
        "u": 0,
        "d": 16.151368805558246
    },
    "jyggen": {
        "p_n": 1.7301299082131134,
        "f_b": -0.9378170292287553,
        "u_d": -16.24117379111412,
        "p": 8.90823122391265,
        "n": 7.1781013156995375,
        "f": 7.5742577551917165,
        "b": 8.512074784420472,
        "u": 0,
        "d": 16.24117379111412
    },
    "jhuet": {
        "p_n": 2.56718092460798,
        "f_b": -0.45566140758055784,
        "u_d": -14.053121577472593,
        "p": 8.93572952939287,
        "n": 6.368548604784889,
        "f": 7.4243083632986,
        "b": 7.879969770879158,
        "u": 0,
        "d": 14.053121577472593
    },
    "mgeoffray": {
        "p_n": 1.9536282096820745,
        "f_b": 0.7568182678768878,
        "u_d": -17.497213179978875,
        "p": 9.729215582753572,
        "n": 7.775587373071497,
        "f": 9.130810611850979,
        "b": 8.373992343974091,
        "u": -17.497213179978875,
        "d": 0
    },
    "j3rrey": {
        "p_n": 2.2141204077183687,
        "f_b": 0.26691146949781697,
        "u_d": -17.259764940935028,
        "p": 9.178069896101249,
        "n": 6.96394948838288,
        "f": 8.204465426990973,
        "b": 7.937553957493156,
        "u": 0,
        "d": 17.259764940935028
    },
    "mougrim": {
        "p_n": 1.7485848982007752,
        "f_b": 0.5790152495719454,
        "u_d": -15.881858241142242,
        "p": 8.638174014608474,
        "n": 6.8895891164076986,
        "f": 8.053389190294059,
        "b": 7.4743739407221135,
        "u": 0,
        "d": 15.881858241142242
    },
    "Kanti": {
        "p_n": 2.53282987796101,
        "f_b": -0.3707237079778567,
        "u_d": -15.693404099563514,
        "p": 8.757217920793973,
        "n": 6.224388042832963,
        "f": 7.3054411278245395,
        "b": 7.676164835802396,
        "u": 0,
        "d": 15.693404099563514
    },
    "nWidart": {
        "p_n": 1.9721314858591352,
        "f_b": -0.4779716901137281,
        "u_d": -14.355195942436348,
        "p": 8.704006081274883,
        "n": 6.731874595415748,
        "f": 7.478954493288452,
        "b": 7.95692618340218,
        "u": 0,
        "d": 14.355195942436348
    },
    "Bilge": {
        "p_n": 2.120924998264483,
        "f_b": -0.47713268830145417,
        "u_d": -16.688756989408656,
        "p": 9.314561765790359,
        "n": 7.193636767525875,
        "f": 8.01553292250739,
        "b": 8.492665610808844,
        "u": 0,
        "d": 16.688756989408656
    },
    "Mte90": {
        "p_n": 1.351181847744618,
        "f_b": -0.9598781965859384,
        "u_d": -16.32147892778967,
        "p": 8.945751194872216,
        "n": 7.594569347127598,
        "f": 7.7902211727069375,
        "b": 8.750099369292876,
        "u": 0,
        "d": 16.32147892778967
    },
    "cacahouwete": {
        "p_n": 1.7192526307214564,
        "f_b": 0.4854648639258423,
        "u_d": -16.230201755022975,
        "p": 8.770611483760916,
        "n": 7.05135885303946,
        "f": 8.153717600363109,
        "b": 7.668252736437267,
        "u": 0,
        "d": 16.230201755022975
    },
    "pfrenssen": {
        "p_n": 1.5664371461435262,
        "f_b": -0.832751170038315,
        "u_d": -17.49970728354574,
        "p": 9.097168488366233,
        "n": 7.5307313422227065,
        "f": 7.8975743302753125,
        "b": 8.730325500313628,
        "u": -17.49970728354574,
        "d": 0
    },
    "KevinAlberca": {
        "p_n": 1.7436583898010465,
        "f_b": 0.6421811541759581,
        "u_d": -16.196993424743795,
        "p": 8.810057351643664,
        "n": 7.0663989618426175,
        "f": 8.259318733831119,
        "b": 7.617137579655161,
        "u": 0,
        "d": 16.196993424743795
    },