{
    "phw": {
        "p_n": 1.9700388962862379,
        "f_b": -0.5439746043478948,
        "u_d": -16.36333181084038,
        "p": 9.17149315066885,
        "n": 7.201454254382612,
        "f": 7.914486400351784,
        "b": 8.458461004699679,
        "u": 0,
        "d": 16.36333181084038
    },
    "cedlemo": {
        "p_n": 2.1319888690693487,
        "f_b": -0.2828365207692496,
        "u_d": -16.88315191970458,
        "p": 8.96730260578644,
        "n": 6.835313736717091,
        "f": 7.759889910867141,
        "b": 8.04272643163639,
        "u": 0,
        "d": 16.88315191970458
    },
    "SalahAdDin": {
        "p_n": 2.3350503246393046,
        "f_b": 0.33830158458109594,
        "u_d": -15.938848983281911,
        "p": 8.780275413715566,
        "n": 6.445225089076262,
        "f": 7.781901043686462,
        "b": 7.443599459105366,
        "u": 0,
        "d": 15.938848983281911
    },
    "strixaluco": {
        "p_n": 2.2381785420259916,
        "f_b": 0.2834967532818098,
        "u_d": -16.00957819423719,
        "p": 8.919225351031221,
        "n": 6.681046809005229,
        "f": 7.94188445665913,
        "b": 7.65838770337732,
        "u": 0,
        "d": 16.00957819423719
    },
    "mbnoimi": {
        "p_n": 2.2748432873888103,
        "f_b": 0.8206639382209069,
        "u_d": -16.58930922819418,
        "p": 8.8461452389042,
        "n": 6.571301951515389,
        "f": 8.119055564320249,
        "b": 7.298391626099342,
        "u": 0,
        "d": 16.58930922819418
    },
    "fbruetting": {
        "p_n": 2.0785155911218105,
        "f_b": -0.5872604256501477,
        "u_d": -17.08556836480132,
        "p": 8.936392871664806,
        "n": 6.857877280542995,
        "f": 7.603504863278826,
        "b": 8.190765288928974,
        "u": 0,
        "d": 17.08556836480132
    },
    "probonopd": {
        "p_n": 2.3706692849137365,
        "f_b": -0.32913010608197535,
        "u_d": -17.49755561107407,
        "p": 8.899036269231035,
        "n": 6.528366984317298,
        "f": 7.549136573733179,
        "b": 7.878266679815154,
        "u": -17.49755561107407,
        "d": 0
    },
    "Shnifty": {
        "p_n": 2.355757211165095,
        "f_b": 1.0371704618480813,
        "u_d": -15.389852033264452,
        "p": 8.826248460263276,
        "n": 6.470491249098181,
        "f": 8.16695508560477,
        "b": 7.129784623756688,
        "u": 0,
        "d": 15.389852033264452
    },
    "anavarre": {
        "p_n": 1.774695526615945,
        "f_b": -0.07337079820331027,
        "u_d": -15.874698016130168,
        "p": 8.878055421843928,
        "n": 7.1033598952279835,
        "f": 7.954022259434302,
        "b": 8.027393057637612,
        "u": 0,
        "d": 15.874698016130168
    },
    "Ads20000": {
        "p_n": 2.2314314198895477,
        "f_b": -0.6083164177482443,
        "u_d": -15.839736150420928,
        "p": 9.0524217782391,
        "n": 6.820990358349553,
        "f": 7.632547859420204,
        "b": 8.240864277168448,
        "u": 0,
        "d": 15.839736150420928
    },
    "mohamedsakhri": {
        "p_n": 2.1567816295723503,
        "f_b": -0.45281010100863384,
        "u_d": -16.531619857649808,
        "p": 9.284595325028027,
        "n": 7.127813695455677,
        "f": 7.979799459737535,
        "b": 8.432609560746169,
        "u": 0,
        "d": 16.531619857649808
    },
    "khurshid-alam": {
        "p_n": 1.5793207826403997,
        "f_b": -0.2941695453101101,
        "u_d": -16.49336315878064,
        "p": 8.912571386817113,
        "n": 7.333250604176714,
        "f": 7.975826222841858,
        "b": 8.269995768151968,
        "u": 0,
        "d": 16.49336315878064
    },
    "orschiro": {
        "p_n": 2.0664238786411238,
        "f_b": 0.12073258241594154,
        "u_d": -17.61848542049887,
        "p": 9.038290672424253,
        "n": 6.971866793783129,
        "f": 8.065445024311662,
        "b": 7.944712441895721,
        "u": 0,
        "d": 17.61848542049887
    },
    "pharaone": {
        "p_n": 2.4002289664999754,
        "f_b": 0.08833335006840137,
        "u_d": -17.38176130687742,
        "p": 9.898945588107475,
        "n": 7.4987166216075,
        "f": 8.742997779891688,
        "b": 8.654664429823287,
        "u": -17.38176130687742,
        "d": 0
    },
    "Nevax07": {
        "p_n": 2.738067382315025,
        "f_b": 1.0644913261166646,
        "u_d": -17.289409053150493,
        "p": 9.284424692787649,
        "n": 6.546357310472624,
        "f": 8.447636664688469,
        "b": 7.383145338571804,
        "u": 0,
        "d": 17.289409053150493
    },
    "ArsenArsen": {
        "p_n": 2.6412328015932722,
        "f_b": -0.4036698269645127,
        "u_d": -17.050736264895743,
        "p": 9.349399741439157,
        "n": 6.708166939845885,
        "f": 7.826948427160265,
        "b": 8.230618254124778,
        "u": 0,
        "d": 17.050736264895743
    },
    "hosiet": {
        "p_n": 1.9464326661009483,
        "f_b": -0.34198409139887254,
        "u_d": -16.254873494373538,
        "p": 8.898407941378865,
        "n": 6.951975275277917,
        "f": 7.754199562628955,
        "b": 8.096183654027827,
        "u": 0,
        "d": 16.254873494373538
    },
    "linuxundich": {
        "p_n": 1.5087470005441341,
        "f_b": 0.2670078677601655,
        "u_d": -17.497194168518224,
        "p": 8.803973530492794,
        "n": 7.29522652994866,
        "f": 8.183103964100809,
        "b": 7.9160960963406435,
        "u": -17.497194168518224,
        "d": 0
    },
    "ponsfrilus": {
        "p_n": 2.041147907835537,
        "f_b": 0.0792725477345817,
        "u_d": -16.377008880013477,
        "p": 8.960044092617338,
        "n": 6.918896184781801,
        "f": 7.97910641256686,
        "b": 7.899833864832278,
        "u": 0,
        "d": 16.377008880013477
    },
    "xereda": {
        "p_n": 2.029869760356597,
        "f_b": 0.31105031244822,
        "u_d": -16.417727525535216,
        "p": 8.888935299187091,
        "n": 6.859065538830494,
        "f": 8.029525575232903,
        "b": 7.718475262784683,
        "u": 0,
        "d": 16.417727525535216
    },
    "popey": {
        "p_n": 1.7226120115938537,
        "f_b": -0.32555292592732243,
        "u_d": -14.619020122267113,
        "p": 9.166395752645773,
        "n": 7.443783741051919,
        "f": 8.142313283885185,
        "b": 8.467866209812508,
        "u": 0,
        "d": 14.619020122267113
    },
    "niemeyer": {
        "p_n": 2.039173142957356,
        "f_b": -0.549932422230647,
        "u_d": -17.47343214565197,
        "p": 9.148806783455239,
        "n": 7.109633640497883,
        "f": 7.854254000861237,
        "b": 8.404186423091884,
        "u": -17.47343214565197,
        "d": 0
    },
    "gort818": {
        "p_n": 1.8855413748480192,
        "f_b": -0.3067270698552278,
        "u_d": -17.039869096729788,
        "p": 9.097401319717417,
        "n": 7.211859944869397,
        "f": 8.001267097365794,
        "b": 8.307994167221022,
        "u": 0,
        "d": 17.039869096729788
    },
    "rajinder-yadav": {
        "p_n": 1.1944884143790437,
        "f_b": 0.11449788632943303,
        "u_d": -16.211360424392034,
        "p": 8.507824623076237,
        "n": 7.313336208697193,
        "f": 7.967829359051432,
        "b": 7.853331472721999,
        "u": 0,
        "d": 16.211360424392034
    },
    "ghost": {
        "p_n": 2.53556424297759,
        "f_b": 0.699241688992025,
        "u_d": -16.79460443767296,
        "p": 9.119763963416894,
        "n": 6.584199720439304,
        "f": 8.201602686424112,
        "b": 7.502360997432087,
        "u": 0,
        "d": 16.79460443767296
    },
    "seanh": {
        "p_n": 2.1209445057268557,
        "f_b": -0.6600634216701717,
        "u_d": -16.196003768188085,
        "p": 9.032404619819967,
        "n": 6.911460114093112,
        "f": 7.641900656121454,
        "b": 8.301964077791625,
        "u": 0,
        "d": 16.196003768188085
    },