{
    "prikhi": {
        "p_n": 1.6378439062214136,
        "f_b": -0.592773078138956,
        "u_d": -16.708456695327527,
        "p": 8.821944578381007,
        "n": 7.184100672159594,
        "f": 7.706636086200822,
        "b": 8.299409164339778,
        "u": 0,
        "d": 16.708456695327527
    },
    "jdittrich": {
        "p_n": 2.2891654857417816,
        "f_b": -0.8328478254160867,
        "u_d": -17.494006483215802,
        "p": 9.302479882909644,
        "n": 7.013314397167862,
        "f": 7.74147322733071,
        "b": 8.574321052746797,
        "u": 0,
        "d": 17.494006483215802
    },
    "mvdw": {
        "p_n": 1.7834428854460995,
        "f_b": -1.332369667914886,
        "u_d": -16.148813399956023,
        "p": 8.910282076144803,
        "n": 7.126839190698703,
        "f": 7.35237579946431,
        "b": 8.684745467379196,
        "u": 0,
        "d": 16.148813399956023
    },
    "dagoss": {
        "p_n": 2.0333754938091895,
        "f_b": -1.1142710272870975,
        "u_d": -16.079883880332897,
        "p": 9.17462694364852,
        "n": 7.14125144983933,
        "f": 7.600803683100375,
        "b": 8.715074710387473,
        "u": 0,
        "d": 16.079883880332897
    },
    "bitzl": {
        "p_n": 1.605869889327609,
        "f_b": -0.5719284682668349,
        "u_d": -16.659211023669595,
        "p": 8.960511692536642,
        "n": 7.354641803209033,
        "f": 7.87161251373942,
        "b": 8.443540982006255,
        "u": 0,
        "d": 16.659211023669595
    },
    "alexandreleroux": {
        "p_n": 1.357880881139427,
        "f_b": -0.8816397808362506,
        "u_d": -17.207406465868065,
        "p": 9.230267270524216,
        "n": 7.872386389384789,
        "f": 8.110506939536377,
        "b": 8.992146720372627,
        "u": 0,
        "d": 17.207406465868065
    },
    "amarach78": {
        "p_n": 2.033734295547828,
        "f_b": -0.11218694977160659,
        "u_d": -14.571577997324964,
        "p": 9.269140486019708,
        "n": 7.23540619047188,
        "f": 8.19617986335999,
        "b": 8.308366813131597,
        "u": 0,
        "d": 14.571577997324964
    },
    "nathanielw": {
        "p_n": 2.527506402744981,
        "f_b": -0.6498678499285706,
        "u_d": -17.09922103540205,
        "p": 9.459159587888456,
        "n": 6.931653185143475,
        "f": 7.87047246155168,
        "b": 8.52034031148025,
        "u": 0,
        "d": 17.09922103540205
    },
    "zenware": {
        "p_n": 2.806072222853061,
        "f_b": -0.41262921142690345,
        "u_d": -17.00714162913216,
        "p": 9.701750482470008,
        "n": 6.895678259616947,
        "f": 8.092399765330025,
        "b": 8.505028976756929,
        "u": 0,
        "d": 17.00714162913216
    },
    "just-paja": {
        "p_n": 2.418412659598964,
        "f_b": -0.16592400415615494,
        "u_d": -17.495088031109958,
        "p": 9.632957953196247,
        "n": 7.214545293597283,
        "f": 8.340789621318686,
        "b": 8.506713625474841,
        "u": -17.495088031109958,
        "d": 0
    },
    "ariefbayu": {
        "p_n": 1.6153486865181215,
        "f_b": -0.3073909293965311,
        "u_d": -17.4908384183949,
        "p": 9.02298356166662,
        "n": 7.407634875148499,
        "f": 8.061613753709294,
        "b": 8.369004683105825,
        "u": -17.4908384183949,
        "d": 0
    },
    "joemirizio": {
        "p_n": 1.7633658705108015,
        "f_b": -0.7983880516235482,
        "u_d": -15.331029566882089,
        "p": 8.748098869764338,
        "n": 6.984732999253536,
        "f": 7.467221908697163,
        "b": 8.265609960320711,
        "u": 0,
        "d": 15.331029566882089
    },
    "artsylar": {
        "p_n": 1.9393965301717984,
        "f_b": -0.8016099194936643,
        "u_d": -17.21834465335396,
        "p": 9.39352526097727,
        "n": 7.454128730805472,
        "f": 8.023022036144539,
        "b": 8.824631955638203,
        "u": 0,
        "d": 17.21834465335396
    },
    "pacmanii": {
        "p_n": 2.4554538603892615,
        "f_b": -0.8992494933377859,
        "u_d": -16.771801532209384,
        "p": 9.072873499985695,
        "n": 6.6174196395964335,
        "f": 7.395521823122172,
        "b": 8.294771316459958,
        "u": 0,
        "d": 16.771801532209384
    },
    "mikedlr": {
        "p_n": 2.0247114333484735,
        "f_b": -0.4722969450455725,
        "u_d": -15.235504115902295,
        "p": 9.172434938810007,
        "n": 7.147723505461533,
        "f": 7.923930749612984,
        "b": 8.396227694658556,
        "u": 0,
        "d": 15.235504115902295
    },
    "mike-auto-mprt": {
        "p_n": 2.1211782450011114,
        "f_b": -0.22535862459410794,
        "u_d": -16.411531650041344,
        "p": 9.553093950672604,
        "n": 7.431915705671493,
        "f": 8.379825515874995,
        "b": 8.605184140469103,
        "u": 0,
        "d": 16.411531650041344
    },
    "steroides": {
        "p_n": 2.7760486309684698,
        "f_b": 0.7196483453688112,
        "u_d": -17.50817373639848,
        "p": 9.354667849800743,
        "n": 6.578619218832273,
        "f": 8.326467707000914,
        "b": 7.606819361632103,
        "u": 0,
        "d": 17.50817373639848
    },
    "Zyzle": {
        "p_n": 1.8852642725671345,
        "f_b": -0.8825932823651534,
        "u_d": -14.474073403667095,
        "p": 8.911460782522894,
        "n": 7.02619650995576,
        "f": 7.5275320050567505,
        "b": 8.410125287421904,
        "u": 0,
        "d": 14.474073403667095
    },
    "gyanl": {
        "p_n": 1.662700654444314,
        "f_b": -1.0959677990291326,
        "u_d": -17.491226907818632,
        "p": 9.324684492936058,
        "n": 7.661983838491744,
        "f": 7.945350266199334,
        "b": 9.041318065228467,
        "u": -17.491226907818632,
        "d": 0
    },
    "jasiralavi": {
        "p_n": 1.9726844344897119,
        "f_b": -1.3871091708663101,
        "u_d": -13.969098797501946,
        "p": 8.674740183890878,
        "n": 6.702055749401166,
        "f": 6.994843381212867,
        "b": 8.381952552079177,
        "u": 0,
        "d": 13.969098797501946
    },
    "mnagel": {
        "p_n": 1.682426213542234,
        "f_b": 0.26592897071378196,
        "u_d": -16.575188636125286,
        "p": 9.059016888863553,
        "n": 7.376590675321319,
        "f": 8.350768267449327,
        "b": 8.084839296735545,
        "u": 0,
        "d": 16.575188636125286
    },
    "ahmadbilal": {
        "p_n": 1.8426087456282776,
        "f_b": -0.9365226392465633,
        "u_d": -16.849906664360326,
        "p": 8.665189165435827,
        "n": 6.822580419807549,
        "f": 7.275623472998406,
        "b": 8.21214611224497,
        "u": 0,
        "d": 16.849906664360326
    },
    "Ed-Fernando": {
        "p_n": 1.949148632911756,
        "f_b": -0.23554157056546465,
        "u_d": -17.150738382797037,
        "p": 9.137599132209953,
        "n": 7.188450499298197,
        "f": 8.045254030471343,
        "b": 8.280795601036807,
        "u": 0,
        "d": 17.150738382797037
    }
}