{
    "zachhuff386": {
        "p_n": 1.591497772058882,
        "f_b": -1.2441885551399805,
        "u_d": -17.411563734334187,
        "p": 8.868044675409148,
        "n": 7.276546903350266,
        "f": 7.450201511809717,
        "b": 8.694390066949698,
        "u": 0,
        "d": 17.411563734334187
    }
}