{
    "tyarkoni": {
        "p_n": 2.283659266619207,
        "f_b": -0.27738189992525264,
        "u_d": -17.47336334024893,
        "p": 9.590461346428683,
        "n": 7.306802079809476,
        "f": 8.309940763156453,
        "b": 8.587322663081705,
        "u": 0,
        "d": 17.47336334024893
    },
    "bvdeenen": {
        "p_n": 2.4169694329590286,
        "f_b": 0.11828405944294929,
        "u_d": -17.482294279273493,
        "p": 9.756360545411582,
        "n": 7.339391112452553,
        "f": 8.607017858653542,
        "b": 8.488733799210593,
        "u": -17.482294279273493,
        "d": 0
    },
    "bit-pirate": {
        "p_n": 2.2684540190243068,
        "f_b": 0.26414890739233243,
        "u_d": -17.466731595305514,
        "p": 9.91091907448597,
        "n": 7.642465055461662,
        "f": 8.908766518669982,
        "b": 8.64461761127765,
        "u": -17.466731595305514,
        "d": 0
    },
    "aleneum": {
        "p_n": 2.0636424463573126,
        "f_b": -0.4994185810401781,
        "u_d": -17.496301345250384,
        "p": 9.447097483385722,
        "n": 7.383455037028409,
        "f": 8.165566969686976,
        "b": 8.664985550727154,
        "u": -17.496301345250384,
        "d": 0
    },
    "wtgee": {
        "p_n": 2.3695281776500536,
        "f_b": -0.46183498057817474,
        "u_d": -17.709660922988558,
        "p": 9.554100995630186,
        "n": 7.184572817980133,
        "f": 8.138419416516072,
        "b": 8.600254397094247,
        "u": 0,
        "d": 17.709660922988558
    },
    "TheMysteriousX": {
        "p_n": 2.238683441171349,
        "f_b": -0.7162386322719279,
        "u_d": -17.0166546461405,
        "p": 9.492485517338142,
        "n": 7.253802076166793,
        "f": 8.015024480616503,
        "b": 8.731263112888431,
        "u": 0,
        "d": 17.0166546461405
    },
    "hstarmans": {
        "p_n": 2.6007483782500422,
        "f_b": -0.27196326584708075,
        "u_d": -17.492310323567512,
        "p": 9.44367536438855,
        "n": 6.842926986138508,
        "f": 8.007319542339989,
        "b": 8.27928280818707,
        "u": -17.492310323567512,
        "d": 0
    },
    "khigia": {
        "p_n": 2.264985623978532,
        "f_b": -0.5290754082151015,
        "u_d": -16.924433368927915,
        "p": 9.232510337293174,
        "n": 6.967524713314642,
        "f": 7.8354798211963566,
        "b": 8.364555229411458,
        "u": 0,
        "d": 16.924433368927915
    },
    "coveralls": {
        "p_n": 2.0285267656637442,
        "f_b": 0.8998346716750429,
        "u_d": -17.485560584890557,
        "p": 9.015050185526313,
        "n": 6.986523419862569,
        "f": 8.450704138531963,
        "b": 7.55086946685692,
        "u": -17.485560584890557,
        "d": 0
    },
    "rolandettema": {
        "p_n": 2.078407761037866,
        "f_b": 0.5335956387168634,
        "u_d": -15.203484308422114,
        "p": 8.833161341659734,
        "n": 6.754753580621868,
        "f": 8.060755280499233,
        "b": 7.52715964178237,
        "u": 0,
        "d": 15.203484308422114
    },
    "aisbaa": {
        "p_n": 2.565228543710811,
        "f_b": -0.2705640055363947,
        "u_d": -17.4998267280009,
        "p": 9.493565250745904,
        "n": 6.928336707035093,
        "f": 8.075668976122302,
        "b": 8.346232981658696,
        "u": -17.4998267280009,
        "d": 0
    },
    "AlexPython": {
        "p_n": 1.9414968737225324,
        "f_b": -0.9002535561516432,
        "u_d": -17.452796782346287,
        "p": 9.199480096078675,
        "n": 7.257983222356143,
        "f": 7.778604881141588,
        "b": 8.678858437293231,
        "u": -17.452796782346287,
        "d": 0
    },
    "jonathanunderwood": {
        "p_n": 2.8510996158452553,
        "f_b": 0.25389706954994207,
        "u_d": -16.54265347235624,
        "p": 9.003113680750321,
        "n": 6.152014064905066,
        "f": 7.704512407602665,
        "b": 7.450615338052723,
        "u": 0,
        "d": 16.54265347235624
    },
    "gemerden": {
        "p_n": 2.075624749512052,
        "f_b": -1.3066970989652518,
        "u_d": -17.45825704378564,
        "p": 9.45980928520801,
        "n": 7.384184535695958,
        "f": 7.768648360969358,
        "b": 9.07534545993461,
        "u": -17.45825704378564,
        "d": 0
    },
    "imbaczek": {
        "p_n": 1.9897462920835878,
        "f_b": -0.14072669590147768,
        "u_d": -17.48397170062537,
        "p": 9.385703147679209,
        "n": 7.395956855595621,
        "f": 8.320466653686676,
        "b": 8.461193349588154,
        "u": -17.48397170062537,
        "d": 0
    },
    "ankostis": {
        "p_n": 1.993965350385844,
        "f_b": -0.44749881237264333,
        "u_d": -17.012780468984243,
        "p": 9.424276929008425,
        "n": 7.430311578622581,
        "f": 8.203544847629182,
        "b": 8.651043660001825,
        "u": 0,
        "d": 17.012780468984243
    },
    "parthsharma1996": {
        "p_n": 2.8113348113727614,
        "f_b": -0.31146573129699107,
        "u_d": -17.327507008860252,
        "p": 9.487932260557852,
        "n": 6.67659744918509,
        "f": 7.926531989222976,
        "b": 8.237997720519967,
        "u": 0,
        "d": 17.327507008860252
    },
    "botzill": {
        "p_n": 2.1087939278183,
        "f_b": -0.5383872282716347,
        "u_d": -17.443420695430866,
        "p": 9.452057560442217,
        "n": 7.343263632623917,
        "f": 8.12846698239725,
        "b": 8.666854210668884,
        "u": -17.443420695430866,
        "d": 0
    },
    "jxskiss": {
        "p_n": 2.3517225523887504,
        "f_b": -0.5091998247623923,
        "u_d": -17.011096059815596,
        "p": 9.330857151393996,
        "n": 6.979134599005246,
        "f": 7.900395962818424,
        "b": 8.409595787580816,
        "u": 0,
        "d": 17.011096059815596
    },
    "paulbovbel": {
        "p_n": 2.128096142321585,
        "f_b": -0.8235105331821071,
        "u_d": -17.477859799076878,
        "p": 9.399957774983708,
        "n": 7.271861632662123,
        "f": 7.924154437231861,
        "b": 8.747664970413968,
        "u": -17.477859799076878,
        "d": 0
    },
    "lromor": {
        "p_n": 1.8549550742150398,
        "f_b": 0.3555296718260159,
        "u_d": -16.934166988612976,
        "p": 9.492972472587464,
        "n": 7.638017398372424,
        "f": 8.743259771392953,
        "b": 8.387730099566937,
        "u": 0,
        "d": 16.934166988612976
    },
    "bedge": {
        "p_n": 2.6179256888830214,
        "f_b": -0.6582417738067843,
        "u_d": -17.35278366600518,
        "p": 9.27190574563438,
        "n": 6.653980056751358,
        "f": 7.633822014289477,
        "b": 8.29206378809626,
        "u": 0,
        "d": 17.35278366600518
    },
    "luminize": {
        "p_n": 2.3375507187582514,
        "f_b": -0.5598680825653215,
        "u_d": -17.45322307603629,
        "p": 9.495197199048992,
        "n": 7.15764648029074,
        "f": 8.046487798387206,
        "b": 8.606355880952528,
        "u": -17.45322307603629,
        "d": 0
    },
    "KarolOlko": {
        "p_n": 2.513159353975353,
        "f_b": -0.18418219311516815,
        "u_d": -17.450175987553784,
        "p": 9.436307233533217,
        "n": 6.923147879557864,
        "f": 8.087636459987957,
        "b": 8.271818653103125,
        "u": -17.450175987553784,
        "d": 0
    },
    "Synss": {
        "p_n": 1.676901814813025,
        "f_b": -0.10396362140711801,
        "u_d": -17.969059183316595,
        "p": 9.57740721515117,
        "n": 7.900505400338146,
        "f": 8.6869744970411,
        "b": 8.790938118448217,
        "u": 0,
        "d": 17.969059183316595
    },
    "Grey-Bit": {
        "p_n": 2.155095478235644,
        "f_b": 0.014485279713548849,
        "u_d": -17.452831756640638,
        "p": 9.721536753463145,
        "n": 7.5664412752275005,
        "f": 8.651231654202096,
        "b": 8.636746374488547,
        "u": -17.452831756640638,
        "d": 0
    },