{
    "lsbardel": {
        "p_n": 1.6303760329857226,
        "f_b": -0.6852084212625442,
        "u_d": -17.67828112099085,
        "p": 9.184556506155891,
        "n": 7.5541804731701685,
        "f": 8.026764279031758,
        "b": 8.711972700294302,
        "u": 0,
        "d": 17.67828112099085
    },
    "klynton": {
        "p_n": 1.7472105128817415,
        "f_b": -0.016701057979355838,
        "u_d": -17.080172786618732,
        "p": 8.827508175405576,
        "n": 7.080297662523835,
        "f": 7.9455523899750276,
        "b": 7.962253447954383,
        "u": 0,
        "d": 17.080172786618732
    },
    "rferreira": {
        "p_n": 2.2485826937913718,
        "f_b": 0.14342363671226455,
        "u_d": -16.998693135840327,
        "p": 9.010853859292908,
        "n": 6.762271165501536,
        "f": 7.958274330753355,
        "b": 7.81485069404109,
        "u": 0,
        "d": 16.998693135840327
    },
    "coveralls": {
        "p_n": 2.0986855116929544,
        "f_b": 0.9122467199122983,
        "u_d": -17.489157669628458,
        "p": 9.01595127978742,
        "n": 6.917265768094465,
        "f": 8.422731883897091,
        "b": 7.510485163984793,
        "u": -17.489157669628458,
        "d": 0
    },
    "sekrause": {
        "p_n": 1.7360597306128493,
        "f_b": -0.7499083517280543,
        "u_d": -15.664677662684056,
        "p": 8.874562523069514,
        "n": 7.138502792456665,
        "f": 7.631578481899062,
        "b": 8.381486833627116,
        "u": 0,
        "d": 15.664677662684056
    },
    "nmg1986": {
        "p_n": 1.9595726697099618,
        "f_b": -0.19694439470040415,
        "u_d": -17.481593859408488,
        "p": 9.285945989482181,
        "n": 7.32637331977222,
        "f": 8.207687457276998,
        "b": 8.404631851977403,
        "u": -17.481593859408488,
        "d": 0
    },
    "msornay": {
        "p_n": 2.042176407104453,
        "f_b": -0.9419417754768897,
        "u_d": -17.789580890432774,
        "p": 9.335639856379991,
        "n": 7.293463449275539,
        "f": 7.843580765089319,
        "b": 8.785522540566209,
        "u": 0,
        "d": 17.789580890432774
    },
    "IwanLD": {
        "p_n": 2.3103924091873287,
        "f_b": -0.2989506486576792,
        "u_d": -16.532734748557303,
        "p": 8.951934706063755,
        "n": 6.641542296876426,
        "f": 7.647263177141251,
        "b": 7.94621382579893,
        "u": 0,
        "d": 16.532734748557303
    },
    "codecov-io": {
        "p_n": 2.534002731475346,
        "f_b": 0.6050944497670745,
        "u_d": -16.809004780429362,
        "p": 9.391958556229627,
        "n": 6.8579558247542804,
        "f": 8.427504415375491,
        "b": 7.822409965608417,
        "u": 0,
        "d": 16.809004780429362
    }
}