{
    "ajans": {
        "p_n": 2.364606087027827,
        "f_b": 0.25902157215315214,
        "u_d": -16.810263599920034,
        "p": 8.6931527686875,
        "n": 6.328546681659674,
        "f": 7.640360511250163,
        "b": 7.381338939097011,
        "u": 0,
        "d": 16.810263599920034
    }
}