{
    "radex": {
        "p_n": 2.536815879008624,
        "f_b": -0.12216969586121706,
        "u_d": -17.434463610265894,
        "p": 9.433390306880291,
        "n": 6.896574427871667,
        "f": 8.10389751944537,
        "b": 8.226067215306587,
        "u": 0,
        "d": 17.434463610265894
    },
    "zrzka": {
        "p_n": 2.3922967072887253,
        "f_b": -0.24739754109315903,
        "u_d": -17.641467911959367,
        "p": 9.46890557986902,
        "n": 7.0766088725802945,
        "f": 8.149058455678077,
        "b": 8.396455996771236,
        "u": 0,
        "d": 17.641467911959367
    },
    "narfdotpl": {
        "p_n": 1.5680005834887636,
        "f_b": -0.2978727466898583,
        "u_d": -15.74430998036274,
        "p": 8.86511342457085,
        "n": 7.297112841082087,
        "f": 7.932176759481539,
        "b": 8.230049506171397,
        "u": 0,
        "d": 15.74430998036274
    },
    "kaunteya": {
        "p_n": 2.9611315006995937,
        "f_b": -0.018769283704621387,
        "u_d": -17.487086470653402,
        "p": 9.847010068233669,
        "n": 6.885878567534075,
        "f": 8.357059676031561,
        "b": 8.375828959736182,
        "u": -17.487086470653402,
        "d": 0
    },
    "goktugyil": {
        "p_n": 2.7575305826072425,
        "f_b": -0.10131616064615478,
        "u_d": -15.807324755081137,
        "p": 9.516883546252737,
        "n": 6.759352963645495,
        "f": 8.087460174626038,
        "b": 8.188776335272193,
        "u": 0,
        "d": 15.807324755081137
    },
    "basememara": {
        "p_n": 2.3463240201061417,
        "f_b": -0.4836091748475235,
        "u_d": -17.58362671485708,
        "p": 9.255514999150847,
        "n": 6.9091909790447055,
        "f": 7.840548401674014,
        "b": 8.324157576521538,
        "u": 0,
        "d": 17.58362671485708
    },
    "delba": {
        "p_n": 2.87492994597834,
        "f_b": -0.5146253714589779,
        "u_d": -16.730983159325316,
        "p": 9.475147085689294,
        "n": 6.600217139710954,
        "f": 7.780369426970635,
        "b": 8.294994798429613,
        "u": 0,
        "d": 16.730983159325316
    },
    "damianesteban": {
        "p_n": 2.758501873280231,
        "f_b": -0.7792818432093958,
        "u_d": -17.435691789081424,
        "p": 9.015327027931065,
        "n": 6.2568251546508336,
        "f": 7.246435169686252,
        "b": 8.025717012895647,
        "u": 0,
        "d": 17.435691789081424
    },
    "rinatkhanov": {
        "p_n": 2.3536665013553133,
        "f_b": -0.37893749878504934,
        "u_d": -17.909575230898994,
        "p": 9.339452486208284,
        "n": 6.985785984852971,
        "f": 7.973150486138103,
        "b": 8.352087984923152,
        "u": 0,
        "d": 17.909575230898994
    },
    "nicholas-lonsinger": {
        "p_n": 2.3557802371630423,
        "f_b": -0.6768320398273122,
        "u_d": -17.19182702817232,
        "p": 9.12321478456833,
        "n": 6.767434547405287,
        "f": 7.606908646073153,
        "b": 8.283740685900465,
        "u": 0,
        "d": 17.19182702817232
    },
    "humblehacker": {
        "p_n": 3.197170221688755,
        "f_b": 0.06648479825858367,
        "u_d": -17.466085558028738,
        "p": 9.131968162745476,
        "n": 5.934797941056721,
        "f": 7.56662545103039,
        "b": 7.500140652771806,
        "u": -17.466085558028738,
        "d": 0
    },
    "minuscorp": {
        "p_n": 2.4992742833758452,
        "f_b": 0.13110832550503027,
        "u_d": -17.53287846271173,
        "p": 9.184625036811486,
        "n": 6.685350753435641,
        "f": 8.000542057876078,
        "b": 7.869433732371048,
        "u": 0,
        "d": 17.53287846271173
    }
}