{
    "dhh": {
        "p_n": 1.8090606573684695,
        "f_b": -0.7119769739930009,
        "u_d": -17.466686122092334,
        "p": 9.14611710518685,
        "n": 7.33705644781838,
        "f": 7.885598289506114,
        "b": 8.597575263499115,
        "u": -17.466686122092334,
        "d": 0
    },
    "dasch": {
        "p_n": 1.9633722146182606,
        "f_b": -1.0676715442284932,
        "u_d": -17.343127657779497,
        "p": 8.985014607693804,
        "n": 7.021642393075544,
        "f": 7.469492728270427,
        "b": 8.53716427249892,
        "u": 0,
        "d": 17.343127657779497
    },
    "fgrehm": {
        "p_n": 1.6272344698804604,
        "f_b": -0.5043640752939211,
        "u_d": -16.35642586344995,
        "p": 9.076680487343994,
        "n": 7.449446017463534,
        "f": 8.010881214756804,
        "b": 8.515245290050725,
        "u": 0,
        "d": 16.35642586344995
    },
    "satb": {
        "p_n": 2.2923741540233538,
        "f_b": 0.16581730749075874,
        "u_d": -17.449513573470004,
        "p": 9.441540318209118,
        "n": 7.149166164185764,
        "f": 8.37826189494282,
        "b": 8.212444587452062,
        "u": -17.449513573470004,
        "d": 0
    },
    "eimermusic": {
        "p_n": 2.0284253981778617,
        "f_b": -0.9221293523622265,
        "u_d": -15.466761272595521,
        "p": 9.28306429272567,
        "n": 7.254638894547809,
        "f": 7.807786917455626,
        "b": 8.729916269817853,
        "u": 0,
        "d": 15.466761272595521
    }
}