{
    "rap2hpoutre": {
        "p_n": 1.933087513441727,
        "f_b": 0.22754270440961122,
        "u_d": -17.917453020309345,
        "p": 9.656665589391437,
        "n": 7.72357807594971,
        "f": 8.80389318487538,
        "b": 8.576350480465768,
        "u": 0,
        "d": 17.917453020309345
    },
    "ChristopherDosin": {
        "p_n": 1.8687479885317195,
        "f_b": 0.05408406944695443,
        "u_d": -17.497938022832773,
        "p": 9.036142523186529,
        "n": 7.167394534654809,
        "f": 8.128810563644146,
        "b": 8.074726494197192,
        "u": -17.497938022832773,
        "d": 0
    },
    "RobinHoutevelts": {
        "p_n": 1.88219903260517,
        "f_b": -0.7922606332740525,
        "u_d": -17.306705161776957,
        "p": 9.244679186139834,
        "n": 7.362480153534664,
        "f": 7.907449353200223,
        "b": 8.699709986474275,
        "u": 0,
        "d": 17.306705161776957
    },
    "judgej": {
        "p_n": 1.8557687084765275,
        "f_b": -0.4977102878124704,
        "u_d": -17.49892249809889,
        "p": 9.324016142211285,
        "n": 7.468247433734757,
        "f": 8.147276644066785,
        "b": 8.644986931879256,
        "u": -17.49892249809889,
        "d": 0
    },
    "yajra": {
        "p_n": 1.429535953933641,
        "f_b": -0.4000556557175514,
        "u_d": -17.483481199006473,
        "p": 8.941432728928543,
        "n": 7.511896774994902,
        "f": 8.026636924102947,
        "b": 8.426692579820498,
        "u": -17.483481199006473,
        "d": 0
    },
    "ahuggins": {
        "p_n": 2.342127745560518,
        "f_b": -0.26034154992180447,
        "u_d": -17.982589568274015,
        "p": 9.821797389875417,
        "n": 7.4796696443149,
        "f": 8.520562742134256,
        "b": 8.78090429205606,
        "u": 0,
        "d": 17.982589568274015
    },
    "akoepcke": {
        "p_n": 2.144885254293264,
        "f_b": -0.6751060991744176,
        "u_d": -14.982259939400901,
        "p": 8.924901735053727,
        "n": 6.780016480760462,
        "f": 7.514906058319886,
        "b": 8.190012157494303,
        "u": 0,
        "d": 14.982259939400901
    },
    "elminson": {
        "p_n": 1.4802955210294302,
        "f_b": -0.39931933063247804,
        "u_d": -17.48194547047145,
        "p": 9.286411611143635,
        "n": 7.806116090114204,
        "f": 8.34660418531268,
        "b": 8.745923515945158,
        "u": -17.48194547047145,
        "d": 0
    }
}