{
    "rbgirshick": {
        "p_n": 1.629797555603517,
        "f_b": -0.6771275397023482,
        "u_d": -16.104139973477004,
        "p": 8.869553534017648,
        "n": 7.239755978414131,
        "f": 7.716090986364715,
        "b": 8.393218526067063,
        "u": 0,
        "d": 16.104139973477004
    },
    "flipflop98": {
        "p_n": 2.278548261022719,
        "f_b": 0.08230991554982747,
        "u_d": -16.855590095090893,
        "p": 8.684489832378915,
        "n": 6.4059415713561965,
        "f": 7.586370659642469,
        "b": 7.504060744092642,
        "u": 0,
        "d": 16.855590095090893
    },
    "Mhalla": {
        "p_n": 1.6338932423545156,
        "f_b": -0.3441037310172872,
        "u_d": -16.34301682213384,
        "p": 8.564998991790652,
        "n": 6.931105749436137,
        "f": 7.5760005051047505,
        "b": 7.920104236122038,
        "u": 0,
        "d": 16.34301682213384
    },
    "cervantes-loves-ai": {
        "p_n": 2.009890833481732,
        "f_b": 0.1945084743377974,
        "u_d": -17.003924333974048,
        "p": 8.746539273880021,
        "n": 6.736648440398289,
        "f": 7.838848094308054,
        "b": 7.644339619970257,
        "u": 0,
        "d": 17.003924333974048
    },
    "dawin2015": {
        "p_n": 1.9122217074220922,
        "f_b": -0.46928912073402973,
        "u_d": -16.225517352514586,
        "p": 8.640786572520334,
        "n": 6.7285648650982415,
        "f": 7.450031158442273,
        "b": 7.919320279176302,
        "u": 0,
        "d": 16.225517352514586
    },
    "sid027": {
        "p_n": 1.9011394702130113,
        "f_b": -0.16844598580635584,
        "u_d": -16.18989821320719,
        "p": 9.335712877095862,
        "n": 7.43457340688285,
        "f": 8.300920149086178,
        "b": 8.469366134892534,
        "u": 0,
        "d": 16.18989821320719
    },
    "erohan": {
        "p_n": 2.079386193529624,
        "f_b": -0.35470697538127816,
        "u_d": -14.601510221954308,
        "p": 8.492504949122946,
        "n": 6.413118755593322,
        "f": 7.275458364667495,
        "b": 7.630165340048773,
        "u": 0,
        "d": 14.601510221954308
    },
    "ssakhavi": {
        "p_n": 2.2265435739283266,
        "f_b": -0.8002031835968495,
        "u_d": -15.353743846190927,
        "p": 9.242403897425547,
        "n": 7.01586032349722,
        "f": 7.7290305186629595,
        "b": 8.529233702259809,
        "u": 0,
        "d": 15.353743846190927
    },
    "ltl315": {
        "p_n": 2.1458002506592404,
        "f_b": 0.907291667214607,
        "u_d": -17.123208931327714,
        "p": 8.929668986167938,
        "n": 6.7838687355086975,
        "f": 8.31041469444562,
        "b": 7.403123027231014,
        "u": 0,
        "d": 17.123208931327714
    },
    "Tingting-Chang": {
        "p_n": 1.911811927966733,
        "f_b": 0.9846857677107606,
        "u_d": -16.944144945528436,
        "p": 8.738439285341626,
        "n": 6.826627357374893,
        "f": 8.274876205213639,
        "b": 7.290190437502878,
        "u": 0,
        "d": 16.944144945528436
    },
    "sunshineatnoon": {
        "p_n": 2.2595333196964695,
        "f_b": -0.15347576614806968,
        "u_d": -16.555429952277056,
        "p": 9.18784933491508,
        "n": 6.928316015218611,
        "f": 7.981344791992811,
        "b": 8.13482055814088,
        "u": 0,
        "d": 16.555429952277056
    },
    "zhouphd": {
        "p_n": 2.1544393726073032,
        "f_b": -0.11096671837413474,
        "u_d": -17.488833009892122,
        "p": 9.061814323523208,
        "n": 6.907374950915905,
        "f": 7.92911127803249,
        "b": 8.040077996406625,
        "u": -17.488833009892122,
        "d": 0
    },
    "zeyuanxy": {
        "p_n": 2.4422053101745957,
        "f_b": 0.4927028860252314,
        "u_d": -17.452607477266795,
        "p": 9.54008861392603,
        "n": 7.097883303751435,
        "f": 8.565337401851348,
        "b": 8.072634515826117,
        "u": -17.452607477266795,
        "d": 0
    },
    "hengck23": {
        "p_n": 2.201492782859483,
        "f_b": -0.4033711828906039,
        "u_d": -17.44366782189083,
        "p": 9.36894026801351,
        "n": 7.167447485154027,
        "f": 8.066508285138466,
        "b": 8.46987946802907,
        "u": -17.44366782189083,
        "d": 0
    },
    "anuchandra": {
        "p_n": 1.8900999307019877,
        "f_b": -0.43195114599481066,
        "u_d": -17.451710237855362,
        "p": 9.101713910133043,
        "n": 7.211613979431055,
        "f": 7.940688371784644,
        "b": 8.372639517779454,
        "u": 0,
        "d": 17.451710237855362
    },
    "IchibanKanobee": {
        "p_n": 2.0177542229024974,
        "f_b": -0.3503887927488645,
        "u_d": -17.865919988265233,
        "p": 9.167147625397522,
        "n": 7.149393402495025,
        "f": 7.983076117571841,
        "b": 8.333464910320705,
        "u": 0,
        "d": 17.865919988265233
    },
    "catsdogone": {
        "p_n": 2.4084652194157847,
        "f_b": -0.5988912216709359,
        "u_d": -17.443923956353604,
        "p": 9.197543887767845,
        "n": 6.78907866835206,
        "f": 7.693865667224484,
        "b": 8.29275688889542,
        "u": -17.443923956353604,
        "d": 0
    },
    "aragon111": {
        "p_n": 1.968093851285321,
        "f_b": -0.4689354466884277,
        "u_d": -14.986733380391017,
        "p": 8.902240390491453,
        "n": 6.934146539206132,
        "f": 7.6837257415045785,
        "b": 8.152661188193006,
        "u": 0,
        "d": 14.986733380391017
    },
    "MinaRe": {
        "p_n": 1.8399676287280151,
        "f_b": 0.28214346180312955,
        "u_d": -16.026089977906512,
        "p": 8.863734961010325,
        "n": 7.0237673322823095,
        "f": 8.084822877547882,
        "b": 7.802679415744753,
        "u": 0,
        "d": 16.026089977906512
    },
    "karaspd": {
        "p_n": 2.7287812533361846,
        "f_b": -0.830174775403643,
        "u_d": -17.756656851398475,
        "p": 9.484072308283425,
        "n": 6.75529105494724,
        "f": 7.704594293913511,
        "b": 8.534769069317154,
        "u": 0,
        "d": 17.756656851398475
    },
    "mksarker": {
        "p_n": 1.935939038722041,
        "f_b": -0.2639089958664256,
        "u_d": -16.37743488305001,
        "p": 8.689743112858869,
        "n": 6.753804074136828,
        "f": 7.589819095564636,
        "b": 7.853728091431061,
        "u": 0,
        "d": 16.37743488305001
    },
    "sharmapulkit": {
        "p_n": 1.887184531566172,
        "f_b": -0.35695675212499545,
        "u_d": -15.702861567627874,
        "p": 9.091704128026933,
        "n": 7.204519596460761,
        "f": 7.969633486181349,
        "b": 8.326590238306345,
        "u": 0,
        "d": 15.702861567627874
    },
    "indsak": {
        "p_n": 2.5803053113531407,
        "f_b": 0.25716052874435835,
        "u_d": -16.267652232238493,
        "p": 8.818216679046934,
        "n": 6.237911367693793,
        "f": 7.656644287742543,
        "b": 7.399483758998184,
        "u": 0,
        "d": 16.267652232238493
    },
    "LarsHH": {
        "p_n": 1.7798402785557972,
        "f_b": -0.11335320734636589,
        "u_d": -17.475801417993075,
        "p": 9.487662250083794,
        "n": 7.707821971527997,
        "f": 8.541065507132712,
        "b": 8.654418714479078,
        "u": -17.475801417993075,
        "d": 0
    },
    "nwestlake": {
        "p_n": 2.0427241925967703,
        "f_b": -0.3145821004998677,
        "u_d": -17.26027475150306,
        "p": 9.324955765592303,
        "n": 7.282231572995533,
        "f": 8.146302619043984,
        "b": 8.460884719543852,
        "u": 0,
        "d": 17.26027475150306
    },
    "cuatristapr": {
        "p_n": 1.3658858854230846,
        "f_b": -0.32066862435696564,
        "u_d": -17.497852793494324,
        "p": 9.194250446418085,
        "n": 7.828364560995,
        "f": 8.350973191528059,
        "b": 8.671641815885025,
        "u": -17.497852793494324,