{
    "fkling": {
        "p_n": 2.384494544909476,
        "f_b": -0.3317477342748596,
        "u_d": -16.829095374102803,
        "p": 9.45770990998783,
        "n": 7.0732153650783545,
        "f": 8.099588770395663,
        "b": 8.431336504670522,
        "u": 0,
        "d": 16.829095374102803
    },
    "morlay": {
        "p_n": 2.512665167481857,
        "f_b": -0.5024443920245254,
        "u_d": -16.467905624163134,
        "p": 8.986638623466384,
        "n": 6.473973455984527,
        "f": 7.479083843713193,
        "b": 7.981528235737718,
        "u": 0,
        "d": 16.467905624163134
    },
    "mfunkie": {
        "p_n": 2.071727671738774,
        "f_b": -0.4334769921898376,
        "u_d": -13.553979854383067,
        "p": 8.692578177176681,
        "n": 6.620850505437907,
        "f": 7.439975845212376,
        "b": 7.873452837402214,
        "u": 0,
        "d": 13.553979854383067
    },
    "janicduplessis": {
        "p_n": 2.229599033961888,
        "f_b": -0.47240636694375837,
        "u_d": -16.673691083060675,
        "p": 9.395750330855641,
        "n": 7.166151296893753,
        "f": 8.044747630402819,
        "b": 8.517153997346577,
        "u": 0,
        "d": 16.673691083060675
    },
    "danez": {
        "p_n": 2.289009255975138,
        "f_b": -0.4376172954551105,
        "u_d": -16.29301507030205,
        "p": 9.428263149991995,
        "n": 7.139253894016857,
        "f": 8.064949874276872,
        "b": 8.502567169731982,
        "u": 0,
        "d": 16.29301507030205
    },
    "levithomason": {
        "p_n": 2.317310685308735,
        "f_b": -0.6824046704048019,
        "u_d": -17.47937049306261,
        "p": 9.460599447105807,
        "n": 7.143288761797072,
        "f": 7.960741769249038,
        "b": 8.64314643965384,
        "u": -17.47937049306261,
        "d": 0
    },
    "chrisui": {
        "p_n": 2.893854044976834,
        "f_b": -0.6858173423238512,
        "u_d": -17.46328897497062,
        "p": 9.515113586006162,
        "n": 6.621259541029328,
        "f": 7.72527789235582,
        "b": 8.41109523467967,
        "u": -17.46328897497062,
        "d": 0
    },
    "iamdustan": {
        "p_n": 2.4410580182365216,
        "f_b": -0.3364174366281798,
        "u_d": -16.60583354044329,
        "p": 9.211445440814733,
        "n": 6.770387422578212,
        "f": 7.822707713382384,
        "b": 8.159125150010563,
        "u": 0,
        "d": 16.60583354044329
    },
    "bartvde": {
        "p_n": 2.7758364272009786,
        "f_b": -0.45564188138414874,
        "u_d": -16.917049666705932,
        "p": 9.149756950668088,
        "n": 6.37392052346711,
        "f": 7.534017796375525,
        "b": 7.989659677759674,
        "u": 0,
        "d": 16.917049666705932
    },
    "NogsMPLS": {
        "p_n": 2.892084509544924,
        "f_b": -0.5912678405184728,
        "u_d": -16.786151136522843,
        "p": 9.21335923735312,
        "n": 6.321274727808197,
        "f": 7.471683062321423,
        "b": 8.062950902839896,
        "u": 0,
        "d": 16.786151136522843
    },
    "pasupuletics": {
        "p_n": 2.929663764958068,
        "f_b": -0.3102154832690722,
        "u_d": -17.464704264443643,
        "p": 9.570350575147032,
        "n": 6.640686810188964,
        "f": 7.9504109510334615,
        "b": 8.260626434302534,
        "u": -17.464704264443643,
        "d": 0
    },
    "benjroy": {
        "p_n": 2.4684645914615793,
        "f_b": -0.724008220028737,
        "u_d": -15.701319639621346,
        "p": 8.951840548880496,
        "n": 6.483375957418916,
        "f": 7.355604143135337,
        "b": 8.079612363164074,
        "u": 0,
        "d": 15.701319639621346
    },
    "ZauberNerd": {
        "p_n": 2.5383436084251603,
        "f_b": -0.5427018071923584,
        "u_d": -17.43110148423103,
        "p": 9.380450275428728,
        "n": 6.842106667003568,
        "f": 7.83992756761997,
        "b": 8.382629374812328,
        "u": 0,
        "d": 17.43110148423103
    },
    "khankuan": {
        "p_n": 2.282287538769152,
        "f_b": -0.8510357647931457,
        "u_d": -17.484491023313716,
        "p": 9.466658689775002,
        "n": 7.18437115100585,
        "f": 7.8999970379938524,
        "b": 8.751032802786998,
        "u": -17.484491023313716,
        "d": 0
    },
    "caabernathy": {
        "p_n": 3.2494882917737975,
        "f_b": -0.8541207119432537,
        "u_d": -17.480251503286826,
        "p": 9.555168430841878,
        "n": 6.30568013906808,
        "f": 7.503363928983352,
        "b": 8.357484640926605,
        "u": -17.480251503286826,
        "d": 0
    },
    "StJohn3D": {
        "p_n": 2.9177933604411805,
        "f_b": -0.4658710803626356,
        "u_d": -17.53963020102902,
        "p": 9.184901245961193,
        "n": 6.267107885520012,
        "f": 7.493069025559285,
        "b": 7.95894010592192,
        "u": 0,
        "d": 17.53963020102902
    },
    "rtsao": {
        "p_n": 2.861207665004361,
        "f_b": -0.8039439772378536,
        "u_d": -17.491204177095053,
        "p": 9.215396675539033,
        "n": 6.354189010534672,
        "f": 7.3828208544179255,
        "b": 8.186764831655779,
        "u": -17.491204177095053,
        "d": 0
    },
    "davidlivingrooms": {
        "p_n": 2.769979290467523,
        "f_b": -0.6542588972421832,
        "u_d": -17.463872485532626,
        "p": 9.788070066937841,
        "n": 7.018090776470318,
        "f": 8.075950973082989,
        "b": 8.730209870325172,
        "u": -17.463872485532626,
        "d": 0
    },
    "pke": {
        "p_n": 2.0819263270918915,
        "f_b": -0.5743028625227717,
        "u_d": -17.35392152084804,
        "p": 8.665552820450628,
        "n": 6.583626493358737,
        "f": 7.337438225643297,
        "b": 7.911741088166068,
        "u": 0,
        "d": 17.35392152084804
    },
    "bsmith-cycorp": {
        "p_n": 2.8616664966287644,
        "f_b": -0.052089006856665065,
        "u_d": -16.255608558753053,
        "p": 8.794481081546605,
        "n": 5.932814584917841,
        "f": 7.3376033298038905,
        "b": 7.389692336660556,
        "u": 0,
        "d": 16.255608558753053
    },
    "rosskevin": {
        "p_n": 2.4618128731733604,
        "f_b": -0.6585323638436495,
        "u_d": -17.323248617078477,
        "p": 8.981992022778872,
        "n": 6.520179149605512,
        "f": 7.421819404270368,
        "b": 8.080351768114017,
        "u": 0,
        "d": 17.323248617078477
    },
    "daoanhnhat1995": {
        "p_n": 2.4539375552622076,
        "f_b": 0.06807940546149904,
        "u_d": -17.49733276058004,
        "p": 8.979267883964713,
        "n": 6.5253303287025055,
        "f": 7.786338809064358,
        "b": 7.718259403602859,
        "u": -17.49733276058004,
        "d": 0
    },
    "jesseko": {
        "p_n": 2.8514954761632074,
        "f_b": -0.7099843417784619,
        "u_d": -17.452689082597562,
        "p": 9.267208752303262,
        "n": 6.415713276140054,
        "f": 7.4864688433324265,
        "b": 8.196453185110888,
        "u": -17.452689082597562,
        "d": 0
    },
    "Jmeyering": {
        "p_n": 2.153315492913314,
        "f_b": -0.45973857326569423,
        "u_d": -15.603940937346065,
        "p": 8.878212497228365,
        "n": 6.724897004315051,
        "f": 7.571685464138861,
        "b": 8.031424037404555,
        "u": 0,
        "d": 15.603940937346065
    },
    "adityavohra7": {
        "p_n": 2.4355641861024138,
        "f_b": -0.8160373136706056,
        "u_d": -17.48882475714647,
        "p": 9.425573343575122,
        "n": 6.990009157472708,
        "f": 7.799772593688612,
        "b": 8.615809907359218,
        "u": -17.48882475714647,
        "d": 0
    },
    "TheSavior": {
        "p_n": 2.6956748027970496,
        "f_b": -0.6184814772595635,
        "u_d": -17.31881508389823,
        "p": 9.360409819640314,
        "n": 6.664735016843264,
        "f": 7.703331679612007,
        "b": 8.32181315687157,
        "u": 0,