{
    "darkyen": {
        "p_n": 2.0819661639279374,
        "f_b": -0.7751489591598641,
        "u_d": -17.57147397034162,
        "p": 9.147001861196328,
        "n": 7.0650356972683905,
        "f": 7.718444299652427,
        "b": 8.493593258812291,
        "u": 0,
        "d": 17.57147397034162
    },
    "tleunen": {
        "p_n": 2.0190793233127033,
        "f_b": -0.5500955838061152,
        "u_d": -16.34421893179803,
        "p": 9.326965208590396,
        "n": 7.307885885277693,
        "f": 8.042377755030987,
        "b": 8.592473338837102,
        "u": 0,
        "d": 16.34421893179803
    },
    "slybridges": {
        "p_n": 2.127649989656769,
        "f_b": -0.6143309619100243,
        "u_d": -17.49407224693958,
        "p": 9.3417263693368,
        "n": 7.214076379680032,
        "f": 7.970735893553403,
        "b": 8.585066855463428,
        "u": -17.49407224693958,
        "d": 0
    },
    "janpieterz": {
        "p_n": 2.399414295067298,
        "f_b": -0.5941668741135953,
        "u_d": -15.393156820596056,
        "p": 9.072408098419796,
        "n": 6.672993803352498,
        "f": 7.57561751382935,
        "b": 8.169784387942945,
        "u": 0,
        "d": 15.393156820596056
    },
    "faergeek": {
        "p_n": 2.394513890694599,
        "f_b": -0.3586711535067604,
        "u_d": -16.81247502199478,
        "p": 9.336189507434927,
        "n": 6.941675616740328,
        "f": 7.959596985334247,
        "b": 8.318268138841008,
        "u": 0,
        "d": 16.81247502199478
    },
    "jolic": {
        "p_n": 2.1629443160727977,
        "f_b": -1.0910200204646134,
        "u_d": -17.4918112716195,
        "p": 9.02023216662894,
        "n": 6.857287850556142,
        "f": 7.393249998360234,
        "b": 8.484270018824848,
        "u": -17.4918112716195,
        "d": 0
    },
    "joshq00": {
        "p_n": 2.5405268496920073,
        "f_b": -0.8302664702489757,
        "u_d": -17.140383636731332,
        "p": 9.33296713737462,
        "n": 6.792440287682613,
        "f": 7.647570477404129,
        "b": 8.477836947653104,
        "u": 0,
        "d": 17.140383636731332
    },
    "morlay": {
        "p_n": 2.362736231999592,
        "f_b": -0.48333967015707113,
        "u_d": -16.443162804849866,
        "p": 8.787391474488597,
        "n": 6.424655242489005,
        "f": 7.364353523410266,
        "b": 7.847693193567337,
        "u": 0,
        "d": 16.443162804849866
    },
    "aaugustin": {
        "p_n": 1.9742295895094948,
        "f_b": -0.6148166757084361,
        "u_d": -17.092478925575445,
        "p": 9.176832029876827,
        "n": 7.2026024403673325,
        "f": 7.882308897267862,
        "b": 8.497125572976298,
        "u": 0,
        "d": 17.092478925575445
    },
    "Permagate": {
        "p_n": 2.5094861296871542,
        "f_b": -0.37153688567067533,
        "u_d": -15.197764423722136,
        "p": 9.409664996372728,
        "n": 6.9001788666855735,
        "f": 7.969153488693813,
        "b": 8.340690374364488,
        "u": 0,
        "d": 15.197764423722136
    },
    "darenju": {
        "p_n": 2.070939102978656,
        "f_b": -0.4981056295198254,
        "u_d": -16.46816770785464,
        "p": 8.966903873158321,
        "n": 6.895964770179665,
        "f": 7.6823815069090795,
        "b": 8.180487136428905,
        "u": 0,
        "d": 16.46816770785464
    },
    "Download": {
        "p_n": 1.9547910594573494,
        "f_b": -0.6388856181152915,
        "u_d": -16.239962321664677,
        "p": 8.907974519615161,
        "n": 6.9531834601578115,
        "f": 7.611136180828841,
        "b": 8.250021798944132,
        "u": 0,
        "d": 16.239962321664677
    },
    "HriBB": {
        "p_n": 2.1124234103565502,
        "f_b": -0.18387806727475464,
        "u_d": -16.22414673221692,
        "p": 9.015808413206987,
        "n": 6.903385002850436,
        "f": 7.867657674391335,
        "b": 8.05153574166609,
        "u": 0,
        "d": 16.22414673221692
    },
    "PavelPZ": {
        "p_n": 2.6883200261117723,
        "f_b": -0.7047213087190105,
        "u_d": -17.417997528278388,
        "p": 9.158532571573739,
        "n": 6.470212545461966,
        "f": 7.462011904158347,
        "b": 8.166733212877357,
        "u": 0,
        "d": 17.417997528278388
    },
    "alexeyzimarev": {
        "p_n": 2.2555231303868375,
        "f_b": -0.8955304041306391,
        "u_d": -17.866923155605665,
        "p": 9.204597301917724,
        "n": 6.949074171530887,
        "f": 7.629070534658986,
        "b": 8.524600938789625,
        "u": 0,
        "d": 17.866923155605665
    },
    "gon250": {
        "p_n": 2.1156434846911445,
        "f_b": -0.5161460732168663,
        "u_d": -17.474404022536138,
        "p": 9.141356828715358,
        "n": 7.025713344024213,
        "f": 7.825462049761352,
        "b": 8.341608122978219,
        "u": -17.474404022536138,
        "d": 0
    },
    "leifoolsen": {
        "p_n": 2.106862644853683,
        "f_b": -0.981397465608036,
        "u_d": -17.49779734458982,
        "p": 9.152307901680986,
        "n": 7.045445256827303,
        "f": 7.608177846450126,
        "b": 8.589575312058162,
        "u": -17.49779734458982,
        "d": 0
    },
    "codecov-io": {
        "p_n": 2.459775195128004,
        "f_b": 0.011942669245474491,
        "u_d": -17.494840180743733,
        "p": 9.554314332884143,
        "n": 7.094539137756139,
        "f": 8.330398069942879,
        "b": 8.318455400697404,
        "u": -17.494840180743733,
        "d": 0
    },
    "Undeadlol1": {
        "p_n": 2.220744444385775,
        "f_b": -0.42776308118124984,
        "u_d": -16.623064461489577,
        "p": 8.933421411150384,
        "n": 6.712676966764609,
        "f": 7.6091676483668715,
        "b": 8.036930729548121,
        "u": 0,
        "d": 16.623064461489577
    },
    "traviskaufman": {
        "p_n": 2.1088138765944464,
        "f_b": 0.13206000532179907,
        "u_d": -17.47274836750779,
        "p": 9.435445807248755,
        "n": 7.326631930654308,
        "f": 8.44706887161243,
        "b": 8.315008866290631,
        "u": -17.47274836750779,
        "d": 0
    },
    "idancali": {
        "p_n": 3.0035017429314532,
        "f_b": 0.5836861521166785,
        "u_d": -17.47319053191237,
        "p": 9.729574649842034,
        "n": 6.726072906910581,
        "f": 8.519666854434647,
        "b": 7.935980702317968,
        "u": -17.47319053191237,
        "d": 0
    },
    "igorsantos07": {
        "p_n": 2.4898990877200795,
        "f_b": -0.907837355579268,
        "u_d": -15.99114226235585,
        "p": 9.125505699599445,
        "n": 6.635606611879366,
        "f": 7.426637477949772,
        "b": 8.33447483352904,
        "u": 0,
        "d": 15.99114226235585
    },
    "Augustin82": {
        "p_n": 2.301751996378413,
        "f_b": 0.017472740963777156,
        "u_d": -17.83679918557468,
        "p": 9.505196367649441,
        "n": 7.203444371271028,
        "f": 8.363056739942124,
        "b": 8.345583998978347,
        "u": 0,
        "d": 17.83679918557468
    },
    "DirtyHairy": {
        "p_n": 1.9994170422823085,
        "f_b": -0.8972976249902445,
        "u_d": -16.77958505289701,
        "p": 9.058512194681981,
        "n": 7.059095152399673,
        "f": 7.610154861045704,
        "b": 8.507452486035948,
        "u": 0,
        "d": 16.77958505289701
    },
    "sveisvei": {
        "p_n": 1.8920980345626113,
        "f_b": 0.24636977432823848,
        "u_d": -17.450843783601496,
        "p": 9.090195092523913,
        "n": 7.198097057961302,
        "f": 8.267330962406728,
        "b": 8.02096118807849,
        "u": -17.450843783601496,
        "d": 0
    }
}