{
    "paramaggarwal": {
        "p_n": 1.9313659291326566,
        "f_b": -0.31794088604247683,
        "u_d": -17.479162421888425,
        "p": 9.486129725485739,
        "n": 7.5547637963530825,
        "f": 8.361476317898173,
        "b": 8.67941720394065,
        "u": -17.479162421888425,
        "d": 0
    },
    "Pomax": {
        "p_n": 2.4990325967174423,
        "f_b": -0.7165090847955895,
        "u_d": -17.87233523571815,
        "p": 9.200755962867136,
        "n": 6.701723366149694,
        "f": 7.592985122110621,
        "b": 8.30949420690621,
        "u": 0,
        "d": 17.87233523571815
    },
    "okonet": {
        "p_n": 2.070870394113376,
        "f_b": -0.20159542517215812,
        "u_d": -17.366733417151394,
        "p": 9.427444807002683,
        "n": 7.356574412889307,
        "f": 8.291211897359915,
        "b": 8.492807322532073,
        "u": 0,
        "d": 17.366733417151394
    },
    "nickhudkins": {
        "p_n": 2.2303963290864717,
        "f_b": -0.49901605208551914,
        "u_d": -17.46386359147667,
        "p": 9.913373937097074,
        "n": 7.682977608010602,
        "f": 8.548667746511079,
        "b": 9.047683798596598,
        "u": -17.46386359147667,
        "d": 0
    },
    "robmclarty": {
        "p_n": 2.7730258250650195,
        "f_b": -1.2773484764625387,
        "u_d": -17.667006725683482,
        "p": 9.299525547910985,
        "n": 6.526499722845966,
        "f": 7.274338397147206,
        "b": 8.551686873609745,
        "u": 0,
        "d": 17.667006725683482
    },
    "tkiethanom": {
        "p_n": 2.2263621647329828,
        "f_b": -1.029984796354702,
        "u_d": -14.902830117647522,
        "p": 9.048176982755047,
        "n": 6.821814818022064,
        "f": 7.420003502211204,
        "b": 8.449988298565906,
        "u": 0,
        "d": 14.902830117647522
    },
    "marnusw": {
        "p_n": 2.2357274988916913,
        "f_b": -0.43783569735528616,
        "u_d": -17.573042806489724,
        "p": 9.378936272076912,
        "n": 7.14320877318522,
        "f": 8.042154673953423,
        "b": 8.479990371308709,
        "u": 0,
        "d": 17.573042806489724
    },
    "akkie": {
        "p_n": 2.254586542732813,
        "f_b": -0.4631198755047272,
        "u_d": -17.304338692746867,
        "p": 9.443961405007602,
        "n": 7.189374862274789,
        "f": 8.085108195888832,
        "b": 8.54822807139356,
        "u": 0,
        "d": 17.304338692746867
    },
    "mwolson": {
        "p_n": 1.8262487994946817,
        "f_b": -0.580902797915547,
        "u_d": -16.91035766863197,
        "p": 9.160813363242534,
        "n": 7.334564563747852,
        "f": 7.9572375645374205,
        "b": 8.538140362452967,
        "u": 0,
        "d": 16.91035766863197
    },
    "rolandjitsu": {
        "p_n": 2.157636402696671,
        "f_b": -0.43179350514640724,
        "u_d": -17.20523583377443,
        "p": 9.347302357712046,
        "n": 7.189665955015375,
        "f": 8.052587403790508,
        "b": 8.484380908936915,
        "u": 0,
        "d": 17.20523583377443
    },
    "anomaly44": {
        "p_n": 2.6869195732920526,
        "f_b": -0.44392817512537874,
        "u_d": -17.78994329798615,
        "p": 9.310411048431096,
        "n": 6.623491475139043,
        "f": 7.744987174222381,
        "b": 8.18891534934776,
        "u": 0,
        "d": 17.78994329798615
    },
    "MichaelLeeHobbs": {
        "p_n": 2.4286690332012633,
        "f_b": -0.40447960095434254,
        "u_d": -17.493848146340568,
        "p": 9.538498924075007,
        "n": 7.109829890873744,
        "f": 8.121924606997204,
        "b": 8.526404207951547,
        "u": -17.493848146340568,
        "d": 0
    },
    "bfwg": {
        "p_n": 2.0486393296886476,
        "f_b": -0.6974357037792602,
        "u_d": -15.84648353302716,
        "p": 8.799089416722136,
        "n": 6.750450087033489,
        "f": 7.426051899988182,
        "b": 8.123487603767442,
        "u": 0,
        "d": 15.84648353302716
    },
    "Nodman": {
        "p_n": 2.6304995325371676,
        "f_b": -0.3079826672937891,
        "u_d": -17.804894992852045,
        "p": 9.512598134559035,
        "n": 6.882098602021867,
        "f": 8.043357034643556,
        "b": 8.351339701937345,
        "u": 0,
        "d": 17.804894992852045
    },
    "Tushant": {
        "p_n": 2.2114445784859456,
        "f_b": -0.2664620404401461,
        "u_d": -15.80399342220727,
        "p": 9.43423017265483,
        "n": 7.222785594168885,
        "f": 8.195276863191784,
        "b": 8.46173890363193,
        "u": 0,
        "d": 15.80399342220727
    },
    "heshamelmasry77": {
        "p_n": 2.37593220431334,
        "f_b": 0.06818107405949103,
        "u_d": -15.939141009209537,
        "p": 8.988131464372506,
        "n": 6.612199260059166,
        "f": 7.834255899245581,
        "b": 7.76607482518609,
        "u": 0,
        "d": 15.939141009209537
    },
    "ihgrant": {
        "p_n": 1.2790742517729923,
        "f_b": -0.5164422265800894,
        "u_d": -17.27533591377469,
        "p": 9.114741654322854,
        "n": 7.835667402549862,
        "f": 8.216983415146313,
        "b": 8.733425641726402,
        "u": 0,
        "d": 17.27533591377469
    },
    "tmarshall": {
        "p_n": 1.9708119538115074,
        "f_b": -0.1877406445204759,
        "u_d": -16.440188251958972,
        "p": 9.300027923103714,
        "n": 7.329215969292207,
        "f": 8.220751623937723,
        "b": 8.408492268458199,
        "u": 0,
        "d": 16.440188251958972
    },
    "oyeanuj": {
        "p_n": 2.1312204074031706,
        "f_b": -0.5618683769131732,
        "u_d": -17.676537955996054,
        "p": 9.489835790106945,
        "n": 7.358615382703774,
        "f": 8.143291397948772,
        "b": 8.705159774861945,
        "u": 0,
        "d": 17.676537955996054
    },
    "mrichmond": {
        "p_n": 2.223825261315568,
        "f_b": -0.5983477024412602,
        "u_d": -17.468662944384466,
        "p": 8.764279460269933,
        "n": 6.5404541989543645,
        "f": 7.353192978391519,
        "b": 7.951540680832779,
        "u": -17.468662944384466,
        "d": 0
    },
    "sandysaders": {
        "p_n": 2.2527876155373416,
        "f_b": -0.009861742944030638,
        "u_d": -16.86416513695063,
        "p": 9.11224696102997,
        "n": 6.859459345492628,
        "f": 7.980922281789283,
        "b": 7.990784024733314,
        "u": 0,
        "d": 16.86416513695063
    },
    "vladshcherbin": {
        "p_n": 1.7646303781628099,
        "f_b": -0.6402097048139588,
        "u_d": -17.478455444922485,
        "p": 9.031199494548805,
        "n": 7.266569116385995,
        "f": 7.82877945306042,
        "b": 8.468989157874379,
        "u": -17.478455444922485,
        "d": 0
    },
    "josh18": {
        "p_n": 2.0577820868216694,
        "f_b": -0.6703187740186056,
        "u_d": -17.494455144858097,
        "p": 9.289700881079341,
        "n": 7.2319187942576715,
        "f": 7.925650450659203,
        "b": 8.595969224677809,
        "u": -17.494455144858097,
        "d": 0
    },
    "rxmarbles": {
        "p_n": 2.0656440042906468,
        "f_b": -0.202260145177112,
        "u_d": -17.377646720906966,
        "p": 9.496404295877738,
        "n": 7.430760291587092,
        "f": 8.362452221143858,
        "b": 8.56471236632097,
        "u": 0,
        "d": 17.377646720906966
    },
    "stale[bot]": {
        "p_n": 2.6321582940366426,
        "f_b": 0.3807771489445013,
        "u_d": -16.73744433029868,
        "p": 9.437960104226065,
        "n": 6.805801810189422,
        "f": 8.312269531679995,
        "b": 7.9314923827354935,
        "u": 0,
        "d": 16.73744433029868
    },
    "quarklemotion": {
        "p_n": 1.8572863106434134,
        "f_b": -0.8623145386367206,
        "u_d": -16.022108113184583,
        "p": 8.885435212288531,
        "n": 7.0281489016451175,
        "f": 7.525634787648464,
        "b": 8.387949326285185,
        "u": 0,