{
    "rigoneri": {
        "p_n": 1.9564410297575545,
        "f_b": 0.6324108705501246,
        "u_d": -17.44163141112361,
        "p": 9.984625533704316,
        "n": 8.028184503946761,
        "f": 9.322610454100602,
        "b": 8.690199583550477,
        "u": -17.44163141112361,
        "d": 0
    },
    "garrypolley": {
        "p_n": 1.6304084276976116,
        "f_b": -0.44631587339807055,
        "u_d": -17.484330759503557,
        "p": 9.407566568039265,
        "n": 7.777158140341653,
        "f": 8.369204417491424,
        "b": 8.815520290889495,
        "u": -17.484330759503557,
        "d": 0
    },
    "eveiga": {
        "p_n": 1.5551820274580246,
        "f_b": -0.4263572730142382,
        "u_d": -17.47181741959784,
        "p": 8.884458018260261,
        "n": 7.329275990802237,
        "f": 7.893688368024129,
        "b": 8.320045641038368,
        "u": -17.47181741959784,
        "d": 0
    },
    "davidsivocha": {
        "p_n": 2.175691781037841,
        "f_b": -0.34498449276027543,
        "u_d": -17.06887834345051,
        "p": 9.231226799218554,
        "n": 7.055535018180713,
        "f": 7.970888662319496,
        "b": 8.315873155079771,
        "u": 0,
        "d": 17.06887834345051
    },
    "ghost": {
        "p_n": 1.973813828720722,
        "f_b": 0.12728605142044636,
        "u_d": -17.499043165342236,
        "p": 9.411950272457691,
        "n": 7.438136443736969,
        "f": 8.488686383807554,
        "b": 8.361400332387108,
        "u": -17.499043165342236,
        "d": 0
    },
    "orf": {
        "p_n": 2.545493701009171,
        "f_b": -0.519171567519777,
        "u_d": -17.692768369644824,
        "p": 9.622009983926734,
        "n": 7.076516282917563,
        "f": 8.08967734966226,
        "b": 8.608848917182037,
        "u": 0,
        "d": 17.692768369644824
    },
    "eventh": {
        "p_n": 2.0657350691358793,
        "f_b": -0.8106217433450311,
        "u_d": -17.421869687594196,
        "p": 9.243668458039092,
        "n": 7.177933388903213,
        "f": 7.805490051798637,
        "b": 8.616111795143668,
        "u": 0,
        "d": 17.421869687594196
    },
    "gkoo": {
        "p_n": 1.2537727799993652,
        "f_b": -1.4491360338888164,
        "u_d": -17.486632652198107,
        "p": 8.959809161525515,
        "n": 7.7060363815261494,
        "f": 7.608354754581423,
        "b": 9.05749078847024,
        "u": -17.486632652198107,
        "d": 0
    }
}