{
    "rnapier": {
        "p_n": 2.1288590955913698,
        "f_b": -0.7625040723808851,
        "u_d": -17.05422566813305,
        "p": 9.032551779669767,
        "n": 6.903692684078397,
        "f": 7.586870195683639,
        "b": 8.349374268064524,
        "u": 0,
        "d": 17.05422566813305
    },
    "tarekhallak": {
        "p_n": 2.024996824668859,
        "f_b": -0.2911145447759784,
        "u_d": -15.034432351124723,
        "p": 8.606840604499071,
        "n": 6.581843779830212,
        "f": 7.448784919776652,
        "b": 7.7398994645526304,
        "u": 0,
        "d": 15.034432351124723
    },
    "yeahphil": {
        "p_n": 2.007978960767886,
        "f_b": -0.4133599722068144,
        "u_d": -17.186516062183156,
        "p": 9.21241533171785,
        "n": 7.2044363709499635,
        "f": 8.001745865230498,
        "b": 8.415105837437313,
        "u": 0,
        "d": 17.186516062183156
    },
    "curtisdf": {
        "p_n": 2.127069213206278,
        "f_b": -0.6381092267995232,
        "u_d": -17.218271373180407,
        "p": 9.38997398507259,
        "n": 7.262904771866312,
        "f": 8.00738476506969,
        "b": 8.645493991869213,
        "u": 0,
        "d": 17.218271373180407
    },
    "guysung": {
        "p_n": 2.062034426976947,
        "f_b": 0.02524276954619964,
        "u_d": -16.01075622059541,
        "p": 9.055133529455208,
        "n": 6.993099102478261,
        "f": 8.036737700739835,
        "b": 8.011494931193635,
        "u": 0,
        "d": 16.01075622059541
    },
    "vsymguysung": {
        "p_n": 2.4795059382939817,
        "f_b": -0.4710571126478067,
        "u_d": -14.977904004237196,
        "p": 8.580689304374095,
        "n": 6.101183366080114,
        "f": 7.105407778903201,
        "b": 7.576464891551008,
        "u": 0,
        "d": 14.977904004237196
    },
    "GabCas": {
        "p_n": 1.7311702680588041,
        "f_b": -0.5085687892331077,
        "u_d": -17.49103910502169,
        "p": 9.591472462919771,
        "n": 7.860302194860967,
        "f": 8.471602934273816,
        "b": 8.980171723506924,
        "u": -17.49103910502169,
        "d": 0
    },
    "cironapo": {
        "p_n": 2.3398016885526918,
        "f_b": 0.24998183124693618,
        "u_d": -15.727775118076462,
        "p": 8.82651117561603,
        "n": 6.486709487063338,
        "f": 7.781601246963152,
        "b": 7.531619415716216,
        "u": 0,
        "d": 15.727775118076462
    },
    "yf225": {
        "p_n": 2.3752971921133863,
        "f_b": -0.514364150544167,
        "u_d": -16.575967739974,
        "p": 8.993593510511543,
        "n": 6.618296318398157,
        "f": 7.548762839182767,
        "b": 8.063126989726934,
        "u": 0,
        "d": 16.575967739974
    },
    "carllindberg": {
        "p_n": 2.234372365765651,
        "f_b": -0.9122166726465721,
        "u_d": -17.102776256821073,
        "p": 9.245355515977325,
        "n": 7.010983150211674,
        "f": 7.672060996771213,
        "b": 8.584277669417785,
        "u": 0,
        "d": 17.102776256821073
    },
    "xianwen": {
        "p_n": 3.0276551621728265,
        "f_b": 0.014375739839048052,
        "u_d": -15.687022184457396,
        "p": 8.634338137371675,
        "n": 5.606682975198848,
        "f": 7.127698426204786,
        "b": 7.113322686365738,
        "u": 0,
        "d": 15.687022184457396
    },
    "ernestopino": {
        "p_n": 2.787536467577607,
        "f_b": 0.032423617264216276,
        "u_d": -15.149325165957679,
        "p": 8.664740744383224,
        "n": 5.8772042768056165,
        "f": 7.287184319226528,
        "b": 7.2547607019623115,
        "u": 0,
        "d": 15.149325165957679
    },
    "sust86": {
        "p_n": 2.1456565043479667,
        "f_b": 0.006861794484787964,
        "u_d": -17.831379938655903,
        "p": 9.44273348535511,
        "n": 7.297076981007143,
        "f": 8.373336130423521,
        "b": 8.366474335938733,
        "u": 0,
        "d": 17.831379938655903
    },
    "caldwbr": {
        "p_n": 2.8243662724015994,
        "f_b": 0.25668946180883,
        "u_d": -17.47205850075139,
        "p": 9.141924528818926,
        "n": 6.3175582564173265,
        "f": 7.858086123522541,
        "b": 7.601396661713711,
        "u": 0,
        "d": 17.47205850075139
    },
    "papley": {
        "p_n": 2.569628186433137,
        "f_b": -0.27486418542364355,
        "u_d": -17.45190977395365,
        "p": 9.0105149211408,
        "n": 6.440886734707663,
        "f": 7.588268735212409,
        "b": 7.863132920636053,
        "u": 0,
        "d": 17.45190977395365
    },
    "DavidFaraday": {
        "p_n": 1.4764542183495966,
        "f_b": -0.45009919683195143,
        "u_d": -15.505687443905288,
        "p": 8.73130957493117,
        "n": 7.254855356581574,
        "f": 7.768032867340397,
        "b": 8.218132064172348,
        "u": 0,
        "d": 15.505687443905288
    }
}