{
    "solnic": {
        "p_n": 2.2689946594517307,
        "f_b": -0.38204735325958517,
        "u_d": -17.84145654414665,
        "p": 9.40998205684776,
        "n": 7.140987397396029,
        "f": 8.084461050492102,
        "b": 8.466508403751687,
        "u": 0,
        "d": 17.84145654414665
    },
    "limhoff-r7": {
        "p_n": 2.427707477475952,
        "f_b": -0.6931333220318443,
        "u_d": -17.275247724314383,
        "p": 8.833746043993393,
        "n": 6.4060385665174415,
        "f": 7.273325644239495,
        "b": 7.96645896627134,
        "u": 0,
        "d": 17.275247724314383
    },
    "schmurfy": {
        "p_n": 2.762652699896389,
        "f_b": -0.33249123975175277,
        "u_d": -17.60301672451158,
        "p": 9.434644104405365,
        "n": 6.671991404508976,
        "f": 7.887072134581294,
        "b": 8.219563374333047,
        "u": 0,
        "d": 17.60301672451158
    },
    "snusnu": {
        "p_n": 2.622528301485824,
        "f_b": -0.34753836346843237,
        "u_d": -17.47736302812327,
        "p": 9.397100738242692,
        "n": 6.774572436756868,
        "f": 7.912067405765564,
        "b": 8.259605769233996,
        "u": -17.47736302812327,
        "d": 0
    },
    "dkubb": {
        "p_n": 1.9432107686524542,
        "f_b": -0.46081684516892096,
        "u_d": -17.27193024032222,
        "p": 9.320675453670688,
        "n": 7.377464685018234,
        "f": 8.11866164676,
        "b": 8.57947849192892,
        "u": 0,
        "d": 17.27193024032222
    },
    "dnesteryuk": {
        "p_n": 2.15412722174612,
        "f_b": -0.335756960635214,
        "u_d": -17.491899645426184,
        "p": 9.408829667775148,
        "n": 7.254702446029028,
        "f": 8.16388757658448,
        "b": 8.499644537219694,
        "u": -17.491899645426184,
        "d": 0
    },
    "elskwid": {
        "p_n": 2.3878191670857447,
        "f_b": -0.10570983708868553,
        "u_d": -17.49900041585901,
        "p": 9.627585816710905,
        "n": 7.23976664962516,
        "f": 8.38082131462369,
        "b": 8.486531151712375,
        "u": -17.49900041585901,
        "d": 0
    },
    "chastell": {
        "p_n": 2.878132004192432,
        "f_b": 0.045159685809172956,
        "u_d": -16.685983396378504,
        "p": 9.669115120353545,
        "n": 6.790983116161113,
        "f": 8.252628961161916,
        "b": 8.207469275352743,
        "u": 0,
        "d": 16.685983396378504
    },
    "abernardes": {
        "p_n": 2.622062542561186,
        "f_b": -0.25028005065136405,
        "u_d": -17.967035406508476,
        "p": 9.66304885864771,
        "n": 7.040986316086523,
        "f": 8.226877562041434,
        "b": 8.477157612692798,
        "u": 0,
        "d": 17.967035406508476
    },
    "soveran": {
        "p_n": 2.638785200544687,
        "f_b": -0.37599030441235115,
        "u_d": -17.477489374703566,
        "p": 9.791316130873902,
        "n": 7.152530930329215,
        "f": 8.283928378395384,
        "b": 8.659918682807735,
        "u": -17.477489374703566,
        "d": 0
    },
    "gotar": {
        "p_n": 1.8454049020321603,
        "f_b": -0.5308735957807293,
        "u_d": -17.027243654549352,
        "p": 9.036351392030575,
        "n": 7.190946489998415,
        "f": 7.84821214312413,
        "b": 8.379085738904859,
        "u": 0,
        "d": 17.027243654549352
    },
    "adz": {
        "p_n": 2.6385827060156952,
        "f_b": -0.3413929777349445,
        "u_d": -17.467337132039635,
        "p": 9.472454863266861,
        "n": 6.833872157251166,
        "f": 7.9824670213915425,
        "b": 8.323859999126487,
        "u": -17.467337132039635,
        "d": 0
    },
    "maetl": {
        "p_n": 2.7854641176842723,
        "f_b": -0.9552144398221909,
        "u_d": -17.74526256848885,
        "p": 9.368549668604095,
        "n": 6.583085550919822,
        "f": 7.498210389850863,
        "b": 8.453424829673054,
        "u": 0,
        "d": 17.74526256848885
    },
    "kwando": {
        "p_n": 2.0242565468616673,
        "f_b": -0.5463192996599417,
        "u_d": -17.489300839055304,
        "p": 9.202151024979127,
        "n": 7.17789447811746,
        "f": 7.916863101718322,
        "b": 8.463182401378264,
        "u": -17.489300839055304,
        "d": 0
    },
    "kchien": {
        "p_n": 2.0901510106435826,
        "f_b": -0.8243745718446416,
        "u_d": -15.275259659205737,
        "p": 9.311540221045986,
        "n": 7.221389210402403,
        "f": 7.854277429801874,
        "b": 8.678652001646515,
        "u": 0,
        "d": 15.275259659205737
    },
    "splattael": {
        "p_n": 1.5357172890627648,
        "f_b": -0.4234658149626629,
        "u_d": -17.667897567752746,
        "p": 8.852972875346413,
        "n": 7.317255586283649,
        "f": 7.8733813233336996,
        "b": 8.296847138296362,
        "u": 0,
        "d": 17.667897567752746
    },
    "aflatter": {
        "p_n": 2.292459859119573,
        "f_b": -0.5181172019896518,
        "u_d": -17.508844705868178,
        "p": 9.278816417456332,
        "n": 6.986356558336759,
        "f": 7.873527886901719,
        "b": 8.391645088891371,
        "u": 0,
        "d": 17.508844705868178
    },
    "cflipse": {
        "p_n": 2.287440578310422,
        "f_b": -0.8914608854134034,
        "u_d": -17.248360342476488,
        "p": 9.26396466568112,
        "n": 6.976524087370699,
        "f": 7.674513933819208,
        "b": 8.565974819232611,
        "u": 0,
        "d": 17.248360342476488
    },
    "pdswan": {
        "p_n": 2.3982576812832743,
        "f_b": -0.4494659993661383,
        "u_d": -15.981473123506248,
        "p": 9.434797128779701,
        "n": 7.036539447496427,
        "f": 8.010935288454995,
        "b": 8.460401287821133,
        "u": 0,
        "d": 15.981473123506248
    },
    "mjtko": {
        "p_n": 2.6267761821499347,
        "f_b": -0.16695319845663015,
        "u_d": -15.68904282543106,
        "p": 9.276398177431133,
        "n": 6.649621995281199,
        "f": 7.879533487127851,
        "b": 8.046486685584481,
        "u": 0,
        "d": 15.68904282543106
    },
    "AMHOL": {
        "p_n": 2.1543658983822036,
        "f_b": -0.6967741107463059,
        "u_d": -17.239507359394334,
        "p": 9.152102879224373,
        "n": 6.997736980842169,
        "f": 7.726532874660117,
        "b": 8.423306985406423,
        "u": 0,
        "d": 17.239507359394334
    },
    "ginjo": {
        "p_n": 2.271635126020249,
        "f_b": -0.6396838158748022,
        "u_d": -17.499030864249093,
        "p": 9.326500261732264,
        "n": 7.0548651357120145,
        "f": 7.870840790784738,
        "b": 8.51052460665954,
        "u": -17.499030864249093,
        "d": 0
    },
    "nepalez": {
        "p_n": 2.1827283972890648,
        "f_b": -0.670880135956569,
        "u_d": -17.95597535107351,
        "p": 9.193190963749306,
        "n": 7.010462566460241,
        "f": 7.766386697126489,
        "b": 8.437266833083058,
        "u": 0,
        "d": 17.95597535107351
    },
    "c0": {
        "p_n": 2.475522038251306,
        "f_b": -0.6560282867526945,
        "u_d": -16.824633054538527,
        "p": 9.260032317662393,
        "n": 6.784510279411087,
        "f": 7.694257155160392,
        "b": 8.350285441913087,
        "u": 0,
        "d": 16.824633054538527
    },
    "flash-gordon": {
        "p_n": 2.166068497275739,
        "f_b": -0.17516650672711798,
        "u_d": -16.807801477105812,
        "p": 9.173605548094628,
        "n": 7.007537050818889,
        "f": 8.002988046093199,
        "b": 8.178154552820317,
        "u": 0,
        "d": 16.807801477105812
    },
    "pnomolos": {
        "p_n": 2.1072602167312224,
        "f_b": -0.6210644015759375,
        "u_d": -17.498916315210312,
        "p": 9.379824474091581,
        "n": 7.272564257360359,
        "f": 8.015662164938002,
        "b": 8.63672656651394,
        "u": -17.498916315210312,
        "d": 0
    },