{
    "rsms": {
        "p_n": 2.1422681143261144,
        "f_b": -0.22071054965579862,
        "u_d": -17.535896668198838,
        "p": 9.069319047629616,
        "n": 6.9270509333035015,
        "f": 7.887829715638659,
        "b": 8.108540265294458,
        "u": 0,
        "d": 17.535896668198838
    },
    "abram": {
        "p_n": 2.244635377414543,
        "f_b": -0.48255922652127925,
        "u_d": -17.433880697817834,
        "p": 9.059783104073706,
        "n": 6.815147726659163,
        "f": 7.696185802105794,
        "b": 8.178745028627073,
        "u": -17.433880697817834,
        "d": 0
    },
    "codetker": {
        "p_n": 2.263495027737073,
        "f_b": -0.5097240873567408,
        "u_d": -17.466701249761897,
        "p": 8.972312886163479,
        "n": 6.708817858426406,
        "f": 7.585703328616573,
        "b": 8.095427415973314,
        "u": -17.466701249761897,
        "d": 0
    }
}