{
    "rtomayko": {
        "p_n": 2.278291963066728,
        "f_b": -0.29338955701869285,
        "u_d": -17.453905653909004,
        "p": 9.220561978765392,
        "n": 6.942270015698664,
        "f": 7.934721218722681,
        "b": 8.228110775741374,
        "u": 0,
        "d": 17.453905653909004
    }
}