{
    "radar": {
        "p_n": 1.8800044476006441,
        "f_b": -0.2870319094195324,
        "u_d": -17.47886175142075,
        "p": 9.31041348111845,
        "n": 7.430409033517806,
        "f": 8.226895302608362,
        "b": 8.513927212027895,
        "u": -17.47886175142075,
        "d": 0
    },
    "parndt": {
        "p_n": 2.0292321431663902,
        "f_b": -0.12270636597701667,
        "u_d": -17.49636290225232,
        "p": 9.40904389066299,
        "n": 7.379811747496599,
        "f": 8.333074636091286,
        "b": 8.455781002068303,
        "u": -17.49636290225232,
        "d": 0
    },
    "knewter": {
        "p_n": 2.3914296409849154,
        "f_b": -0.45081296974026763,
        "u_d": -17.49200424730776,
        "p": 9.278027110614342,
        "n": 6.886597469629427,
        "f": 7.856905805251751,
        "b": 8.307718774992018,
        "u": -17.49200424730776,
        "d": 0
    },
    "gabrielbaez": {
        "p_n": 1.8070369743725863,
        "f_b": -0.3207118777064366,
        "u_d": -17.457555703463658,
        "p": 9.457122190766047,
        "n": 7.65008521639346,
        "f": 8.393247764726535,
        "b": 8.713959642432972,
        "u": 0,
        "d": 17.457555703463658
    },
    "jgadbois": {
        "p_n": 2.0822013258947676,
        "f_b": -0.5395491195923565,
        "u_d": -17.49622465712002,
        "p": 9.376142146021461,
        "n": 7.293940820126694,
        "f": 8.0652669232779,
        "b": 8.604816042870256,
        "u": -17.49622465712002,
        "d": 0
    },
    "cobalamin": {
        "p_n": 2.222687711138116,
        "f_b": -0.3202899138024975,
        "u_d": -17.49494071475944,
        "p": 9.34434687780034,
        "n": 7.121659166662225,
        "f": 8.072858065330033,
        "b": 8.39314797913253,
        "u": -17.49494071475944,
        "d": 0
    },
    "frankel": {
        "p_n": 2.0886569225671128,
        "f_b": -0.03536292659518914,
        "u_d": -17.404837684239443,
        "p": 9.63753947694857,
        "n": 7.548882554381457,
        "f": 8.575529552367419,
        "b": 8.610892478962608,
        "u": -17.404837684239443,
        "d": 0
    },
    "juozasg": {
        "p_n": 2.104433160057324,
        "f_b": -0.715547960997359,
        "u_d": -16.85980911587184,
        "p": 9.202905091636413,
        "n": 7.098471931579089,
        "f": 7.792914531109073,
        "b": 8.508462492106432,
        "u": 0,
        "d": 16.85980911587184
    },
    "supairish": {
        "p_n": 1.8097584242445635,
        "f_b": -1.136632273811279,
        "u_d": -16.484841843646123,
        "p": 8.72963486068452,
        "n": 6.9198764364399565,
        "f": 7.256439511656599,
        "b": 8.393071785467878,
        "u": 0,
        "d": 16.484841843646123
    },
    "impact11": {
        "p_n": 2.082725799195577,
        "f_b": -0.42551654104853576,
        "u_d": -17.020920269995937,
        "p": 9.131276090264459,
        "n": 7.0485502910688815,
        "f": 7.877154920142402,
        "b": 8.302671461190938,
        "u": 0,
        "d": 17.020920269995937
    },
    "nruth": {
        "p_n": 2.2690854938650267,
        "f_b": -0.6420896153679223,
        "u_d": -17.967640711426956,
        "p": 9.392365707724993,
        "n": 7.1232802138599665,
        "f": 7.936778153108518,
        "b": 8.57886776847644,
        "u": 0,
        "d": 17.967640711426956
    },
    "jtdavis247": {
        "p_n": 1.7010459081848648,
        "f_b": -0.06275034518967892,
        "u_d": -17.494047440296107,
        "p": 9.024311742670463,
        "n": 7.323265834485598,
        "f": 8.142413615983191,
        "b": 8.20516396117287,
        "u": -17.494047440296107,
        "d": 0
    },
    "ghost": {
        "p_n": 2.5735627675289763,
        "f_b": -0.12420374431268755,
        "u_d": -17.42740128670227,
        "p": 9.462086815883719,
        "n": 6.888524048354743,
        "f": 8.113203559962887,
        "b": 8.237407304275575,
        "u": -17.42740128670227,
        "d": 0
    },
    "safarista": {
        "p_n": 2.2414111791404565,
        "f_b": -0.42264874161677923,
        "u_d": -17.468777701058052,
        "p": 9.257391312464266,
        "n": 7.01598013332381,
        "f": 7.925361352085648,
        "b": 8.348010093702428,
        "u": -17.468777701058052,
        "d": 0
    },
    "Papipo": {
        "p_n": 2.8075040885619895,
        "f_b": -0.6297324807661377,
        "u_d": -17.963777877737016,
        "p": 9.370083725849437,
        "n": 6.562579637287447,
        "f": 7.6514654411853735,
        "b": 8.281197921951511,
        "u": 0,
        "d": 17.963777877737016
    },
    "StephenZepp": {
        "p_n": 1.5688538479699297,
        "f_b": -1.0260783329633218,
        "u_d": -17.312207460661085,
        "p": 8.877071852417995,
        "n": 7.308218004448065,
        "f": 7.5796057619513695,
        "b": 8.605684094914691,
        "u": 0,
        "d": 17.312207460661085
    },
    "jeremyong": {
        "p_n": 2.060697323905023,
        "f_b": -0.18815296105117163,
        "u_d": -17.64165681923151,
        "p": 9.320146962756699,
        "n": 7.259449638851676,
        "f": 8.195721820278601,
        "b": 8.383874781329773,
        "u": 0,
        "d": 17.64165681923151
    },
    "glebm": {
        "p_n": 2.1882757369198487,
        "f_b": -0.264183845402993,
        "u_d": -16.694375769202928,
        "p": 9.497157907728877,
        "n": 7.308882170809028,
        "f": 8.270928116567456,
        "b": 8.535111961970449,
        "u": 0,
        "d": 16.694375769202928
    },
    "abrambailey": {
        "p_n": 2.0554781506205124,
        "f_b": 0.4681485473228797,
        "u_d": -17.469133626802062,
        "p": 9.261328110914613,
        "n": 7.205849960294101,
        "f": 8.467663309265797,
        "b": 7.999514761942917,
        "u": -17.469133626802062,
        "d": 0
    },
    "murtazajafferji": {
        "p_n": 2.09571812093783,
        "f_b": -0.8235016451113175,
        "u_d": -16.264977672171206,
        "p": 9.077187540154553,
        "n": 6.981469419216722,
        "f": 7.617577657129978,
        "b": 8.441079302241295,
        "u": 0,
        "d": 16.264977672171206
    },
    "yan-hoose": {
        "p_n": 1.9653098301490655,
        "f_b": -0.6828240065816109,
        "u_d": -17.49103061669978,
        "p": 9.278068467823674,
        "n": 7.312758637674609,
        "f": 7.954001549458336,
        "b": 8.636825556039947,
        "u": -17.49103061669978,
        "d": 0
    },
    "bearded": {
        "p_n": 1.8896411765310068,
        "f_b": 0.30557038716744067,
        "u_d": -17.695703418638367,
        "p": 9.08389064874399,
        "n": 7.1942494722129835,
        "f": 8.291855254062208,
        "b": 7.986284866894767,
        "u": 0,
        "d": 17.695703418638367
    },
    "mbhnyc": {
        "p_n": 2.118700713388324,
        "f_b": -0.5790784604407744,
        "u_d": -17.57266306754875,
        "p": 9.151440354453376,
        "n": 7.032739641065052,
        "f": 7.802550767538827,
        "b": 8.381629227979602,
        "u": 0,
        "d": 17.57266306754875
    },
    "PendragonDevelopment": {
        "p_n": 1.866883426497365,
        "f_b": -1.0495155729240686,
        "u_d": -17.982413272403377,
        "p": 9.125452739627024,
        "n": 7.258569313129659,
        "f": 7.667253239916306,
        "b": 8.716768812840375,
        "u": 0,
        "d": 17.982413272403377
    },
    "travisbot": {
        "p_n": 2.360878950934712,
        "f_b": 0.7955350575303939,
        "u_d": -17.477988259184528,
        "p": 9.32224662343696,
        "n": 6.961367672502249,
        "f": 8.539574676734802,
        "b": 7.744039619204408,
        "u": -17.477988259184528,
        "d": 0
    },
    "etjossem": {
        "p_n": 1.7712376020308138,
        "f_b": -0.3680214084517228,
        "u_d": -17.159065969806736,
        "p": 9.09950410582547,
        "n": 7.328266503794657,
        "f": 8.029874600584202,
        "b": 8.397896009035925,
        "u": 0,
        "d": 17.159065969806736
    },