{
    "sachinchoolur": {
        "p_n": 1.8806840090947121,
        "f_b": -0.2575662518918165,
        "u_d": -17.54560405819374,
        "p": 9.323230237454212,
        "n": 7.442546228359499,
        "f": 8.254105106960946,
        "b": 8.511671358852762,
        "u": 0,
        "d": 17.54560405819374
    },
    "tammo0": {
        "p_n": 2.1414239317221035,
        "f_b": -0.3581830954338585,
        "u_d": -17.74125371932837,
        "p": 9.32170048273902,
        "n": 7.180276551016917,
        "f": 8.071896969161038,
        "b": 8.430080064594897,
        "u": 0,
        "d": 17.74125371932837
    },
    "erbertian": {
        "p_n": 1.5495453194415294,
        "f_b": 0.31155749356446094,
        "u_d": -17.476347114274347,
        "p": 9.792079340562868,
        "n": 8.242534021121338,
        "f": 9.173085427624333,
        "b": 8.861527934059872,
        "u": -17.476347114274347,
        "d": 0
    },
    "HybridSolutions": {
        "p_n": 1.9466647575112699,
        "f_b": -0.2644955858501046,
        "u_d": -17.485303531816584,
        "p": 9.415760624131122,
        "n": 7.469095866619853,
        "f": 8.310180452450435,
        "b": 8.57467603830054,
        "u": -17.485303531816584,
        "d": 0
    },
    "q2apro": {
        "p_n": 2.1339917566091735,
        "f_b": -0.5554449524481795,
        "u_d": -15.600258304787376,
        "p": 8.697092705558028,
        "n": 6.563100948948854,
        "f": 7.3523743510293516,
        "b": 7.907819303477531,
        "u": 0,
        "d": 15.600258304787376
    },
    "jochienabuurs": {
        "p_n": 2.185443560672404,
        "f_b": -0.9815357669983795,
        "u_d": -17.491653501421926,
        "p": 9.33022182154984,
        "n": 7.144778260877436,
        "f": 7.746732157714448,
        "b": 8.728267924712828,
        "u": -17.491653501421926,
        "d": 0
    },
    "Omniferum": {
        "p_n": 1.963155168563337,
        "f_b": -0.7092794953118791,
        "u_d": -14.530672586135022,
        "p": 8.582454778251156,
        "n": 6.619299609687819,
        "f": 7.246237446313549,
        "b": 7.955516941625428,
        "u": 0,
        "d": 14.530672586135022
    },
    "Maneface": {
        "p_n": 1.7835593632300464,
        "f_b": -0.1886000343196823,
        "u_d": -17.46157940843009,
        "p": 9.294168240555287,
        "n": 7.51060887732524,
        "f": 8.308088541780423,
        "b": 8.496688576100105,
        "u": -17.46157940843009,
        "d": 0
    },
    "koolleer": {
        "p_n": 1.791748025037636,
        "f_b": 0.5644021334188905,
        "u_d": -16.973731829077614,
        "p": 8.894551568970275,
        "n": 7.102803543932639,
        "f": 8.280878623160902,
        "b": 7.7164764897420115,
        "u": 0,
        "d": 16.973731829077614
    },
    "elboletaire": {
        "p_n": 1.8696439079547496,
        "f_b": -0.6278321676040157,
        "u_d": -17.496032580818376,
        "p": 9.272383341869354,
        "n": 7.402739433914604,
        "f": 8.023645304089971,
        "b": 8.651477471693987,
        "u": -17.496032580818376,
        "d": 0
    },
    "vestaxpdx": {
        "p_n": 1.557925977688324,
        "f_b": -0.5262959724011118,
        "u_d": -15.800397699675884,
        "p": 8.90761315869331,
        "n": 7.349687181004986,
        "f": 7.8655021836485925,
        "b": 8.391798156049704,
        "u": 0,
        "d": 15.800397699675884
    },
    "bibi-babi": {
        "p_n": 1.8573951709823628,
        "f_b": -0.8321640018661203,
        "u_d": -17.41040312741024,
        "p": 9.142168547541381,
        "n": 7.284773376559018,
        "f": 7.797388961117139,
        "b": 8.62955296298326,
        "u": 0,
        "d": 17.41040312741024
    },
    "thdoan": {
        "p_n": 1.8685150823756675,
        "f_b": -0.5139971591038917,
        "u_d": -17.906714569466033,
        "p": 9.025856058431613,
        "n": 7.157340976055945,
        "f": 7.834599937691833,
        "b": 8.348597096795725,
        "u": 0,
        "d": 17.906714569466033
    },
    "a1studmuffin": {
        "p_n": 2.315911341308726,
        "f_b": -0.7268093560039262,
        "u_d": -17.514901840606544,
        "p": 9.16771399491794,
        "n": 6.851802653609213,
        "f": 7.646353646261613,
        "b": 8.373163002265539,
        "u": 0,
        "d": 17.514901840606544
    },
    "kim0z": {
        "p_n": 2.0466489958533947,
        "f_b": -0.06544664981167969,
        "u_d": -17.48077299278765,
        "p": 9.217749412651887,
        "n": 7.171100416798493,
        "f": 8.16170158981935,
        "b": 8.22714823963103,
        "u": -17.48077299278765,
        "d": 0
    },
    "max-ci": {
        "p_n": 1.2063052186093257,
        "f_b": -1.022792308924803,
        "u_d": -17.339521370929504,
        "p": 8.55478368702393,
        "n": 7.348478468414604,
        "f": 7.440234923256865,
        "b": 8.463027232181668,
        "u": 0,
        "d": 17.339521370929504
    },
    "shamw4r": {
        "p_n": 2.1632343782187498,
        "f_b": -0.009796449782164984,
        "u_d": -15.313276096221102,
        "p": 8.665232538781108,
        "n": 6.5019981605623585,
        "f": 7.578717124780651,
        "b": 7.588513574562816,
        "u": 0,
        "d": 15.313276096221102
    },
    "kursusHC": {
        "p_n": 1.684753872235441,
        "f_b": -0.39966680178437386,
        "u_d": -17.756476950256626,
        "p": 9.146987313111135,
        "n": 7.462233440875694,
        "f": 8.104776976101228,
        "b": 8.504443777885601,
        "u": 0,
        "d": 17.756476950256626
    },
    "abnersajr": {
        "p_n": 1.8102209690993734,
        "f_b": -0.4545277912308556,
        "u_d": -17.485005515955518,
        "p": 9.261432294412788,
        "n": 7.451211325313415,
        "f": 8.129057914247674,
        "b": 8.58358570547853,
        "u": -17.485005515955518,
        "d": 0
    },
    "donenvy": {
        "p_n": 1.5401809654018095,
        "f_b": -0.5530909680596627,
        "u_d": -16.18069492979825,
        "p": 8.836289267624913,
        "n": 7.296108302223104,
        "f": 7.7896533008941775,
        "b": 8.34274426895384,
        "u": 0,
        "d": 16.18069492979825
    },
    "Positic": {
        "p_n": 2.280734854197627,
        "f_b": 0.5030659913112556,
        "u_d": -17.735696782794744,
        "p": 8.907964471603051,
        "n": 6.627229617405424,
        "f": 8.019130040159865,
        "b": 7.51606404884861,
        "u": 0,
        "d": 17.735696782794744
    },
    "paaljoachim": {
        "p_n": 1.7083069482715931,
        "f_b": -0.37833426316959695,
        "u_d": -17.727830027260403,
        "p": 9.277128613979343,
        "n": 7.56882166570775,
        "f": 8.233808008258748,
        "b": 8.612142271428345,
        "u": 0,
        "d": 17.727830027260403
    },
    "basticom-internet": {
        "p_n": 1.8691147271729935,
        "f_b": -1.2342375231750413,
        "u_d": -15.23866809359531,
        "p": 8.583064758166499,
        "n": 6.713950030993505,
        "f": 7.031388632992481,
        "b": 8.265626156167523,
        "u": 0,
        "d": 15.23866809359531
    },
    "unitedworx": {
        "p_n": 2.332829216920894,
        "f_b": -0.42095034052225966,
        "u_d": -15.898578727631847,
        "p": 9.351203620457028,
        "n": 7.018374403536134,
        "f": 7.974313841735451,
        "b": 8.39526418225771,
        "u": 0,
        "d": 15.898578727631847
    },
    "lisaschiffli": {
        "p_n": 1.385533338517547,
        "f_b": -1.0320110056061793,
        "u_d": -14.940050340720662,
        "p": 8.382128730098666,
        "n": 6.996595391581119,
        "f": 7.173356558036803,
        "b": 8.205367563642982,
        "u": 0,
        "d": 14.940050340720662
    },
    "jimblue": {
        "p_n": 2.0203711090906626,
        "f_b": 0.19341948696111722,
        "u_d": -16.774825817422,
        "p": 8.824545878406534,
        "n": 6.804174769315871,
        "f": 7.911070067341761,
        "b": 7.717650580380644,
        "u": 0,