{
    "schneiderandre": {
        "p_n": 1.7137301954882744,
        "f_b": 0.07495138241697319,
        "u_d": -17.495365197146267,
        "p": 9.68990513364807,
        "n": 7.9761749381597955,
        "f": 8.87051572711242,
        "b": 8.795564344695446,
        "u": -17.495365197146267,
        "d": 0
    }
}