{
    "scottyab": {
        "p_n": 1.9214703123115164,
        "f_b": -0.1036634614129408,
        "u_d": -17.480933429983487,
        "p": 9.571750832219365,
        "n": 7.650280519907849,
        "f": 8.559183945357137,
        "b": 8.662847406770078,
        "u": -17.480933429983487,
        "d": 0
    },
    "Rahulgupta-cdnsol": {
        "p_n": 2.9794377642028564,
        "f_b": 0.6469327692075977,
        "u_d": -16.484592791491572,
        "p": 8.957729025582065,
        "n": 5.9782912613792085,
        "f": 7.791476528084436,
        "b": 7.144543758876838,
        "u": 0,
        "d": 16.484592791491572
    }
}