{
    "aeisenberg": {
        "p_n": 1.9451071485802238,
        "f_b": -0.46511072442831125,
        "u_d": -17.19437129040188,
        "p": 9.148735616848828,
        "n": 7.2036284682686045,
        "f": 7.94362668034456,
        "b": 8.408737404772872,
        "u": 0,
        "d": 17.19437129040188
    },
    "aclement": {
        "p_n": 1.850299557549385,
        "f_b": -0.7959642076150253,
        "u_d": -16.75622070241111,
        "p": 9.118858015778539,
        "n": 7.268558458229154,
        "f": 7.795726133196334,
        "b": 8.59169034081136,
        "u": 0,
        "d": 16.75622070241111
    },
    "ackalker": {
        "p_n": 1.8311608070327168,
        "f_b": -0.5990760927317265,
        "u_d": -15.637295054756983,
        "p": 8.95027957065442,
        "n": 7.119118763621703,
        "f": 7.735161120772199,
        "b": 8.334237213503926,
        "u": 0,
        "d": 15.637295054756983
    },
    "ikarienator": {
        "p_n": 2.520824558468224,
        "f_b": -0.5431002677206926,
        "u_d": -15.979688117302775,
        "p": 9.186171487233533,
        "n": 6.6653469287653095,
        "f": 7.654209074139075,
        "b": 8.197309341859768,
        "u": 0,
        "d": 15.979688117302775
    },
    "kdvolder": {
        "p_n": 1.8951505548639593,
        "f_b": -0.8371896673822103,
        "u_d": -16.264817695656507,
        "p": 9.123736670676333,
        "n": 7.228586115812374,
        "f": 7.757566559553249,
        "b": 8.59475622693546,
        "u": 0,
        "d": 16.264817695656507
    },
    "cnicodeme": {
        "p_n": 1.8059322313614583,
        "f_b": -1.0608639809492413,
        "u_d": -17.05466799072279,
        "p": 8.80518678201846,
        "n": 6.999254550657001,
        "f": 7.37178867586311,
        "b": 8.432652656812351,
        "u": 0,
        "d": 17.05466799072279
    },
    "scothis": {
        "p_n": 2.443576767835582,
        "f_b": -0.7748863354442879,
        "u_d": -15.951075991951924,
        "p": 9.176297559424764,
        "n": 6.732720791589182,
        "f": 7.567066007784829,
        "b": 8.341952343229117,
        "u": 0,
        "d": 15.951075991951924
    },
    "asampal": {
        "p_n": 2.163534348269896,
        "f_b": -0.8243175392244453,
        "u_d": -15.543692369379867,
        "p": 9.011190505152566,
        "n": 6.84765615688267,
        "f": 7.517264561405396,
        "b": 8.341582100629841,
        "u": 0,
        "d": 15.543692369379867
    },
    "cawoodm": {
        "p_n": 2.3730146392666693,
        "f_b": -0.8554095554758323,
        "u_d": -16.377090371144746,
        "p": 9.184631646107945,
        "n": 6.811617006841276,
        "f": 7.5704195487366945,
        "b": 8.425829104212527,
        "u": 0,
        "d": 16.377090371144746
    },
    "nierajsingh": {
        "p_n": 1.6619728039268438,
        "f_b": -1.157502980121702,
        "u_d": -17.480758010688948,
        "p": 9.176594862371642,
        "n": 7.5146220584447985,
        "f": 7.766856970347369,
        "b": 8.924359950469071,
        "u": -17.480758010688948,
        "d": 0
    },
    "wilkinsona": {
        "p_n": 2.3964374876487566,
        "f_b": -0.7547332626859342,
        "u_d": -17.49830940449232,
        "p": 9.41026510386627,
        "n": 7.013827616217513,
        "f": 7.834679728698924,
        "b": 8.589412991384858,
        "u": -17.49830940449232,
        "d": 0
    },
    "Phoscur": {
        "p_n": 2.165487662165365,
        "f_b": -1.0943858378158389,
        "u_d": -14.570128821796514,
        "p": 8.808994840757844,
        "n": 6.643507178592479,
        "f": 7.179058090767242,
        "b": 8.273443928583081,
        "u": 0,
        "d": 14.570128821796514
    },
    "jcollum": {
        "p_n": 2.892465850185258,
        "f_b": 0.6734570758532445,
        "u_d": -15.809224826951807,
        "p": 8.872931687538102,
        "n": 5.9804658373528445,
        "f": 7.763427300372095,
        "b": 7.089970224518851,
        "u": 0,
        "d": 15.809224826951807
    },
    "cm325": {
        "p_n": 2.0232114159082553,
        "f_b": 0.0177104328945763,
        "u_d": -17.47379186981331,
        "p": 9.46904306546066,
        "n": 7.445831649552405,
        "f": 8.46629257395382,
        "b": 8.448582141059244,
        "u": -17.47379186981331,
        "d": 0
    },
    "btrask": {
        "p_n": 2.2771042825571612,
        "f_b": -0.9374281787295153,
        "u_d": -17.447488051153798,
        "p": 9.73560761045177,
        "n": 7.45850332789461,
        "f": 8.128341379808433,
        "b": 9.065769558537948,
        "u": -17.447488051153798,
        "d": 0
    },
    "hallysonh": {
        "p_n": 2.1613369287803117,
        "f_b": 0.02680254666145121,
        "u_d": -17.3904511837478,
        "p": 8.977354814024443,
        "n": 6.816017885244131,
        "f": 7.910087622965013,
        "b": 7.883285076303562,
        "u": 0,
        "d": 17.3904511837478
    },
    "peaches": {
        "p_n": 1.407592865082421,
        "f_b": -0.49497715333904235,
        "u_d": -15.993323196072879,
        "p": 8.791002842359731,
        "n": 7.38340997727731,
        "f": 7.839717833149,
        "b": 8.334694986488042,
        "u": 0,
        "d": 15.993323196072879
    }
}