{
    "joemcelroy": {
        "p_n": 1.8985360839836343,
        "f_b": -0.05065128625570914,
        "u_d": -17.494058416879607,
        "p": 9.43000039103172,
        "n": 7.531464307048086,
        "f": 8.455406705912049,
        "b": 8.506057992167758,
        "u": -17.494058416879607,
        "d": 0
    },
    "ssetem": {
        "p_n": 2.203196613065627,
        "f_b": 0.07136172867408597,
        "u_d": -17.738130774885455,
        "p": 9.57907632321333,
        "n": 7.375879710147704,
        "f": 8.51315888101756,
        "b": 8.441797152343474,
        "u": 0,
        "d": 17.738130774885455
    },
    "thomasmodeneis": {
        "p_n": 2.648467037016065,
        "f_b": -0.6089048446618861,
        "u_d": -17.67479754056835,
        "p": 8.936221149928167,
        "n": 6.287754112912102,
        "f": 7.307535209089192,
        "b": 7.916440053751078,
        "u": 0,
        "d": 17.67479754056835
    },
    "Jaikant": {
        "p_n": 2.2387087203615295,
        "f_b": -0.02340333898917102,
        "u_d": -17.495733612235533,
        "p": 8.87720665712655,
        "n": 6.63849793676502,
        "f": 7.7461506274511995,
        "b": 7.7695539664403706,
        "u": -17.495733612235533,
        "d": 0
    },
    "chrisfinch": {
        "p_n": 2.369082785883858,
        "f_b": -0.35524942314902574,
        "u_d": -16.901494154924848,
        "p": 8.95426591077618,
        "n": 6.585183124892321,
        "f": 7.592099806259737,
        "b": 7.947349229408763,
        "u": 0,
        "d": 16.901494154924848
    },
    "TheDolo": {
        "p_n": 2.149165577160124,
        "f_b": -0.7597611303552352,
        "u_d": -16.336319558099927,
        "p": 9.227266898580542,
        "n": 7.078101321420418,
        "f": 7.772803544822862,
        "b": 8.532564675178097,
        "u": 0,
        "d": 16.336319558099927
    },
    "GregoryPotdevin": {
        "p_n": 1.9581008477987432,
        "f_b": -0.8861438468214651,
        "u_d": -17.56150849757031,
        "p": 9.15530375241816,
        "n": 7.197202904619417,
        "f": 7.733181405108056,
        "b": 8.61932525192952,
        "u": 0,
        "d": 17.56150849757031
    },
    "xinghengwang": {
        "p_n": 2.0756389456463005,
        "f_b": -0.9418903192385795,
        "u_d": -17.031704915544637,
        "p": 9.08085890722964,
        "n": 7.0052199615833395,
        "f": 7.572094274787199,
        "b": 8.513984594025779,
        "u": 0,
        "d": 17.031704915544637
    },
    "timmetj": {
        "p_n": 2.0796545199925047,
        "f_b": -0.44359126086864276,
        "u_d": -17.446037106947355,
        "p": 9.09986718626134,
        "n": 7.0202126662688356,
        "f": 7.8382442958307665,
        "b": 8.28183555669941,
        "u": 0,
        "d": 17.446037106947355
    },
    "CLAassistant": {
        "p_n": 1.1851641774619885,
        "f_b": 0.255356780790418,
        "u_d": -17.48399336404609,
        "p": 9.741098385863602,
        "n": 8.555934208401613,
        "f": 9.276194687527816,
        "b": 9.020837906737398,
        "u": -17.48399336404609,
        "d": 0
    },
    "jpeyper": {
        "p_n": 2.096790759232417,
        "f_b": -0.11644502741872387,
        "u_d": -17.44172327621895,
        "p": 9.245477283830287,
        "n": 7.14868652459787,
        "f": 8.138859390504717,
        "b": 8.25530441792344,
        "u": -17.44172327621895,
        "d": 0
    },
    "hkirsman": {
        "p_n": 2.1210930130891397,
        "f_b": -0.6582157249483167,
        "u_d": -16.1890211778869,
        "p": 8.752426465503802,
        "n": 6.631333452414663,
        "f": 7.362772096485074,
        "b": 8.02098782143339,
        "u": 0,
        "d": 16.1890211778869
    },
    "PAK90": {
        "p_n": 2.168861907275094,
        "f_b": -0.7578994429308192,
        "u_d": -17.703239295463668,
        "p": 9.417554887391574,
        "n": 7.2486929801164806,
        "f": 7.954174212288617,
        "b": 8.712073655219436,
        "u": 0,
        "d": 17.703239295463668
    },
    "timtutt": {
        "p_n": 2.2010683546172736,
        "f_b": -1.0327300723981345,
        "u_d": -17.476762872742952,
        "p": 9.200856300932948,
        "n": 6.999787946315674,
        "f": 7.583957087425244,
        "b": 8.616687159823378,
        "u": -17.476762872742952,
        "d": 0
    },
    "mledom": {
        "p_n": 1.6352310885379548,
        "f_b": -1.1305965606662056,
        "u_d": -17.503037402211657,
        "p": 8.953369825675729,
        "n": 7.318138737137774,
        "f": 7.570456001073648,
        "b": 8.701052561739854,
        "u": 0,
        "d": 17.503037402211657
    },
    "drewry": {
        "p_n": 1.8820911661861377,
        "f_b": -0.2637145663163736,
        "u_d": -17.77572079751064,
        "p": 9.6180260091276,
        "n": 7.735934842941463,
        "f": 8.545123142876346,
        "b": 8.80883770919272,
        "u": 0,
        "d": 17.77572079751064
    },
    "nirchernia": {
        "p_n": 2.381890114689698,
        "f_b": -0.8737228941804949,
        "u_d": -15.929746563332964,
        "p": 8.889683053778858,
        "n": 6.5077929390891605,
        "f": 7.261876549343762,
        "b": 8.135599443524256,
        "u": 0,
        "d": 15.929746563332964
    },
    "SickSAMA": {
        "p_n": 2.5203927637015475,
        "f_b": -0.0187567221505347,
        "u_d": -17.494947907579608,
        "p": 9.271771669080728,
        "n": 6.75137890537918,
        "f": 8.002196926154687,
        "b": 8.020953648305222,
        "u": -17.494947907579608,
        "d": 0
    },
    "nicolapagni": {
        "p_n": 2.0872121819321414,
        "f_b": -1.1149272846417286,
        "u_d": -16.69711616140396,
        "p": 9.214575939064847,
        "n": 7.127363757132706,
        "f": 7.613506205777913,
        "b": 8.728433490419642,
        "u": 0,
        "d": 16.69711616140396
    },
    "bcruddy": {
        "p_n": 2.0113364129315663,
        "f_b": 0.22232135751755422,
        "u_d": -17.299590376035777,
        "p": 9.34673547744353,
        "n": 7.335399064511964,
        "f": 8.452227949736525,
        "b": 8.22990659221897,
        "u": 0,
        "d": 17.299590376035777
    },
    "kud": {
        "p_n": 2.388897680527485,
        "f_b": -0.5123430569069125,
        "u_d": -16.700628935167373,
        "p": 9.31451717025378,
        "n": 6.925619489726294,
        "f": 7.8638968015365815,
        "b": 8.376239858443494,
        "u": 0,
        "d": 16.700628935167373
    },
    "mbm-rafal": {
        "p_n": 2.778160388980699,
        "f_b": 0.027258534728884065,
        "u_d": -17.967527378663814,
        "p": 8.967671721589966,
        "n": 6.189511332609267,
        "f": 7.592220794464058,
        "b": 7.564962259735174,
        "u": 0,
        "d": 17.967527378663814
    },
    "rohit-raj": {
        "p_n": 2.04268232227691,
        "f_b": -1.1258361248698607,
        "u_d": -16.086331277469935,
        "p": 8.780317437213496,
        "n": 6.737635114936586,
        "f": 7.19605821364011,
        "b": 8.32189433850997,
        "u": 0,
        "d": 16.086331277469935
    },
    "coveralls": {
        "p_n": 2.167925216589172,
        "f_b": 0.9467212117775059,
        "u_d": -17.490806735044316,
        "p": 9.024915068846092,
        "n": 6.85698985225692,
        "f": 8.41431306644026,
        "b": 7.4675918546627535,
        "u": -17.490806735044316,
        "d": 0
    },
    "arnvol": {
        "p_n": 2.5348393140868026,
        "f_b": -0.8211792833001077,
        "u_d": -16.61170472296604,
        "p": 9.406334851371371,
        "n": 6.871495537284568,
        "f": 7.728325552677916,
        "b": 8.549504835978023,
        "u": 0,
        "d": 16.61170472296604
    },
    "florianbepunkt": {
        "p_n": 2.2866743344213853,
        "f_b": -0.841548990872039,
        "u_d": -17.4753730571818,
        "p": 9.244669177709653,
        "n": 6.957994843288268,
        "f": 7.680557515062941,
        "b": 8.52210650593498,
        "u": -17.4753730571818,
        "d": 0
    },