{
    "semperos": {
        "p_n": 1.9577891214704,
        "f_b": -0.16384194485574,
        "u_d": -17.4970164194688,
        "p": 9.298594872654379,
        "n": 7.340805751183979,
        "f": 8.237779339491308,
        "b": 8.401621284347048,
        "u": -17.4970164194688,
        "d": 0
    }
}