{
    "shazow": {
        "p_n": 2.1402129500394693,
        "f_b": -0.03906922594179463,
        "u_d": -17.48912303712247,
        "p": 9.384934057332332,
        "n": 7.244721107292863,
        "f": 8.2952929693417,
        "b": 8.334362195283495,
        "u": -17.48912303712247,
        "d": 0
    },
    "IQAndreas": {
        "p_n": 2.412432095692388,
        "f_b": -0.24196588090524784,
        "u_d": -17.479342396807898,
        "p": 9.559633645034275,
        "n": 7.147201549341887,
        "f": 8.232434656735457,
        "b": 8.474400537640705,
        "u": -17.479342396807898,
        "d": 0
    },
    "ghost": {
        "p_n": 2.299580042458798,
        "f_b": -0.14599442827311115,
        "u_d": -17.92288539077119,
        "p": 9.235109502687571,
        "n": 6.935529460228773,
        "f": 8.012322267321617,
        "b": 8.158316695594728,
        "u": 0,
        "d": 17.92288539077119
    },
    "wpovell": {
        "p_n": 2.3627063835535056,
        "f_b": -0.3492370598137491,
        "u_d": -16.638072924984325,
        "p": 9.403612671236548,
        "n": 7.040906287683042,
        "f": 8.047640949552921,
        "b": 8.39687800936667,
        "u": 0,
        "d": 16.638072924984325
    },
    "jazzychad": {
        "p_n": 1.7691447468574726,
        "f_b": -0.4681342087233755,
        "u_d": -17.865280175990883,
        "p": 9.099673640814597,
        "n": 7.3305288939571245,
        "f": 7.981034163024173,
        "b": 8.449168371747549,
        "u": 0,
        "d": 17.865280175990883
    },
    "peterhellberg": {
        "p_n": 1.7018299927846448,
        "f_b": -0.1849172143812865,
        "u_d": -16.993928122873513,
        "p": 9.297775537924547,
        "n": 7.5959455451399025,
        "f": 8.354401934341581,
        "b": 8.539319148722868,
        "u": 0,
        "d": 16.993928122873513
    },
    "scrothers": {
        "p_n": 2.4009361847709814,
        "f_b": -0.4327689429207773,
        "u_d": -17.829909154635292,
        "p": 9.35679999846779,
        "n": 6.955863813696809,
        "f": 7.939947434621912,
        "b": 8.37271637754269,
        "u": 0,
        "d": 17.829909154635292
    },
    "mrfabbri": {
        "p_n": 2.2122848517463414,
        "f_b": -0.410845104290706,
        "u_d": -17.49174489994792,
        "p": 9.410283500248987,
        "n": 7.1979986485026455,
        "f": 8.098718522230463,
        "b": 8.50956362652117,
        "u": -17.49174489994792,
        "d": 0
    },
    "deavmi": {
        "p_n": 2.433040215239396,
        "f_b": 0.0388597758294047,
        "u_d": -17.481036182517308,
        "p": 9.59844621676125,
        "n": 7.165406001521854,
        "f": 8.401355997056253,
        "b": 8.362496221226849,
        "u": -17.481036182517308,
        "d": 0
    },
    "chexo3": {
        "p_n": 1.867526492403936,
        "f_b": 0.2649882514024231,
        "u_d": -17.49145718174442,
        "p": 8.655609710666436,
        "n": 6.7880832182625,
        "f": 7.85434059016568,
        "b": 7.589352338763257,
        "u": -17.49145718174442,
        "d": 0
    },
    "smiller171": {
        "p_n": 1.824788021974224,
        "f_b": -0.49474825510208476,
        "u_d": -17.082348687740915,
        "p": 8.663779605247475,
        "n": 6.838991583273251,
        "f": 7.50401146670932,
        "b": 7.998759721811405,
        "u": 0,
        "d": 17.082348687740915
    },
    "Schezuk": {
        "p_n": 1.8551486058732447,
        "f_b": -0.0698235836705674,
        "u_d": -17.443911822129653,
        "p": 9.078416213756334,
        "n": 7.2232676078830895,
        "f": 8.115930118984428,
        "b": 8.185753702654996,
        "u": -17.443911822129653,
        "d": 0
    },
    "packrobottom": {
        "p_n": 2.075224822801365,
        "f_b": -0.13795366393383546,
        "u_d": -15.892070876332467,
        "p": 8.657579646618181,
        "n": 6.582354823816816,
        "f": 7.550990403250582,
        "b": 7.688944067184417,
        "u": 0,
        "d": 15.892070876332467
    },
    "basdds": {
        "p_n": 1.8688547593935034,
        "f_b": 0.25051424853068127,
        "u_d": -16.72024006027005,
        "p": 8.692630980072565,
        "n": 6.823776220679061,
        "f": 7.883460724641154,
        "b": 7.632946476110472,
        "u": 0,
        "d": 16.72024006027005
    },
    "jbenet": {
        "p_n": 1.939753197291835,
        "f_b": -0.9740376571378775,
        "u_d": -16.888593251616676,
        "p": 9.2670509183125,
        "n": 7.327297721020664,
        "f": 7.8101554910976425,
        "b": 8.78419314823552,
        "u": 0,
        "d": 16.888593251616676
    },
    "dmitshur": {
        "p_n": 2.063162268205918,
        "f_b": -0.46786923761691757,
        "u_d": -16.71493500904764,
        "p": 9.216477731935182,
        "n": 7.153315463729264,
        "f": 7.950961979023764,
        "b": 8.418831216640681,
        "u": 0,
        "d": 16.71493500904764
    },
    "botto": {
        "p_n": 2.243595999839446,
        "f_b": -0.18078201743328393,
        "u_d": -17.489952882936475,
        "p": 8.735423974598595,
        "n": 6.491827974759149,
        "f": 7.52323496596223,
        "b": 7.704016983395514,
        "u": -17.489952882936475,
        "d": 0
    },
    "sleibrock": {
        "p_n": 1.62910069012041,
        "f_b": -0.23107481802271757,
        "u_d": -17.490936730031862,
        "p": 8.742396967936354,
        "n": 7.1132962778159445,
        "f": 7.812309213864792,
        "b": 8.04338403188751,
        "u": -17.490936730031862,
        "d": 0
    },
    "haikuginger": {
        "p_n": 2.605444766190544,
        "f_b": -0.8306406809224338,
        "u_d": -15.822551751758047,
        "p": 9.145011922385967,
        "n": 6.539567156195423,
        "f": 7.426969198829477,
        "b": 8.25760987975191,
        "u": 0,
        "d": 15.822551751758047
    },
    "TheFonix": {
        "p_n": 2.004157680517004,
        "f_b": 0.07591118141132025,
        "u_d": -17.469014286396394,
        "p": 8.802619628151579,
        "n": 6.798461947634575,
        "f": 7.8384963785987365,
        "b": 7.762585197187416,
        "u": -17.469014286396394,
        "d": 0
    },
    "ograff": {
        "p_n": 1.958816633020346,
        "f_b": 0.6581794669193233,
        "u_d": -15.655669918175029,
        "p": 8.529746971284927,
        "n": 6.570930338264581,
        "f": 7.879428388234416,
        "b": 7.221248921315093,
        "u": 0,
        "d": 15.655669918175029
    },
    "za267": {
        "p_n": 2.498460786815185,
        "f_b": -0.5818184369874517,
        "u_d": -16.663515718429665,
        "p": 9.418109816394022,
        "n": 6.919649029578837,
        "f": 7.877970204492704,
        "b": 8.459788641480156,
        "u": 0,
        "d": 16.663515718429665
    },
    "Atheatos": {
        "p_n": 2.4454235222235727,
        "f_b": -0.6376167650790201,
        "u_d": -16.769189573752733,
        "p": 9.301534341411372,
        "n": 6.8561108191877995,
        "f": 7.760014197760075,
        "b": 8.397630962839095,
        "u": 0,
        "d": 16.769189573752733
    }
}