{
    "siddontang": {
        "p_n": 1.9726332558889377,
        "f_b": -0.010062690532963714,
        "u_d": -16.702690335708095,
        "p": 9.212730622600947,
        "n": 7.24009736671201,
        "f": 8.221382649389996,
        "b": 8.23144533992296,
        "u": 0,
        "d": 16.702690335708095
    },
    "robert-zaremba": {
        "p_n": 2.0345710893752322,
        "f_b": -0.4920962044497994,
        "u_d": -17.48924315643458,
        "p": 9.344669569772558,
        "n": 7.3100984803973255,
        "f": 8.081335922860042,
        "b": 8.573432127309841,
        "u": -17.48924315643458,
        "d": 0
    },
    "pkieltyka": {
        "p_n": 2.178707754005691,
        "f_b": -0.3821058298182418,
        "u_d": -17.62466595397593,
        "p": 9.233672650083378,
        "n": 7.054964896077687,
        "f": 7.953265858171411,
        "b": 8.335371687989653,
        "u": 0,
        "d": 17.62466595397593
    },
    "kouhate": {
        "p_n": 1.907899960268157,
        "f_b": -0.517176162072805,
        "u_d": -17.314572454673012,
        "p": 8.987647129588169,
        "n": 7.079747169320012,
        "f": 7.775109068417687,
        "b": 8.292285230490492,
        "u": 0,
        "d": 17.314572454673012
    },
    "Leither": {
        "p_n": 2.246881462850175,
        "f_b": 0.9461729374204637,
        "u_d": -16.374894494227892,
        "p": 8.875704220486455,
        "n": 6.6288227576362795,
        "f": 8.225349957771598,
        "b": 7.279177020351135,
        "u": 0,
        "d": 16.374894494227892
    },
    "GlenDC": {
        "p_n": 2.2584061967535654,
        "f_b": -0.08090857334623891,
        "u_d": -17.58327514039633,
        "p": 9.808150551536116,
        "n": 7.5497443547825505,
        "f": 8.638493166486214,
        "b": 8.719401739832453,
        "u": 0,
        "d": 17.58327514039633
    },
    "jgoodall": {
        "p_n": 1.55225150916454,
        "f_b": -0.8651652072886469,
        "u_d": -17.483944870750527,
        "p": 8.666581116631718,
        "n": 7.1143296074671785,
        "f": 7.4578727584051245,
        "b": 8.323037965693771,
        "u": -17.483944870750527,
        "d": 0
    },
    "felixbuenemann": {
        "p_n": 2.0755524087073844,
        "f_b": -0.8230012112391805,
        "u_d": -17.555480242890283,
        "p": 9.030805901215581,
        "n": 6.955253492508197,
        "f": 7.581529091242299,
        "b": 8.40453030248148,
        "u": 0,
        "d": 17.555480242890283
    },
    "ghost": {
        "p_n": 2.6156853375331526,
        "f_b": -0.002749742354666296,
        "u_d": -17.470776094261353,
        "p": 9.33193144936013,
        "n": 6.716246111826978,
        "f": 8.022713909416222,
        "b": 8.025463651770888,
        "u": -17.470776094261353,
        "d": 0
    },
    "darshan-ghumare": {
        "p_n": 2.2178249255013807,
        "f_b": 0.5278278271381236,
        "u_d": -17.949293004946984,
        "p": 8.871672276565462,
        "n": 6.653847351064082,
        "f": 8.026673727383834,
        "b": 7.49884590024571,
        "u": 0,
        "d": 17.949293004946984
    },
    "nikolay-turpitko": {
        "p_n": 2.2871473455771234,
        "f_b": -0.07286085793931285,
        "u_d": -16.686886632335533,
        "p": 9.228964740620771,
        "n": 6.941817395043648,
        "f": 8.048960638862553,
        "b": 8.121821496801866,
        "u": 0,
        "d": 16.686886632335533
    },
    "wxf4150": {
        "p_n": 2.232799824221855,
        "f_b": 0.5228619263281047,
        "u_d": -17.14915367260027,
        "p": 8.773794196860372,
        "n": 6.540994372638517,
        "f": 7.918825247913496,
        "b": 7.395963321585391,
        "u": 0,
        "d": 17.14915367260027
    },
    "charl": {
        "p_n": 1.8168573165785151,
        "f_b": 0.8824679688723283,
        "u_d": -17.49984627913085,
        "p": 8.833512405082708,
        "n": 7.0166550885041925,
        "f": 8.366317731229614,
        "b": 7.483849762357286,
        "u": -17.49984627913085,
        "d": 0
    },
    "justinfx": {
        "p_n": 2.428407023916992,
        "f_b": -0.5313933701848645,
        "u_d": -15.799505122200525,
        "p": 9.290895551609099,
        "n": 6.862488527692107,
        "f": 7.8109953545581705,
        "b": 8.342388724743035,
        "u": 0,
        "d": 15.799505122200525
    },
    "muhamadazmy": {
        "p_n": 1.7422486317015125,
        "f_b": -0.2786983400688179,
        "u_d": -15.874622596758112,
        "p": 8.95074830028566,
        "n": 7.208499668584148,
        "f": 7.940274814400496,
        "b": 8.218973154469314,
        "u": 0,
        "d": 15.874622596758112
    },
    "c2h5oh": {
        "p_n": 1.6969086517342973,
        "f_b": -0.4560461461439367,
        "u_d": -15.947171033296701,
        "p": 9.065209857488808,
        "n": 7.368301205754511,
        "f": 7.988732458549691,
        "b": 8.444778604693628,
        "u": 0,
        "d": 15.947171033296701
    },
    "unisqu": {
        "p_n": 2.315518582129984,
        "f_b": 0.0325111347777991,
        "u_d": -15.75405913157618,
        "p": 8.891965861245497,
        "n": 6.576447279115513,
        "f": 7.7504621375694045,
        "b": 7.717951002791605,
        "u": 0,
        "d": 15.75405913157618
    }
}