{
    "bketelsen": {
        "p_n": 1.8751224856693565,
        "f_b": -0.3228176319300271,
        "u_d": -17.49901124513208,
        "p": 9.219358953613405,
        "n": 7.344236467944048,
        "f": 8.120388894813713,
        "b": 8.44320652674374,
        "u": -17.49901124513208,
        "d": 0
    },
    "cdunn2001": {
        "p_n": 1.7022031639278428,
        "f_b": -0.6801617466833481,
        "u_d": -17.115388634793725,
        "p": 9.18566954210927,
        "n": 7.4834663781814275,
        "f": 7.994487086803675,
        "b": 8.674648833487023,
        "u": 0,
        "d": 17.115388634793725
    },
    "erikstmartin": {
        "p_n": 2.0360279676954747,
        "f_b": -0.23498198996956532,
        "u_d": -16.83319087336144,
        "p": 9.234571100553339,
        "n": 7.198543132857864,
        "f": 8.099066121720819,
        "b": 8.334048111690384,
        "u": 0,
        "d": 16.83319087336144
    },
    "skelterjohn": {
        "p_n": 1.8741538116364804,
        "f_b": -0.6519186070366594,
        "u_d": -17.482762532121153,
        "p": 9.145565665606334,
        "n": 7.271411853969854,
        "f": 7.882529456269765,
        "b": 8.534448063306424,
        "u": -17.482762532121153,
        "d": 0
    },
    "elimisteve": {
        "p_n": 2.7379632038517636,
        "f_b": -0.3221376108406968,
        "u_d": -16.863783439440528,
        "p": 9.43991106182456,
        "n": 6.7019478579727965,
        "f": 7.909860654478329,
        "b": 8.231998265319026,
        "u": 0,
        "d": 16.863783439440528
    },
    "mirtchovski": {
        "p_n": 2.1604644641746846,
        "f_b": -0.5532848173371647,
        "u_d": -17.486926286568174,
        "p": 8.941558024314366,
        "n": 6.781093560139682,
        "f": 7.584683383558442,
        "b": 8.137968200895607,
        "u": -17.486926286568174,
        "d": 0
    },
    "sdmajor": {
        "p_n": 2.041451170836421,
        "f_b": -0.4790159798659026,
        "u_d": -17.48569156469618,
        "p": 9.007847371724242,
        "n": 6.9663962008878215,
        "f": 7.747613796373081,
        "b": 8.226629776238983,
        "u": -17.48569156469618,
        "d": 0
    },
    "reidmorrison": {
        "p_n": 1.7318995995933406,
        "f_b": -0.6704131490218082,
        "u_d": -17.838840376722366,
        "p": 9.129104135753302,
        "n": 7.397204536159961,
        "f": 7.927947761445727,
        "b": 8.598360910467536,
        "u": 0,
        "d": 17.838840376722366
    }
}