{
    "smashwilson": {
        "p_n": 2.272986485449831,
        "f_b": -0.4395750781006331,
        "u_d": -16.83015303543585,
        "p": 9.36519051982157,
        "n": 7.09220403437174,
        "f": 8.008909738046338,
        "b": 8.448484816146971,
        "u": 0,
        "d": 16.83015303543585
    },
    "rgbkrk": {
        "p_n": 1.850748804353751,
        "f_b": -0.6969043617117503,
        "u_d": -17.63619973450659,
        "p": 9.22335545014125,
        "n": 7.372606645787499,
        "f": 7.9495288671085,
        "b": 8.64643322882025,
        "u": 0,
        "d": 17.63619973450659
    },
    "nshtg": {
        "p_n": 1.3088145737967043,
        "f_b": -0.23182603619294007,
        "u_d": -16.31677147099436,
        "p": 8.682905922164423,
        "n": 7.374091348367719,
        "f": 7.912585617169601,
        "b": 8.14441165336254,
        "u": 0,
        "d": 16.31677147099436
    },
    "nanorepublica": {
        "p_n": 2.0979166919115446,
        "f_b": 0.4505045096647837,
        "u_d": -16.736135180984075,
        "p": 8.904510106612785,
        "n": 6.80659341470124,
        "f": 8.080804015489404,
        "b": 7.63029950582462,
        "u": 0,
        "d": 16.736135180984075
    },
    "nelson6e65": {
        "p_n": 1.954590852610358,
        "f_b": 0.14544159135767565,
        "u_d": -16.496381154237376,
        "p": 8.705754578981026,
        "n": 6.751163726370668,
        "f": 7.801179948354685,
        "b": 7.655738356997009,
        "u": 0,
        "d": 16.496381154237376
    }
}