{
    "jondubois": {
        "p_n": 1.6496172639251672,
        "f_b": -0.7218353933678845,
        "u_d": -17.497475322770626,
        "p": 9.115946615309138,
        "n": 7.466329351383971,
        "f": 7.930220286662612,
        "b": 8.652055680030497,
        "u": -17.497475322770626,
        "d": 0
    },
    "joinfok": {
        "p_n": 2.1362341209238496,
        "f_b": -0.32127387010619923,
        "u_d": -17.47506291672714,
        "p": 8.84603409484342,
        "n": 6.70979997391957,
        "f": 7.617280099328395,
        "b": 7.938553969434595,
        "u": -17.47506291672714,
        "d": 0
    },
    "ghost": {
        "p_n": 2.057019786075214,
        "f_b": -0.1430313986087608,
        "u_d": -17.488929447070028,
        "p": 9.091531384991727,
        "n": 7.034511598916513,
        "f": 7.99150579264974,
        "b": 8.1345371912585,
        "u": -17.488929447070028,
        "d": 0
    },
    "MegaGM": {
        "p_n": 1.9801670073213202,
        "f_b": -0.301049335067173,
        "u_d": -17.485489028635442,
        "p": 9.249449450006054,
        "n": 7.269282442684734,
        "f": 8.108841278811807,
        "b": 8.40989061387898,
        "u": -17.485489028635442,
        "d": 0
    },
    "happilymarrieddad": {
        "p_n": 1.814693983863048,
        "f_b": -0.47404293621233773,
        "u_d": -17.485723704250475,
        "p": 9.104923749765941,
        "n": 7.290229765902893,
        "f": 7.960555289728249,
        "b": 8.434598225940587,
        "u": -17.485723704250475,
        "d": 0
    },
    "mlmarius": {
        "p_n": 1.887826553564791,
        "f_b": -0.5264526021325473,
        "u_d": -15.799864678558155,
        "p": 8.6933543580705,
        "n": 6.80552780450571,
        "f": 7.486214780221832,
        "b": 8.01266738235438,
        "u": 0,
        "d": 15.799864678558155
    },
    "1manStartup": {
        "p_n": 2.3005536904498385,
        "f_b": -0.003145926853037828,
        "u_d": -17.454598741146707,
        "p": 9.116550248091114,
        "n": 6.8159965576412755,
        "f": 7.964700439439676,
        "b": 7.967846366292714,
        "u": -17.454598741146707,
        "d": 0
    },
    "slidenerd": {
        "p_n": 1.8656786518975768,
        "f_b": -0.26952118584901186,
        "u_d": -17.45421270553156,
        "p": 9.64153306325888,
        "n": 7.775854411361303,
        "f": 8.573933144385585,
        "b": 8.843454330234596,
        "u": -17.45421270553156,
        "d": 0
    },
    "efkan": {
        "p_n": 1.850639104112319,
        "f_b": -0.7830962719021386,
        "u_d": -16.9913647154563,
        "p": 8.887558946542697,
        "n": 7.036919842430378,
        "f": 7.570691258535469,
        "b": 8.353787530437607,
        "u": 0,
        "d": 16.9913647154563
    },
    "seme1": {
        "p_n": 1.769138867620729,
        "f_b": -0.7189327348870629,
        "u_d": -17.71568558080211,
        "p": 9.197521179929556,
        "n": 7.428382312308827,
        "f": 7.953485378675659,
        "b": 8.672418113562722,
        "u": 0,
        "d": 17.71568558080211
    },
    "woubuc": {
        "p_n": 1.9873861423616024,
        "f_b": -0.8222023215369187,
        "u_d": -15.562380631545308,
        "p": 9.215203354159224,
        "n": 7.227817211797621,
        "f": 7.810409122209963,
        "b": 8.632611443746882,
        "u": 0,
        "d": 15.562380631545308
    },
    "IngwiePhoenix": {
        "p_n": 1.9524982004520197,
        "f_b": -0.4493754785617412,
        "u_d": -16.705135481795573,
        "p": 9.156152082106122,
        "n": 7.203653881654102,
        "f": 7.955215242599241,
        "b": 8.404590721160982,
        "u": 0,
        "d": 16.705135481795573
    },
    "Llorx": {
        "p_n": 1.9924483533708806,
        "f_b": -0.28936757467168484,
        "u_d": -17.59076150666619,
        "p": 9.136177496048997,
        "n": 7.143729142678117,
        "f": 7.995269532027715,
        "b": 8.2846371066994,
        "u": 0,
        "d": 17.59076150666619
    },
    "seiyria": {
        "p_n": 2.4576323086644374,
        "f_b": -0.7861611796275518,
        "u_d": -16.98204613597953,
        "p": 8.91801304141195,
        "n": 6.460380732747512,
        "f": 7.2961162972659555,
        "b": 8.082277476893507,
        "u": 0,
        "d": 16.98204613597953
    },
    "waltergms": {
        "p_n": 2.318333796187959,
        "f_b": -0.408405105573463,
        "u_d": -17.27511595695515,
        "p": 8.732973336982832,
        "n": 6.414639540794873,
        "f": 7.369603886102121,
        "b": 7.778008991675584,
        "u": 0,
        "d": 17.27511595695515
    },
    "ryanpager": {
        "p_n": 2.1625973552811217,
        "f_b": -0.36730541869663114,
        "u_d": -17.486057794412282,
        "p": 9.180263722045828,
        "n": 7.017666366764706,
        "f": 7.915312335056951,
        "b": 8.282617753753582,
        "u": -17.486057794412282,
        "d": 0
    },
    "roblav96": {
        "p_n": 2.1276347137643956,
        "f_b": -0.28476888601063166,
        "u_d": -17.494102682896603,
        "p": 9.11537629749381,
        "n": 6.987741583729415,
        "f": 7.909174497606298,
        "b": 8.19394338361693,
        "u": -17.494102682896603,
        "d": 0
    },
    "abhi86813": {
        "p_n": 1.2798465812541977,
        "f_b": -0.39598485699995045,
        "u_d": -16.317325232669845,
        "p": 8.552828237182512,
        "n": 7.272981655928314,
        "f": 7.714912518055437,
        "b": 8.110897375055387,
        "u": 0,
        "d": 16.317325232669845
    },
    "mattkrick": {
        "p_n": 2.0651827050328855,
        "f_b": -0.8220632251491615,
        "u_d": -17.051496934004504,
        "p": 8.997553904867562,
        "n": 6.932371199834677,
        "f": 7.553930939776539,
        "b": 8.3759941649257,
        "u": 0,
        "d": 17.051496934004504
    },
    "hustcer": {
        "p_n": 2.052889963078302,
        "f_b": -0.4048380065953996,
        "u_d": -16.492796940930173,
        "p": 8.94879113528818,
        "n": 6.895901172209879,
        "f": 7.71992715045133,
        "b": 8.12476515704673,
        "u": 0,
        "d": 16.492796940930173
    },
    "JimLiu": {
        "p_n": 2.21684305438317,
        "f_b": -0.1964910891319258,
        "u_d": -16.115813580652848,
        "p": 8.715479748990564,
        "n": 6.498636694607394,
        "f": 7.508812677233016,
        "b": 7.705303766364942,
        "u": 0,
        "d": 16.115813580652848
    },
    "Kiranshinde5121": {
        "p_n": 1.5179109465102245,
        "f_b": 0.18469125669341668,
        "u_d": -16.208207868944314,
        "p": 8.492405752358616,
        "n": 6.9744948058483915,
        "f": 7.825795907450212,
        "b": 7.6411046507567955,
        "u": 0,
        "d": 16.208207868944314
    },
    "jfsimon": {
        "p_n": 1.81447019503341,
        "f_b": -0.5340064354937573,
        "u_d": -17.93560671204633,
        "p": 8.852033499927995,
        "n": 7.037563304894585,
        "f": 7.677795184664411,
        "b": 8.211801620158168,
        "u": 0,
        "d": 17.93560671204633
    },
    "mkgn": {
        "p_n": 1.984534553349829,
        "f_b": -0.2942584009702678,
        "u_d": -17.49532456449939,
        "p": 9.32829593272308,
        "n": 7.343761379373251,
        "f": 8.188899455563032,
        "b": 8.4831578565333,
        "u": -17.49532456449939,
        "d": 0
    },
    "stewartcelani": {
        "p_n": 1.7154844327266865,
        "f_b": -0.4000621209645967,
        "u_d": -17.495411005548565,
        "p": 9.09252158061884,
        "n": 7.377037147892153,
        "f": 8.034748303773199,
        "b": 8.434810424737796,
        "u": -17.495411005548565,
        "d": 0
    },
    "qLb": {
        "p_n": 2.24235000485975,
        "f_b": 0.10412167520322324,
        "u_d": -16.570968597430863,
        "p": 8.83601839705126,
        "n": 6.5936683921915105,
        "f": 7.766904232222997,
        "b": 7.662782557019773,
        "u": 0,
        "d": 16.570968597430863
    },