{
    "rauchg": {
        "p_n": 1.9615241674098538,
        "f_b": -0.44940899953299684,
        "u_d": -17.49713733150081,
        "p": 9.215148318197201,
        "n": 7.253624150787347,
        "f": 8.009681734725776,
        "b": 8.459090734258773,
        "u": -17.49713733150081,
        "d": 0
    },
    "kapouer": {
        "p_n": 2.206343057636863,
        "f_b": -0.5937014013934476,
        "u_d": -16.148675739677742,
        "p": 9.018904538837589,
        "n": 6.812561481200726,
        "f": 7.618882309322434,
        "b": 8.212583710715881,
        "u": 0,
        "d": 16.148675739677742
    },
    "nicokaiser": {
        "p_n": 2.4394358621726377,
        "f_b": -0.532610778659488,
        "u_d": -17.46955104472426,
        "p": 9.243573469392786,
        "n": 6.804137607220148,
        "f": 7.757550148976724,
        "b": 8.290160927636212,
        "u": -17.46955104472426,
        "d": 0
    },
    "3rd-Eden": {
        "p_n": 1.9860667543638133,
        "f_b": -0.5072080592327017,
        "u_d": -17.495231065987987,
        "p": 9.199431609684108,
        "n": 7.213364855320295,
        "f": 7.95279420288585,
        "b": 8.460002262118552,
        "u": -17.495231065987987,
        "d": 0
    },
    "EugenDueck": {
        "p_n": 2.4883712535004543,
        "f_b": -0.5629060882777175,
        "u_d": -17.496695530050307,
        "p": 9.484170131135327,
        "n": 6.995798877634873,
        "f": 7.958531460246242,
        "b": 8.52143754852396,
        "u": -17.496695530050307,
        "d": 0
    },
    "plievone": {
        "p_n": 2.1956591499850635,
        "f_b": -0.3770755603262135,
        "u_d": -17.494243957732248,
        "p": 9.495009585590225,
        "n": 7.299350435605161,
        "f": 8.208642230434586,
        "b": 8.5857177907608,
        "u": -17.494243957732248,
        "d": 0
    },
    "afshinm": {
        "p_n": 2.3524231711846735,
        "f_b": -0.24539944442171624,
        "u_d": -17.50846518410074,
        "p": 9.438215830454984,
        "n": 7.085792659270311,
        "f": 8.13930452265179,
        "b": 8.384703967073506,
        "u": 0,
        "d": 17.50846518410074
    },
    "cadorn": {
        "p_n": 1.8104333346836974,
        "f_b": -0.6159564900302676,
        "u_d": -17.43173594018004,
        "p": 9.100056190741029,
        "n": 7.289622856057331,
        "f": 7.886861278384046,
        "b": 8.502817768414314,
        "u": 0,
        "d": 17.43173594018004
    },
    "defunctzombie": {
        "p_n": 1.927736515167953,
        "f_b": -0.5313384008468276,
        "u_d": -17.92208814451375,
        "p": 9.246265501082563,
        "n": 7.31852898591461,
        "f": 8.016728043075172,
        "b": 8.548066443922,
        "u": 0,
        "d": 17.92208814451375
    },
    "thalesfsp": {
        "p_n": 3.189924824161328,
        "f_b": 0.42756269992048246,
        "u_d": -16.234309301510358,
        "p": 9.66467195318285,
        "n": 6.474747129021522,
        "f": 8.283490891062428,
        "b": 7.855928191141945,
        "u": 0,
        "d": 16.234309301510358
    },
    "roamm": {
        "p_n": 2.5385678929013187,
        "f_b": -0.2892651098340533,
        "u_d": -16.03179703307326,
        "p": 9.12906520151968,
        "n": 6.590497308618361,
        "f": 7.715148700151994,
        "b": 8.004413809986048,
        "u": 0,
        "d": 16.03179703307326
    },
    "c4milo": {
        "p_n": 1.9875777086002202,
        "f_b": -0.29186042107974863,
        "u_d": -17.422684966228235,
        "p": 9.526895476667383,
        "n": 7.539317768067162,
        "f": 8.387176411827397,
        "b": 8.679036832907146,
        "u": -17.422684966228235,
        "d": 0
    },
    "konstantinzolotarev": {
        "p_n": 3.0625746118057275,
        "f_b": -0.16353836906215236,
        "u_d": -17.48677192205312,
        "p": 9.649310921300254,
        "n": 6.586736309494526,
        "f": 8.036254430866315,
        "b": 8.199792799928467,
        "u": -17.48677192205312,
        "d": 0
    },
    "darrachequesne": {
        "p_n": 2.3090758733664067,
        "f_b": -0.15245752199297513,
        "u_d": -17.56095663527911,
        "p": 9.456105596759453,
        "n": 7.147029723393047,
        "f": 8.225338899079762,
        "b": 8.377796421072738,
        "u": 0,
        "d": 17.56095663527911
    },
    "rase-": {
        "p_n": 2.190005661415536,
        "f_b": -0.28440469445701666,
        "u_d": -17.480556133142507,
        "p": 9.588338945875984,
        "n": 7.398333284460448,
        "f": 8.351133767939707,
        "b": 8.635538462396724,
        "u": -17.480556133142507,
        "d": 0
    },
    "mokesmokes": {
        "p_n": 1.7147744420047992,
        "f_b": -0.6794224727230116,
        "u_d": -17.480352586485733,
        "p": 9.17757956303619,
        "n": 7.462805121031391,
        "f": 7.980481105672284,
        "b": 8.659903578395296,
        "u": -17.480352586485733,
        "d": 0
    },
    "lemonzi": {
        "p_n": 1.8074897099032192,
        "f_b": -1.0862157475233047,
        "u_d": -17.470675815521222,
        "p": 9.177177309783126,
        "n": 7.3696875998799065,
        "f": 7.730324581069864,
        "b": 8.816540328593168,
        "u": -17.470675815521222,
        "d": 0
    },
    "laino": {
        "p_n": 1.9917060327879685,
        "f_b": -0.28966419519599107,
        "u_d": -15.36775489605906,
        "p": 9.06184487682743,
        "n": 7.070138844039461,
        "f": 7.921159762835449,
        "b": 8.21082395803144,
        "u": 0,
        "d": 15.36775489605906
    },
    "lpinca": {
        "p_n": 1.9611757827835676,
        "f_b": -0.6972584617637061,
        "u_d": -15.470952719332622,
        "p": 8.747277227744359,
        "n": 6.786101444960791,
        "f": 7.4180601054707225,
        "b": 8.115318567234429,
        "u": 0,
        "d": 15.470952719332622
    },
    "verrier": {
        "p_n": 2.668282910132323,
        "f_b": 0.4298183980968604,
        "u_d": -17.564135666998816,
        "p": 8.98348560211874,
        "n": 6.315202691986418,
        "f": 7.864253346101009,
        "b": 7.4344349480041485,
        "u": 0,
        "d": 17.564135666998816
    },
    "timcosta": {
        "p_n": 2.0433253710268886,
        "f_b": -0.49967316687970786,
        "u_d": -17.47893237150045,
        "p": 9.359201583220894,
        "n": 7.315876212194006,
        "f": 8.087702314267595,
        "b": 8.587375481147303,
        "u": -17.47893237150045,
        "d": 0
    },
    "lcalvy": {
        "p_n": 1.9946307889718558,
        "f_b": -0.3784773654288216,
        "u_d": -17.419163910373488,
        "p": 9.265864769823281,
        "n": 7.2712339808514255,
        "f": 8.079310692622942,
        "b": 8.457788058051763,
        "u": -17.419163910373488,
        "d": 0
    },
    "radicans": {
        "p_n": 1.7036628086968708,
        "f_b": -0.10605120439911708,
        "u_d": -17.458604623810505,
        "p": 9.304677785947828,
        "n": 7.601014977250957,
        "f": 8.399820779399834,
        "b": 8.50587198379895,
        "u": -17.458604623810505,
        "d": 0
    },
    "nkzawa": {
        "p_n": 1.9625174590097245,
        "f_b": -0.38940879474388446,
        "u_d": -16.10838936617581,
        "p": 9.262812677843261,
        "n": 7.300295218833536,
        "f": 8.086849550966457,
        "b": 8.476258345710342,
        "u": 0,
        "d": 16.10838936617581
    },
    "MiLk": {
        "p_n": 1.4905498519826992,
        "f_b": -1.031807165389936,
        "u_d": -17.856410877492465,
        "p": 9.049454354136586,
        "n": 7.5589045021538865,
        "f": 7.788275845450268,
        "b": 8.820083010840204,
        "u": 0,
        "d": 17.856410877492465
    },
    "dirkmc": {
        "p_n": 2.238791644159188,
        "f_b": -0.3517966874788252,
        "u_d": -17.49188101837038,
        "p": 9.27107693464093,
        "n": 7.032285290481743,
        "f": 7.975782768821925,
        "b": 8.32757945630075,
        "u": -17.49188101837038,
        "d": 0
    },