{
    "soffes": {
        "p_n": 2.2278062661415774,
        "f_b": -0.22797206322896102,
        "u_d": -17.52129034880466,
        "p": 9.335159594171566,
        "n": 7.107353328029989,
        "f": 8.107270429486297,
        "b": 8.335242492715258,
        "u": 0,
        "d": 17.52129034880466
    },
    "jilouc": {
        "p_n": 2.319278284401177,
        "f_b": 0.4239993711838741,
        "u_d": -17.04416160922154,
        "p": 9.169823309937797,
        "n": 6.85054502553662,
        "f": 8.222183853329145,
        "b": 7.798184482145271,
        "u": 0,
        "d": 17.04416160922154
    },
    "ma11hew28": {
        "p_n": 2.0229565003478536,
        "f_b": -0.1625972701037064,
        "u_d": -17.297179540294913,
        "p": 9.60106655275588,
        "n": 7.578110052408026,
        "f": 8.5082896675301,
        "b": 8.670886937633806,
        "u": 0,
        "d": 17.297179540294913
    },
    "alloy": {
        "p_n": 2.1778234725318875,
        "f_b": -0.5354756671311929,
        "u_d": -17.31194768374656,
        "p": 9.489318018157556,
        "n": 7.311494545625669,
        "f": 8.132668448326017,
        "b": 8.66814411545721,
        "u": 0,
        "d": 17.31194768374656
    },
    "webdevotion": {
        "p_n": 2.301134949337184,
        "f_b": -0.6778347043356288,
        "u_d": -17.637370710299216,
        "p": 9.296010268845523,
        "n": 6.994875319508338,
        "f": 7.806525442009116,
        "b": 8.484360146344745,
        "u": 0,
        "d": 17.637370710299216
    },
    "elitalon": {
        "p_n": 2.71725167054033,
        "f_b": -0.5021642710072278,
        "u_d": -16.44681645386768,
        "p": 8.9787720248954,
        "n": 6.261520354355071,
        "f": 7.369064054121621,
        "b": 7.871228325128849,
        "u": 0,
        "d": 16.44681645386768
    },
    "sethfri": {
        "p_n": 2.278511985562794,
        "f_b": -0.23911121605393326,
        "u_d": -17.458678911917556,
        "p": 9.392245348160039,
        "n": 7.1137333625972445,
        "f": 8.133433747351674,
        "b": 8.372544963405607,
        "u": -17.458678911917556,
        "d": 0
    },
    "siuying": {
        "p_n": 2.222377671694187,
        "f_b": 1.0062722015705372,
        "u_d": -17.05621888927769,
        "p": 8.969553626142694,
        "n": 6.747175954448507,
        "f": 8.361500891080869,
        "b": 7.355228689510332,
        "u": 0,
        "d": 17.05621888927769
    }
}