{
    "dnobori": {
        "p_n": 1.3602655955761964,
        "f_b": -0.8885431155204397,
        "u_d": -17.47238796144469,
        "p": 9.164293689615718,
        "n": 7.804028094039522,
        "f": 8.0398893340674,
        "b": 8.92843244958784,
        "u": -17.47238796144469,
        "d": 0
    },
    "moatazelmasry2": {
        "p_n": 1.904181480565848,
        "f_b": -0.2165649753799368,
        "u_d": -17.479871385881637,
        "p": 9.30039437842416,
        "n": 7.396212897858312,
        "f": 8.240021150451268,
        "b": 8.456586125831205,
        "u": -17.479871385881637,
        "d": 0
    },
    "ksimonenko-zz": {
        "p_n": 1.5939171048188854,
        "f_b": -0.32472876949934104,
        "u_d": -17.459139809376804,
        "p": 9.111875128194782,
        "n": 7.517958023375897,
        "f": 8.152552191035669,
        "b": 8.47728096053501,
        "u": -17.459139809376804,
        "d": 0
    },
    "paskal": {
        "p_n": 2.047108228852263,
        "f_b": -0.48472260487452346,
        "u_d": -15.675565521249311,
        "p": 8.885541912474729,
        "n": 6.8384336836224655,
        "f": 7.619626495611335,
        "b": 8.104349100485859,
        "u": 0,
        "d": 15.675565521249311
    },
    "aenertia": {
        "p_n": 1.468835655426382,
        "f_b": -0.6465014760972831,
        "u_d": -17.443334084633282,
        "p": 9.154295817686528,
        "n": 7.685460162260146,
        "f": 8.096627251924694,
        "b": 8.743128728021977,
        "u": -17.443334084633282,
        "d": 0
    },
    "vampywiz17": {
        "p_n": 1.475712506672842,
        "f_b": -0.7172900321374982,
        "u_d": -15.657480087917786,
        "p": 8.679622199503575,
        "n": 7.203909692830733,
        "f": 7.583120930098405,
        "b": 8.300410962235903,
        "u": 0,
        "d": 15.657480087917786
    },
    "macvk": {
        "p_n": 1.3472498127076564,
        "f_b": -0.7407418717137642,
        "u_d": -17.492205570428318,
        "p": 8.851131119484247,
        "n": 7.503881306776591,
        "f": 7.807135277273536,
        "b": 8.5478771489873,
        "u": -17.492205570428318,
        "d": 0
    },
    "chipitsine": {
        "p_n": 2.0519234941793467,
        "f_b": -0.10348800950168169,
        "u_d": -17.13900706224331,
        "p": 9.286817612714247,
        "n": 7.2348941185349,
        "f": 8.209111860873733,
        "b": 8.312599870375415,
        "u": 0,
        "d": 17.13900706224331
    },
    "ghost": {
        "p_n": 1.704456147021233,
        "f_b": -0.14232369086903063,
        "u_d": -17.156689946087493,
        "p": 8.961211902249207,
        "n": 7.2567557552279744,
        "f": 8.037821983304076,
        "b": 8.180145674173106,
        "u": 0,
        "d": 17.156689946087493
    },
    "tonychung00": {
        "p_n": 2.397098636835336,
        "f_b": 0.3316352935061264,
        "u_d": -16.91145181667549,
        "p": 8.902520334098122,
        "n": 6.505421697262786,
        "f": 7.869788662433518,
        "b": 7.538153368927391,
        "u": 0,
        "d": 16.91145181667549
    },
    "davidebeatrici": {
        "p_n": 1.5703845703748067,
        "f_b": -0.6247736547738665,
        "u_d": -17.528765039884437,
        "p": 9.121070954092,
        "n": 7.550686383717193,
        "f": 8.023491841517663,
        "b": 8.648265496291529,
        "u": 0,
        "d": 17.528765039884437
    },
    "fenice2": {
        "p_n": 2.2982438153638443,
        "f_b": -0.5224147960879257,
        "u_d": -17.49031426589071,
        "p": 9.462979940143878,
        "n": 7.164736124780034,
        "f": 8.052650634417994,
        "b": 8.57506543050592,
        "u": -17.49031426589071,
        "d": 0
    },
    "meganerd": {
        "p_n": 1.8521043938772275,
        "f_b": -0.5157171550058877,
        "u_d": -17.469234761222808,
        "p": 9.24244425478053,
        "n": 7.390339860903302,
        "f": 8.058533480338973,
        "b": 8.57425063534486,
        "u": -17.469234761222808,
        "d": 0
    },
    "jdstroy": {
        "p_n": 1.2252727363760059,
        "f_b": -1.5237036143596052,
        "u_d": -17.492158452393095,
        "p": 8.512009600141571,
        "n": 7.286736863765565,
        "f": 7.137521424773765,
        "b": 8.66122503913337,
        "u": -17.492158452393095,
        "d": 0
    },
    "petergsnm": {
        "p_n": 1.355022515036353,
        "f_b": -0.707323393564697,
        "u_d": -17.466161287649953,
        "p": 8.951778065062797,
        "n": 7.596755550026444,
        "f": 7.9206051107622715,
        "b": 8.627928504326968,
        "u": -17.466161287649953,
        "d": 0
    },
    "hsaito": {
        "p_n": 1.7199842973985415,
        "f_b": -0.9604155271807873,
        "u_d": -17.400812152448015,
        "p": 8.9479321148486,
        "n": 7.227947817450058,
        "f": 7.607732202558935,
        "b": 8.568147729739723,
        "u": 0,
        "d": 17.400812152448015
    },
    "MtCedarNet": {
        "p_n": 0.9194625014998001,
        "f_b": -1.1461747077373978,
        "u_d": -17.483229475602464,
        "p": 8.523334730552069,
        "n": 7.603872229052269,
        "f": 7.490516125933469,
        "b": 8.636690833670867,
        "u": -17.483229475602464,
        "d": 0
    },
    "patrakov": {
        "p_n": 1.5410291334478812,
        "f_b": -1.1094995464415138,
        "u_d": -17.47561423278569,
        "p": 8.991265822066072,
        "n": 7.450236688618191,
        "f": 7.666001482121375,
        "b": 8.77550102856289,
        "u": -17.47561423278569,
        "d": 0
    },
    "NoahO": {
        "p_n": 1.5151259129345398,
        "f_b": -0.9717023483026921,
        "u_d": -17.143753766119843,
        "p": 9.040171234318244,
        "n": 7.525045321383704,
        "f": 7.796757103699628,
        "b": 8.76845945200232,
        "u": 0,
        "d": 17.143753766119843
    },
    "BlackHoleFox": {
        "p_n": 1.4417854404922306,
        "f_b": -0.8329377228161734,
        "u_d": -15.788309142597813,
        "p": 8.686441299916476,
        "n": 7.244655859424245,
        "f": 7.549079718262274,
        "b": 8.382017441078448,
        "u": 0,
        "d": 15.788309142597813
    },
    "mproper": {
        "p_n": 3.2587130394344346,
        "f_b": 0.6937259719695756,
        "u_d": -17.494522993937913,
        "p": 9.303170842279744,
        "n": 6.04445780284531,
        "f": 8.020677308547315,
        "b": 7.326951336577739,
        "u": 0,
        "d": 17.494522993937913
    },
    "pedigree": {
        "p_n": 3.0887519144804774,
        "f_b": 1.2482094139610798,
        "u_d": -17.90138738403541,
        "p": 9.23464063136432,
        "n": 6.145888716883842,
        "f": 8.31436938110462,
        "b": 7.066159967143541,
        "u": 0,
        "d": 17.90138738403541
    },
    "qbeukes": {
        "p_n": 1.7404732178791633,
        "f_b": -0.7084378851980055,
        "u_d": -17.475370722239575,
        "p": 9.10159754811414,
        "n": 7.361124330234977,
        "f": 7.877141996575556,
        "b": 8.585579881773562,
        "u": -17.475370722239575,
        "d": 0
    },
    "GildedHonour": {
        "p_n": 1.774675044846056,
        "f_b": -1.0201974866464418,
        "u_d": -17.54360240418305,
        "p": 9.014696175297184,
        "n": 7.240021130451128,
        "f": 7.617259909550935,
        "b": 8.637457396197377,
        "u": 0,
        "d": 17.54360240418305
    },
    "paulmenzel": {
        "p_n": 1.9695345437915526,
        "f_b": -0.45345050851351054,
        "u_d": -17.481268082236287,
        "p": 9.369849606858669,
        "n": 7.400315063067116,
        "f": 8.158357080706137,
        "b": 8.611807589219648,
        "u": -17.481268082236287,
        "d": 0
    },
    "muelli": {
        "p_n": 1.9988586918926838,
        "f_b": -1.2671321971370801,
        "u_d": -16.786051744224462,
        "p": 9.118038769438966,
        "n": 7.119180077546282,
        "f": 7.485043324924085,
        "b": 8.752175522061165,
        "u": 0,
        "d": 16.786051744224462
    },