{
    "toddtreece": {
        "p_n": 1.7198110214346372,
        "f_b": -0.37638158737564176,
        "u_d": -17.2197271965342,
        "p": 9.117636410355082,
        "n": 7.397825388920445,
        "f": 8.069540105949942,
        "b": 8.445921693325584,
        "u": 0,
        "d": 17.2197271965342
    },
    "MajicCat": {
        "p_n": 1.8793622113955486,
        "f_b": -0.6049472259983482,
        "u_d": -17.837516172966815,
        "p": 9.012480956257193,
        "n": 7.133118744861644,
        "f": 7.770326237560244,
        "b": 8.375273463558592,
        "u": 0,
        "d": 17.837516172966815
    },
    "brennen": {
        "p_n": 2.6540925881744606,
        "f_b": 0.130180177713056,
        "u_d": -17.446224665348804,
        "p": 9.830120111156422,
        "n": 7.176027522981961,
        "f": 8.568163905925719,
        "b": 8.437983728212663,
        "u": -17.446224665348804,
        "d": 0
    },
    "bboyho": {
        "p_n": 2.006434582525179,
        "f_b": -0.23294614800848912,
        "u_d": -17.495550875145383,
        "p": 9.185623113775057,
        "n": 7.179188531249878,
        "f": 8.065932748508223,
        "b": 8.298878896516712,
        "u": -17.495550875145383,
        "d": 0
    },
    "naikrovek": {
        "p_n": 2.396730238787902,
        "f_b": -0.6991860279784934,
        "u_d": -17.14173394358663,
        "p": 9.078784550583276,
        "n": 6.6820543117953735,
        "f": 7.530826417200078,
        "b": 8.230012445178572,
        "u": 0,
        "d": 17.14173394358663
    },
    "jbdatko": {
        "p_n": 1.802893722540876,
        "f_b": -0.5349354527365229,
        "u_d": -17.468729240562396,
        "p": 9.19561905813923,
        "n": 7.392725335598353,
        "f": 8.02670447050053,
        "b": 8.561639923237053,
        "u": -17.468729240562396,
        "d": 0
    },
    "tryceattack": {
        "p_n": 2.7882751306314333,
        "f_b": -0.09659705896273607,
        "u_d": -17.49740309275846,
        "p": 9.692709240934125,
        "n": 6.904434110302692,
        "f": 8.25027314613704,
        "b": 8.346870205099776,
        "u": -17.49740309275846,
        "d": 0
    },
    "johncohn": {
        "p_n": 1.6569585354631755,
        "f_b": -0.35271041420460136,
        "u_d": -17.4645105532921,
        "p": 9.045854100952841,
        "n": 7.3888955654896655,
        "f": 8.041019626118953,
        "b": 8.393730040323554,
        "u": -17.4645105532921,
        "d": 0
    },
    "lectroidmarc": {
        "p_n": 2.2072438204201035,
        "f_b": -0.5350387648263428,
        "u_d": -17.492573729750184,
        "p": 9.33651611171573,
        "n": 7.129272291295626,
        "f": 7.965374819092506,
        "b": 8.50041358391885,
        "u": -17.492573729750184,
        "d": 0
    },
    "imp-guru": {
        "p_n": 2.298243912948567,
        "f_b": -0.13860625436202056,
        "u_d": -17.48717417671425,
        "p": 9.65536086421558,
        "n": 7.357116951267014,
        "f": 8.436935780560287,
        "b": 8.575542034922307,
        "u": -17.48717417671425,
        "d": 0
    },
    "liudr": {
        "p_n": 2.12643273226686,
        "f_b": -0.3001004310742701,
        "u_d": -17.736066100590506,
        "p": 9.374129400158036,
        "n": 7.2476966678911765,
        "f": 8.160862818487471,
        "b": 8.460963249561742,
        "u": 0,
        "d": 17.736066100590506
    },
    "emcniece": {
        "p_n": 2.28137752498443,
        "f_b": 0.2709632208606383,
        "u_d": -16.35672959526035,
        "p": 8.926581745404118,
        "n": 6.6452042204196875,
        "f": 7.921374593342222,
        "b": 7.650411372481583,
        "u": 0,
        "d": 16.35672959526035
    },
    "B504now": {
        "p_n": 2.1645588465096983,
        "f_b": -0.17033883858824694,
        "u_d": -17.471215302187016,
        "p": 9.185765824030481,
        "n": 7.021206977520783,
        "f": 8.018316981481508,
        "b": 8.188655820069755,
        "u": -17.471215302187016,
        "d": 0
    },
    "ghost": {
        "p_n": 1.7621514786203152,
        "f_b": 0.19058304812284632,
        "u_d": -16.880671884351386,
        "p": 9.437486569349026,
        "n": 7.675335090728711,
        "f": 8.651702354100292,
        "b": 8.461119305977446,
        "u": 0,
        "d": 16.880671884351386
    },
    "piettetech": {
        "p_n": 2.2387087881327794,
        "f_b": -0.09805913549727663,
        "u_d": -17.439583614841528,
        "p": 9.272266985960048,
        "n": 7.0335581978272685,
        "f": 8.10388302414502,
        "b": 8.201942159642297,
        "u": -17.439583614841528,
        "d": 0
    },
    "DanwithArduino": {
        "p_n": 1.745808675392742,
        "f_b": -0.7839619176328085,
        "u_d": -17.234222885461183,
        "p": 8.853745159218882,
        "n": 7.10793648382614,
        "f": 7.588859862706107,
        "b": 8.372821780338915,
        "u": 0,
        "d": 17.234222885461183
    },
    "m4ddav3": {
        "p_n": 2.0795663677348966,
        "f_b": -0.0526570581398591,
        "u_d": -17.48708356415767,
        "p": 8.99155645946005,
        "n": 6.911990091725153,
        "f": 7.925444746522672,
        "b": 7.978101804662531,
        "u": -17.48708356415767,
        "d": 0
    },
    "datacute": {
        "p_n": 1.7923870493991192,
        "f_b": -1.1204041250327368,
        "u_d": -16.702229749577675,
        "p": 8.776734316525072,
        "n": 6.984347267125953,
        "f": 7.320338729309144,
        "b": 8.440742854341881,
        "u": 0,
        "d": 16.702229749577675
    },
    "mperignon": {
        "p_n": 1.8193854265366607,
        "f_b": -0.6876524750566642,
        "u_d": -17.25338208964682,
        "p": 9.099450555460106,
        "n": 7.280065128923445,
        "f": 7.845931604663443,
        "b": 8.533584079720107,
        "u": 0,
        "d": 17.25338208964682
    },
    "astroeng": {
        "p_n": 2.03151390262642,
        "f_b": -0.33838819804749143,
        "u_d": -16.69986229714983,
        "p": 9.017056611196963,
        "n": 6.985542708570543,
        "f": 7.832105560860008,
        "b": 8.170493758907499,
        "u": 0,
        "d": 16.69986229714983
    },
    "jmcgnh": {
        "p_n": 2.183002794755483,
        "f_b": -0.45797821034723274,
        "u_d": -16.967369311855983,
        "p": 8.971107566168929,
        "n": 6.788104771413446,
        "f": 7.650617063617571,
        "b": 8.108595273964804,
        "u": 0,
        "d": 16.967369311855983
    }
}