{
    "a1k0n": {
        "p_n": 2.272249210198739,
        "f_b": -0.5228490251878579,
        "u_d": -17.757817003101746,
        "p": 9.331492037533287,
        "n": 7.059242827334549,
        "f": 7.933942919839989,
        "b": 8.456791945027847,
        "u": 0,
        "d": 17.757817003101746
    },
    "erikbern": {
        "p_n": 2.3323275103070653,
        "f_b": -0.35354344889189093,
        "u_d": -16.3240266709879,
        "p": 9.261692804740985,
        "n": 6.92936529443392,
        "f": 7.918757325141506,
        "b": 8.272300774033397,
        "u": 0,
        "d": 16.3240266709879
    },
    "piskvorky": {
        "p_n": 2.7517306786690527,
        "f_b": -0.37651596777719387,
        "u_d": -17.28788327593491,
        "p": 9.077751790748858,
        "n": 6.326021112079805,
        "f": 7.513628467525734,
        "b": 7.890144435302928,
        "u": 0,
        "d": 17.28788327593491
    },
    "ogrisel": {
        "p_n": 1.953378626383003,
        "f_b": 0.0015916703525675757,
        "u_d": -16.880052999086313,
        "p": 8.779291600996634,
        "n": 6.825912974613631,
        "f": 7.803398122981417,
        "b": 7.801806452628849,
        "u": 0,
        "d": 16.880052999086313
    },
    "eddelbuettel": {
        "p_n": 2.220101642578638,
        "f_b": 0.11793058403372036,
        "u_d": -17.274001429446688,
        "p": 9.097150559351203,
        "n": 6.877048916772565,
        "f": 8.046065030078744,
        "b": 7.928134446045023,
        "u": 0,
        "d": 17.274001429446688
    },
    "LongbinChen": {
        "p_n": 2.1793291016596417,
        "f_b": 0.03697302911101197,
        "u_d": -17.48574479105498,
        "p": 9.320552770185273,
        "n": 7.141223668525631,
        "f": 8.249374733910958,
        "b": 8.212401704799946,
        "u": -17.48574479105498,
        "d": 0
    },
    "AKSHAYUBHAT": {
        "p_n": 2.192543461021752,
        "f_b": 0.26321892526519886,
        "u_d": -16.26389521208143,
        "p": 8.613728745583154,
        "n": 6.421185284561402,
        "f": 7.649066477704878,
        "b": 7.385847552439679,
        "u": 0,
        "d": 16.26389521208143
    },
    "dvenum": {
        "p_n": 2.2754287404592937,
        "f_b": -0.35461489329028684,
        "u_d": -16.86427769231941,
        "p": 9.108650926332157,
        "n": 6.833222185872863,
        "f": 7.793629109457366,
        "b": 8.148244002747653,
        "u": 0,
        "d": 16.86427769231941
    },
    "MrChrisJohnson": {
        "p_n": 2.266233500916476,
        "f_b": -0.6666780135650923,
        "u_d": -16.84010438737052,
        "p": 9.151545042179011,
        "n": 6.885311541262535,
        "f": 7.685089284938226,
        "b": 8.351767298503319,
        "u": 0,
        "d": 16.84010438737052
    },
    "stefansavev": {
        "p_n": 1.9547518335340754,
        "f_b": -0.4803114411433018,
        "u_d": -17.485667462114286,
        "p": 9.4826031033849,
        "n": 7.527851269850824,
        "f": 8.26507146604621,
        "b": 8.745382907189512,
        "u": -17.485667462114286,
        "d": 0
    },
    "tjrileywisc": {
        "p_n": 1.9246161800255397,
        "f_b": -0.7975378809472975,
        "u_d": -15.10795842716568,
        "p": 8.560005438981932,
        "n": 6.635389258956392,
        "f": 7.198928408495513,
        "b": 7.996466289442811,
        "u": 0,
        "d": 15.10795842716568
    },
    "sergeyf": {
        "p_n": 2.052755094709129,
        "f_b": 0.29063591406738887,
        "u_d": -16.277634757690596,
        "p": 8.959211917435887,
        "n": 6.906456822726758,
        "f": 8.078152327115017,
        "b": 7.787516413047628,
        "u": 0,
        "d": 16.277634757690596
    },
    "rosmo": {
        "p_n": 1.902922587354018,
        "f_b": -0.3389704023003981,
        "u_d": -12.949735833171138,
        "p": 8.517377072237549,
        "n": 6.614454484883531,
        "f": 7.396430577410341,
        "b": 7.7354009797107395,
        "u": 0,
        "d": 12.949735833171138
    },
    "ummae": {
        "p_n": 2.4195784882811395,
        "f_b": -0.34214963639068774,
        "u_d": -17.76862618798506,
        "p": 9.285643812172935,
        "n": 6.866065323891796,
        "f": 7.904779749837021,
        "b": 8.246929386227709,
        "u": 0,
        "d": 17.76862618798506
    },
    "cysin": {
        "p_n": 2.1849415441093667,
        "f_b": 0.500256550301013,
        "u_d": -17.508870042178707,
        "p": 9.268607025890532,
        "n": 7.083665481781165,
        "f": 8.426264528986355,
        "b": 7.926007978685342,
        "u": 0,
        "d": 17.508870042178707
    },
    "MonkeyChap": {
        "p_n": 2.2408576997787018,
        "f_b": -0.4627504632010986,
        "u_d": -16.500081281906755,
        "p": 8.896012791251614,
        "n": 6.6551550914729125,
        "f": 7.544208709761714,
        "b": 8.006959172962812,
        "u": 0,
        "d": 16.500081281906755
    },
    "Quasimondo": {
        "p_n": 2.024218359155764,
        "f_b": -0.5441853950969637,
        "u_d": -15.057817242275508,
        "p": 9.132337268144388,
        "n": 7.108118908988624,
        "f": 7.848135391018024,
        "b": 8.392320786114988,
        "u": 0,
        "d": 15.057817242275508
    },
    "yonromai": {
        "p_n": 2.6079882437414117,
        "f_b": -0.3620148124431646,
        "u_d": -16.32119185452761,
        "p": 9.096004037042562,
        "n": 6.48801579330115,
        "f": 7.611002508950273,
        "b": 7.973017321393438,
        "u": 0,
        "d": 16.32119185452761
    },
    "mazorigal": {
        "p_n": 1.7880399080820712,
        "f_b": -0.5740674102547425,
        "u_d": -14.947704005757503,
        "p": 9.12025589051623,
        "n": 7.332215982434159,
        "f": 7.939202231347823,
        "b": 8.513269641602566,
        "u": 0,
        "d": 14.947704005757503
    },
    "pmezard": {
        "p_n": 2.589700936638465,
        "f_b": 0.9725381164352189,
        "u_d": -16.862443557707604,
        "p": 8.798512809465558,
        "n": 6.208811872827093,
        "f": 7.989931399363935,
        "b": 7.017393282928716,
        "u": 0,
        "d": 16.862443557707604
    },
    "petrovlesha": {
        "p_n": 2.393325519500289,
        "f_b": -0.3494408415688621,
        "u_d": -17.4953469122751,
        "p": 9.34168542936443,
        "n": 6.948359909864141,
        "f": 7.970302248829855,
        "b": 8.319743090398717,
        "u": -17.4953469122751,
        "d": 0
    },
    "ulges": {
        "p_n": 2.1360053198432025,
        "f_b": -0.358523830237945,
        "u_d": -17.493622047085616,
        "p": 9.132308130318236,
        "n": 6.996302810475034,
        "f": 7.8850435552776625,
        "b": 8.243567385515608,
        "u": -17.493622047085616,
        "d": 0
    },
    "maumueller": {
        "p_n": 2.245678594754371,
        "f_b": -0.572374113678233,
        "u_d": -17.064062365409,
        "p": 9.417122581913993,
        "n": 7.1714439871596225,
        "f": 8.008096227697692,
        "b": 8.580470341375925,
        "u": 0,
        "d": 17.064062365409
    },
    "ReneHollander": {
        "p_n": 1.8412686076284421,
        "f_b": -0.6503675977790824,
        "u_d": -15.936738357410132,
        "p": 9.14501295914696,
        "n": 7.303744351518518,
        "f": 7.899194856443199,
        "b": 8.549562454222281,
        "u": 0,
        "d": 15.936738357410132
    },
    "AsmaZbt": {
        "p_n": 2.049006270230157,
        "f_b": 0.1776739524985853,
        "u_d": -17.495949816890793,
        "p": 9.202269631585581,
        "n": 7.153263361355425,
        "f": 8.266603472719796,
        "b": 8.08892952022121,
        "u": -17.495949816890793,
        "d": 0
    },
    "rbares": {
        "p_n": 1.9776052199915153,
        "f_b": -0.07025405573498666,
        "u_d": -15.463529059364035,
        "p": 9.083094868151637,
        "n": 7.1054896481601215,
        "f": 8.059165230288386,
        "b": 8.129419286023372,
        "u": 0,
        "d": 15.463529059364035
    },