{
    "spulec": {
        "p_n": 2.2188924716509053,
        "f_b": 0.1942050790837211,
        "u_d": -16.795881839492885,
        "p": 9.53992459782983,
        "n": 7.321032126178924,
        "f": 8.527580901546237,
        "b": 8.333375822462516,
        "u": 0,
        "d": 16.795881839492885
    },
    "nealtodd": {
        "p_n": 2.8510629575035953,
        "f_b": -0.2713264394138477,
        "u_d": -16.497204168351168,
        "p": 8.773744646201393,
        "n": 5.922681688697798,
        "f": 7.212549947742672,
        "b": 7.48387638715652,
        "u": 0,
        "d": 16.497204168351168
    },
    "hexsprite": {
        "p_n": 2.0914967191421674,
        "f_b": -0.801700318455433,
        "u_d": -17.49967628783265,
        "p": 8.806312204544778,
        "n": 6.71481548540261,
        "f": 7.359713685745977,
        "b": 8.16141400420141,
        "u": -17.49967628783265,
        "d": 0
    },
    "merwok": {
        "p_n": 1.862037220956096,
        "f_b": -0.5340384146200119,
        "u_d": -16.400886969887328,
        "p": 8.983061612955186,
        "n": 7.12102439199909,
        "f": 7.785023795167133,
        "b": 8.319062209787145,
        "u": 0,
        "d": 16.400886969887328
    },
    "coveralls": {
        "p_n": 2.0224893260529724,
        "f_b": 0.8571692529516453,
        "u_d": -17.4823221407376,
        "p": 9.035329196281259,
        "n": 7.012839870228286,
        "f": 8.452669159730595,
        "b": 7.59549990677895,
        "u": -17.4823221407376,
        "d": 0
    },
    "gsakkis": {
        "p_n": 1.2158606819640134,
        "f_b": -0.5657771021616398,
        "u_d": -15.194854640417223,
        "p": 8.526478826280563,
        "n": 7.31061814431655,
        "f": 7.6356599342177365,
        "b": 8.201437036379376,
        "u": 0,
        "d": 15.194854640417223
    },
    "lucaswiman": {
        "p_n": 2.924294328911362,
        "f_b": -0.8605693354401573,
        "u_d": -17.506110870260837,
        "p": 9.329034183553665,
        "n": 6.404739854642303,
        "f": 7.436602351377905,
        "b": 8.297171686818062,
        "u": 0,
        "d": 17.506110870260837
    },
    "Geekfish": {
        "p_n": 2.273402096061268,
        "f_b": 0.2998035826877654,
        "u_d": -17.293982006240803,
        "p": 9.011457062989983,
        "n": 6.738054966928715,
        "f": 8.024657806303232,
        "b": 7.724854223615466,
        "u": 0,
        "d": 17.293982006240803
    },
    "adamchainz": {
        "p_n": 2.87718944563872,
        "f_b": -0.09119337797212879,
        "u_d": -17.2388630023352,
        "p": 9.09655329267504,
        "n": 6.21936384703632,
        "f": 7.612361880869615,
        "b": 7.703555258841744,
        "u": 0,
        "d": 17.2388630023352
    },
    "mbox": {
        "p_n": 2.080215733222225,
        "f_b": -0.8723203079945563,
        "u_d": -17.985116541527738,
        "p": 9.030169904043381,
        "n": 6.949954170821156,
        "f": 7.553901883434991,
        "b": 8.426222191429547,
        "u": 0,
        "d": 17.985116541527738
    },
    "simon-weber": {
        "p_n": 2.235081939218002,
        "f_b": -0.9324557641663027,
        "u_d": -17.05794360235062,
        "p": 8.82235302721834,
        "n": 6.587271088000337,
        "f": 7.238584175526187,
        "b": 8.17103993969249,
        "u": 0,
        "d": 17.05794360235062
    },
    "Deimos": {
        "p_n": 2.2487073895737737,
        "f_b": -0.2727623338707712,
        "u_d": -14.91698496331118,
        "p": 9.00422937613494,
        "n": 6.755521986561167,
        "f": 7.743494514412669,
        "b": 8.01625684828344,
        "u": 0,
        "d": 14.91698496331118
    },
    "charlax": {
        "p_n": 1.961891502693125,
        "f_b": 0.07337981331012511,
        "u_d": -17.993633120284215,
        "p": 8.97423608345331,
        "n": 7.0123445807601845,
        "f": 8.029980238761809,
        "b": 7.9566004254516836,
        "u": 0,
        "d": 17.993633120284215
    },
    "homeworkprod": {
        "p_n": 2.0572826541581932,
        "f_b": -0.741523337189606,
        "u_d": -17.526122576447097,
        "p": 8.817484376800515,
        "n": 6.760201722642321,
        "f": 7.418081381126615,
        "b": 8.15960471831622,
        "u": 0,
        "d": 17.526122576447097
    },
    "bryanhelmig": {
        "p_n": 2.271702831481295,
        "f_b": -0.3905407413047417,
        "u_d": -17.724263614684283,
        "p": 9.332507921666428,
        "n": 7.060805090185133,
        "f": 8.00138613527341,
        "b": 8.391926876578152,
        "u": 0,
        "d": 17.724263614684283
    },
    "UberFarmer": {
        "p_n": 1.9115535528458523,
        "f_b": -0.3017467762535899,
        "u_d": -16.347487328970505,
        "p": 8.842318114563332,
        "n": 6.93076456171748,
        "f": 7.735667950013611,
        "b": 8.037414726267201,
        "u": 0,
        "d": 16.347487328970505
    },
    "jcugat": {
        "p_n": 1.6335403065508594,
        "f_b": 0.16434883970264735,
        "u_d": -14.782880862276421,
        "p": 9.296065552342201,
        "n": 7.6625252457913415,
        "f": 8.561469818918095,
        "b": 8.397120979215448,
        "u": 0,
        "d": 14.782880862276421
    },
    "GDICommander": {
        "p_n": 2.377897282348698,
        "f_b": 0.37713634777195804,
        "u_d": -16.805165275294982,
        "p": 8.928680877422988,
        "n": 6.550783595074289,
        "f": 7.928300410134618,
        "b": 7.55116406236266,
        "u": 0,
        "d": 16.805165275294982
    },
    "mindojo-victor": {
        "p_n": 1.7388754280150227,
        "f_b": -0.4883728542142709,
        "u_d": -13.104995862457725,
        "p": 8.61915988407343,
        "n": 6.880284456058407,
        "f": 7.505535742958783,
        "b": 7.9939085971730535,
        "u": 0,
        "d": 13.104995862457725
    },
    "JanMalte": {
        "p_n": 1.7391943015617093,
        "f_b": -0.37254670647081056,
        "u_d": -15.401016682279582,
        "p": 8.733969870266005,
        "n": 6.994775568704296,
        "f": 7.678099366249745,
        "b": 8.050646072720555,
        "u": 0,
        "d": 15.401016682279582
    },
    "lamby": {
        "p_n": 2.3548528134643174,
        "f_b": 0.8403995183083719,
        "u_d": -16.774110836856053,
        "p": 8.73486491195334,
        "n": 6.380012098489022,
        "f": 7.977638264375367,
        "b": 7.137238746066995,
        "u": 0,
        "d": 16.774110836856053
    },
    "elcolie": {
        "p_n": 1.7978446729673525,
        "f_b": -0.19571912355874055,
        "u_d": -16.869259890093907,
        "p": 8.818392161030824,
        "n": 7.020547488063471,
        "f": 7.821610262767777,
        "b": 8.017329386326518,
        "u": 0,
        "d": 16.869259890093907
    },
    "brianmay": {
        "p_n": 1.9752704309467353,
        "f_b": -0.7789862804012806,
        "u_d": -14.830506520673644,
        "p": 8.910592814876583,
        "n": 6.935322383929848,
        "f": 7.533464459202575,
        "b": 8.312450739603856,
        "u": 0,
        "d": 14.830506520673644
    },
    "awbacker": {
        "p_n": 1.76224943670905,
        "f_b": -0.7751722119725093,
        "u_d": -15.866414754758837,
        "p": 8.586578090805471,
        "n": 6.824328654096421,
        "f": 7.317867266464691,
        "b": 8.0930394784372,
        "u": 0,
        "d": 15.866414754758837
    },
    "Artimi": {
        "p_n": 1.9831305770136662,
        "f_b": 0.20689711724454707,
        "u_d": -15.891819955034702,
        "p": 8.507818678759449,
        "n": 6.524688101745783,
        "f": 7.619701948874889,
        "b": 7.412804831630342,
        "u": 0,
        "d": 15.891819955034702
    }
}