{
    "swankjesse": {
        "p_n": 2.297174197565809,
        "f_b": -0.5545499749930807,
        "u_d": -17.37017235421962,
        "p": 9.259008616142385,
        "n": 6.961834418576576,
        "f": 7.8331465298629395,
        "b": 8.38769650485602,
        "u": 0,
        "d": 17.37017235421962
    },
    "pforhan": {
        "p_n": 1.9813541001213242,
        "f_b": -0.291250607499391,
        "u_d": -17.503164076016425,
        "p": 9.404282707784777,
        "n": 7.422928607663453,
        "f": 8.26798035397442,
        "b": 8.55923096147381,
        "u": 0,
        "d": 17.503164076016425
    },
    "cgruber": {
        "p_n": 2.4131725467177816,
        "f_b": -0.5390175100825658,
        "u_d": -17.119127194088335,
        "p": 9.281523596301163,
        "n": 6.8683510495833815,
        "f": 7.805428567900989,
        "b": 8.344446077983555,
        "u": 0,
        "d": 17.119127194088335
    },
    "JakeWharton": {
        "p_n": 2.017583635793697,
        "f_b": -0.6986942629905908,
        "u_d": -17.730884092532996,
        "p": 9.059583457432176,
        "n": 7.041999821638479,
        "f": 7.701444508040032,
        "b": 8.400138771030623,
        "u": 0,
        "d": 17.730884092532996
    },
    "adriancole": {
        "p_n": 2.2163567966282036,
        "f_b": -0.5060393902386551,
        "u_d": -17.53779002796901,
        "p": 9.149278836394743,
        "n": 6.932922039766539,
        "f": 7.788080742961313,
        "b": 8.294120133199968,
        "u": 0,
        "d": 17.53779002796901
    },
    "tbroyer": {
        "p_n": 2.0381795060982473,
        "f_b": -0.8387907702123654,
        "u_d": -17.105815679412707,
        "p": 9.007739353754053,
        "n": 6.969559847655805,
        "f": 7.569254215598746,
        "b": 8.408044985811111,
        "u": 0,
        "d": 17.105815679412707
    },
    "stephenh": {
        "p_n": 2.6520104450516184,
        "f_b": -0.7746519658234821,
        "u_d": -16.7037683072157,
        "p": 9.12105668899486,
        "n": 6.469046243943242,
        "f": 7.407725483557311,
        "b": 8.182377449380793,
        "u": 0,
        "d": 16.7037683072157
    },
    "christopherperry": {
        "p_n": 2.08824590891294,
        "f_b": -0.8821109365742856,
        "u_d": -16.77387298036926,
        "p": 9.049989912058077,
        "n": 6.961744003145137,
        "f": 7.564811489314465,
        "b": 8.44692242588875,
        "u": 0,
        "d": 16.77387298036926
    },
    "keilw": {
        "p_n": 3.166070417096308,
        "f_b": -0.525818693036677,
        "u_d": -17.626142130633138,
        "p": 9.830308355919822,
        "n": 6.664237938823514,
        "f": 7.9843638008533295,
        "b": 8.510182493890007,
        "u": 0,
        "d": 17.626142130633138
    },
    "tonit": {
        "p_n": 2.4185962969923933,
        "f_b": -0.38805828968433786,
        "u_d": -17.46145480428621,
        "p": 9.13316292867859,
        "n": 6.714566631686197,
        "f": 7.729835635340224,
        "b": 8.117893925024562,
        "u": -17.46145480428621,
        "d": 0
    },
    "yoav-zibin": {
        "p_n": 1.7992669226214844,
        "f_b": 0.06331599852953751,
        "u_d": -15.774178719074431,
        "p": 8.680239492860284,
        "n": 6.8809725702388,
        "f": 7.81226403081431,
        "b": 7.748948032284773,
        "u": 0,
        "d": 15.774178719074431
    },
    "clkim": {
        "p_n": 2.202173431364054,
        "f_b": 0.13399260096317445,
        "u_d": -17.896946100736496,
        "p": 8.925184581841236,
        "n": 6.723011150477182,
        "f": 7.891094166640797,
        "b": 7.7571015656776225,
        "u": 0,
        "d": 17.896946100736496
    },
    "patrickbaumann": {
        "p_n": 2.021301155371934,
        "f_b": -0.6857685048175988,
        "u_d": -16.848067501540662,
        "p": 9.248642015940067,
        "n": 7.227340860568133,
        "f": 7.895107185845301,
        "b": 8.5808756906629,
        "u": 0,
        "d": 16.848067501540662
    },
    "pyricau": {
        "p_n": 2.71612467005209,
        "f_b": -0.4172520833697426,
        "u_d": -15.983675756157341,
        "p": 9.381811963212709,
        "n": 6.665687293160619,
        "f": 7.815123586501793,
        "b": 8.232375669871535,
        "u": 0,
        "d": 15.983675756157341
    },
    "Steven-Mark-Ford": {
        "p_n": 1.8820427001057327,
        "f_b": -0.6694392892904624,
        "u_d": -17.04883556053067,
        "p": 8.862760905966557,
        "n": 6.980718205860824,
        "f": 7.5870199112684595,
        "b": 8.256459200558922,
        "u": 0,
        "d": 17.04883556053067
    },
    "arichiardi": {
        "p_n": 1.9451049122159638,
        "f_b": -0.8694190214320363,
        "u_d": -17.23587256238251,
        "p": 9.13078906959973,
        "n": 7.185684157383767,
        "f": 7.723527102775731,
        "b": 8.592946124207767,
        "u": 0,
        "d": 17.23587256238251
    },
    "adennie": {
        "p_n": 2.8420725929290427,
        "f_b": -0.2730099247414648,
        "u_d": -17.10624123252191,
        "p": 9.113696274645246,
        "n": 6.271623681716203,
        "f": 7.556155015809992,
        "b": 7.829164940551457,
        "u": 0,
        "d": 17.10624123252191
    },
    "gk5885": {
        "p_n": 2.5657351928712613,
        "f_b": -0.6500460325652924,
        "u_d": -17.059753816325777,
        "p": 9.449173109880096,
        "n": 6.883437917008835,
        "f": 7.841282497161819,
        "b": 8.491328529727111,
        "u": 0,
        "d": 17.059753816325777
    },
    "rwinograd": {
        "p_n": 1.9937774736844895,
        "f_b": -0.46170693603014,
        "u_d": -17.345034675224547,
        "p": 9.323482676537282,
        "n": 7.329705202852792,
        "f": 8.095740471679967,
        "b": 8.557447407710107,
        "u": 0,
        "d": 17.345034675224547
    },
    "nimeacuerdo": {
        "p_n": 2.1366136513152805,
        "f_b": -0.5260427806987247,
        "u_d": -17.493496512647116,
        "p": 9.24427921599196,
        "n": 7.107665564676679,
        "f": 7.9129509999849565,
        "b": 8.438993780683681,
        "u": -17.493496512647116,
        "d": 0
    },
    "SuperJugy": {
        "p_n": 1.8783499592932547,
        "f_b": -0.7188403574970872,
        "u_d": -16.93751777780467,
        "p": 8.953905705023526,
        "n": 7.075555745730272,
        "f": 7.655310546628356,
        "b": 8.374150904125443,
        "u": 0,
        "d": 16.93751777780467
    },
    "chrisjenx": {
        "p_n": 2.2323441533116624,
        "f_b": -0.34909062959895376,
        "u_d": -16.780290992806872,
        "p": 9.168298858055554,
        "n": 6.935954704743891,
        "f": 7.877581466600245,
        "b": 8.226672096199199,
        "u": 0,
        "d": 16.780290992806872
    },
    "chrisanderson79": {
        "p_n": 2.1570237850712175,
        "f_b": -0.5959074935239839,
        "u_d": -15.32994419784191,
        "p": 8.600169027249322,
        "n": 6.443145242178105,
        "f": 7.223703387951722,
        "b": 7.819610881475706,
        "u": 0,
        "d": 15.32994419784191
    },
    "ghost": {
        "p_n": 2.6544864672933928,
        "f_b": -0.6602551306989417,
        "u_d": -17.65609602204814,
        "p": 8.972197266076368,
        "n": 6.317710798782975,
        "f": 7.3148264670802,
        "b": 7.975081597779142,
        "u": 0,
        "d": 17.65609602204814
    },
    "mikosik": {
        "p_n": 2.9982631051963926,
        "f_b": -0.39631268855691015,
        "u_d": -17.499135533655785,
        "p": 9.447655812057135,
        "n": 6.449392706860743,
        "f": 7.750367915180484,
        "b": 8.146680603737394,
        "u": -17.499135533655785,
        "d": 0
    },
    "EurigJones": {
        "p_n": 2.360978453425423,
        "f_b": 0.009179529053687574,
        "u_d": -16.465199308596958,
        "p": 8.60893171862004,
        "n": 6.247953265194617,
        "f": 7.433032256434172,
        "b": 7.423852727380485,
        "u": 0,
        "d": 16.465199308596958
    },