{
    "swankjesse": {
        "p_n": 2.7381565130351975,
        "f_b": -0.6198157243965108,
        "u_d": -17.75908935535291,
        "p": 9.347179450676606,
        "n": 6.6090229376414085,
        "f": 7.668193331960752,
        "b": 8.288009056357263,
        "u": 0,
        "d": 17.75908935535291
    },
    "JakeWharton": {
        "p_n": 1.944505082097331,
        "f_b": -0.5523445831839524,
        "u_d": -17.484542593277876,
        "p": 9.286859381726305,
        "n": 7.342354299628974,
        "f": 8.038434549085663,
        "b": 8.590779132269615,
        "u": -17.484542593277876,
        "d": 0
    },
    "pforhan": {
        "p_n": 2.0476209208119682,
        "f_b": -0.6285058172765003,
        "u_d": -17.8443706025704,
        "p": 9.220099957789483,
        "n": 7.172479036977514,
        "f": 7.882036588745248,
        "b": 8.510542406021749,
        "u": 0,
        "d": 17.8443706025704
    },
    "pyricau": {
        "p_n": 2.0426355752990197,
        "f_b": -0.5127653554302194,
        "u_d": -17.567332823541946,
        "p": 8.986958312264765,
        "n": 6.944322736965745,
        "f": 7.709257846900145,
        "b": 8.222023202330364,
        "u": 0,
        "d": 17.567332823541946
    },
    "johncarl81": {
        "p_n": 2.0753214843417345,
        "f_b": -0.8053074830692353,
        "u_d": -17.49613354158767,
        "p": 9.250189244396273,
        "n": 7.174867760054538,
        "f": 7.8098747606907875,
        "b": 8.615182243760023,
        "u": -17.49613354158767,
        "d": 0
    },
    "ghost": {
        "p_n": 2.395136977878977,
        "f_b": 0.43183026618713427,
        "u_d": -15.899949628725482,
        "p": 8.814078959574498,
        "n": 6.4189419816955215,
        "f": 7.832425603728577,
        "b": 7.400595337541443,
        "u": 0,
        "d": 15.899949628725482
    },
    "felipecsl": {
        "p_n": 2.520198700254869,
        "f_b": 0.27842449630350785,
        "u_d": -17.515695325318706,
        "p": 8.657593731179269,
        "n": 6.1373950309244,
        "f": 7.536706629203588,
        "b": 7.25828213290008,
        "u": 0,
        "d": 17.515695325318706
    },
    "loganj": {
        "p_n": 2.4070687589403175,
        "f_b": -0.4576542809732649,
        "u_d": -17.12273561101229,
        "p": 9.344669101697114,
        "n": 6.937600342756797,
        "f": 7.912307581740323,
        "b": 8.369961862713588,
        "u": 0,
        "d": 17.12273561101229
    },
    "tyvsmith": {
        "p_n": 2.283427229327212,
        "f_b": -0.5933869649457844,
        "u_d": -17.476998100847524,
        "p": 9.145374180020609,
        "n": 6.8619469506933966,
        "f": 7.706967082884111,
        "b": 8.300354047829895,
        "u": -17.476998100847524,
        "d": 0
    },
    "tbsandee": {
        "p_n": 2.13989998805053,
        "f_b": -0.6185031863464978,
        "u_d": -17.470197238906163,
        "p": 9.262514985814157,
        "n": 7.122614997763627,
        "f": 7.883313398615643,
        "b": 8.50181658496214,
        "u": -17.470197238906163,
        "d": 0
    },
    "imminent": {
        "p_n": 2.3399896494651617,
        "f_b": -0.6802964023337754,
        "u_d": -17.4836942781923,
        "p": 9.288914737672902,
        "n": 6.948925088207741,
        "f": 7.778771711773434,
        "b": 8.45906811410721,
        "u": -17.4836942781923,
        "d": 0
    },
    "jhugman": {
        "p_n": 3.136871964450724,
        "f_b": -0.5573175695202117,
        "u_d": -17.480902346524104,
        "p": 9.530345798616267,
        "n": 6.393473834165543,
        "f": 7.6832510316308,
        "b": 8.240568601151011,
        "u": -17.480902346524104,
        "d": 0
    },
    "daj": {
        "p_n": 1.9695035164238197,
        "f_b": -0.31304626636835575,
        "u_d": -17.490748403826387,
        "p": 8.962708889260705,
        "n": 6.9932053728368855,
        "f": 7.8214339978646175,
        "b": 8.134480264232973,
        "u": -17.490748403826387,
        "d": 0
    },
    "Disruption": {
        "p_n": 2.2236347410440365,
        "f_b": -0.5250056959585621,
        "u_d": -17.285343208018375,
        "p": 9.331227294308537,
        "n": 7.1075925532645,
        "f": 7.956907075807237,
        "b": 8.4819127717658,
        "u": 0,
        "d": 17.285343208018375
    },
    "mbaroukh": {
        "p_n": 1.948339737096017,
        "f_b": 0.029712200190292748,
        "u_d": -17.471123374897346,
        "p": 9.680159019874601,
        "n": 7.731819282778584,
        "f": 8.72084525142174,
        "b": 8.691133051231446,
        "u": -17.471123374897346,
        "d": 0
    }
}