{
    "squaremo": {
        "p_n": 2.4048160957525253,
        "f_b": -0.394973121610259,
        "u_d": -17.19457296043593,
        "p": 9.385454496158562,
        "n": 6.980638400406037,
        "f": 7.98555988747717,
        "b": 8.38053300908743,
        "u": 0,
        "d": 17.19457296043593
    },
    "fostercraig": {
        "p_n": 2.4521961541840263,
        "f_b": -0.1580358950561962,
        "u_d": -17.232698761700878,
        "p": 9.143655978703446,
        "n": 6.69145982451942,
        "f": 7.838539954083334,
        "b": 7.99657584913953,
        "u": 0,
        "d": 17.232698761700878
    },
    "josephholsten": {
        "p_n": 2.232735319488551,
        "f_b": -0.3821091396465679,
        "u_d": -16.45740543668688,
        "p": 9.28344292015289,
        "n": 7.050707600664339,
        "f": 7.9760206905853295,
        "b": 8.358129830231897,
        "u": 0,
        "d": 16.45740543668688
    },
    "alexfernandez": {
        "p_n": 1.6403141518594895,
        "f_b": -0.3400687394563775,
        "u_d": -17.991633315136294,
        "p": 9.49996282432511,
        "n": 7.85964867246562,
        "f": 8.509771378667175,
        "b": 8.849840118123552,
        "u": 0,
        "d": 17.991633315136294
    },
    "accelerated": {
        "p_n": 2.2441640708431034,
        "f_b": -0.21094350416113627,
        "u_d": -17.482528647419457,
        "p": 9.457438682321722,
        "n": 7.213274611478619,
        "f": 8.229884894819602,
        "b": 8.440828398980738,
        "u": -17.482528647419457,
        "d": 0
    },
    "ArnaudT": {
        "p_n": 2.7598466153153502,
        "f_b": -0.009751365684079971,
        "u_d": -17.12885585619662,
        "p": 8.963296482534481,
        "n": 6.203449867219131,
        "f": 7.578497492034767,
        "b": 7.588248857718847,
        "u": 0,
        "d": 17.12885585619662
    },
    "seallee": {
        "p_n": 2.5883355739988634,
        "f_b": 0.2895324551802885,
        "u_d": -15.797774988566541,
        "p": 9.006936479030813,
        "n": 6.4186009050319495,
        "f": 7.857534919621526,
        "b": 7.568002464441237,
        "u": 0,
        "d": 15.797774988566541
    },
    "fabdrol": {
        "p_n": 2.818021169413539,
        "f_b": 0.15816788633576628,
        "u_d": -17.416145163209745,
        "p": 9.596780663421134,
        "n": 6.778759494007595,
        "f": 8.266854021882247,
        "b": 8.108686135546481,
        "u": -17.416145163209745,
        "d": 0
    },
    "lucj": {
        "p_n": 1.42415325864763,
        "f_b": 0.0687745631410035,
        "u_d": -17.477221620177996,
        "p": 9.561029869530548,
        "n": 8.136876610882918,
        "f": 8.883340521777235,
        "b": 8.814565958636232,
        "u": -17.477221620177996,
        "d": 0
    },
    "wolfeidau": {
        "p_n": 2.2552681098639464,
        "f_b": -0.6439298444594659,
        "u_d": -16.197519206815254,
        "p": 9.001902871893725,
        "n": 6.746634762029778,
        "f": 7.5523038947320185,
        "b": 8.196233739191484,
        "u": 0,
        "d": 16.197519206815254
    },
    "skeggse": {
        "p_n": 2.281533697733395,
        "f_b": -0.6501943488682764,
        "u_d": -17.491624899674054,
        "p": 9.159776144168202,
        "n": 6.878242446434807,
        "f": 7.693912120867366,
        "b": 8.344106469735642,
        "u": -17.491624899674054,
        "d": 0
    },
    "andresberrios": {
        "p_n": 2.2998474277694285,
        "f_b": 0.0904394540183091,
        "u_d": -17.595324985593845,
        "p": 9.594828510893421,
        "n": 7.294981083123993,
        "f": 8.490124524017862,
        "b": 8.399685069999553,
        "u": 0,
        "d": 17.595324985593845
    },
    "dstibrany": {
        "p_n": 2.810930259706475,
        "f_b": -0.1598690097170259,
        "u_d": -16.820576840828874,
        "p": 9.523802943628487,
        "n": 6.712872683922012,
        "f": 8.038403308916736,
        "b": 8.198272318633762,
        "u": 0,
        "d": 16.820576840828874
    },
    "derickbailey": {
        "p_n": 2.3351267071562933,
        "f_b": -0.3675317855105664,
        "u_d": -17.476565496175525,
        "p": 9.435999986316304,
        "n": 7.100873279160011,
        "f": 8.084670739982874,
        "b": 8.45220252549344,
        "u": -17.476565496175525,
        "d": 0
    },
    "samholmes": {
        "p_n": 2.308272853052758,
        "f_b": -0.4321230676367165,
        "u_d": -17.1890297516988,
        "p": 8.80476988862052,
        "n": 6.496497035567762,
        "f": 7.434571928275783,
        "b": 7.8666949959125,
        "u": 0,
        "d": 17.1890297516988
    },
    "IanVaughan": {
        "p_n": 2.1987715384386277,
        "f_b": 0.5181634111192466,
        "u_d": -17.48900140411289,
        "p": 9.437847973861288,
        "n": 7.23907643542266,
        "f": 8.597543910201598,
        "b": 8.079380499082351,
        "u": -17.48900140411289,
        "d": 0
    },
    "jcollum": {
        "p_n": 2.4467037247073335,
        "f_b": -0.3257388497757123,
        "u_d": -17.48454694822704,
        "p": 9.536317621755302,
        "n": 7.089613897047968,
        "f": 8.150096334513778,
        "b": 8.47583518428949,
        "u": -17.48454694822704,
        "d": 0
    },
    "christophermina": {
        "p_n": 2.390893189349921,
        "f_b": -0.37330860588875403,
        "u_d": -17.4640030933982,
        "p": 9.67339369515516,
        "n": 7.282500505805238,
        "f": 8.291292797535823,
        "b": 8.664601403424577,
        "u": -17.4640030933982,
        "d": 0
    },
    "zachgoldstein": {
        "p_n": 2.3249390509721213,
        "f_b": -0.43859250410693207,
        "u_d": -17.435812081756293,
        "p": 9.415610631335241,
        "n": 7.09067158036312,
        "f": 8.033844853795715,
        "b": 8.472437357902647,
        "u": -17.435812081756293,
        "d": 0
    },
    "wickedsheep": {
        "p_n": 2.5339443465421922,
        "f_b": -0.36955946121971284,
        "u_d": -16.86808089437986,
        "p": 9.03360741140347,
        "n": 6.499663064861277,
        "f": 7.581855507522517,
        "b": 7.95141496874223,
        "u": 0,
        "d": 16.86808089437986
    },
    "sberryman": {
        "p_n": 2.8011031830462922,
        "f_b": -0.01998043152329565,
        "u_d": -17.61479777672006,
        "p": 9.544828483876447,
        "n": 6.743725300830155,
        "f": 8.134286676591653,
        "b": 8.154267108114949,
        "u": 0,
        "d": 17.61479777672006
    },
    "zamnuts": {
        "p_n": 2.9136564570409957,
        "f_b": -0.7580414623558855,
        "u_d": -17.498503713418106,
        "p": 9.24319295231141,
        "n": 6.329536495270415,
        "f": 7.4073439926129705,
        "b": 8.165385454968856,
        "u": -17.498503713418106,
        "d": 0
    },
    "rtubio": {
        "p_n": 2.48756526484347,
        "f_b": -0.6891256157420544,
        "u_d": -17.4578003375019,
        "p": 9.222671433146289,
        "n": 6.735106168302819,
        "f": 7.634325992853527,
        "b": 8.323451608595581,
        "u": -17.4578003375019,
        "d": 0
    },
    "analytik": {
        "p_n": 2.368456103804041,
        "f_b": -0.1285342614338223,
        "u_d": -17.948448081277625,
        "p": 9.33432587635171,
        "n": 6.965869772547668,
        "f": 8.085830693732778,
        "b": 8.2143649551666,
        "u": 0,
        "d": 17.948448081277625
    },
    "gRoberts84": {
        "p_n": 1.710594951693321,
        "f_b": 0.21745904778979863,
        "u_d": -17.47657281956833,
        "p": 9.264908453572243,
        "n": 7.554313501878922,
        "f": 8.518340501620482,
        "b": 8.300881453830684,
        "u": -17.47657281956833,
        "d": 0
    }
}