{
    "stephanenicolas": {
        "p_n": 1.9737557938445658,
        "f_b": -0.41923934320231826,
        "u_d": -17.48741144219707,
        "p": 9.114893548045103,
        "n": 7.141137754200537,
        "f": 7.918395979521661,
        "b": 8.33763532272398,
        "u": -17.48741144219707,
        "d": 0
    },
    "rciovati": {
        "p_n": 1.7396418168852108,
        "f_b": -0.33119047192813156,
        "u_d": -17.890599875965002,
        "p": 9.221694837218802,
        "n": 7.482053020333591,
        "f": 8.186278692812131,
        "b": 8.517469164740262,
        "u": 0,
        "d": 17.890599875965002
    },
    "pommedeterresautee": {
        "p_n": 2.0255840265253156,
        "f_b": -0.18778820268816077,
        "u_d": -17.08008152501152,
        "p": 9.453709024182327,
        "n": 7.428124997657012,
        "f": 8.347022909575589,
        "b": 8.53481111226375,
        "u": 0,
        "d": 17.08008152501152
    },
    "kontinuity": {
        "p_n": 1.9679371136307697,
        "f_b": -0.935355730590917,
        "u_d": -16.049414597379396,
        "p": 8.942197666835819,
        "n": 6.974260553205049,
        "f": 7.4905512447249745,
        "b": 8.425906975315892,
        "u": 0,
        "d": 16.049414597379396
    },
    "ghost": {
        "p_n": 1.6708600746150406,
        "f_b": -0.5412148517693396,
        "u_d": -17.491780020395172,
        "p": 9.064844618065518,
        "n": 7.393984543450477,
        "f": 7.958807154873327,
        "b": 8.500022006642666,
        "u": -17.491780020395172,
        "d": 0
    },
    "papo2608": {
        "p_n": 1.3105978586610583,
        "f_b": -0.5560412899959815,
        "u_d": -17.918553955205198,
        "p": 9.335935787813153,
        "n": 8.025337929152094,
        "f": 8.402616213484633,
        "b": 8.958657503480614,
        "u": 0,
        "d": 17.918553955205198
    },
    "mobitinker": {
        "p_n": 1.9985218248424896,
        "f_b": -0.09818057589202578,
        "u_d": -17.09004502701822,
        "p": 8.943574196337885,
        "n": 6.945052371495395,
        "f": 7.895222995970626,
        "b": 7.993403571862652,
        "u": 0,
        "d": 17.09004502701822
    },
    "weefbellington": {
        "p_n": 2.403690965608911,
        "f_b": -0.7563962393607238,
        "u_d": -17.626864578440852,
        "p": 9.27448686359565,
        "n": 6.8707958979867385,
        "f": 7.694443261110832,
        "b": 8.450839500471556,
        "u": 0,
        "d": 17.626864578440852
    },
    "andaag": {
        "p_n": 1.8699433813751174,
        "f_b": -0.4414212729217626,
        "u_d": -16.727953234936773,
        "p": 9.013497559718115,
        "n": 7.143554178342997,
        "f": 7.857815232569675,
        "b": 8.299236505491438,
        "u": 0,
        "d": 16.727953234936773
    },
    "StingerAJ": {
        "p_n": 1.958565968371742,
        "f_b": -0.9444743884236457,
        "u_d": -16.72705948095221,
        "p": 8.937922365168813,
        "n": 6.979356396797071,
        "f": 7.486402186771119,
        "b": 8.430876575194764,
        "u": 0,
        "d": 16.72705948095221
    },
    "gcacace": {
        "p_n": 2.4307730418921567,
        "f_b": -0.2103167414463165,
        "u_d": -16.812203667877693,
        "p": 8.859960050476083,
        "n": 6.429187008583926,
        "f": 7.539415158806847,
        "b": 7.749731900253163,
        "u": 0,
        "d": 16.812203667877693
    },
    "chrisjenx": {
        "p_n": 2.3157980933026883,
        "f_b": -0.2416450607737577,
        "u_d": -17.486166820870952,
        "p": 9.347336606966673,
        "n": 7.0315385136639845,
        "f": 8.06861502992845,
        "b": 8.310260090702208,
        "u": -17.486166820870952,
        "d": 0
    },
    "doridori": {
        "p_n": 2.4590193936594575,
        "f_b": -0.29170142573325286,
        "u_d": -16.923733926917524,
        "p": 9.254948775470185,
        "n": 6.795929381810727,
        "f": 7.879588365773829,
        "b": 8.171289791507082,
        "u": 0,
        "d": 16.923733926917524
    },
    "ajans": {
        "p_n": 1.6753517804823819,
        "f_b": -0.7491906025430932,
        "u_d": -16.029710638472952,
        "p": 8.859786442914896,
        "n": 7.184434662432514,
        "f": 7.647515251402158,
        "b": 8.396705853945251,
        "u": 0,
        "d": 16.029710638472952
    },
    "ffgiraldez": {
        "p_n": 1.954476230585275,
        "f_b": -0.1066143683611731,
        "u_d": -17.658692853180987,
        "p": 9.305977691840436,
        "n": 7.351501461255161,
        "f": 8.275432392367213,
        "b": 8.382046760728386,
        "u": 0,
        "d": 17.658692853180987
    },
    "bjornz": {
        "p_n": 2.819909949264236,
        "f_b": -0.05598440294921936,
        "u_d": -17.49418984177214,
        "p": 9.04496460670893,
        "n": 6.225054657444694,
        "f": 7.607017430602204,
        "b": 7.663001833551423,
        "u": -17.49418984177214,
        "d": 0
    },
    "bogdanzurac": {
        "p_n": 1.9465913585262289,
        "f_b": -0.35239252525408027,
        "u_d": -17.500949198290307,
        "p": 9.094712649928523,
        "n": 7.148121291402294,
        "f": 7.945220708038368,
        "b": 8.297613233292449,
        "u": 0,
        "d": 17.500949198290307
    },
    "frogermcs": {
        "p_n": 2.3718892845720685,
        "f_b": 0.39247119413250076,
        "u_d": -17.48559386820725,
        "p": 9.220306874581407,
        "n": 6.848417590009339,
        "f": 8.230597829361624,
        "b": 7.8381266352291235,
        "u": -17.48559386820725,
        "d": 0
    },
    "EurigJones": {
        "p_n": 2.8861865962011546,
        "f_b": 0.02126141129631076,
        "u_d": -17.22520231590123,
        "p": 9.27633682639771,
        "n": 6.390150230196555,
        "f": 7.843874233945288,
        "b": 7.822612822648977,
        "u": 0,
        "d": 17.22520231590123
    },
    "deisold": {
        "p_n": 2.288937143283709,
        "f_b": -0.9382808445605395,
        "u_d": -17.495786273314785,
        "p": 9.047890064535084,
        "n": 6.758952921251375,
        "f": 7.434281070612959,
        "b": 8.372561915173499,
        "u": -17.495786273314785,
        "d": 0
    },
    "softwaremaverick": {
        "p_n": 1.9946878733751898,
        "f_b": -0.4944628453523663,
        "u_d": -17.481313008833975,
        "p": 9.236408745563455,
        "n": 7.2417208721882655,
        "f": 7.991833386199676,
        "b": 8.486296231552043,
        "u": -17.481313008833975,
        "d": 0
    },
    "escarti": {
        "p_n": 2.156264916807383,
        "f_b": -0.6516963195764154,
        "u_d": -16.358007689170005,
        "p": 8.866055320147861,
        "n": 6.709790403340478,
        "f": 7.462074701955962,
        "b": 8.113771021532378,
        "u": 0,
        "d": 16.358007689170005
    },
    "Mathieu-Castets": {
        "p_n": 2.0423431914059886,
        "f_b": -0.4445012112998983,
        "u_d": -16.0826309630822,
        "p": 8.928854857984751,
        "n": 6.8865116665787625,
        "f": 7.685432656631808,
        "b": 8.129933867931706,
        "u": 0,
        "d": 16.0826309630822
    },
    "dpsm": {
        "p_n": 1.555158345879132,
        "f_b": -0.8089631179385046,
        "u_d": -17.763583694824238,
        "p": 9.167433486607909,
        "n": 7.6122751407287765,
        "f": 7.98537275469909,
        "b": 8.794335872637594,
        "u": 0,
        "d": 17.763583694824238
    },
    "colintheshots": {
        "p_n": 2.1260374227860925,
        "f_b": -0.49956211058917255,
        "u_d": -14.327992410330404,
        "p": 8.89635932513436,
        "n": 6.770321902348268,
        "f": 7.583559558446728,
        "b": 8.0831216690359,
        "u": 0,
        "d": 14.327992410330404
    },
    "DanielNovak": {
        "p_n": 1.779963427971202,
        "f_b": -0.7156773005332253,
        "u_d": -15.86399981612969,
        "p": 8.671261467999635,
        "n": 6.891298040028433,
        "f": 7.423441103747421,
        "b": 8.139118404280646,
        "u": 0,