{
    "stuyam": {
        "p_n": 2.0531215310542263,
        "f_b": -0.31538310886212884,
        "u_d": -17.471564506761474,
        "p": 9.464349493101022,
        "n": 7.411227962046795,
        "f": 8.280097173142845,
        "b": 8.595480282004974,
        "u": 0,
        "d": 17.471564506761474
    },
    "stephaneAG": {
        "p_n": 3.111230915360813,
        "f_b": 0.1384487574158655,
        "u_d": -17.41367991675782,
        "p": 9.70657966645756,
        "n": 6.595348751096748,
        "f": 8.220188587485087,
        "b": 8.081739830069221,
        "u": -17.41367991675782,
        "d": 0
    }
}