{
    "szwacz": {
        "p_n": 2.3054891642109006,
        "f_b": -0.31724419226411893,
        "u_d": -16.654805162565374,
        "p": 9.188084493148308,
        "n": 6.882595328937407,
        "f": 7.876717814910799,
        "b": 8.193962007174918,
        "u": 0,
        "d": 16.654805162565374
    },
    "carlosperate": {
        "p_n": 2.1666706348723412,
        "f_b": -0.7183628594608562,
        "u_d": -16.072710433312817,
        "p": 9.139135852090112,
        "n": 6.972465217217771,
        "f": 7.696619104923513,
        "b": 8.414981964384369,
        "u": 0,
        "d": 16.072710433312817
    },
    "pkunze": {
        "p_n": 2.009173731016208,
        "f_b": -0.5865200895366911,
        "u_d": -14.64294030806105,
        "p": 8.874289539767998,
        "n": 6.86511580875179,
        "f": 7.576442629491549,
        "b": 8.16296271902824,
        "u": 0,
        "d": 14.64294030806105
    },
    "black-snow": {
        "p_n": 2.105287532999717,
        "f_b": -0.5101436312291678,
        "u_d": -16.527582883937566,
        "p": 9.192486165609807,
        "n": 7.08719863261009,
        "f": 7.884770583495365,
        "b": 8.394914214724533,
        "u": 0,
        "d": 16.527582883937566
    },
    "JimmyBoh": {
        "p_n": 1.7841532502463275,
        "f_b": -0.5008682338995758,
        "u_d": -13.958970344257919,
        "p": 8.991236961602874,
        "n": 7.207083711356547,
        "f": 7.848726219529922,
        "b": 8.349594453429498,
        "u": 0,
        "d": 13.958970344257919
    },
    "yailPeralta": {
        "p_n": 2.4804663408311995,
        "f_b": -0.2144461132836497,
        "u_d": -17.473482430197468,
        "p": 9.52215113302227,
        "n": 7.04168479219107,
        "f": 8.174694905964845,
        "b": 8.389141019248495,
        "u": -17.473482430197468,
        "d": 0
    },
    "leshow": {
        "p_n": 1.8836002128699505,
        "f_b": -0.8567970352255152,
        "u_d": -15.138471571244603,
        "p": 9.051226336811698,
        "n": 7.167626123941748,
        "f": 7.6810277127639655,
        "b": 8.53782474798948,
        "u": 0,
        "d": 15.138471571244603
    },
    "tkdave": {
        "p_n": 2.3985795987004996,
        "f_b": -0.5188595009795129,
        "u_d": -16.780280378491124,
        "p": 9.212019243998395,
        "n": 6.813439645297895,
        "f": 7.753299694158388,
        "b": 8.2721591951379,
        "u": 0,
        "d": 16.780280378491124
    },
    "destan": {
        "p_n": 2.0278768073024622,
        "f_b": -0.9150915396212262,
        "u_d": -17.478792519339358,
        "p": 9.095420290168487,
        "n": 7.067543482866025,
        "f": 7.623936116706643,
        "b": 8.53902765632787,
        "u": -17.478792519339358,
        "d": 0
    },
    "tysenmoore-xse": {
        "p_n": 1.979517156520167,
        "f_b": -0.855885243219821,
        "u_d": -16.652423909543508,
        "p": 9.00326662379668,
        "n": 7.023749467276513,
        "f": 7.585565423926686,
        "b": 8.441450667146507,
        "u": 0,
        "d": 16.652423909543508
    },
    "tx4x": {
        "p_n": 1.9872040647630822,
        "f_b": -0.5359808333898481,
        "u_d": -16.209804780206778,
        "p": 9.01523026024663,
        "n": 7.028026195483548,
        "f": 7.753637811170165,
        "b": 8.289618644560013,
        "u": 0,
        "d": 16.209804780206778
    },
    "tyv": {
        "p_n": 2.152965487523681,
        "f_b": 0.16824110386477642,
        "u_d": -17.02747848015314,
        "p": 9.148082862813906,
        "n": 6.995117375290225,
        "f": 8.155720670984454,
        "b": 7.987479567119678,
        "u": 0,
        "d": 17.02747848015314
    },
    "mQckingbird": {
        "p_n": 1.6338267038324306,
        "f_b": -0.748166099103388,
        "u_d": -14.358617274882235,
        "p": 8.927854060288979,
        "n": 7.2940273564565485,
        "f": 7.736857658821069,
        "b": 8.485023757924457,
        "u": 0,
        "d": 14.358617274882235
    },
    "blainesch": {
        "p_n": 2.092250183520566,
        "f_b": -0.6716845467331547,
        "u_d": -15.617317272722914,
        "p": 9.180894516302871,
        "n": 7.088644332782305,
        "f": 7.79892715117601,
        "b": 8.470611697909165,
        "u": 0,
        "d": 15.617317272722914
    },
    "rohit-lakhanpal": {
        "p_n": 2.4614545670833916,
        "f_b": -0.37486889392036193,
        "u_d": -15.720233359622602,
        "p": 8.871371087676017,
        "n": 6.409916520592626,
        "f": 7.45320935717414,
        "b": 7.828078251094502,
        "u": 0,
        "d": 15.720233359622602
    },
    "OwenBrotherwood": {
        "p_n": 1.7437617481809422,
        "f_b": -1.0655352582184614,
        "u_d": -16.333807807696072,
        "p": 9.11385684420309,
        "n": 7.370095096022148,
        "f": 7.7092083410033885,
        "b": 8.77474359922185,
        "u": 0,
        "d": 16.333807807696072
    },
    "oparisy": {
        "p_n": 1.7132857905012466,
        "f_b": -0.43239111460419544,
        "u_d": -17.496223615930788,
        "p": 9.217532480047911,
        "n": 7.504246689546664,
        "f": 8.14469402749519,
        "b": 8.577085142099385,
        "u": -17.496223615930788,
        "d": 0
    },
    "develar": {
        "p_n": 1.70452041236703,
        "f_b": -0.8700790442610487,
        "u_d": -15.800908819736563,
        "p": 8.820866296019803,
        "n": 7.116345883652773,
        "f": 7.533566567705764,
        "b": 8.403645611966812,
        "u": 0,
        "d": 15.800908819736563
    },
    "anubhavsahoo": {
        "p_n": 2.486572726675198,
        "f_b": 0.20712136198541664,
        "u_d": -15.43402899399242,
        "p": 8.883402960508697,
        "n": 6.396830233833499,
        "f": 7.743677278163807,
        "b": 7.53655591617839,
        "u": 0,
        "d": 15.43402899399242
    },
    "shareworlds": {
        "p_n": 2.431213868473848,
        "f_b": 0.31269653554405785,
        "u_d": -16.228029398209316,
        "p": 9.125674957797457,
        "n": 6.694461089323609,
        "f": 8.066416291332562,
        "b": 7.753719755788504,
        "u": 0,
        "d": 16.228029398209316
    },
    "folknor": {
        "p_n": 1.954699449285508,
        "f_b": -0.44757382691562064,
        "u_d": -14.849936631730365,
        "p": 8.557676495440095,
        "n": 6.602977046154587,
        "f": 7.356539857339531,
        "b": 7.804113684255151,
        "u": 0,
        "d": 14.849936631730365
    }
}