{
    "tbruyelle": {
        "p_n": 2.016350936558684,
        "f_b": -0.43249850258507294,
        "u_d": -16.488877065358917,
        "p": 9.230937086958374,
        "n": 7.21458615039969,
        "f": 8.006512367386495,
        "b": 8.439010869971568,
        "u": 0,
        "d": 16.488877065358917
    },
    "Gi-lo": {
        "p_n": 2.9553679698067867,
        "f_b": -0.41400830808096956,
        "u_d": -16.5219852655097,
        "p": 9.493588919465399,
        "n": 6.538220949658612,
        "f": 7.808900780521521,
        "b": 8.22290908860249,
        "u": 0,
        "d": 16.5219852655097
    },
    "eleventigers": {
        "p_n": 2.230467172086577,
        "f_b": -0.7401163158814432,
        "u_d": -17.721659197616308,
        "p": 9.224766550430406,
        "n": 6.994299378343829,
        "f": 7.739474806446396,
        "b": 8.47959112232784,
        "u": 0,
        "d": 17.721659197616308
    },
    "passsy": {
        "p_n": 2.379661768489269,
        "f_b": -0.6758583579018786,
        "u_d": -17.816372400765136,
        "p": 9.22594984468051,
        "n": 6.846288076191241,
        "f": 7.6981897814849365,
        "b": 8.374048139386815,
        "u": 0,
        "d": 17.816372400765136
    },
    "dlew": {
        "p_n": 2.3883974140225686,
        "f_b": -0.4881748425736303,
        "u_d": -16.23575852717957,
        "p": 9.172088374286801,
        "n": 6.783690960264233,
        "f": 7.733802245988701,
        "b": 8.221977088562332,
        "u": 0,
        "d": 16.23575852717957
    },
    "mttkay": {
        "p_n": 1.9771561259841288,
        "f_b": -0.7606402374196737,
        "u_d": -17.024230574955634,
        "p": 9.03921817591186,
        "n": 7.0620620499277305,
        "f": 7.670319994209958,
        "b": 8.430960231629632,
        "u": 0,
        "d": 17.024230574955634
    },
    "sockeqwe": {
        "p_n": 2.511388295500594,
        "f_b": -0.19771360500517687,
        "u_d": -16.45102865966339,
        "p": 9.45286621431,
        "n": 6.941477918809405,
        "f": 8.098315264057113,
        "b": 8.29602886906229,
        "u": 0,
        "d": 16.45102865966339
    },
    "andaag": {
        "p_n": 2.1680267493692353,
        "f_b": -0.36723375028846306,
        "u_d": -17.027671667827704,
        "p": 9.43810566136457,
        "n": 7.270078911995335,
        "f": 8.17047541153572,
        "b": 8.537709161824184,
        "u": 0,
        "d": 17.027671667827704
    },
    "vanniktech": {
        "p_n": 1.9839001528440239,
        "f_b": -0.26312237664975413,
        "u_d": -15.573689814162227,
        "p": 9.312904328763054,
        "n": 7.32900417591903,
        "f": 8.189393064016166,
        "b": 8.45251544066592,
        "u": 0,
        "d": 15.573689814162227
    },
    "dadino": {
        "p_n": 2.6723228206309138,
        "f_b": 0.2783354139730285,
        "u_d": -17.392458939211224,
        "p": 9.543629807591591,
        "n": 6.871306986960677,
        "f": 8.346636104262648,
        "b": 8.06830069028962,
        "u": 0,
        "d": 17.392458939211224
    },
    "andretietz": {
        "p_n": 2.9549877897184764,
        "f_b": -0.21764967155537818,
        "u_d": -16.672611974724447,
        "p": 9.429761816068131,
        "n": 6.474774026349655,
        "f": 7.843443085431204,
        "b": 8.061092756986582,
        "u": 0,
        "d": 16.672611974724447
    },
    "VitalyKolchenko": {
        "p_n": 2.3654745781673796,
        "f_b": 0.6540873185149341,
        "u_d": -17.07942076671621,
        "p": 8.997861030262417,
        "n": 6.632386452095037,
        "f": 8.142167400436195,
        "b": 7.488080081921261,
        "u": 0,
        "d": 17.07942076671621
    },
    "PaulWoitaschek": {
        "p_n": 2.801404112781051,
        "f_b": -0.6233739989981126,
        "u_d": -17.802162842825194,
        "p": 9.343624262695446,
        "n": 6.542220149914395,
        "f": 7.631235206805864,
        "b": 8.254609205803977,
        "u": 0,
        "d": 17.802162842825194
    },
    "patloew": {
        "p_n": 2.4799853009342776,
        "f_b": -0.4210121045949151,
        "u_d": -15.48665566918154,
        "p": 8.967745702725116,
        "n": 6.487760401790839,
        "f": 7.51724699996052,
        "b": 7.938259104555435,
        "u": 0,
        "d": 15.48665566918154
    },
    "nhpatt": {
        "p_n": 1.8718750238964068,
        "f_b": -0.5127897542715054,
        "u_d": -16.13379776583356,
        "p": 9.257962420793422,
        "n": 7.3860873968970155,
        "f": 8.065630031709466,
        "b": 8.578419785980971,
        "u": 0,
        "d": 16.13379776583356
    },
    "PingForward": {
        "p_n": 2.068502562075519,
        "f_b": -0.5336852396130212,
        "u_d": -15.050828974333871,
        "p": 8.941053498123095,
        "n": 6.872550936047576,
        "f": 7.639959597278825,
        "b": 8.173644836891846,
        "u": 0,
        "d": 15.050828974333871
    },
    "ashalmawia": {
        "p_n": 2.0610918229684145,
        "f_b": -0.19991520219674186,
        "u_d": -16.288438831194433,
        "p": 9.628477796279792,
        "n": 7.567385973311378,
        "f": 8.497974283697214,
        "b": 8.697889485893956,
        "u": 0,
        "d": 16.288438831194433
    },
    "jaydp17": {
        "p_n": 1.7506267809837457,
        "f_b": -0.4432901208040807,
        "u_d": -16.585133776866613,
        "p": 9.274202245654177,
        "n": 7.523575464670431,
        "f": 8.177243794760264,
        "b": 8.620533915564344,
        "u": 0,
        "d": 16.585133776866613
    },
    "tarasantoshchuk": {
        "p_n": 2.010139816723578,
        "f_b": -0.38605608597702457,
        "u_d": -16.7855226321527,
        "p": 9.187274807161948,
        "n": 7.17713499043837,
        "f": 7.989176855811648,
        "b": 8.375232941788672,
        "u": 0,
        "d": 16.7855226321527
    },
    "toidv": {
        "p_n": 2.674926898667019,
        "f_b": 0.5269766143700991,
        "u_d": -17.843368605817687,
        "p": 9.350497742349436,
        "n": 6.675570843682417,
        "f": 8.276522600200975,
        "b": 7.749545985830876,
        "u": 0,
        "d": 17.843368605817687
    },
    "afaucogney": {
        "p_n": 1.722615051512907,
        "f_b": -0.45479973464747037,
        "u_d": -17.74511687948948,
        "p": 9.010821798433703,
        "n": 7.288206746920796,
        "f": 7.922114405353514,
        "b": 8.376914140000984,
        "u": 0,
        "d": 17.74511687948948
    },
    "epool": {
        "p_n": 2.376524386286601,
        "f_b": -0.2298607059740423,
        "u_d": -16.662610521833724,
        "p": 9.339617350216663,
        "n": 6.9630929639300625,
        "f": 8.03642480408634,
        "b": 8.266285510060383,
        "u": 0,
        "d": 16.662610521833724
    },
    "maxxx": {
        "p_n": 2.307955121539875,
        "f_b": 0.09825723796157249,
        "u_d": -17.653993138672814,
        "p": 9.390597934491232,
        "n": 7.082642812951358,
        "f": 8.285748992702082,
        "b": 8.18749175474051,
        "u": 0,
        "d": 17.653993138672814
    },
    "boyw165": {
        "p_n": 2.496796701856969,
        "f_b": -0.207432848071889,
        "u_d": -16.521345027693368,
        "p": 9.350183164978665,
        "n": 6.853386463121696,
        "f": 7.998068390014236,
        "b": 8.205501238086125,
        "u": 0,
        "d": 16.521345027693368
    },
    "ShivamDev31": {
        "p_n": 2.3359588536182923,
        "f_b": -0.04480087348401263,
        "u_d": -15.390117464472782,
        "p": 9.175006506766504,
        "n": 6.839047653148212,
        "f": 7.984626643215352,
        "b": 8.029427516699364,
        "u": 0,
        "d": 15.390117464472782
    },
    "gengjiawen": {
        "p_n": 2.133933457692594,
        "f_b": -0.3025784420735613,
        "u_d": -17.30880672826234,
        "p": 8.903439722048716,
        "n": 6.769506264356123,
        "f": 7.685183772165639,
        "b": 7.987762214239201,
        "u": 0,
        "d": 17.30880672826234
    },