{
    "zwh1024": {
        "p_n": 2.035416252932494,
        "f_b": 0.4971213846553706,
        "u_d": -17.016510927864452,
        "p": 8.86791704802906,
        "n": 6.832500795096566,
        "f": 8.098769613890498,
        "b": 7.601648229235128,
        "u": 0,
        "d": 17.016510927864452
    },
    "liion631818": {
        "p_n": 2.7158105271075943,
        "f_b": 0.3537431808667817,
        "u_d": -17.49371161676588,
        "p": 9.305567506026048,
        "n": 6.589756978918453,
        "f": 8.124533832905641,
        "b": 7.770790652038859,
        "u": -17.49371161676588,
        "d": 0
    }
}