{
    "thedjpetersen": {
        "p_n": 2.19089485265385,
        "f_b": -0.12251115673022994,
        "u_d": -17.60124239007424,
        "p": 9.432657954865682,
        "n": 7.2417631022118325,
        "f": 8.275954950173643,
        "b": 8.398466106903873,
        "u": 0,
        "d": 17.60124239007424
    },
    "akavlie": {
        "p_n": 2.2237516905115093,
        "f_b": -0.7480525162456608,
        "u_d": -17.49513175548799,
        "p": 9.19613775078046,
        "n": 6.972386060268951,
        "f": 7.710235647401875,
        "b": 8.458288163647536,
        "u": -17.49513175548799,
        "d": 0
    },
    "dinsley": {
        "p_n": 2.0514955442525222,
        "f_b": -0.7932534384842462,
        "u_d": -17.543064147666442,
        "p": 9.156547144481575,
        "n": 7.105051600229053,
        "f": 7.734172653113191,
        "b": 8.527426091597437,
        "u": 0,
        "d": 17.543064147666442
    },
    "ghost": {
        "p_n": 2.376924137456826,
        "f_b": -0.2777652901928116,
        "u_d": -15.383695731044796,
        "p": 9.122366268062132,
        "n": 6.745442130605306,
        "f": 7.795021554237313,
        "b": 8.072786844430125,
        "u": 0,
        "d": 15.383695731044796
    },
    "cwc": {
        "p_n": 2.0993395276965314,
        "f_b": -0.7901947776851941,
        "u_d": -16.133541446710897,
        "p": 8.881423819193833,
        "n": 6.782084291497301,
        "f": 7.436656666502969,
        "b": 8.226851444188163,
        "u": 0,
        "d": 16.133541446710897
    },
    "ericbarch": {
        "p_n": 2.1067882668971976,
        "f_b": -0.16328316926505693,
        "u_d": -17.16487091541924,
        "p": 9.36734282829315,
        "n": 7.260554561395953,
        "f": 8.232307110212023,
        "b": 8.39559027947708,
        "u": 0,
        "d": 17.16487091541924
    },
    "mcfiredrill": {
        "p_n": 2.2348946432789374,
        "f_b": -0.7783057530820994,
        "u_d": -16.03448029279316,
        "p": 8.89857178522363,
        "n": 6.663677141944693,
        "f": 7.391971587043113,
        "b": 8.170277340125212,
        "u": 0,
        "d": 16.03448029279316
    },
    "bitemyapp": {
        "p_n": 2.9001934977184813,
        "f_b": -0.3745613150301885,
        "u_d": -16.425107560334883,
        "p": 9.314710547390627,
        "n": 6.4145170496721455,
        "f": 7.677333141016291,
        "b": 8.05189445604648,
        "u": 0,
        "d": 16.425107560334883
    },
    "hermansc": {
        "p_n": 2.4713851339867974,
        "f_b": -0.5499751569243507,
        "u_d": -17.863573852018746,
        "p": 9.35579288234613,
        "n": 6.884407748359332,
        "f": 7.845112736890556,
        "b": 8.395087893814907,
        "u": 0,
        "d": 17.863573852018746
    },
    "digitalfiz": {
        "p_n": 2.495959530884761,
        "f_b": 0.8070840843116027,
        "u_d": -17.36091381703927,
        "p": 9.112056598768305,
        "n": 6.616097067883544,
        "f": 8.267618875481725,
        "b": 7.460534791170122,
        "u": 0,
        "d": 17.36091381703927
    },
    "totokaka": {
        "p_n": 2.026596193675255,
        "f_b": -0.5442164487797285,
        "u_d": -17.734342668354827,
        "p": 9.204222272138356,
        "n": 7.177626078463101,
        "f": 7.918815950910865,
        "b": 8.463032399690594,
        "u": 0,
        "d": 17.734342668354827
    },
    "zenware": {
        "p_n": 2.2357400678386643,
        "f_b": -0.37284653971397397,
        "u_d": -15.968759161772903,
        "p": 9.372095206853071,
        "n": 7.136355139014407,
        "f": 8.067801903076752,
        "b": 8.440648442790726,
        "u": 0,
        "d": 15.968759161772903
    },
    "badosu": {
        "p_n": 2.3130464445070515,
        "f_b": -0.06029800881525205,
        "u_d": -17.497752737781923,
        "p": 9.622492691437259,
        "n": 7.309446246930207,
        "f": 8.435820464776107,
        "b": 8.496118473591359,
        "u": -17.497752737781923,
        "d": 0
    },
    "maikelwever": {
        "p_n": 1.5615367927968,
        "f_b": -0.5041062959542826,
        "u_d": -17.48529116646765,
        "p": 8.892479434199071,
        "n": 7.330942641402271,
        "f": 7.85965788982353,
        "b": 8.363764185777812,
        "u": -17.48529116646765,
        "d": 0
    },
    "fculpo": {
        "p_n": 2.211337068216231,
        "f_b": -0.5550994806560308,
        "u_d": -17.291310499702313,
        "p": 9.178036255683136,
        "n": 6.966699187466904,
        "f": 7.7948179812470055,
        "b": 8.349917461903036,
        "u": 0,
        "d": 17.291310499702313
    },
    "SpenserJ": {
        "p_n": 2.376755644757191,
        "f_b": -0.6177689755919502,
        "u_d": -16.734624063717867,
        "p": 9.234649470316608,
        "n": 6.857893825559417,
        "f": 7.737387160142038,
        "b": 8.355156135733989,
        "u": 0,
        "d": 16.734624063717867
    },
    "utatti": {
        "p_n": 2.364283587463463,
        "f_b": -0.21177609927392638,
        "u_d": -16.668155045287886,
        "p": 9.441514671606985,
        "n": 7.077231084143522,
        "f": 8.153484828238291,
        "b": 8.365260927512217,
        "u": 0,
        "d": 16.668155045287886
    },
    "chauffer": {
        "p_n": 1.6470098118250576,
        "f_b": -0.7932720440426984,
        "u_d": -15.58613168962194,
        "p": 8.686308489761577,
        "n": 7.03929867793652,
        "f": 7.4661675618276995,
        "b": 8.259439605870398,
        "u": 0,
        "d": 15.58613168962194
    },
    "gyng": {
        "p_n": 2.369353437893981,
        "f_b": 0.3302526470017648,
        "u_d": -17.12616920790173,
        "p": 8.87772590192612,
        "n": 6.5083724640321385,
        "f": 7.858175506480012,
        "b": 7.527922859478247,
        "u": 0,
        "d": 17.12616920790173
    },
    "Code-nomad": {
        "p_n": 2.5332958100900953,
        "f_b": 0.4123113518397705,
        "u_d": -16.304670211119785,
        "p": 8.882946389335775,
        "n": 6.349650579245679,
        "f": 7.8224541602106115,
        "b": 7.410142808370841,
        "u": 0,
        "d": 16.304670211119785
    },
    "BYK": {
        "p_n": 2.002685697759258,
        "f_b": -0.5173260108109545,
        "u_d": -17.952836244601706,
        "p": 9.174357624716414,
        "n": 7.171671926957156,
        "f": 7.914351770431308,
        "b": 8.431677781242263,
        "u": 0,
        "d": 17.952836244601706
    },
    "cjb": {
        "p_n": 2.521443675503674,
        "f_b": -0.3529119938692107,
        "u_d": -17.235379113752664,
        "p": 8.91955130435556,
        "n": 6.398107628851886,
        "f": 7.482373469669117,
        "b": 7.8352854635383276,
        "u": 0,
        "d": 17.235379113752664
    },
    "crivetimihai": {
        "p_n": 2.5639754765162044,
        "f_b": 0.16279525632057368,
        "u_d": -17.49583759275322,
        "p": 8.882276528937835,
        "n": 6.3183010524216305,
        "f": 7.68168641884002,
        "b": 7.518891162519446,
        "u": -17.49583759275322,
        "d": 0
    }
}