{
    "croaky": {
        "p_n": 1.8127367388242277,
        "f_b": -0.5957730139990511,
        "u_d": -17.49953931919797,
        "p": 9.117629541505316,
        "n": 7.304892802681088,
        "f": 7.913374665093676,
        "b": 8.509147679092727,
        "u": -17.49953931919797,
        "d": 0
    },
    "joshuaclayton": {
        "p_n": 2.237999423987471,
        "f_b": -0.9872826714748619,
        "u_d": -17.676980159105916,
        "p": 9.186393199257228,
        "n": 6.948393775269757,
        "f": 7.573752151526062,
        "b": 8.561034823000924,
        "u": 0,
        "d": 17.676980159105916
    },
    "andhapp": {
        "p_n": 1.9770901279223434,
        "f_b": -0.341973267319549,
        "u_d": -17.22248373203503,
        "p": 9.37073667851557,
        "n": 7.3936465505932265,
        "f": 8.211204980894625,
        "b": 8.553178248214174,
        "u": 0,
        "d": 17.22248373203503
    },
    "rnewman57": {
        "p_n": 1.6423270251493474,
        "f_b": -0.7161212647585149,
        "u_d": -17.03243486879028,
        "p": 9.002986731965821,
        "n": 7.360659706816474,
        "f": 7.82376258701189,
        "b": 8.539883851770405,
        "u": 0,
        "d": 17.03243486879028
    },
    "pjammer": {
        "p_n": 1.608941359571988,
        "f_b": -0.41835866975543645,
        "u_d": -16.78625809296764,
        "p": 9.172177508771377,
        "n": 7.563236149199389,
        "f": 8.158527494107664,
        "b": 8.5768861638631,
        "u": 0,
        "d": 16.78625809296764
    },
    "gravis": {
        "p_n": 2.113516832434554,
        "f_b": -0.38865525037360804,
        "u_d": -17.474421889130184,
        "p": 9.079019714733418,
        "n": 6.965502882298864,
        "f": 7.827933673329337,
        "b": 8.216588923702945,
        "u": -17.474421889130184,
        "d": 0
    },
    "mike-burns": {
        "p_n": 1.9694951774108969,
        "f_b": -0.358143031006275,
        "u_d": -16.892054039594434,
        "p": 9.05869399704794,
        "n": 7.089198819637042,
        "f": 7.894874892839354,
        "b": 8.25301792384563,
        "u": 0,
        "d": 16.892054039594434
    },
    "halogenandtoast": {
        "p_n": 1.9458000470757746,
        "f_b": -0.5096610312510581,
        "u_d": -17.479739098339884,
        "p": 9.340423896782578,
        "n": 7.394623849706804,
        "f": 8.112693357619163,
        "b": 8.622354388870221,
        "u": 0,
        "d": 17.479739098339884
    },
    "getnashty": {
        "p_n": 1.4312637706880373,
        "f_b": -0.8016262176648201,
        "u_d": -17.47223009178491,
        "p": 9.117069827643089,
        "n": 7.685806056955052,
        "f": 8.000624833466661,
        "b": 8.802251051131481,
        "u": -17.47223009178491,
        "d": 0
    },
    "lfborjas": {
        "p_n": 1.8738113173836908,
        "f_b": -0.6581592753357093,
        "u_d": -16.134451268707693,
        "p": 9.011065045321256,
        "n": 7.137253727937566,
        "f": 7.745079748961556,
        "b": 8.403239024297266,
        "u": 0,
        "d": 16.134451268707693
    },
    "jferris": {
        "p_n": 1.989993742720645,
        "f_b": -0.689321691447125,
        "u_d": -17.33284684214809,
        "p": 9.19444649093279,
        "n": 7.204452748212145,
        "f": 7.854788773848906,
        "b": 8.544110465296031,
        "u": 0,
        "d": 17.33284684214809
    },
    "MacksMind": {
        "p_n": 2.385747337201595,
        "f_b": -0.21492186508793854,
        "u_d": -16.84174723418264,
        "p": 8.916505004212445,
        "n": 6.53075766701085,
        "f": 7.616170403067678,
        "b": 7.831092268155617,
        "u": 0,
        "d": 16.84174723418264
    },
    "vandrijevik": {
        "p_n": 1.6560798030080575,
        "f_b": -0.8866142189760096,
        "u_d": -17.49015739145851,
        "p": 8.82700750970324,
        "n": 7.170927706695182,
        "f": 7.555660498711206,
        "b": 8.442274717687216,
        "u": 0,
        "d": 17.49015739145851
    },
    "gabebw": {
        "p_n": 2.157551289338473,
        "f_b": -0.477669811728628,
        "u_d": -16.63249651230045,
        "p": 9.252470771637851,
        "n": 7.094919482299378,
        "f": 7.934860221104302,
        "b": 8.41253003283293,
        "u": 0,
        "d": 16.63249651230045
    },
    "denispeplin": {
        "p_n": 1.6505747168544342,
        "f_b": -0.46810220010038783,
        "u_d": -17.65784376808612,
        "p": 9.278609755416682,
        "n": 7.628035038562247,
        "f": 8.21927129693927,
        "b": 8.687373497039658,
        "u": 0,
        "d": 17.65784376808612
    },
    "mjankowski": {
        "p_n": 1.9345967837398241,
        "f_b": -0.6316164536794631,
        "u_d": -17.858806585787203,
        "p": 9.350664313467247,
        "n": 7.416067529727423,
        "f": 8.067557694757603,
        "b": 8.699174148437066,
        "u": 0,
        "d": 17.858806585787203
    },
    "harlow": {
        "p_n": 2.002146706402815,
        "f_b": -0.6493626464090756,
        "u_d": -17.497991012639144,
        "p": 9.265044337745273,
        "n": 7.262897631342458,
        "f": 7.939289661339327,
        "b": 8.588652307748402,
        "u": -17.497991012639144,
        "d": 0
    },
    "derekprior": {
        "p_n": 2.0370924794182734,
        "f_b": -0.42364222653868033,
        "u_d": -17.491765323375983,
        "p": 9.286414149715998,
        "n": 7.249321670297725,
        "f": 8.05604679673752,
        "b": 8.479689023276201,
        "u": 0,
        "d": 17.491765323375983
    },
    "jonathanhefner": {
        "p_n": 2.3688837357906927,
        "f_b": -0.6919217375907607,
        "u_d": -17.09576710952393,
        "p": 9.29584416530699,
        "n": 6.926960429516297,
        "f": 7.765441428616263,
        "b": 8.457363166207024,
        "u": 0,
        "d": 17.09576710952393
    },
    "gylaz": {
        "p_n": 2.031882369774231,
        "f_b": -0.5827875716936592,
        "u_d": -17.281995470571285,
        "p": 9.275137657393593,
        "n": 7.243255287619362,
        "f": 7.967802686659647,
        "b": 8.550590258353306,
        "u": 0,
        "d": 17.281995470571285
    },
    "calebthompson": {
        "p_n": 2.4291681541132792,
        "f_b": -0.7189743986056687,
        "u_d": -17.445815891030023,
        "p": 9.274081742354594,
        "n": 6.844913588241315,
        "f": 7.7000104659951205,
        "b": 8.41898486460079,
        "u": 0,
        "d": 17.445815891030023
    },
    "localhots": {
        "p_n": 2.3596629225896537,
        "f_b": -0.07204290847317374,
        "u_d": -17.430006407367657,
        "p": 9.676594932677174,
        "n": 7.316932010087521,
        "f": 8.46074201714576,
        "b": 8.532784925618934,
        "u": -17.430006407367657,
        "d": 0
    },
    "dandehavilland": {
        "p_n": 1.9427924262106018,
        "f_b": -0.6329001855553589,
        "u_d": -17.49232001276225,
        "p": 8.91841098565212,
        "n": 6.975618559441518,
        "f": 7.630564679769138,
        "b": 8.263464865324497,
        "u": -17.49232001276225,
        "d": 0
    },
    "vikrammishra333": {
        "p_n": 1.5192905488654649,
        "f_b": 0.7177254277490608,
        "u_d": -17.495030013595585,
        "p": 8.82754528064266,
        "n": 7.308254731777195,
        "f": 8.426762720084458,
        "b": 7.709037292335397,
        "u": -17.495030013595585,
        "d": 0
    },
    "jhulford": {
        "p_n": 0.8207765888196192,
        "f_b": -0.6220178424820482,
        "u_d": -17.481150206978842,
        "p": 8.853367211385661,
        "n": 8.032590622566042,
        "f": 8.131969995734828,
        "b": 8.753987838216876,
        "u": -17.481150206978842,
        "d": 0
    },
    "sgrif": {
        "p_n": 2.1466346658378015,
        "f_b": -0.6802515666704911,
        "u_d": -17.464603577146956,
        "p": 9.346194767178403,
        "n": 7.199560101340602,
        "f": 7.932751650924257,
        "b": 8.613003217594748,
        "u": -17.464603577146956,