{
    "timjansen": {
        "p_n": 1.866353019557863,
        "f_b": -0.6559680613951535,
        "u_d": -17.600158997604723,
        "p": 9.048342770829038,
        "n": 7.181989751271175,
        "f": 7.7871822303525295,
        "b": 8.443150291747683,
        "u": 0,
        "d": 17.600158997604723
    },
    "lukasoppermann": {
        "p_n": 2.4175037575199845,
        "f_b": -0.08508500821760379,
        "u_d": -14.317843942978435,
        "p": 9.05030401270333,
        "n": 6.632800255183346,
        "f": 7.799009629834536,
        "b": 7.88409463805214,
        "u": 0,
        "d": 14.317843942978435
    },
    "garata": {
        "p_n": 2.0509605253385725,
        "f_b": -0.709736300849503,
        "u_d": -17.48864128035518,
        "p": 9.453728904254364,
        "n": 7.402768378915791,
        "f": 8.073380491160325,
        "b": 8.783116792009828,
        "u": -17.48864128035518,
        "d": 0
    },
    "trinione": {
        "p_n": 2.463665108853478,
        "f_b": -0.08414126956601997,
        "u_d": -17.75859620787218,
        "p": 9.416837045931278,
        "n": 6.9531719370778,
        "f": 8.142933856721529,
        "b": 8.227075126287549,
        "u": 0,
        "d": 17.75859620787218
    }
}