{
    "toland": {
        "p_n": 2.3913064324657842,
        "f_b": 0.46584697093394745,
        "u_d": -17.363569537795627,
        "p": 9.964687499989974,
        "n": 7.57338106752419,
        "f": 9.001957769224056,
        "b": 8.536110798290109,
        "u": 0,
        "d": 17.363569537795627
    },
    "tarwich": {
        "p_n": 2.2449913603460505,
        "f_b": -0.0780315529626261,
        "u_d": -16.61245948695638,
        "p": 9.24793243766017,
        "n": 7.002941077314119,
        "f": 8.086420981005832,
        "b": 8.164452533968458,
        "u": 0,
        "d": 16.61245948695638
    },
    "dbr": {
        "p_n": 1.8174984575622188,
        "f_b": -0.42067392632101885,
        "u_d": -16.356859910249288,
        "p": 8.87558023056158,
        "n": 7.058081772999361,
        "f": 7.756494038619961,
        "b": 8.17716796494098,
        "u": 0,
        "d": 16.356859910249288
    },
    "tjwoon": {
        "p_n": 1.4805744100216929,
        "f_b": -0.07652141682224922,
        "u_d": -15.867423426473977,
        "p": 8.730602531659349,
        "n": 7.250028121637656,
        "f": 7.952054618237378,
        "b": 8.028576035059627,
        "u": 0,
        "d": 15.867423426473977
    },
    "zmwangx": {
        "p_n": 2.589010113796519,
        "f_b": 0.1263854069132293,
        "u_d": -17.725938489545108,
        "p": 9.45157184270937,
        "n": 6.862561728912851,
        "f": 8.220259489267725,
        "b": 8.093874082354496,
        "u": 0,
        "d": 17.725938489545108
    },
    "tweh": {
        "p_n": 2.728281822885128,
        "f_b": 0.5648098052288724,
        "u_d": -16.621993929033287,
        "p": 9.109981804682945,
        "n": 6.3816999817978175,
        "f": 8.028245795854819,
        "b": 7.463435990625946,
        "u": 0,
        "d": 16.621993929033287
    },
    "mcdado": {
        "p_n": 3.2623525231646786,
        "f_b": 0.8364239986422222,
        "u_d": -17.4603725759611,
        "p": 9.401513000748604,
        "n": 6.139160477583926,
        "f": 8.188548738487377,
        "b": 7.352124739845155,
        "u": -17.4603725759611,
        "d": 0
    },
    "aviris": {
        "p_n": 1.7352175037579336,
        "f_b": -0.39182285198384115,
        "u_d": -17.49815195322503,
        "p": 9.104278848110066,
        "n": 7.369061344352133,
        "f": 8.040758670239178,
        "b": 8.43258152222302,
        "u": -17.49815195322503,
        "d": 0
    },
    "PaulHuygen": {
        "p_n": 2.2214514493149196,
        "f_b": 0.13761762737883743,
        "u_d": -17.478665147372215,
        "p": 9.636447615888866,
        "n": 7.414996166573946,
        "f": 8.594530704920825,
        "b": 8.456913077541987,
        "u": -17.478665147372215,
        "d": 0
    },
    "nrichards": {
        "p_n": 1.9056883917463097,
        "f_b": -0.850878658820168,
        "u_d": -15.327711906810238,
        "p": 8.686382376029838,
        "n": 6.780693984283529,
        "f": 7.3080988507466,
        "b": 8.158977509566768,
        "u": 0,
        "d": 15.327711906810238
    },
    "NOTSOGEEKY": {
        "p_n": 1.6920703578808647,
        "f_b": 0.39190847822037433,
        "u_d": -14.350917704762548,
        "p": 8.64726171405793,
        "n": 6.955191356177065,
        "f": 7.997180774227685,
        "b": 7.6052722960073105,
        "u": 0,
        "d": 14.350917704762548
    },
    "tattali": {
        "p_n": 1.573803836261824,
        "f_b": -1.0938664260111457,
        "u_d": -17.51012369434885,
        "p": 9.30678820419821,
        "n": 7.732984367936385,
        "f": 7.972953073061725,
        "b": 9.06681949907287,
        "u": 0,
        "d": 17.51012369434885
    }
}