{
    "TonicArtos": {
        "p_n": 2.2473865790697936,
        "f_b": -0.4919992013846928,
        "u_d": -17.85979598046694,
        "p": 9.232233830794627,
        "n": 6.984847251724833,
        "f": 7.862540940567384,
        "b": 8.354540141952077,
        "u": 0,
        "d": 17.85979598046694
    },
    "alirahimpour89": {
        "p_n": 1.9666640422817032,
        "f_b": -0.44308263254265157,
        "u_d": -15.701053116691304,
        "p": 9.112960931699893,
        "n": 7.14629688941819,
        "f": 7.908087594287716,
        "b": 8.351170226830368,
        "u": 0,
        "d": 15.701053116691304
    },
    "Mory30": {
        "p_n": 2.745814238711974,
        "f_b": -0.6897696734994927,
        "u_d": -16.53715198050944,
        "p": 8.913412753700866,
        "n": 6.167598514988892,
        "f": 7.195620797595133,
        "b": 7.885390471094626,
        "u": 0,
        "d": 16.53715198050944
    },
    "sahilmiglani": {
        "p_n": 2.4523921770866917,
        "f_b": 0.9336214495014108,
        "u_d": -17.49119244405625,
        "p": 9.024781278001903,
        "n": 6.572389100915212,
        "f": 8.265395914209263,
        "b": 7.331774464707852,
        "u": -17.49119244405625,
        "d": 0
    },
    "ayziaa": {
        "p_n": 2.1340984215284866,
        "f_b": -0.4716654055407865,
        "u_d": -17.448408432227023,
        "p": 9.381283695822795,
        "n": 7.247185274294308,
        "f": 8.078401782288159,
        "b": 8.550067187828946,
        "u": -17.448408432227023,
        "d": 0
    },
    "anbarasu-seven": {
        "p_n": 2.774662931218306,
        "f_b": -0.02496288198393337,
        "u_d": -17.476171733973562,
        "p": 9.008301354937267,
        "n": 6.23363842371896,
        "f": 7.608488448336146,
        "b": 7.63345133032008,
        "u": -17.476171733973562,
        "d": 0
    },
    "hendrawd": {
        "p_n": 2.5485538556295975,
        "f_b": -0.15427796576363306,
        "u_d": -17.475596139156455,
        "p": 9.168899397523631,
        "n": 6.620345541894034,
        "f": 7.817483486827017,
        "b": 7.97176145259065,
        "u": -17.475596139156455,
        "d": 0
    },
    "lions88": {
        "p_n": 3.36143256447029,
        "f_b": 0.8315157449421573,
        "u_d": -17.463987625577786,
        "p": 9.131888336067364,
        "n": 5.770455771597074,
        "f": 7.866929926303298,
        "b": 7.035414181361141,
        "u": -17.463987625577786,
        "d": 0
    },
    "caguilar187": {
        "p_n": 1.9757892013283511,
        "f_b": -0.4204139549087209,
        "u_d": -17.969363648346942,
        "p": 9.397278783750068,
        "n": 7.421489582421716,
        "f": 8.199177205631532,
        "b": 8.619591160540253,
        "u": 0,
        "d": 17.969363648346942
    },
    "kyleparker": {
        "p_n": 1.8224342061485777,
        "f_b": -1.0428227518988482,
        "u_d": -17.878862451782123,
        "p": 8.906210968002728,
        "n": 7.083776761854151,
        "f": 7.473582488979016,
        "b": 8.516405240877864,
        "u": 0,
        "d": 17.878862451782123
    },
    "naclach85": {
        "p_n": 3.201627046806472,
        "f_b": 1.0734654497483795,
        "u_d": -17.449201454666753,
        "p": 8.927062159467281,
        "n": 5.72543511266081,
        "f": 7.862981360938235,
        "b": 6.789515911189856,
        "u": 0,
        "d": 17.449201454666753
    }
}