{
    "tonsky": {
        "p_n": 2.1213284032808613,
        "f_b": -0.26993751999322235,
        "u_d": -17.94605885013731,
        "p": 9.280128386305094,
        "n": 7.158799983024233,
        "f": 8.084495424668052,
        "b": 8.354432944661275,
        "u": 0,
        "d": 17.94605885013731
    },
    "EwenG": {
        "p_n": 2.756208292902201,
        "f_b": -0.6313216152423493,
        "u_d": -17.495931481573752,
        "p": 9.250680984199306,
        "n": 6.494472691297105,
        "f": 7.556916030127031,
        "b": 8.18823764536938,
        "u": -17.495931481573752,
        "d": 0
    },
    "sparkofreason": {
        "p_n": 2.6239851266216885,
        "f_b": -0.7102223903192302,
        "u_d": -17.491008554104788,
        "p": 9.437843028194038,
        "n": 6.81385790157235,
        "f": 7.770739269723578,
        "b": 8.480961660042809,
        "u": -17.491008554104788,
        "d": 0
    },
    "metasoarous": {
        "p_n": 3.2333093246166866,
        "f_b": -0.1541461593583584,
        "u_d": -17.49486159617349,
        "p": 9.567746640877399,
        "n": 6.334437316260712,
        "f": 7.874018898889876,
        "b": 8.028165058248234,
        "u": -17.49486159617349,
        "d": 0
    },
    "whilo": {
        "p_n": 2.2033711302389616,
        "f_b": -0.7052531252613914,
        "u_d": -17.482380171150822,
        "p": 9.072090560740621,
        "n": 6.86871943050166,
        "f": 7.617778432990445,
        "b": 8.323031558251836,
        "u": -17.482380171150822,
        "d": 0
    },
    "pangloss": {
        "p_n": 1.6468138981695786,
        "f_b": -0.8128777774724671,
        "u_d": -17.482534608116314,
        "p": 9.22365769598875,
        "n": 7.576843797819172,
        "f": 7.993811858167728,
        "b": 8.806689635640195,
        "u": -17.482534608116314,
        "d": 0
    },
    "lynaghk": {
        "p_n": 2.688831035234994,
        "f_b": -0.6698035832070417,
        "u_d": -17.498839971602283,
        "p": 9.316958130348967,
        "n": 6.628127095113973,
        "f": 7.637640821127949,
        "b": 8.30744440433499,
        "u": -17.498839971602283,
        "d": 0
    },
    "dahjelle": {
        "p_n": 2.6079176415359253,
        "f_b": -0.2520677959727404,
        "u_d": -17.772976079137774,
        "p": 9.446916456483763,
        "n": 6.838998814947837,
        "f": 8.01692373772943,
        "b": 8.26899153370217,
        "u": 0,
        "d": 17.772976079137774
    },
    "dthume": {
        "p_n": 2.967333302580836,
        "f_b": -0.3593686179485438,
        "u_d": -16.1497743841454,
        "p": 9.41926512987284,
        "n": 6.451931827292005,
        "f": 7.75591416960815,
        "b": 8.115282787556694,
        "u": 0,
        "d": 16.1497743841454
    },
    "cigitia": {
        "p_n": 2.7371167500385143,
        "f_b": -0.5646896421874832,
        "u_d": -17.525895789492168,
        "p": 9.495833275694471,
        "n": 6.758716525655957,
        "f": 7.844930079581472,
        "b": 8.409619721768955,
        "u": 0,
        "d": 17.525895789492168
    },
    "jumblerg": {
        "p_n": 2.3365500667283623,
        "f_b": -0.29662914551685216,
        "u_d": -17.499237784354438,
        "p": 9.223329192138682,
        "n": 6.886779125410319,
        "f": 7.906739586016074,
        "b": 8.203368731532926,
        "u": -17.499237784354438,
        "d": 0
    },
    "bahulneel": {
        "p_n": 1.8452292456712636,
        "f_b": -0.2201894208835995,
        "u_d": -17.559351415112836,
        "p": 9.501330851602951,
        "n": 7.6561016059316875,
        "f": 8.46862151832552,
        "b": 8.68881093920912,
        "u": 0,
        "d": 17.559351415112836
    },
    "comnik": {
        "p_n": 2.4987684827783685,
        "f_b": -0.5809553813383612,
        "u_d": -17.487279109849187,
        "p": 9.495011991323356,
        "n": 6.996243508544987,
        "f": 7.955150059264991,
        "b": 8.536105440603352,
        "u": -17.487279109849187,
        "d": 0
    },
    "kristianmandrup": {
        "p_n": 2.4214403464730667,
        "f_b": -0.6224431259608174,
        "u_d": -17.486314930625298,
        "p": 9.326625455295147,
        "n": 6.905185108822081,
        "f": 7.804683719078206,
        "b": 8.427126845039023,
        "u": -17.486314930625298,
        "d": 0
    },
    "benfleis": {
        "p_n": 2.5893207686653135,
        "f_b": -0.25204820393526983,
        "u_d": -15.756269059230439,
        "p": 9.22223896460622,
        "n": 6.632918195940906,
        "f": 7.8015544783059285,
        "b": 8.053602682241198,
        "u": 0,
        "d": 15.756269059230439
    },
    "ThomasDeutsch": {
        "p_n": 1.4751816233198678,
        "f_b": -0.21577109550041484,
        "u_d": -17.47098977626505,
        "p": 8.943496951913744,
        "n": 7.468315328593876,
        "f": 8.098020592503602,
        "b": 8.313791688004017,
        "u": 0,
        "d": 17.47098977626505
    },
    "sonwh98": {
        "p_n": 2.1289473428359464,
        "f_b": -0.07603374636224558,
        "u_d": -17.470739040630672,
        "p": 8.849253562122618,
        "n": 6.720306219286671,
        "f": 7.746763017523522,
        "b": 7.822796763885767,
        "u": -17.470739040630672,
        "d": 0
    },
    "carocad": {
        "p_n": 2.676460972585792,
        "f_b": -0.40260887898854314,
        "u_d": -17.93805008325307,
        "p": 9.315141385880805,
        "n": 6.638680413295013,
        "f": 7.775606460093638,
        "b": 8.17821533908218,
        "u": 0,
        "d": 17.93805008325307
    },
    "dwwoelfel": {
        "p_n": 2.109361682207548,
        "f_b": -0.4453823936180079,
        "u_d": -17.481654989649897,
        "p": 9.314866676670848,
        "n": 7.2055049944633,
        "f": 8.03749463875807,
        "b": 8.482877032376077,
        "u": -17.481654989649897,
        "d": 0
    },
    "levand": {
        "p_n": 2.5847003235566905,
        "f_b": -0.6354854082584191,
        "u_d": -17.391749479228565,
        "p": 9.240593749303354,
        "n": 6.6558934257466635,
        "f": 7.6305008833958,
        "b": 8.265986291654219,
        "u": 0,
        "d": 17.391749479228565
    },
    "motosota": {
        "p_n": 1.9709084840339628,
        "f_b": -0.6493222776036571,
        "u_d": -17.472406429328196,
        "p": 9.150271304506596,
        "n": 7.179362820472633,
        "f": 7.840155923687787,
        "b": 8.489478201291444,
        "u": -17.472406429328196,
        "d": 0
    },
    "lvh": {
        "p_n": 2.819112856017277,
        "f_b": -0.4305950574604518,
        "u_d": -17.490069115710668,
        "p": 9.441339927097312,
        "n": 6.622227071080035,
        "f": 7.816485970358447,
        "b": 8.247081027818899,
        "u": -17.490069115710668,
        "d": 0
    },
    "thedavidmeister": {
        "p_n": 2.7058828453547594,
        "f_b": -0.5188455821490567,
        "u_d": -17.494105586153626,
        "p": 9.19866643951595,
        "n": 6.492783594161191,
        "f": 7.586302225764042,
        "b": 8.105147807913099,
        "u": -17.494105586153626,
        "d": 0
    },
    "vibl": {
        "p_n": 2.4225923403680074,
        "f_b": -0.45044828157383066,
        "u_d": -17.499124319250814,
        "p": 9.487021671669293,
        "n": 7.064429331301286,
        "f": 8.050501360698373,
        "b": 8.500949642272204,
        "u": -17.499124319250814,
        "d": 0
    },
    "EugenDueck": {
        "p_n": 2.1710350998853727,
        "f_b": 0.013515341103716771,
        "u_d": -16.483710531453738,
        "p": 8.754682459243654,
        "n": 6.583647359358281,
        "f": 7.675922579852825,
        "b": 7.6624072387491085,
        "u": 0,
        "d": 16.483710531453738
    },
    "j-pb": {
        "p_n": 2.7794962386295596,
        "f_b": -0.22771417030694252,
        "u_d": -17.89538616167892,
        "p": 9.55747094147494,
        "n": 6.77797470284538,
        "f": 8.053865737006689,
        "b": 8.281579907313631,
        "u": 0,
        "d": 17.89538616167892
    },