{
    "liu21st": {
        "p_n": 2.225099339773994,
        "f_b": 0.28797704417010905,
        "u_d": -17.430330519013452,
        "p": 9.035168808659364,
        "n": 6.81006946888537,
        "f": 8.066607660857422,
        "b": 7.7786306166873125,
        "u": 0,
        "d": 17.430330519013452
    },
    "kinosang": {
        "p_n": 2.468517193984054,
        "f_b": 0.19119367295638945,
        "u_d": -17.01876945519408,
        "p": 9.055183562445375,
        "n": 6.586666368461321,
        "f": 7.916521801931543,
        "b": 7.725328128975153,
        "u": 0,
        "d": 17.01876945519408
    },
    "codecov-io": {
        "p_n": 2.4215762503924383,
        "f_b": -0.051803533011630876,
        "u_d": -17.482192312745287,
        "p": 9.722761972772084,
        "n": 7.301185722379645,
        "f": 8.486072081070049,
        "b": 8.53787561408168,
        "u": -17.482192312745287,
        "d": 0
    },
    "momoca": {
        "p_n": 2.257584987777422,
        "f_b": 0.39840231314465147,
        "u_d": -17.49257935717313,
        "p": 9.134525232547105,
        "n": 6.876940244769683,
        "f": 8.20493389523072,
        "b": 7.806531582086069,
        "u": -17.49257935717313,
        "d": 0
    },
    "zizhilong": {
        "p_n": 2.51613428892437,
        "f_b": 0.5922108483896258,
        "u_d": -17.454331025075497,
        "p": 9.121922241549576,
        "n": 6.605787952625207,
        "f": 8.159960521282205,
        "b": 7.567749672892579,
        "u": -17.454331025075497,
        "d": 0
    },
    "cos800": {
        "p_n": 2.195708438695495,
        "f_b": -0.14773916455975034,
        "u_d": -17.46869652766951,
        "p": 9.305457348983952,
        "n": 7.109748910288457,
        "f": 8.133733547356329,
        "b": 8.281472711916079,
        "u": -17.46869652766951,
        "d": 0
    },
    "phpyii": {
        "p_n": 1.6175469224609298,
        "f_b": -0.339587042233779,
        "u_d": -17.46488925958348,
        "p": 9.217634101565457,
        "n": 7.600087179104527,
        "f": 8.239067119218102,
        "b": 8.578654161451881,
        "u": -17.46488925958348,
        "d": 0
    },
    "fromnow": {
        "p_n": 2.4293508586282826,
        "f_b": -0.30926456301376604,
        "u_d": -17.423298837563884,
        "p": 9.430368860253992,
        "n": 7.0010180016257095,
        "f": 8.061061149432968,
        "b": 8.370325712446734,
        "u": -17.423298837563884,
        "d": 0
    },
    "zoujingli": {
        "p_n": 2.5599059361672474,
        "f_b": 0.03139805043964117,
        "u_d": -17.451712996210976,
        "p": 9.743219460841681,
        "n": 7.183313524674434,
        "f": 8.478965517977878,
        "b": 8.447567467538237,
        "u": -17.451712996210976,
        "d": 0
    },
    "sjje": {
        "p_n": 2.2834231382847268,
        "f_b": 0.15132092557568377,
        "u_d": -17.488519967036233,
        "p": 9.132980549960992,
        "n": 6.849557411676265,
        "f": 8.06692944360647,
        "b": 7.915608518030787,
        "u": -17.488519967036233,
        "d": 0
    }
}