{
    "cataling": {
        "p_n": 1.7114595523545226,
        "f_b": -0.7127671364205606,
        "u_d": -16.139869319816462,
        "p": 9.040153692154815,
        "n": 7.328694139800293,
        "f": 7.828040347767273,
        "b": 8.540807484187834,
        "u": 0,
        "d": 16.139869319816462
    },
    "piatra": {
        "p_n": 1.8953271770219287,
        "f_b": -0.775218505226233,
        "u_d": -17.761799484798548,
        "p": 9.134457613097513,
        "n": 7.239130436075585,
        "f": 7.799184771973433,
        "b": 8.574403277199666,
        "u": 0,
        "d": 17.761799484798548
    },
    "GarthDB": {
        "p_n": 1.9619124033734412,
        "f_b": -0.5987332299881354,
        "u_d": -17.53677054037708,
        "p": 8.855766842854258,
        "n": 6.893854439480817,
        "f": 7.575444026173471,
        "b": 8.174177256161606,
        "u": 0,
        "d": 17.53677054037708
    },
    "kristoferjoseph": {
        "p_n": 1.7101078947720643,
        "f_b": -0.478343800317683,
        "u_d": -17.484214667186325,
        "p": 9.2525744773883,
        "n": 7.542466582616236,
        "f": 8.158348629843427,
        "b": 8.63669243016111,
        "u": -17.484214667186325,
        "d": 0
    },
    "brianleroux": {
        "p_n": 1.9720948295390146,
        "f_b": -0.192388859219772,
        "u_d": -17.468286692841648,
        "p": 9.38928058103388,
        "n": 7.417185751494865,
        "f": 8.307038736654487,
        "b": 8.499427595874259,
        "u": -17.468286692841648,
        "d": 0
    },
    "gaurav21r": {
        "p_n": 2.0478196561179676,
        "f_b": -0.6423166080990423,
        "u_d": -17.459352104739665,
        "p": 9.474209719743808,
        "n": 7.42639006362584,
        "f": 8.129141587635303,
        "b": 8.771458195734345,
        "u": -17.459352104739665,
        "d": 0
    },
    "larz0": {
        "p_n": 1.9971693906734345,
        "f_b": -0.387919082101881,
        "u_d": -17.46978544401351,
        "p": 9.60374570520457,
        "n": 7.606576314531136,
        "f": 8.411201468816913,
        "b": 8.799120550918794,
        "u": -17.46978544401351,
        "d": 0
    },
    "ghost": {
        "p_n": 1.5667293178108865,
        "f_b": -0.34225286231979446,
        "u_d": -16.069881991928387,
        "p": 8.950946739464264,
        "n": 7.384217421653378,
        "f": 7.996455649398923,
        "b": 8.338708511718718,
        "u": 0,
        "d": 16.069881991928387
    },
    "nnnnic": {
        "p_n": 1.90393430955882,
        "f_b": 0.043812321219331096,
        "u_d": -17.37032399276075,
        "p": 9.552073422127021,
        "n": 7.6481391125682014,
        "f": 8.622012427957277,
        "b": 8.578200106737945,
        "u": -17.37032399276075,
        "d": 0
    },
    "ynliu": {
        "p_n": 1.4685115394773263,
        "f_b": -0.43039196627367726,
        "u_d": -17.374707189454927,
        "p": 8.926312471896464,
        "n": 7.457800932419138,
        "f": 7.976860719020963,
        "b": 8.40725268529464,
        "u": 0,
        "d": 17.374707189454927
    },
    "creativeprogramming": {
        "p_n": 2.2841946329509657,
        "f_b": -1.3465873571327105,
        "u_d": -17.484519861677786,
        "p": 9.243396494715817,
        "n": 6.959201861764852,
        "f": 7.428005499673979,
        "b": 8.77459285680669,
        "u": -17.484519861677786,
        "d": 0
    },
    "sidneys": {
        "p_n": 2.0661520764087573,
        "f_b": 0.017044884562229967,
        "u_d": -17.43795116602171,
        "p": 9.314522740487538,
        "n": 7.248370664078781,
        "f": 8.289969144564274,
        "b": 8.272924260002045,
        "u": -17.43795116602171,
        "d": 0
    },
    "nicovalencia": {
        "p_n": 2.6324002305374474,
        "f_b": -0.9484293498483023,
        "u_d": -17.031624265466277,
        "p": 9.25859366174865,
        "n": 6.6261934312112025,
        "f": 7.468178871555775,
        "b": 8.416608221404077,
        "u": 0,
        "d": 17.031624265466277
    },
    "kruyvanna": {
        "p_n": 1.7809771186238912,
        "f_b": -0.7860862983444044,
        "u_d": -17.485307928879344,
        "p": 9.158258355326293,
        "n": 7.377281236702402,
        "f": 7.874726646842145,
        "b": 8.66081294518655,
        "u": -17.485307928879344,
        "d": 0
    },
    "bennybennet": {
        "p_n": 1.637884277321053,
        "f_b": -0.9537098899961061,
        "u_d": -17.47909442278998,
        "p": 9.139119516722749,
        "n": 7.501235239401696,
        "f": 7.843322433064169,
        "b": 8.797032323060275,
        "u": -17.47909442278998,
        "d": 0
    },
    "KraigWalker": {
        "p_n": 2.1498891309975807,
        "f_b": -0.8525641129684001,
        "u_d": -17.752724279964447,
        "p": 9.317566991302636,
        "n": 7.167677860305055,
        "f": 7.816340369319645,
        "b": 8.668904482288045,
        "u": 0,
        "d": 17.752724279964447
    },
    "jonschlinkert": {
        "p_n": 2.623593851533774,
        "f_b": 0.5474926079764924,
        "u_d": -17.930175153230184,
        "p": 9.776463841434557,
        "n": 7.1528699899007835,
        "f": 8.738413219655916,
        "b": 8.190920611679424,
        "u": 0,
        "d": 17.930175153230184
    },
    "axemclion": {
        "p_n": 0.8496451572819606,
        "f_b": -1.1731422083087546,
        "u_d": -16.046474583627433,
        "p": 8.601172045678002,
        "n": 7.751526888396041,
        "f": 7.589778362882645,
        "b": 8.7629205711914,
        "u": 0,
        "d": 16.046474583627433
    },
    "kof": {
        "p_n": 2.1509534400849972,
        "f_b": -0.5337503883496986,
        "u_d": -17.43961539777534,
        "p": 9.410992176272808,
        "n": 7.260038736187811,
        "f": 8.06864026205546,
        "b": 8.602390650405159,
        "u": -17.43961539777534,
        "d": 0
    },
    "yarlenvas": {
        "p_n": 2.5331578642058634,
        "f_b": 0.6340131230715143,
        "u_d": -17.88166758070679,
        "p": 8.95453948383479,
        "n": 6.421381619628926,
        "f": 8.004967113267615,
        "b": 7.3709539901961,
        "u": 0,
        "d": 17.88166758070679
    },
    "majornista": {
        "p_n": 2.156276369625906,
        "f_b": -1.19258548884536,
        "u_d": -17.44514695008052,
        "p": 9.086962795082215,
        "n": 6.930686425456309,
        "f": 7.4125318658465815,
        "b": 8.605117354691942,
        "u": -17.44514695008052,
        "d": 0
    },
    "ahx": {
        "p_n": 2.251207079849114,
        "f_b": -0.20578763532287248,
        "u_d": -16.738566691111167,
        "p": 9.004315671559468,
        "n": 6.753108591710354,
        "f": 7.775818313973474,
        "b": 7.9816059492963465,
        "u": 0,
        "d": 16.738566691111167
    },
    "nodoherty": {
        "p_n": 1.8865677833218992,
        "f_b": -0.870755322960501,
        "u_d": -17.46889240619934,
        "p": 9.276569627953462,
        "n": 7.390001844631563,
        "f": 7.897908074812261,
        "b": 8.768663397772762,
        "u": -17.46889240619934,
        "d": 0
    }
}