{
    "josh": {
        "p_n": 1.7168471521236945,
        "f_b": -0.3710956158947347,
        "u_d": -16.995351812691275,
        "p": 9.060613075213523,
        "n": 7.343765923089828,
        "f": 8.016641691204308,
        "b": 8.387737307099043,
        "u": 0,
        "d": 16.995351812691275
    },
    "dhh": {
        "p_n": 1.9052657524390737,
        "f_b": -0.5301525756746628,
        "u_d": -17.474806348442876,
        "p": 9.19475441651101,
        "n": 7.2894886640719365,
        "f": 7.9770452524541415,
        "b": 8.507197828128804,
        "u": -17.474806348442876,
        "d": 0
    },
    "davydotcom": {
        "p_n": 1.8778929652596084,
        "f_b": -0.4995885216967437,
        "u_d": -17.4940050186927,
        "p": 9.282678428123775,
        "n": 7.404785462864167,
        "f": 8.0939376846456,
        "b": 8.593526206342343,
        "u": -17.4940050186927,
        "d": 0
    },
    "fklingler": {
        "p_n": 1.7057321902118403,
        "f_b": -0.8272582809516535,
        "u_d": -16.38162847501119,
        "p": 8.990003260049358,
        "n": 7.2842710698375175,
        "f": 7.723508024467611,
        "b": 8.550766305419264,
        "u": 0,
        "d": 16.38162847501119
    },
    "pomartel": {
        "p_n": 1.873183591532925,
        "f_b": -0.9031954332222183,
        "u_d": -17.482748707045502,
        "p": 9.236340051717857,
        "n": 7.363156460184932,
        "f": 7.848150539340286,
        "b": 8.751345972562504,
        "u": -17.482748707045502,
        "d": 0
    },
    "reed": {
        "p_n": 2.034312092894453,
        "f_b": -0.639466084163903,
        "u_d": -17.456168075170734,
        "p": 9.313286946514872,
        "n": 7.278974853620419,
        "f": 7.976397857985694,
        "b": 8.615863942149597,
        "u": 0,
        "d": 17.456168075170734
    },
    "yasuoza": {
        "p_n": 2.328814430012862,
        "f_b": -0.4386789126491024,
        "u_d": -17.48752125507965,
        "p": 9.229891097101968,
        "n": 6.9010766670891055,
        "f": 7.846144425770985,
        "b": 8.284823338420088,
        "u": -17.48752125507965,
        "d": 0
    },
    "interhive": {
        "p_n": 1.814532035188254,
        "f_b": -0.5139374175251241,
        "u_d": -17.409242645231277,
        "p": 9.150612698925803,
        "n": 7.336080663737549,
        "f": 7.986377972569114,
        "b": 8.500315390094238,
        "u": 0,
        "d": 17.409242645231277
    },
    "moomerman": {
        "p_n": 2.109495294545491,
        "f_b": -0.8381704617356416,
        "u_d": -16.798244820955187,
        "p": 8.989237207662262,
        "n": 6.879741913116771,
        "f": 7.5154043295216955,
        "b": 8.353574791257337,
        "u": 0,
        "d": 16.798244820955187
    },
    "amnesia7": {
        "p_n": 1.9956122892171102,
        "f_b": -0.8263569837612073,
        "u_d": -16.1707633407475,
        "p": 9.204271322582642,
        "n": 7.208659033365532,
        "f": 7.7932866860934835,
        "b": 8.61964366985469,
        "u": 0,
        "d": 16.1707633407475
    },
    "Thibaut": {
        "p_n": 1.9030313024337495,
        "f_b": -0.39967597535115473,
        "u_d": -17.009102326728556,
        "p": 9.17619893069116,
        "n": 7.273167628257411,
        "f": 8.024845291798709,
        "b": 8.424521267149863,
        "u": 0,
        "d": 17.009102326728556
    },
    "caarlos0": {
        "p_n": 2.2712621949186396,
        "f_b": 0.05671083900731233,
        "u_d": -17.598507625435122,
        "p": 9.602042401590989,
        "n": 7.330780206672349,
        "f": 8.494766723635326,
        "b": 8.438055884628014,
        "u": 0,
        "d": 17.598507625435122
    },
    "ryw": {
        "p_n": 1.791458033518305,
        "f_b": -0.3555231243477124,
        "u_d": -17.34591469096349,
        "p": 9.135419161424487,
        "n": 7.343961127906182,
        "f": 8.061928582491479,
        "b": 8.417451706839191,
        "u": 0,
        "d": 17.34591469096349
    },
    "MatthieuBarthel": {
        "p_n": 1.5388810598948908,
        "f_b": -0.904374748032037,
        "u_d": -16.69125160421857,
        "p": 9.057222696871872,
        "n": 7.518341636976981,
        "f": 7.835594792908408,
        "b": 8.739969540940445,
        "u": 0,
        "d": 16.69125160421857
    },
    "rahearn": {
        "p_n": 2.0533926488317977,
        "f_b": -0.8521281110383416,
        "u_d": -17.88014317758259,
        "p": 9.115221059448531,
        "n": 7.061828410616734,
        "f": 7.662460679513462,
        "b": 8.514588790551803,
        "u": 0,
        "d": 17.88014317758259
    },
    "javan": {
        "p_n": 1.8018704656480153,
        "f_b": -0.703553773825143,
        "u_d": -15.993245802821079,
        "p": 9.085371857006155,
        "n": 7.28350139135814,
        "f": 7.832659737269576,
        "b": 8.536213511094719,
        "u": 0,
        "d": 15.993245802821079
    },
    "rafaelfranca": {
        "p_n": 1.9035268007032542,
        "f_b": -0.3815546051254497,
        "u_d": -16.53294333744138,
        "p": 9.20424560274684,
        "n": 7.300718802043585,
        "f": 8.061704899832487,
        "b": 8.443259504957936,
        "u": 0,
        "d": 16.53294333744138
    },
    "macournoyer": {
        "p_n": 1.9727117504167264,
        "f_b": -0.7275945998640827,
        "u_d": -17.328141170191866,
        "p": 9.00064380308474,
        "n": 7.027932052668014,
        "f": 7.650490627944335,
        "b": 8.378085227808418,
        "u": 0,
        "d": 17.328141170191866
    },
    "fpleme": {
        "p_n": 1.9436232390370165,
        "f_b": 0.3563179534544032,
        "u_d": -17.76320951630225,
        "p": 8.979303709992388,
        "n": 7.035680470955372,
        "f": 8.185651067201082,
        "b": 7.829333113746679,
        "u": 0,
        "d": 17.76320951630225
    },
    "infernalmaster": {
        "p_n": 2.4061187821409673,
        "f_b": 0.2891446733057137,
        "u_d": -17.458647558384733,
        "p": 8.931748245653235,
        "n": 6.525629463512268,
        "f": 7.873261191235609,
        "b": 7.584116517929895,
        "u": 0,
        "d": 17.458647558384733
    },
    "mupty": {
        "p_n": 2.2364339663239274,
        "f_b": 0.17375719453427685,
        "u_d": -17.98859701443649,
        "p": 9.05646949642361,
        "n": 6.820035530099682,
        "f": 8.025131110528784,
        "b": 7.8513739159945075,
        "u": 0,
        "d": 17.98859701443649
    },
    "ccmcbeck": {
        "p_n": 2.341143893398062,
        "f_b": -0.7415873678779192,
        "u_d": -17.490612902409246,
        "p": 9.429046356067168,
        "n": 7.087902462669106,
        "f": 7.887680725429178,
        "b": 8.629268093307097,
        "u": -17.490612902409246,
        "d": 0
    },
    "davidray": {
        "p_n": 2.20453594083009,
        "f_b": -0.02716512289634032,
        "u_d": -17.49503118792682,
        "p": 9.133048126647761,
        "n": 6.928512185817671,
        "f": 8.017197594784546,
        "b": 8.044362717680887,
        "u": -17.49503118792682,
        "d": 0
    },
    "leods92": {
        "p_n": 2.203694270822525,
        "f_b": -0.36537437828035557,
        "u_d": -17.2582749820437,
        "p": 8.853523004896863,
        "n": 6.649828734074338,
        "f": 7.568988680345422,
        "b": 7.934363058625777,
        "u": 0,
        "d": 17.2582749820437
    },
    "WojtekKruszewski": {
        "p_n": 2.2385198632636305,
        "f_b": -0.11282138726044089,
        "u_d": -17.48339803542851,
        "p": 9.199439907930044,
        "n": 6.9609200446664135,
        "f": 8.023769282668008,
        "b": 8.136590669928449,
        "u": -17.48339803542851,
        "d": 0
    },
    "Nerian": {
        "p_n": 2.0880235044169133,
        "f_b": 0.27224260648635834,
        "u_d": -16.72227708734512,
        "p": 9.102727113899663,
        "n": 7.0147036094827495,
        "f": 8.194836664934385,
        "b": 7.922594058448027,
        "u": 0,
        "d": 16.72227708734512
    },