{
    "kyleconroy": {
        "p_n": 1.6017688854048338,
        "f_b": -0.5779392324479353,
        "u_d": -17.186218258690996,
        "p": 9.034003185742822,
        "n": 7.4322343003379885,
        "f": 7.944149126816438,
        "b": 8.522088359264373,
        "u": 0,
        "d": 17.186218258690996
    },
    "vmdx": {
        "p_n": 2.020284662390697,
        "f_b": -0.7698525245756791,
        "u_d": -17.495972653515885,
        "p": 8.992375944588632,
        "n": 6.972091282197935,
        "f": 7.597307351105444,
        "b": 8.367159875681123,
        "u": -17.495972653515885,
        "d": 0
    },
    "sesam": {
        "p_n": 2.2737565918671336,
        "f_b": -0.12086068569993103,
        "u_d": -17.486934439797707,
        "p": 9.39047016630336,
        "n": 7.1167135744362255,
        "f": 8.193161527519827,
        "b": 8.314022213219758,
        "u": -17.486934439797707,
        "d": 0
    },
    "anarcat": {
        "p_n": 2.2896182431744236,
        "f_b": -0.17774002064149386,
        "u_d": -16.822607370872927,
        "p": 9.057421801944912,
        "n": 6.767803558770488,
        "f": 7.823742670036953,
        "b": 8.001482690678447,
        "u": 0,
        "d": 16.822607370872927
    }
}