{
    "freels": {
        "p_n": 2.2202431424424347,
        "f_b": -0.38114962338134806,
        "u_d": -16.752632470247253,
        "p": 9.255126287194102,
        "n": 7.034883144751667,
        "f": 7.95442990428221,
        "b": 8.335579527663558,
        "u": 0,
        "d": 16.752632470247253
    },
    "robey": {
        "p_n": 2.6202398226715182,
        "f_b": -0.970553153986434,
        "u_d": -17.144589011187723,
        "p": 9.179322522586398,
        "n": 6.55908269991488,
        "f": 7.3839260342574216,
        "b": 8.354479188243856,
        "u": 0,
        "d": 17.144589011187723
    },
    "xeno-by": {
        "p_n": 2.6126060410641063,
        "f_b": 0.677658743495515,
        "u_d": -17.440318930200558,
        "p": 9.94535688202017,
        "n": 7.332750840956063,
        "f": 8.977883233235874,
        "b": 8.300224489740359,
        "u": -17.440318930200558,
        "d": 0
    },
    "eaceaser": {
        "p_n": 2.8362024085791084,
        "f_b": -0.2937709091174572,
        "u_d": -16.95779552202881,
        "p": 9.91763610642105,
        "n": 7.081433697841941,
        "f": 8.352649447572768,
        "b": 8.646420356690225,
        "u": 0,
        "d": 16.95779552202881
    },
    "fizx": {
        "p_n": 2.2354253975759724,
        "f_b": -0.2602158212121264,
        "u_d": -17.49146529729788,
        "p": 9.30810327755752,
        "n": 7.072677879981547,
        "f": 8.06028266816347,
        "b": 8.320498489375597,
        "u": -17.49146529729788,
        "d": 0
    }
}