{
    "twolfson": {
        "p_n": 1.9608397595524822,
        "f_b": -0.050923641175209866,
        "u_d": -17.24176157262882,
        "p": 9.37440780009028,
        "n": 7.413568040537798,
        "f": 8.368526099726434,
        "b": 8.419449740901644,
        "u": 0,
        "d": 17.24176157262882
    },
    "jkphl": {
        "p_n": 2.103706695367949,
        "f_b": -0.12050995223834349,
        "u_d": -16.11024353209508,
        "p": 9.200401533163681,
        "n": 7.096694837795733,
        "f": 8.088293209360536,
        "b": 8.20880316159888,
        "u": 0,
        "d": 16.11024353209508
    },
    "corysimmons": {
        "p_n": 2.0201947749315607,
        "f_b": -0.38731770527140696,
        "u_d": -17.44904263624586,
        "p": 9.301215176820254,
        "n": 7.281020401888693,
        "f": 8.09745893671877,
        "b": 8.484776641990177,
        "u": -17.44904263624586,
        "d": 0
    },
    "nikchosh": {
        "p_n": 2.3582536191310375,
        "f_b": -0.2864430001914364,
        "u_d": -17.933087275466466,
        "p": 8.888937641611351,
        "n": 6.5306840224803135,
        "f": 7.566589331950114,
        "b": 7.8530323321415505,
        "u": 0,
        "d": 17.933087275466466
    },
    "x3au": {
        "p_n": 2.374992625550405,
        "f_b": 0.0022760913894810386,
        "u_d": -17.919579207857392,
        "p": 9.725826137470605,
        "n": 7.3508335119202,
        "f": 8.539467870390144,
        "b": 8.537191779000663,
        "u": 0,
        "d": 17.919579207857392
    },
    "feistar": {
        "p_n": 2.421908377931265,
        "f_b": -0.4381074110265395,
        "u_d": -17.327057923214806,
        "p": 9.32863778701444,
        "n": 6.906729409083175,
        "f": 7.8986298925355385,
        "b": 8.336737303562078,
        "u": 0,
        "d": 17.327057923214806
    }
}