{
    "hassox": {
        "p_n": 2.192126246708108,
        "f_b": -0.5098746575905491,
        "u_d": -17.48991861214473,
        "p": 9.283459783164384,
        "n": 7.0913335364562755,
        "f": 7.932459331015055,
        "b": 8.442333988605604,
        "u": -17.48991861214473,
        "d": 0
    },
    "scrogson": {
        "p_n": 2.2001063089512627,
        "f_b": -0.3925644858820885,
        "u_d": -17.487599280477088,
        "p": 9.296561114063586,
        "n": 7.096454805112323,
        "f": 8.00022571664691,
        "b": 8.392790202528998,
        "u": -17.487599280477088,
        "d": 0
    },
    "doomspork": {
        "p_n": 2.4406188448891086,
        "f_b": 0.24472404181458884,
        "u_d": -17.478325851618,
        "p": 9.559558552312003,
        "n": 7.118939707422895,
        "f": 8.461611150774743,
        "b": 8.216887108960155,
        "u": -17.478325851618,
        "d": 0
    },
    "ddcech": {
        "p_n": 1.9157251490603642,
        "f_b": -0.6530636392347837,
        "u_d": -17.493098116687655,
        "p": 8.709616684429689,
        "n": 6.793891535369324,
        "f": 7.425222290282115,
        "b": 8.078285929516898,
        "u": -17.493098116687655,
        "d": 0
    },
    "vkmagalhaes": {
        "p_n": 2.289723067049053,
        "f_b": -0.23758382124804456,
        "u_d": -17.425039700949654,
        "p": 9.444171113417672,
        "n": 7.1544480463686195,
        "f": 8.180517669269124,
        "b": 8.418101490517168,
        "u": -17.425039700949654,
        "d": 0
    },
    "b-murphy": {
        "p_n": 1.8424069529295881,
        "f_b": -0.4700209596238558,
        "u_d": -17.465673741365098,
        "p": 9.334894493207607,
        "n": 7.492487540278018,
        "f": 8.178680536930884,
        "b": 8.64870149655474,
        "u": -17.465673741365098,
        "d": 0
    },
    "aaronrenner": {
        "p_n": 2.2955435234741612,
        "f_b": -0.5923853377240462,
        "u_d": -17.058593511786732,
        "p": 9.210588662421884,
        "n": 6.915045138947723,
        "f": 7.76662423182278,
        "b": 8.359009569546826,
        "u": 0,
        "d": 17.058593511786732
    },
    "Hanspagh": {
        "p_n": 2.016433402116574,
        "f_b": -0.4336754847858373,
        "u_d": -16.710237958014428,
        "p": 9.339397575684067,
        "n": 7.3229641735674935,
        "f": 8.114343132232861,
        "b": 8.548018617018698,
        "u": 0,
        "d": 16.710237958014428
    },
    "jayjun": {
        "p_n": 1.9662703307142104,
        "f_b": -0.1606921440679283,
        "u_d": -15.885834057261034,
        "p": 8.878635230066294,
        "n": 6.912364899352084,
        "f": 7.815153992675224,
        "b": 7.975846136743153,
        "u": 0,
        "d": 15.885834057261034
    },
    "potatosalad": {
        "p_n": 2.480524564162023,
        "f_b": 0.3046053714601946,
        "u_d": -17.068347382486586,
        "p": 8.928507539199622,
        "n": 6.447982975037599,
        "f": 7.840547942848707,
        "b": 7.535942571388512,
        "u": 0,
        "d": 17.068347382486586
    },
    "ospaarmann": {
        "p_n": 1.8206463257972816,
        "f_b": -0.5400212715905015,
        "u_d": -17.488205749613627,
        "p": 9.040569419485934,
        "n": 7.219923093688652,
        "f": 7.860235620792042,
        "b": 8.400256892382544,
        "u": -17.488205749613627,
        "d": 0
    },
    "vheathen": {
        "p_n": 2.1181843834138396,
        "f_b": 0.154894709943882,
        "u_d": -17.16683503603095,
        "p": 9.22268260460578,
        "n": 7.10449822119194,
        "f": 8.2410377678708,
        "b": 8.086143057926918,
        "u": 0,
        "d": 17.16683503603095
    },
    "mitkins": {
        "p_n": 1.8961798769138696,
        "f_b": -1.2511181160349834,
        "u_d": -17.30378183284781,
        "p": 9.013434129906639,
        "n": 7.117254252992769,
        "f": 7.4397851334322125,
        "b": 8.690903249467196,
        "u": 0,
        "d": 17.30378183284781
    },
    "ericsullivan": {
        "p_n": 2.60140728820278,
        "f_b": -0.630866201625242,
        "u_d": -17.053344334092927,
        "p": 9.65798677762514,
        "n": 7.056579489422361,
        "f": 8.041850032711128,
        "b": 8.67271623433637,
        "u": 0,
        "d": 17.053344334092927
    },
    "asummers": {
        "p_n": 2.749093087819129,
        "f_b": -0.601311180672738,
        "u_d": -17.37609310039695,
        "p": 9.343295665866941,
        "n": 6.594202578047812,
        "f": 7.6680935316210075,
        "b": 8.269404712293746,
        "u": 0,
        "d": 17.37609310039695
    },
    "egeersoz": {
        "p_n": 2.032717331949873,
        "f_b": -0.3796975211341298,
        "u_d": -17.979771231053483,
        "p": 8.886973266578313,
        "n": 6.85425593462844,
        "f": 7.680765840036312,
        "b": 8.060463361170441,
        "u": 0,
        "d": 17.979771231053483
    },
    "Linbubin": {
        "p_n": 2.188473159397069,
        "f_b": -0.3737711669073889,
        "u_d": -17.472208263866822,
        "p": 8.949333398552184,
        "n": 6.760860239155115,
        "f": 7.668211235399955,
        "b": 8.041982402307344,
        "u": -17.472208263866822,
        "d": 0
    },
    "oskar1233": {
        "p_n": 2.4234355148973883,
        "f_b": -0.5038960890930255,
        "u_d": -17.49079299484214,
        "p": 9.597144373480061,
        "n": 7.173708858582673,
        "f": 8.133478571484854,
        "b": 8.63737466057788,
        "u": -17.49079299484214,
        "d": 0
    },
    "yordis": {
        "p_n": 1.7306952872399268,
        "f_b": -0.33767626907628845,
        "u_d": -17.492148440753837,
        "p": 9.334821550173746,
        "n": 7.6041262629338195,
        "f": 8.300635772015639,
        "b": 8.638312041091927,
        "u": -17.492148440753837,
        "d": 0
    },
    "uzarubin": {
        "p_n": 1.993240411909186,
        "f_b": -0.2824601702509284,
        "u_d": -17.42384606291179,
        "p": 9.218953886710176,
        "n": 7.22571347480099,
        "f": 8.081103595630118,
        "b": 8.363563765881047,
        "u": -17.42384606291179,
        "d": 0
    },
    "rbino": {
        "p_n": 2.053458459754548,
        "f_b": -0.8693689809414575,
        "u_d": -17.499065172530393,
        "p": 8.966053754173611,
        "n": 6.912595294419063,
        "f": 7.504640033825607,
        "b": 8.374009014767065,
        "u": -17.499065172530393,
        "d": 0
    },
    "willsoto": {
        "p_n": 2.687876441100074,
        "f_b": -0.5518218920886202,
        "u_d": -17.48804741501786,
        "p": 9.366706925380996,
        "n": 6.678830484280922,
        "f": 7.746857758786648,
        "b": 8.298679650875268,
        "u": -17.48804741501786,
        "d": 0
    },
    "pedromvieira": {
        "p_n": 2.494282911762335,
        "f_b": 0.3886343168669786,
        "u_d": -17.489130490502347,
        "p": 9.070769612226787,
        "n": 6.576486700464452,
        "f": 8.017945314779109,
        "b": 7.62931099791213,
        "u": -17.489130490502347,
        "d": 0
    },
    "apognu": {
        "p_n": 1.822444997863622,
        "f_b": -0.9081272805712013,
        "u_d": -17.848738376278188,
        "p": 9.317944526837875,
        "n": 7.495499528974253,
        "f": 7.952658387620464,
        "b": 8.860785668191665,
        "u": 0,
        "d": 17.848738376278188
    },
    "shahryarjb": {
        "p_n": 2.5331512328291392,
        "f_b": -0.0790021167226751,
        "u_d": -17.490829123857836,
        "p": 9.274121270968415,
        "n": 6.740970038139276,
        "f": 7.968044596192508,
        "b": 8.047046712915183,
        "u": -17.490829123857836,
        "d": 0
    },
    "hlhr": {
        "p_n": 1.8433744883760355,
        "f_b": -0.719004618578964,
        "u_d": -17.467574383931023,
        "p": 9.486876827255351,
        "n": 7.6435023388793155,
        "f": 8.205687273777851,
        "b": 8.924691892356815,
        "u": -17.467574383931023,
        "d": 0
    },