{
    "utatti": {
        "p_n": 2.3096245947337124,
        "f_b": -0.3218763283517898,
        "u_d": -16.96940669604033,
        "p": 9.500961254522196,
        "n": 7.191336659788483,
        "f": 8.185210792979445,
        "b": 8.507087121331235,
        "u": 0,
        "d": 16.96940669604033
    },
    "GregDThomas": {
        "p_n": 1.891270073346048,
        "f_b": -0.6332316149373565,
        "u_d": -17.34845148945984,
        "p": 8.982490933786845,
        "n": 7.091220860440798,
        "f": 7.720240089645143,
        "b": 8.3534717045825,
        "u": 0,
        "d": 17.34845148945984
    },
    "Zeus64": {
        "p_n": 2.3460675342470516,
        "f_b": -0.26523306575295447,
        "u_d": -17.43488869038984,
        "p": 9.059507019785663,
        "n": 6.713439485538611,
        "f": 7.75385671978566,
        "b": 8.019089785538615,
        "u": 0,
        "d": 17.43488869038984
    },
    "itsdrewmiller": {
        "p_n": 2.438421050965472,
        "f_b": -0.30751748151016667,
        "u_d": -17.32805031498679,
        "p": 8.963501269965548,
        "n": 6.525080219000076,
        "f": 7.590532003727728,
        "b": 7.898049485237895,
        "u": 0,
        "d": 17.32805031498679
    },
    "ghost": {
        "p_n": 1.8027352277798405,
        "f_b": -0.584602460554196,
        "u_d": -17.73614335415415,
        "p": 8.912809384990029,
        "n": 7.110074157210188,
        "f": 7.719140540823011,
        "b": 8.303743001377207,
        "u": 0,
        "d": 17.73614335415415
    },
    "DanielApt": {
        "p_n": 2.2391329507660114,
        "f_b": -0.29362553000366454,
        "u_d": -17.915924330755118,
        "p": 9.389713079046398,
        "n": 7.150580128280387,
        "f": 8.12333383866156,
        "b": 8.416959368665225,
        "u": 0,
        "d": 17.915924330755118
    },
    "zomp": {
        "p_n": 2.5926057320619105,
        "f_b": -0.26686732532899704,
        "u_d": -16.959706281266122,
        "p": 9.250505135631583,
        "n": 6.657899403569672,
        "f": 7.820768606936129,
        "b": 8.087635932265126,
        "u": 0,
        "d": 16.959706281266122
    },
    "scooterlord": {
        "p_n": 2.057740280463694,
        "f_b": -0.592711016038681,
        "u_d": -17.643911694582012,
        "p": 9.143957482135493,
        "n": 7.086217201671799,
        "f": 7.818731833884305,
        "b": 8.411442849922986,
        "u": 0,
        "d": 17.643911694582012
    },
    "Jaeiya": {
        "p_n": 1.666576542003229,
        "f_b": -0.8392726412752136,
        "u_d": -16.07343465319347,
        "p": 8.8161672859923,
        "n": 7.149590743989071,
        "f": 7.563242694353079,
        "b": 8.402515335628292,
        "u": 0,
        "d": 16.07343465319347
    },
    "Lsystems": {
        "p_n": 3.0665223843210754,
        "f_b": -0.0033819131099903643,
        "u_d": -17.093612971586,
        "p": 8.762314480776633,
        "n": 5.695792096455557,
        "f": 7.2273623320611,
        "b": 7.23074424517109,
        "u": 0,
        "d": 17.093612971586
    },
    "codebakery-ch": {
        "p_n": 2.6449656048223655,
        "f_b": -0.29352129544286676,
        "u_d": -17.47866709939256,
        "p": 9.30007993525129,
        "n": 6.655114330428924,
        "f": 7.830836485118674,
        "b": 8.12435778056154,
        "u": -17.47866709939256,
        "d": 0
    },
    "mantia11": {
        "p_n": 1.5354071417337591,
        "f_b": -0.6972504889404858,
        "u_d": -17.494456334176483,
        "p": 8.652271479638294,
        "n": 7.116864337904535,
        "f": 7.535942664301172,
        "b": 8.233193153241658,
        "u": -17.494456334176483,
        "d": 0
    },
    "carasmo": {
        "p_n": 1.84234128411682,
        "f_b": -0.42139507600647885,
        "u_d": -16.567658630653874,
        "p": 8.853941204294005,
        "n": 7.011599920177185,
        "f": 7.722073024232356,
        "b": 8.143468100238834,
        "u": 0,
        "d": 16.567658630653874
    },
    "isarmstrong": {
        "p_n": 2.196585570747236,
        "f_b": -0.4919023279032704,
        "u_d": -17.464967850262017,
        "p": 9.12027134295463,
        "n": 6.923685772207395,
        "f": 7.776027393629377,
        "b": 8.267929721532647,
        "u": -17.464967850262017,
        "d": 0
    },
    "julmot": {
        "p_n": 2.4564539028822105,
        "f_b": -0.7081934204142666,
        "u_d": -13.857036644518502,
        "p": 9.102793486645242,
        "n": 6.646339583763031,
        "f": 7.520469824997003,
        "b": 8.22866324541127,
        "u": 0,
        "d": 13.857036644518502
    },
    "hellmelt": {
        "p_n": 1.6219844760041244,
        "f_b": -0.9177321900225861,
        "u_d": -17.496591376006183,
        "p": 8.990358949731593,
        "n": 7.368374473727469,
        "f": 7.720500616718238,
        "b": 8.638232806740824,
        "u": -17.496591376006183,
        "d": 0
    },
    "VPenkov": {
        "p_n": 3.1291034872566605,
        "f_b": -0.42996691970069634,
        "u_d": -17.41845029182452,
        "p": 9.43851603956516,
        "n": 6.309412552308499,
        "f": 7.6589808360864815,
        "b": 8.088947755787178,
        "u": 0,
        "d": 17.41845029182452
    },
    "chavishindler": {
        "p_n": 1.4464579119791328,
        "f_b": -0.30552331981553316,
        "u_d": -17.49508142915072,
        "p": 9.147457232764332,
        "n": 7.700999320785199,
        "f": 8.271466616866999,
        "b": 8.576989936682532,
        "u": -17.49508142915072,
        "d": 0
    },
    "rajagopal14": {
        "p_n": 2.9746254525331324,
        "f_b": 0.05793086139383252,
        "u_d": -16.287480874549296,
        "p": 9.2303983776501,
        "n": 6.255772925116968,
        "f": 7.77205108208045,
        "b": 7.714120220686618,
        "u": 0,
        "d": 16.287480874549296
    },
    "sconix": {
        "p_n": 2.694681576873302,
        "f_b": -0.059253098478137645,
        "u_d": -15.616820470658231,
        "p": 9.629051269816681,
        "n": 6.934369692943379,
        "f": 8.252083932140962,
        "b": 8.3113370306191,
        "u": 0,
        "d": 15.616820470658231
    },
    "TyGp": {
        "p_n": 3.266438280474974,
        "f_b": 1.0033337111287626,
        "u_d": -16.185475870676008,
        "p": 8.991947480488204,
        "n": 5.72550920001323,
        "f": 7.860395195815098,
        "b": 6.857061484686335,
        "u": 0,
        "d": 16.185475870676008
    },
    "Joseph7451797": {
        "p_n": 1.8532699618248483,
        "f_b": -0.6439643253673397,
        "u_d": -17.45613264894764,
        "p": 9.058183100565532,
        "n": 7.204913138740684,
        "f": 7.809565956969439,
        "b": 8.453530282336779,
        "u": -17.45613264894764,
        "d": 0
    }
}