{
    "wdullaer": {
        "p_n": 2.0012180479412303,
        "f_b": -0.5437154111798828,
        "u_d": -16.614347612903284,
        "p": 9.140428161032137,
        "n": 7.139210113090907,
        "f": 7.8679614314715804,
        "b": 8.411676842651463,
        "u": 0,
        "d": 16.614347612903284
    },
    "dimsuz": {
        "p_n": 2.172846767502236,
        "f_b": 0.16714171379735276,
        "u_d": -17.140674177930155,
        "p": 9.583707070493611,
        "n": 7.4108603029913755,
        "f": 8.58085454364117,
        "b": 8.413712829843817,
        "u": 0,
        "d": 17.140674177930155
    },
    "chanakin": {
        "p_n": 1.9373080767095345,
        "f_b": -0.8054138638435973,
        "u_d": -17.461309387826212,
        "p": 9.119381114631288,
        "n": 7.182073037921754,
        "f": 7.748020144354722,
        "b": 8.55343400819832,
        "u": 0,
        "d": 17.461309387826212
    },
    "Jawnnypoo": {
        "p_n": 1.9844834280231183,
        "f_b": 0.012148909380622186,
        "u_d": -17.10745373765711,
        "p": 9.554661957132627,
        "n": 7.5701785291095085,
        "f": 8.56849469781138,
        "b": 8.556345788430757,
        "u": 0,
        "d": 17.10745373765711
    },
    "Ghostish": {
        "p_n": 1.6983334191240331,
        "f_b": -0.6555665420762864,
        "u_d": -16.203278279867387,
        "p": 8.575215639745654,
        "n": 6.876882220621621,
        "f": 7.398265659145494,
        "b": 8.05383220122178,
        "u": 0,
        "d": 16.203278279867387
    },
    "nomanr": {
        "p_n": 2.581545883638112,
        "f_b": -0.48301935499430027,
        "u_d": -16.711004941982672,
        "p": 9.060555539686975,
        "n": 6.479009656048863,
        "f": 7.528272920370768,
        "b": 8.011292275365069,
        "u": 0,
        "d": 16.711004941982672
    },
    "digithree": {
        "p_n": 2.2543895322079415,
        "f_b": -0.2197872286716418,
        "u_d": -17.456568964053577,
        "p": 9.186695580514979,
        "n": 6.932306048307037,
        "f": 7.949607200075187,
        "b": 8.169394428746829,
        "u": -17.456568964053577,
        "d": 0
    },
    "paulblessing": {
        "p_n": 1.939954960469267,
        "f_b": -0.2967148763476253,
        "u_d": -17.38644768426686,
        "p": 9.385327531126574,
        "n": 7.445372570657307,
        "f": 8.266992612718129,
        "b": 8.563707489065754,
        "u": 0,
        "d": 17.38644768426686
    },
    "FranclisJunior": {
        "p_n": 2.190111124234674,
        "f_b": -0.10124938134254524,
        "u_d": -15.364989706130038,
        "p": 8.546720547534857,
        "n": 6.356609423300183,
        "f": 7.401040294746248,
        "b": 7.502289676088793,
        "u": 0,
        "d": 15.364989706130038
    },
    "kombadzomba": {
        "p_n": 2.247085873788931,
        "f_b": 0.04926044992085998,
        "u_d": -17.46664360734561,
        "p": 9.603354391468283,
        "n": 7.356268517679352,
        "f": 8.504441679534247,
        "b": 8.455181229613387,
        "u": -17.46664360734561,
        "d": 0
    },
    "PrafullaKumarSahu": {
        "p_n": 2.288531854277096,
        "f_b": 0.6881709664768572,
        "u_d": -17.74631895389296,
        "p": 8.966968299643616,
        "n": 6.67843644536652,
        "f": 8.166787855743497,
        "b": 7.47861688926664,
        "u": 0,
        "d": 17.74631895389296
    },
    "Meggi07": {
        "p_n": 1.875260455263712,
        "f_b": -0.48609054042225264,
        "u_d": -17.48618097776969,
        "p": 8.984254624968251,
        "n": 7.108994169704539,
        "f": 7.803579127125269,
        "b": 8.289669667547521,
        "u": -17.48618097776969,
        "d": 0
    },
    "meddd": {
        "p_n": 2.65897141036705,
        "f_b": 1.068165123283154,
        "u_d": -17.03468685057168,
        "p": 9.188975112276506,
        "n": 6.530003701909456,
        "f": 8.393571968734557,
        "b": 7.325406845451403,
        "u": 0,
        "d": 17.03468685057168
    },
    "omarzl": {
        "p_n": 1.5957252948378136,
        "f_b": -0.8678128807782439,
        "u_d": -15.256356634654297,
        "p": 9.0396537300501,
        "n": 7.443928435212286,
        "f": 7.807884642242071,
        "b": 8.675697523020315,
        "u": 0,
        "d": 15.256356634654297
    },
    "aga8541": {
        "p_n": 2.8429102956431986,
        "f_b": 1.2334451643671374,
        "u_d": -14.91030904649854,
        "p": 8.73584105895635,
        "n": 5.892930763313151,
        "f": 7.931108493318319,
        "b": 6.697663328951181,
        "u": 0,
        "d": 14.91030904649854
    },
    "carlonzo": {
        "p_n": 2.230826490134554,
        "f_b": -0.08673074588978835,
        "u_d": -17.84947242104529,
        "p": 9.651511532974467,
        "n": 7.420685042839914,
        "f": 8.492732914962296,
        "b": 8.579463660852085,
        "u": 0,
        "d": 17.84947242104529
    },
    "NCrouther": {
        "p_n": 2.3353603801273533,
        "f_b": 0.3504754750217831,
        "u_d": -17.022811442632054,
        "p": 8.824169580145707,
        "n": 6.488809200018354,
        "f": 7.831727127592922,
        "b": 7.481251652571139,
        "u": 0,
        "d": 17.022811442632054
    },
    "johnson55110": {
        "p_n": 1.8278759019731385,
        "f_b": 0.1142725036952239,
        "u_d": -17.453535515563342,
        "p": 9.170639453851678,
        "n": 7.342763551878539,
        "f": 8.31383775471272,
        "b": 8.199565251017496,
        "u": -17.453535515563342,
        "d": 0
    },
    "laalto": {
        "p_n": 2.953123821012503,
        "f_b": -0.35978372887388943,
        "u_d": -16.159507616181706,
        "p": 9.21422581330448,
        "n": 6.2611019922919775,
        "f": 7.557772038361284,
        "b": 7.917555767235173,
        "u": 0,
        "d": 16.159507616181706
    },
    "jerry33": {
        "p_n": 2.0820159243849456,
        "f_b": -0.3722953489677039,
        "u_d": -16.847872240974006,
        "p": 8.995194325962903,
        "n": 6.913178401577957,
        "f": 7.768038689286577,
        "b": 8.14033403825428,
        "u": 0,
        "d": 16.847872240974006
    },
    "jirevwe": {
        "p_n": 2.377394902097117,
        "f_b": 0.6688702826294879,
        "u_d": -17.705258243446,
        "p": 8.984869115705553,
        "n": 6.607474213608437,
        "f": 8.13060680597174,
        "b": 7.4617365233422515,
        "u": 0,
        "d": 17.705258243446
    },
    "LaserStony": {
        "p_n": 2.51796841273978,
        "f_b": 0.6629592873501409,
        "u_d": -17.496408068501275,
        "p": 8.951132665050872,
        "n": 6.433164252311093,
        "f": 8.023628102356053,
        "b": 7.360668815005912,
        "u": -17.496408068501275,
        "d": 0
    },
    "chdh": {
        "p_n": 2.2499636102672547,
        "f_b": 0.3666908961634947,
        "u_d": -17.44198609741164,
        "p": 8.962340972483384,
        "n": 6.712377362216129,
        "f": 8.020704615431503,
        "b": 7.654013719268009,
        "u": 0,
        "d": 17.44198609741164
    }
}