{
    "yuku": {
        "p_n": 1.8062562621453235,
        "f_b": 0.2600733844401173,
        "u_d": -17.481915384396817,
        "p": 9.64466398191654,
        "n": 7.838407719771217,
        "f": 8.871572543063937,
        "b": 8.61149915862382,
        "u": -17.481915384396817,
        "d": 0
    },
    "lpsBetty": {
        "p_n": 2.04593579070253,
        "f_b": -0.45463391428291544,
        "u_d": -15.72660174556138,
        "p": 9.227135858039073,
        "n": 7.181200067336543,
        "f": 7.976851005546351,
        "b": 8.431484919829266,
        "u": 0,
        "d": 15.72660174556138
    },
    "mikol": {
        "p_n": 2.525759892759611,
        "f_b": 0.041068751389707,
        "u_d": -17.49337412174188,
        "p": 9.568556494155745,
        "n": 7.042796601396134,
        "f": 8.326210923470793,
        "b": 8.285142172081086,
        "u": -17.49337412174188,
        "d": 0
    },
    "marcogrcr": {
        "p_n": 2.0255068520048987,
        "f_b": -0.5152433105747534,
        "u_d": -17.485157325514567,
        "p": 9.329986085735662,
        "n": 7.304479233730763,
        "f": 8.059611004445836,
        "b": 8.57485431502059,
        "u": -17.485157325514567,
        "d": 0
    },
    "ThomasVandenbon": {
        "p_n": 2.75529816752052,
        "f_b": -0.27440828427002906,
        "u_d": -17.459867322012713,
        "p": 9.557923646267998,
        "n": 6.802625478747478,
        "f": 8.043070420372723,
        "b": 8.317478704642753,
        "u": 0,
        "d": 17.459867322012713
    }
}