{
    "zensh": {
        "p_n": 2.2999878370622646,
        "f_b": 0.6350041257588437,
        "u_d": -16.80629648733135,
        "p": 8.82039385338593,
        "n": 6.5204060163236655,
        "f": 7.98790199773422,
        "b": 7.352897871975376,
        "u": 0,
        "d": 16.80629648733135
    },
    "softlight0629": {
        "p_n": 2.548890315600228,
        "f_b": 0.8691665024400717,
        "u_d": -17.188180537935036,
        "p": 9.167784456690741,
        "n": 6.6188941410905135,
        "f": 8.327922550110664,
        "b": 7.458756047670592,
        "u": 0,
        "d": 17.188180537935036
    }
}