{
    "ztellman": {
        "p_n": 2.411319412788761,
        "f_b": -0.3965357219717216,
        "u_d": -17.487806819032848,
        "p": 9.526688747740183,
        "n": 7.1153693349514215,
        "f": 8.12276118035994,
        "b": 8.519296902331662,
        "u": 0,
        "d": 17.487806819032848
    },
    "DomKM": {
        "p_n": 1.6237489383207002,
        "f_b": -0.9117444097889686,
        "u_d": -17.98925229768073,
        "p": 9.215146518718946,
        "n": 7.591397580398246,
        "f": 7.947399844664111,
        "b": 8.85914425445308,
        "u": 0,
        "d": 17.98925229768073
    },
    "timvisher": {
        "p_n": 2.933245580950148,
        "f_b": -0.19859776387420336,
        "u_d": -16.816948692149097,
        "p": 9.334398890672087,
        "n": 6.4011533097219395,
        "f": 7.768477218259912,
        "b": 7.967074982134116,
        "u": 0,
        "d": 16.816948692149097
    },
    "jjl": {
        "p_n": 2.8504323356337196,
        "f_b": 0.5295616058064825,
        "u_d": -15.956977321085207,
        "p": 8.944671393648676,
        "n": 6.094239058014956,
        "f": 7.784236028735058,
        "b": 7.254674422928575,
        "u": 0,
        "d": 15.956977321085207
    },
    "tangrammer": {
        "p_n": 2.6108182948519403,
        "f_b": 0.03964606920343705,
        "u_d": -15.03271310894748,
        "p": 8.708180417672251,
        "n": 6.097362122820311,
        "f": 7.422594304847999,
        "b": 7.382948235644562,
        "u": 0,
        "d": 15.03271310894748
    }
}