{
    "ztellman": {
        "p_n": 2.4364566761749558,
        "f_b": -0.45029332503872155,
        "u_d": -17.06597934953139,
        "p": 9.349598354773347,
        "n": 6.913141678598391,
        "f": 7.906223354166508,
        "b": 8.35651667920523,
        "u": 0,
        "d": 17.06597934953139
    },
    "lnostdal": {
        "p_n": 2.969149686117496,
        "f_b": -0.1984727020880399,
        "u_d": -17.4471537270909,
        "p": 9.633166267793108,
        "n": 6.664016581675612,
        "f": 8.04935507369034,
        "b": 8.24782777577838,
        "u": 0,
        "d": 17.4471537270909
    },
    "markjfisher": {
        "p_n": 2.272854205440545,
        "f_b": -0.6260340461640403,
        "u_d": -17.004523927172304,
        "p": 8.929585380750073,
        "n": 6.6567311753095275,
        "f": 7.48014125494778,
        "b": 8.10617530111182,
        "u": 0,
        "d": 17.004523927172304
    },
    "chiaolun": {
        "p_n": 1.8447196356669302,
        "f_b": -0.3310469155822169,
        "u_d": -17.490309156329886,
        "p": 8.993327760985807,
        "n": 7.1486081253188765,
        "f": 7.905444485361233,
        "b": 8.23649140094345,
        "u": -17.490309156329886,
        "d": 0
    }
}