{
    "confusion": [
        [
            74,
            101
        ],
        [
            62,
            593
        ]
    ],
    "confusion prop": [
        [
            0.0891566265060241,
            0.1216867469879518
        ],
        [
            0.0746987951807229,
            0.7144578313253012
        ]
    ],
    "f1": 0.8791697553743514,
    "precision": 0.8544668587896254,
    "recall": 0.9053435114503817,
    "test": {
        "best threshold": 0.4550803005695343,
        "confusion": [
            [
                9,
                8
            ],
            [
                3,
                66
            ]
        ],
        "f1": 0.9230769230769231,
        "precision": 0.8918918918918919,
        "recall": 0.9565217391304348
    }
}