{
    "albertz": {
        "openness": 0.7874218945403819,
        "conscientiousness": 0.6037290643711476,
        "extraversion": 0.453524389479806,
        "agreeableness": 0.6695738039943329,
        "neuroticism": 0.5045533501052643
    },
    "abrasive": {
        "openness": 0.8103941924026234,
        "conscientiousness": 0.5957448798369205,
        "extraversion": 0.483427082967841,
        "agreeableness": 0.6290361022636404,
        "neuroticism": 0.5204290869002598
    },
    "srcshelton": {
        "openness": 0.8019789171609089,
        "conscientiousness": 0.5775177169511415,
        "extraversion": 0.4680637045210228,
        "agreeableness": 0.6189634141563733,
        "neuroticism": 0.5195507997651686
    },
    "ffainelli": {
        "openness": 0.7218760249890426,
        "conscientiousness": 0.5692870475717177,
        "extraversion": 0.4957333799266871,
        "agreeableness": 0.6630129852688649,
        "neuroticism": 0.43308440151615124
    },
    "therealmuffin": {
        "openness": 0.7600447112338148,
        "conscientiousness": 0.6044564213043042,
        "extraversion": 0.49331584702616277,
        "agreeableness": 0.6685936802704776,
        "neuroticism": 0.47102114455551547
    },
    "plietar": {
        "openness": 0.7903815326669306,
        "conscientiousness": 0.5754703469436588,
        "extraversion": 0.4766470597106244,
        "agreeableness": 0.5945244189537611,
        "neuroticism": 0.5081002427308635
    },
    "Nachtzuster": {
        "openness": 0.8024835495650872,
        "conscientiousness": 0.5864752404275907,
        "extraversion": 0.46667079543876955,
        "agreeableness": 0.6068145385106873,
        "neuroticism": 0.5083482598122415
    },
    "BewickPlace": {
        "openness": 0.7820754805718159,
        "conscientiousness": 0.5812804481896233,
        "extraversion": 0.46250110180882886,
        "agreeableness": 0.5947878935401522,
        "neuroticism": 0.4626036684689872
    },
    "mcantarutti": {
        "openness": 0.7245832580866188,
        "conscientiousness": 0.6063354819479735,
        "extraversion": 0.4965721118533405,
        "agreeableness": 0.6684286877515053,
        "neuroticism": 0.4440610316303485
    },
    "greend139": {
        "openness": 0.7382400827548397,
        "conscientiousness": 0.610050034757023,
        "extraversion": 0.5024888143082873,
        "agreeableness": 0.6919346037373744,
        "neuroticism": 0.4316338994503095
    },
    "mikebrady": {
        "openness": 0.7816477738638979,
        "conscientiousness": 0.5816348093332222,
        "extraversion": 0.4465294194246514,
        "agreeableness": 0.61405235639123,
        "neuroticism": 0.4812118620892987
    },
    "yenchee1970": {
        "openness": 0.7843038258282383,
        "conscientiousness": 0.6270125113849443,
        "extraversion": 0.4803773745489952,
        "agreeableness": 0.6012127443466662,
        "neuroticism": 0.5305060119405453
    },
    "mantheman": {
        "openness": 0.7905750749808251,
        "conscientiousness": 0.5373979476288004,
        "extraversion": 0.45497062965746304,
        "agreeableness": 0.5841235275129897,
        "neuroticism": 0.4727582464816793
    },
    "ghost": {
        "openness": 0.7948945638435938,
        "conscientiousness": 0.5895913288709906,
        "extraversion": 0.5220710335369259,
        "agreeableness": 0.5991714778637083,
        "neuroticism": 0.531599709077781
    }
}