{
    "acdlite": {
        "openness": 0.8570987488552819,
        "conscientiousness": 0.5878179050708775,
        "extraversion": 0.4959976571808792,
        "agreeableness": 0.6403994892658323,
        "neuroticism": 0.48908856684054425
    },
    "clearjs": {
        "openness": 0.8442428316002601,
        "conscientiousness": 0.602697054475344,
        "extraversion": 0.4899836723202371,
        "agreeableness": 0.6458463321526362,
        "neuroticism": 0.5064722074806558
    },
    "tappleby": {
        "openness": 0.8557560292544368,
        "conscientiousness": 0.5830002014960514,
        "extraversion": 0.4890625720110773,
        "agreeableness": 0.6529515544766499,
        "neuroticism": 0.4939847442300135
    },
    "taion": {
        "openness": 0.8470032041594956,
        "conscientiousness": 0.570045221466128,
        "extraversion": 0.4952219761420251,
        "agreeableness": 0.6319470527448545,
        "neuroticism": 0.48201732954191256
    },
    "goatslacker": {
        "openness": 0.872316934299775,
        "conscientiousness": 0.5524358401211494,
        "extraversion": 0.5145157837074308,
        "agreeableness": 0.6272456969013458,
        "neuroticism": 0.4836312253355568
    },
    "idolize": {
        "openness": 0.8472399280291861,
        "conscientiousness": 0.5913991717365479,
        "extraversion": 0.44432829302891674,
        "agreeableness": 0.6178572916860516,
        "neuroticism": 0.5206354877477366
    },
    "valscion": {
        "openness": 0.8373844068224722,
        "conscientiousness": 0.6250393158535084,
        "extraversion": 0.48219222941744017,
        "agreeableness": 0.6826747749831398,
        "neuroticism": 0.516596219311251
    },
    "JaKXz": {
        "openness": 0.8244857203014768,
        "conscientiousness": 0.6251456602420059,
        "extraversion": 0.4895583776538619,
        "agreeableness": 0.7039457149575508,
        "neuroticism": 0.4792121324162767
    },
    "tomatau": {
        "openness": 0.8312355681929593,
        "conscientiousness": 0.5996099338128471,
        "extraversion": 0.5016021907537889,
        "agreeableness": 0.6174577582460298,
        "neuroticism": 0.5412649959353621
    },
    "GantMan": {
        "openness": 0.84586174165316,
        "conscientiousness": 0.6691890817821018,
        "extraversion": 0.5410112773704361,
        "agreeableness": 0.691395959604918,
        "neuroticism": 0.5383292479292532
    },
    "coveralls": {
        "openness": 0.7160468733582308,
        "conscientiousness": 0.6193517002439606,
        "extraversion": 0.5119569181096965,
        "agreeableness": 0.7028396381817121,
        "neuroticism": 0.47919920853084086
    },
    "unional": {
        "openness": 0.8368860004169781,
        "conscientiousness": 0.6417627187959466,
        "extraversion": 0.4725269223432764,
        "agreeableness": 0.6375317503882176,
        "neuroticism": 0.5398830042466283
    },
    "greenkeeper[bot]": {
        "openness": 0.7538623391071408,
        "conscientiousness": 0.6003492678133577,
        "extraversion": 0.3711210104727056,
        "agreeableness": 0.6188083253512212,
        "neuroticism": 0.49645261807916
    },
    "codecov[bot]": {
        "openness": 0.7886176806683542,
        "conscientiousness": 0.6048917872674506,
        "extraversion": 0.49800285216277596,
        "agreeableness": 0.7321173572565834,
        "neuroticism": 0.5015196978706056
    },
    "couven92": {
        "openness": 0.8227852075151183,
        "conscientiousness": 0.5878067639641161,
        "extraversion": 0.49795572207601824,
        "agreeableness": 0.5983407570310668,
        "neuroticism": 0.4852464154029188
    }
}