{
    "alignedleft": {
        "openness": 0.8421069308400275,
        "conscientiousness": 0.6843696780782293,
        "extraversion": 0.49400807321013357,
        "agreeableness": 0.6920393407446028,
        "neuroticism": 0.5465211590212459
    },
    "ExtremelySeriousChicken": {
        "openness": 0.7690662151042543,
        "conscientiousness": 0.6210681851283752,
        "extraversion": 0.4847504827320406,
        "agreeableness": 0.6666511517372399,
        "neuroticism": 0.5085459584674639
    }
}