{
    "ProLoser": {
        "openness": 0.8101292997102302,
        "conscientiousness": 0.5926031030743566,
        "extraversion": 0.4994094785261045,
        "agreeableness": 0.6409141755933736,
        "neuroticism": 0.49893886924213054
    },
    "douglasduteil": {
        "openness": 0.7942322544462659,
        "conscientiousness": 0.5990083385547338,
        "extraversion": 0.46179867992272616,
        "agreeableness": 0.6260041223865992,
        "neuroticism": 0.5089955606099517
    },
    "shaungrady": {
        "openness": 0.8444348899048209,
        "conscientiousness": 0.569505897408279,
        "extraversion": 0.4676565007298054,
        "agreeableness": 0.6062769744131007,
        "neuroticism": 0.5017293746438167
    },
    "dturkenk": {
        "openness": 0.7803269182964343,
        "conscientiousness": 0.5684185522846957,
        "extraversion": 0.389527883034635,
        "agreeableness": 0.5833023018616738,
        "neuroticism": 0.44996788411040445
    },
    "PowerKiKi": {
        "openness": 0.8107678223629146,
        "conscientiousness": 0.5773961466168152,
        "extraversion": 0.5041009488812002,
        "agreeableness": 0.685543234625376,
        "neuroticism": 0.43750282159600534
    },
    "arnaudbreton": {
        "openness": 0.7973475399552215,
        "conscientiousness": 0.5863654987249135,
        "extraversion": 0.43290915229367466,
        "agreeableness": 0.6598605826667507,
        "neuroticism": 0.46845686249098517
    },
    "pocesar": {
        "openness": 0.8156983002148861,
        "conscientiousness": 0.5935640632904396,
        "extraversion": 0.4420474556640892,
        "agreeableness": 0.6059245128816995,
        "neuroticism": 0.5303704215712143
    },
    "wesleycoder-zz": {
        "openness": 0.8152910686571955,
        "conscientiousness": 0.5719620545069259,
        "extraversion": 0.4423279331063083,
        "agreeableness": 0.6047440121659426,
        "neuroticism": 0.5231235818179099
    },
    "petebacondarwin": {
        "openness": 0.8217328089723519,
        "conscientiousness": 0.6452098462004323,
        "extraversion": 0.5047385895322021,
        "agreeableness": 0.6708223211148958,
        "neuroticism": 0.5507223995592188
    },
    "thetrevdev": {
        "openness": 0.8415779014868752,
        "conscientiousness": 0.5808481373101485,
        "extraversion": 0.48801369317029575,
        "agreeableness": 0.6309397263426528,
        "neuroticism": 0.47797092000688196
    },
    "mc00lidge": {
        "openness": 0.8451585050111766,
        "conscientiousness": 0.628178741268177,
        "extraversion": 0.47614268468471005,
        "agreeableness": 0.6032435173150776,
        "neuroticism": 0.5443899017195031
    },
    "armyofda12mnkeys": {
        "openness": 0.7743258232851267,
        "conscientiousness": 0.5842145078005936,
        "extraversion": 0.5410540394564791,
        "agreeableness": 0.6119878022157421,
        "neuroticism": 0.5686950095794763
    },
    "aidanhs": {
        "openness": 0.8256633099103821,
        "conscientiousness": 0.5950756714318632,
        "extraversion": 0.4422775275150002,
        "agreeableness": 0.6798255776353748,
        "neuroticism": 0.4911201135277076
    },
    "mfeingold": {
        "openness": 0.8336660762442394,
        "conscientiousness": 0.621410229375223,
        "extraversion": 0.47749443740175523,
        "agreeableness": 0.6269854188195747,
        "neuroticism": 0.5171377045428953
    },
    "vinniefranco": {
        "openness": 0.8065976458085816,
        "conscientiousness": 0.599366879788298,
        "extraversion": 0.4583118857336122,
        "agreeableness": 0.6495959271252167,
        "neuroticism": 0.49108075216529046
    },
    "solidspark": {
        "openness": 0.7770486877355599,
        "conscientiousness": 0.6358062183043639,
        "extraversion": 0.552268969564807,
        "agreeableness": 0.6542620778429078,
        "neuroticism": 0.5516185760613659
    },
    "dhbaird": {
        "openness": 0.8357972902460508,
        "conscientiousness": 0.6067853962700113,
        "extraversion": 0.46393900477301186,
        "agreeableness": 0.6331438783432539,
        "neuroticism": 0.4713667809143201
    },
    "jcampbell1": {
        "openness": 0.7945810542058955,
        "conscientiousness": 0.6228287037701066,
        "extraversion": 0.5101709186860892,
        "agreeableness": 0.6458443943528793,
        "neuroticism": 0.5274360494632793
    },
    "raykin": {
        "openness": 0.8043326574606665,
        "conscientiousness": 0.5283585272660392,
        "extraversion": 0.5112171854305685,
        "agreeableness": 0.6269593578634913,
        "neuroticism": 0.4482595114585193
    },
    "marklagendijk": {
        "openness": 0.8404467712075121,
        "conscientiousness": 0.5935968407503247,
        "extraversion": 0.42260124354725154,
        "agreeableness": 0.6357348501748036,
        "neuroticism": 0.49466158782798575
    },
    "victorb": {
        "openness": 0.7845504897288081,
        "conscientiousness": 0.5508243402975719,
        "extraversion": 0.4869785241693909,
        "agreeableness": 0.6417463768067673,
        "neuroticism": 0.44295220149853676
    },
    "kadamwhite": {
        "openness": 0.7944409473241203,
        "conscientiousness": 0.5667809959274315,
        "extraversion": 0.4598790720971023,
        "agreeableness": 0.6246392030328637,
        "neuroticism": 0.4861579773825229
    },
    "mhworth": {
        "openness": 0.7977068087345526,
        "conscientiousness": 0.5996007092058883,
        "extraversion": 0.4831411633938818,
        "agreeableness": 0.6266915741437806,
        "neuroticism": 0.5157196685915548
    },
    "theothermattm": {
        "openness": 0.8447951931492181,
        "conscientiousness": 0.5690356906516427,
        "extraversion": 0.4714058001029682,
        "agreeableness": 0.6639943912921782,
        "neuroticism": 0.45682464175654236
    },
    "rickhuizinga": {
        "openness": 0.8463788767092956,
        "conscientiousness": 0.6219836805094187,
        "extraversion": 0.4873927021001523,
        "agreeableness": 0.6105111166895593,
        "neuroticism": 0.5201418609720008
    },
    "mlenser": {
        "openness": 0.7741614093322114,
        "conscientiousness": 0.5423326018721932,
        "extraversion": 0.405762835734626,
        "agreeableness": 0.5981035014909266,
        "neuroticism": 0.4656535096595805
    },
    "brandly": {
        "openness": 0.8381595625489251,
        "conscientiousness": 0.5638211759296871,
        "extraversion": 0.4596540470728023,
        "agreeableness": 0.6573848189745573,
        "neuroticism": 0.4944165575231444
    },
    "joegaudet": {
        "openness": 0.8027868097119952,
        "conscientiousness": 0.585825259021373,
        "extraversion": 0.5104363741952374,
        "agreeableness": 0.6653727770043328,
        "neuroticism": 0.514069163357875
    },
    "blueimp": {
        "openness": 0.8365893507863331,
        "conscientiousness": 0.5992511945162156,
        "extraversion": 0.4820637968952587,
        "agreeableness": 0.5995817691402993,
        "neuroticism": 0.5069534682789452
    },
    "sturobo": {
        "openness": 0.7845512754291367,
        "conscientiousness": 0.6007927872190432,
        "extraversion": 0.4876071247117251,
        "agreeableness": 0.6591507087566768,
        "neuroticism": 0.4967546093285112
    },
    "linagee": {
        "openness": 0.7575403925212543,
        "conscientiousness": 0.5999152634490492,
        "extraversion": 0.4666334069771465,
        "agreeableness": 0.6012267866749841,
        "neuroticism": 0.5867925976004067
    },
    "shanealsingh": {
        "openness": 0.8425325755895379,
        "conscientiousness": 0.5838561130680039,
        "extraversion": 0.4862369748376038,
        "agreeableness": 0.6114611118174321,
        "neuroticism": 0.52316413050868
    },
    "ghost": {
        "openness": 0.790164831786629,