{
    "antimatter15": {
        "openness": 0.8194854492000694,
        "conscientiousness": 0.6102147444456679,
        "extraversion": 0.5493860509940874,
        "agreeableness": 0.6626215169180055,
        "neuroticism": 0.528987181184572
    },
    "josepssv": {
        "openness": 0.7997009598136566,
        "conscientiousness": 0.6042634676220919,
        "extraversion": 0.5849104399725038,
        "agreeableness": 0.684108481264593,
        "neuroticism": 0.4858139210629958
    },
    "rikartn": {
        "openness": 0.8353589955835493,
        "conscientiousness": 0.6189173391314285,
        "extraversion": 0.4572111030697469,
        "agreeableness": 0.6911295593667777,
        "neuroticism": 0.5266710052240151
    }
}