{
    "serac": {
        "openness": 0.8271615954184444,
        "conscientiousness": 0.612254326175442,
        "extraversion": 0.49792063806366893,
        "agreeableness": 0.6553490226963895,
        "neuroticism": 0.5076381648350845
    },
    "battags": {
        "openness": 0.8116931510032668,
        "conscientiousness": 0.6092717979655128,
        "extraversion": 0.4854540416112719,
        "agreeableness": 0.650273850249948,
        "neuroticism": 0.5080036611179164
    },
    "frett": {
        "openness": 0.8058266612163238,
        "conscientiousness": 0.6062454868225202,
        "extraversion": 0.468202598908193,
        "agreeableness": 0.619878321307867,
        "neuroticism": 0.5079077679189825
    },
    "wgthom": {
        "openness": 0.8259137437971931,
        "conscientiousness": 0.6106635993075273,
        "extraversion": 0.531772823105437,
        "agreeableness": 0.6570938864344302,
        "neuroticism": 0.5202313252933585
    },
    "apetro": {
        "openness": 0.8183619536852054,
        "conscientiousness": 0.5778398040039419,
        "extraversion": 0.5040530982270235,
        "agreeableness": 0.6410044372927082,
        "neuroticism": 0.5024007727430639
    },
    "jdlich": {
        "openness": 0.8454396139492267,
        "conscientiousness": 0.5924701986201185,
        "extraversion": 0.4751749438094732,
        "agreeableness": 0.638192591854055,
        "neuroticism": 0.48368060629830034
    },
    "dima767": {
        "openness": 0.7973878227622423,
        "conscientiousness": 0.6027916369573606,
        "extraversion": 0.502315167956658,
        "agreeableness": 0.6242588309273271,
        "neuroticism": 0.5078172896110716
    },
    "mmoayyed": {
        "openness": 0.8215831327996238,
        "conscientiousness": 0.6220963406814902,
        "extraversion": 0.4907333757127081,
        "agreeableness": 0.6514792988388471,
        "neuroticism": 0.5081186144220183
    },
    "leleuj": {
        "openness": 0.7963519490418858,
        "conscientiousness": 0.5928306887835246,
        "extraversion": 0.47400082559882956,
        "agreeableness": 0.6209747963021002,
        "neuroticism": 0.508161927215314
    },
    "pdrados": {
        "openness": 0.8258647625718137,
        "conscientiousness": 0.6095196140122541,
        "extraversion": 0.48498930083002734,
        "agreeableness": 0.6540527393459503,
        "neuroticism": 0.519206181213731
    },
    "jdpgrailsdev": {
        "openness": 0.818366116578439,
        "conscientiousness": 0.6439672308526687,
        "extraversion": 0.486496459961946,
        "agreeableness": 0.5922346977705151,
        "neuroticism": 0.5969621529304034
    },
    "edomazlicky": {
        "openness": 0.7881732601790932,
        "conscientiousness": 0.6101857132416154,
        "extraversion": 0.4397443692908788,
        "agreeableness": 0.5652141405230904,
        "neuroticism": 0.5191695718095366
    },
    "robertoschwald": {
        "openness": 0.820144902315528,
        "conscientiousness": 0.6222706042663382,
        "extraversion": 0.4799067486010308,
        "agreeableness": 0.6328845048238737,
        "neuroticism": 0.5301427330115506
    },
    "fjollberg": {
        "openness": 0.8312716215278002,
        "conscientiousness": 0.590909544675279,
        "extraversion": 0.4469292704804375,
        "agreeableness": 0.6255965193965174,
        "neuroticism": 0.48534237314583906
    },
    "joemccall86": {
        "openness": 0.8194769541142278,
        "conscientiousness": 0.6255803577377435,
        "extraversion": 0.5089278045481611,
        "agreeableness": 0.6381540287602936,
        "neuroticism": 0.5512174470644715
    },
    "spaetow": {
        "openness": 0.8055761720815149,
        "conscientiousness": 0.5734186054653302,
        "extraversion": 0.47444193261559797,
        "agreeableness": 0.6458532205361616,
        "neuroticism": 0.48862735016585557
    },
    "coveralls": {
        "openness": 0.7091830721783583,
        "conscientiousness": 0.6179002319846767,
        "extraversion": 0.5125696359794318,
        "agreeableness": 0.7070550551939357,
        "neuroticism": 0.46872527006809794
    },
    "rdev5": {
        "openness": 0.7854066790265962,
        "conscientiousness": 0.6147079215782228,
        "extraversion": 0.48168609467573853,
        "agreeableness": 0.6556829980160138,
        "neuroticism": 0.5169369534626722
    },
    "afolgado": {
        "openness": 0.8048383012200563,
        "conscientiousness": 0.6116948612184411,
        "extraversion": 0.47694997123497507,
        "agreeableness": 0.6012031716358565,
        "neuroticism": 0.5298084764841771
    },
    "seanrbaker": {
        "openness": 0.8302309817503757,
        "conscientiousness": 0.6258028952842128,
        "extraversion": 0.5122316186750827,
        "agreeableness": 0.6583556723392723,
        "neuroticism": 0.5256504214486061
    },
    "jtgasper3": {
        "openness": 0.8062541328870927,
        "conscientiousness": 0.5968608492206807,
        "extraversion": 0.5049521031992753,
        "agreeableness": 0.6395521445408938,
        "neuroticism": 0.5234165806604153
    },
    "dfish3r": {
        "openness": 0.8141250307713747,
        "conscientiousness": 0.5754562756079319,
        "extraversion": 0.49330888868508643,
        "agreeableness": 0.600949130723556,
        "neuroticism": 0.5090215765632868
    },
    "steve-gregory": {
        "openness": 0.7858215921490054,
        "conscientiousness": 0.5816617727641972,
        "extraversion": 0.5717027605423819,
        "agreeableness": 0.6765594614151973,
        "neuroticism": 0.5790411666864141
    },
    "archer308": {
        "openness": 0.8078437418511886,
        "conscientiousness": 0.5466114804903135,
        "extraversion": 0.4839662862395241,
        "agreeableness": 0.6469478946282377,
        "neuroticism": 0.48890449383914103
    },
    "skibaa": {
        "openness": 0.8170968287294633,
        "conscientiousness": 0.5783598253000771,
        "extraversion": 0.4562841516959919,
        "agreeableness": 0.5983772314694864,
        "neuroticism": 0.5032475385527653
    },
    "dacru-lcms": {
        "openness": 0.7118234093366231,
        "conscientiousness": 0.5717698706031918,
        "extraversion": 0.4893052456681717,
        "agreeableness": 0.6889633030322604,
        "neuroticism": 0.39585416728282874
    },
    "astik": {
        "openness": 0.7737707105438476,
        "conscientiousness": 0.5705799424819916,
        "extraversion": 0.5028458905740341,
        "agreeableness": 0.6157326543494748,
        "neuroticism": 0.5204559262611073
    },
    "baumgartner": {
        "openness": 0.8274249678944939,
        "conscientiousness": 0.6161569804710813,
        "extraversion": 0.5205663881906607,
        "agreeableness": 0.6600218420176662,
        "neuroticism": 0.5156757058140626
    },
    "scalding": {
        "openness": 0.8020971449881862,
        "conscientiousness": 0.6581269157573345,
        "extraversion": 0.5180242914734735,
        "agreeableness": 0.7078420056668093,
        "neuroticism": 0.5509150985035872
    },
    "jameswennmacher": {
        "openness": 0.828485406012718,
        "conscientiousness": 0.6072126087939846,
        "extraversion": 0.528289706794784,
        "agreeableness": 0.6489025316719255,
        "neuroticism": 0.5135374143899553
    },
    "tduehr": {
        "openness": 0.7958940381342328,
        "conscientiousness": 0.5865276582761192,
        "extraversion": 0.4316302024818322,
        "agreeableness": 0.622292661097378,
        "neuroticism": 0.49057348503822074
    },
    "arbner": {
        "openness": 0.8010061461742178,
        "conscientiousness": 0.6104472257483858,
        "extraversion": 0.4803368815754512,
        "agreeableness": 0.6528930102050785,
        "neuroticism": 0.5137209998704232
    },
    "PetrGasparik": {
        "openness": 0.7716971467596054,
        "conscientiousness": 0.6048434639748782,