{
    "asciimoo": {
        "openness": 0.8183898508490358,
        "conscientiousness": 0.6290066810340916,
        "extraversion": 0.5007031061556672,
        "agreeableness": 0.6522560704925318,
        "neuroticism": 0.5609898469464247
    },
    "okhin": {
        "openness": 0.8156229600987356,
        "conscientiousness": 0.5882774094292162,
        "extraversion": 0.4766094208805343,
        "agreeableness": 0.6446126894165475,
        "neuroticism": 0.5193746705996714
    },
    "stef": {
        "openness": 0.8299571946609168,
        "conscientiousness": 0.6022740243834805,
        "extraversion": 0.5111050033426314,
        "agreeableness": 0.6455500724718466,
        "neuroticism": 0.5174367183778588
    },
    "Zeriuno": {
        "openness": 0.8092445412354901,
        "conscientiousness": 0.5789979648708631,
        "extraversion": 0.46534554807997675,
        "agreeableness": 0.66289758296493,
        "neuroticism": 0.5204817902397615
    },
    "ibrokemypie": {
        "openness": 0.8068230964045732,
        "conscientiousness": 0.594612403180763,
        "extraversion": 0.5184220657575671,
        "agreeableness": 0.6179471686904627,
        "neuroticism": 0.5398063938030326
    },
    "HLFH": {
        "openness": 0.7641780618564692,
        "conscientiousness": 0.6118358301934497,
        "extraversion": 0.4608344090058692,
        "agreeableness": 0.6196868512784285,
        "neuroticism": 0.51296342945801
    },
    "ghost": {
        "openness": 0.7780691152730301,
        "conscientiousness": 0.5864257564149307,
        "extraversion": 0.4752826645137924,
        "agreeableness": 0.6173487967369423,
        "neuroticism": 0.506463106354931
    },
    "dalf": {
        "openness": 0.8149403186761645,
        "conscientiousness": 0.6025720989292835,
        "extraversion": 0.4788986617844675,
        "agreeableness": 0.6059182975549586,
        "neuroticism": 0.5524208300007887
    },
    "Fironet": {
        "openness": 0.8127806850681654,
        "conscientiousness": 0.5575076640638255,
        "extraversion": 0.43891998913817587,
        "agreeableness": 0.6305569114269582,
        "neuroticism": 0.4811604812767598
    },
    "kvch": {
        "openness": 0.8242574316472142,
        "conscientiousness": 0.6269191566679887,
        "extraversion": 0.48615365494186136,
        "agreeableness": 0.6418034608532888,
        "neuroticism": 0.5393445245949382
    },
    "pointhi": {
        "openness": 0.8140708621896469,
        "conscientiousness": 0.5884428322716312,
        "extraversion": 0.4713658599795637,
        "agreeableness": 0.606140805513248,
        "neuroticism": 0.5141830141325933
    },
    "Cqoicebordel": {
        "openness": 0.8205208463015875,
        "conscientiousness": 0.6187568879244495,
        "extraversion": 0.46125016234797656,
        "agreeableness": 0.650910202654482,
        "neuroticism": 0.5315386393254369
    },
    "xinomilo": {
        "openness": 0.7948798140822381,
        "conscientiousness": 0.5777828710087523,
        "extraversion": 0.5045881612291067,
        "agreeableness": 0.6349601096213682,
        "neuroticism": 0.5258685457161085
    },
    "josch": {
        "openness": 0.8196642968193742,
        "conscientiousness": 0.6098800989718663,
        "extraversion": 0.46890614717896495,
        "agreeableness": 0.6092722123200446,
        "neuroticism": 0.5325875073522452
    },
    "Reventl0v": {
        "openness": 0.7417985877000013,
        "conscientiousness": 0.5792622106815911,
        "extraversion": 0.48168831459791916,
        "agreeableness": 0.6326414746640366,
        "neuroticism": 0.5074494969792334
    },
    "virtadpt": {
        "openness": 0.8029376107964583,
        "conscientiousness": 0.5835273471244733,
        "extraversion": 0.4645294576448495,
        "agreeableness": 0.6162758548502795,
        "neuroticism": 0.5299262355418188
    },
    "Glandos": {
        "openness": 0.7888492556678782,
        "conscientiousness": 0.5779214846717973,
        "extraversion": 0.49682402699803435,
        "agreeableness": 0.6383099268408847,
        "neuroticism": 0.49062559697079017
    },
    "MarcAbonce": {
        "openness": 0.8138951146739788,
        "conscientiousness": 0.5947458519761819,
        "extraversion": 0.4858527471431662,
        "agreeableness": 0.6211342519164333,
        "neuroticism": 0.5256677906173852
    },
    "GreenLunar": {
        "openness": 0.8035472093836605,
        "conscientiousness": 0.6074827509680609,
        "extraversion": 0.4831771836104401,
        "agreeableness": 0.6484258036338182,
        "neuroticism": 0.5051170464350571
    },
    "cy8aer": {
        "openness": 0.8013479143400345,
        "conscientiousness": 0.5973903344359753,
        "extraversion": 0.4815266954971341,
        "agreeableness": 0.608748954342524,
        "neuroticism": 0.5279174673191542
    },
    "Trim": {
        "openness": 0.8167333035260553,
        "conscientiousness": 0.6003073009097913,
        "extraversion": 0.4783912226319874,
        "agreeableness": 0.6093801140581155,
        "neuroticism": 0.48834026145281056
    },
    "dimqua": {
        "openness": 0.800453464641751,
        "conscientiousness": 0.5743841192075839,
        "extraversion": 0.4695230788854038,
        "agreeableness": 0.6241468152113052,
        "neuroticism": 0.5046719363950373
    },
    "xavierle": {
        "openness": 0.8183981945281329,
        "conscientiousness": 0.6320526866032595,
        "extraversion": 0.517825252736737,
        "agreeableness": 0.662416653352631,
        "neuroticism": 0.5336975406225258
    },
    "BurungHantu1605": {
        "openness": 0.8138795751387317,
        "conscientiousness": 0.6577425990502053,
        "extraversion": 0.56407980226662,
        "agreeableness": 0.6959017761910906,
        "neuroticism": 0.5673037461166093
    },
    "g4jc": {
        "openness": 0.7886118394549985,
        "conscientiousness": 0.5796687561329313,
        "extraversion": 0.5081051728329462,
        "agreeableness": 0.6571704421598984,
        "neuroticism": 0.5202299617339032
    },
    "NIXOYE": {
        "openness": 0.7734557694177546,
        "conscientiousness": 0.5819108803121045,
        "extraversion": 0.48522859681018116,
        "agreeableness": 0.6230456376066182,
        "neuroticism": 0.5341179825754524
    },
    "austin1029": {
        "openness": 0.722108297075013,
        "conscientiousness": 0.598977737570045,
        "extraversion": 0.4516642244030521,
        "agreeableness": 0.6635649683732788,
        "neuroticism": 0.4124565458582818
    },
    "moritan": {
        "openness": 0.7800809929552686,
        "conscientiousness": 0.5855774566116897,
        "extraversion": 0.4433721942683623,
        "agreeableness": 0.608238047761247,
        "neuroticism": 0.5352362042158229
    },
    "tristan-k": {
        "openness": 0.716462007726113,
        "conscientiousness": 0.6092850474887894,
        "extraversion": 0.469144143700745,
        "agreeableness": 0.6958664554758606,
        "neuroticism": 0.37968711536472194
    },
    "virse": {
        "openness": 0.7935208983609588,
        "conscientiousness": 0.5889183150830843,
        "extraversion": 0.4795612680543368,
        "agreeableness": 0.637349946842471,
        "neuroticism": 0.5169650013957119
    },
    "jibe-b": {
        "openness": 0.8074816702056935,
        "conscientiousness": 0.6211029065250341,
        "extraversion": 0.4735840146290327,
        "agreeableness": 0.6352795467652173,
        "neuroticism": 0.5422258636788042
    },
    "loganmarchione": {
        "openness": 0.7747793286708794,
        "conscientiousness": 0.6136697905949731,
        "extraversion": 0.48792195792832244,
        "agreeableness": 0.6636667023084312,
        "neuroticism": 0.533365057614153
    },
    "Wonderfall": {
        "openness": 0.7912275998281051,
        "conscientiousness": 0.6145407254134125,
        "extraversion": 0.4685681042394868,