{
    "ashtuchkin": {
        "openness": 0.7951120713413414,
        "conscientiousness": 0.5880933710811062,
        "extraversion": 0.4985578813402294,
        "agreeableness": 0.637786044955007,
        "neuroticism": 0.5061941827200684
    },
    "fengmk2": {
        "openness": 0.7431915697439321,
        "conscientiousness": 0.629028842062736,
        "extraversion": 0.5351691827557745,
        "agreeableness": 0.6781290900846537,
        "neuroticism": 0.5154461655784692
    },
    "mscdex": {
        "openness": 0.806964126802624,
        "conscientiousness": 0.5545114341681432,
        "extraversion": 0.4737306843606626,
        "agreeableness": 0.5968039319957579,
        "neuroticism": 0.4614458555357501
    },
    "solatis": {
        "openness": 0.8411691301128496,
        "conscientiousness": 0.570243083229994,
        "extraversion": 0.5323388675480271,
        "agreeableness": 0.6466454402825392,
        "neuroticism": 0.49257637153089495
    },
    "dangibson": {
        "openness": 0.8372476987731565,
        "conscientiousness": 0.6361125516103205,
        "extraversion": 0.4566053078325084,
        "agreeableness": 0.6109594641472582,
        "neuroticism": 0.5435037917411133
    },
    "wu-yue": {
        "openness": 0.7942124545713989,
        "conscientiousness": 0.6051189494198261,
        "extraversion": 0.46710297449777083,
        "agreeableness": 0.6017141533619963,
        "neuroticism": 0.5197176567548416
    },
    "Mithgol": {
        "openness": 0.8570538869850093,
        "conscientiousness": 0.5692379123907222,
        "extraversion": 0.45813535352673357,
        "agreeableness": 0.6165038668410621,
        "neuroticism": 0.4627504403302023
    },
    "dougwilson": {
        "openness": 0.8292523603961304,
        "conscientiousness": 0.6251502961706119,
        "extraversion": 0.46172843612338454,
        "agreeableness": 0.666468422296205,
        "neuroticism": 0.5142994592183268
    },
    "jincdream": {
        "openness": 0.7430470609705208,
        "conscientiousness": 0.5888274157360788,
        "extraversion": 0.4398204001652444,
        "agreeableness": 0.6598272047977299,
        "neuroticism": 0.45475615665198543
    },
    "sharmalalit": {
        "openness": 0.7853254165243752,
        "conscientiousness": 0.5619044885332133,
        "extraversion": 0.44496180975543287,
        "agreeableness": 0.6403297290949748,
        "neuroticism": 0.4486528598198317
    },
    "bpasero": {
        "openness": 0.822193122282089,
        "conscientiousness": 0.6104219650823349,
        "extraversion": 0.48205560260595554,
        "agreeableness": 0.6981198169960767,
        "neuroticism": 0.5108994702466698
    },
    "ghost": {
        "openness": 0.8087222617426476,
        "conscientiousness": 0.6044477624935152,
        "extraversion": 0.46504072171719,
        "agreeableness": 0.5936619083141257,
        "neuroticism": 0.5835365676268062
    },
    "Marak": {
        "openness": 0.8152498008309359,
        "conscientiousness": 0.6124475975239434,
        "extraversion": 0.45806578889842664,
        "agreeableness": 0.6445508855159335,
        "neuroticism": 0.48416581972360023
    },
    "sidorares": {
        "openness": 0.8178712252013804,
        "conscientiousness": 0.5770600045139026,
        "extraversion": 0.4607124897317389,
        "agreeableness": 0.6445009956866599,
        "neuroticism": 0.4880061689650895
    },
    "larssn": {
        "openness": 0.8052377718152524,
        "conscientiousness": 0.5674842445431363,
        "extraversion": 0.46351475274962844,
        "agreeableness": 0.5950336282821962,
        "neuroticism": 0.4690510356145102
    },
    "felixfbecker": {
        "openness": 0.8280754699668762,
        "conscientiousness": 0.5901021399846539,
        "extraversion": 0.4526905317821292,
        "agreeableness": 0.5859280215519225,
        "neuroticism": 0.5166102722460644
    },
    "ikedas": {
        "openness": 0.7607562708781166,
        "conscientiousness": 0.6251348712306236,
        "extraversion": 0.47865149761312065,
        "agreeableness": 0.6897852249232639,
        "neuroticism": 0.48689779061093563
    },
    "raccy": {
        "openness": 0.7270160107778154,
        "conscientiousness": 0.6161180677743959,
        "extraversion": 0.47552491110590844,
        "agreeableness": 0.673244134391303,
        "neuroticism": 0.4541051549465698
    },
    "LionOpeter": {
        "openness": 0.7698209117877556,
        "conscientiousness": 0.5215694845034019,
        "extraversion": 0.4744521400579677,
        "agreeableness": 0.5948177633649208,
        "neuroticism": 0.4445617737036309
    }
}