{
    "astrada": {
        "openness": 0.7900424655045459,
        "conscientiousness": 0.6194807843599424,
        "extraversion": 0.46752138044360275,
        "agreeableness": 0.6137351132288749,
        "neuroticism": 0.5687508111537075
    },
    "ghost": {
        "openness": 0.767095245485091,
        "conscientiousness": 0.5368302432819216,
        "extraversion": 0.4348011731674839,
        "agreeableness": 0.623404816340277,
        "neuroticism": 0.4596632776382085
    },
    "VE7ZBG": {
        "openness": 0.7635176076342947,
        "conscientiousness": 0.6136777793820555,
        "extraversion": 0.38279650534531573,
        "agreeableness": 0.5677532043684845,
        "neuroticism": 0.5448527769435886
    },
    "pmorch": {
        "openness": 0.8236543850698713,
        "conscientiousness": 0.646873107813965,
        "extraversion": 0.4514984379897927,
        "agreeableness": 0.6699416264842541,
        "neuroticism": 0.5819729859730326
    },
    "cubica": {
        "openness": 0.8052104259041093,
        "conscientiousness": 0.6103983820409352,
        "extraversion": 0.49901870617513955,
        "agreeableness": 0.5983531468771561,
        "neuroticism": 0.5476408634421572
    },
    "brancomat": {
        "openness": 0.8207054284079589,
        "conscientiousness": 0.5742943371550807,
        "extraversion": 0.46286129579984614,
        "agreeableness": 0.6088235946242513,
        "neuroticism": 0.5256852275927019
    },
    "krish-nagarajan": {
        "openness": 0.7706948174087476,
        "conscientiousness": 0.6131202278298022,
        "extraversion": 0.5034402961928266,
        "agreeableness": 0.668402963818165,
        "neuroticism": 0.5356961114083802
    },
    "Danny02": {
        "openness": 0.7368218645247069,
        "conscientiousness": 0.6109259300459774,
        "extraversion": 0.44897395772828785,
        "agreeableness": 0.635409383943976,
        "neuroticism": 0.48358029567133193
    },
    "sorin-ionescu": {
        "openness": 0.7147844952798488,
        "conscientiousness": 0.6092977701459789,
        "extraversion": 0.4669013557495504,
        "agreeableness": 0.6860688235212671,
        "neuroticism": 0.44248011720887975
    },
    "iplor": {
        "openness": 0.8127816888114501,
        "conscientiousness": 0.5745463980203034,
        "extraversion": 0.4717573770971307,
        "agreeableness": 0.6194728348871126,
        "neuroticism": 0.5018103700919085
    },
    "brihuega": {
        "openness": 0.7636611545984832,
        "conscientiousness": 0.5812415641549731,
        "extraversion": 0.4666271691548031,
        "agreeableness": 0.6376930156328349,
        "neuroticism": 0.45350894713429085
    },
    "piccaso": {
        "openness": 0.7879694554549771,
        "conscientiousness": 0.6055239295370324,
        "extraversion": 0.470457743124983,
        "agreeableness": 0.6114366733751171,
        "neuroticism": 0.5514391347576229
    },
    "vixxtor": {
        "openness": 0.7090667294881765,
        "conscientiousness": 0.5641008520678682,
        "extraversion": 0.46332871030782524,
        "agreeableness": 0.627418776283508,
        "neuroticism": 0.4312093857913242
    },
    "lesebas": {
        "openness": 0.7338633157557114,
        "conscientiousness": 0.5835792487426026,
        "extraversion": 0.4401565015424054,
        "agreeableness": 0.5776351081565867,
        "neuroticism": 0.5251135650395706
    },
    "Torsten85": {
        "openness": 0.7774225945223583,
        "conscientiousness": 0.6240620973578346,
        "extraversion": 0.5102480618000241,
        "agreeableness": 0.6591700911885437,
        "neuroticism": 0.5505195841950659
    },
    "philcolbourn": {
        "openness": 0.7699371673735085,
        "conscientiousness": 0.5770605584396391,
        "extraversion": 0.5231605767679127,
        "agreeableness": 0.6536969475709888,
        "neuroticism": 0.4573575348913802
    },
    "luisca": {
        "openness": 0.756246289479904,
        "conscientiousness": 0.5966090879215364,
        "extraversion": 0.4357956234163939,
        "agreeableness": 0.6084551379430885,
        "neuroticism": 0.5067776278173595
    },
    "adojaan": {
        "openness": 0.7513355891611615,
        "conscientiousness": 0.5782828962249361,
        "extraversion": 0.47405183573171655,
        "agreeableness": 0.6823222664365747,
        "neuroticism": 0.4117409531370369
    },
    "JaysonWonder": {
        "openness": 0.8049515598613853,
        "conscientiousness": 0.6294243062053063,
        "extraversion": 0.5093758816914562,
        "agreeableness": 0.6430369132026865,
        "neuroticism": 0.5692834226756863
    },
    "lickdragon": {
        "openness": 0.7348561640549558,
        "conscientiousness": 0.5764450088079084,
        "extraversion": 0.4584594465240985,
        "agreeableness": 0.6786332638424708,
        "neuroticism": 0.37442628279753576
    },
    "jjordanthesailor": {
        "openness": 0.7686202288191523,
        "conscientiousness": 0.6342432034966425,
        "extraversion": 0.5560347162930832,
        "agreeableness": 0.6859725951024433,
        "neuroticism": 0.5295295692211847
    },
    "stickenhoffen": {
        "openness": 0.7972747413667757,
        "conscientiousness": 0.6045855249541028,
        "extraversion": 0.4552191711770261,
        "agreeableness": 0.6372947801050226,
        "neuroticism": 0.49981606903765313
    },
    "zenjabba": {
        "openness": 0.7668067956471946,
        "conscientiousness": 0.5958882046332771,
        "extraversion": 0.4810958835713657,
        "agreeableness": 0.6289017288567731,
        "neuroticism": 0.5252569404085552
    },
    "jant90": {
        "openness": 0.7671784428445212,
        "conscientiousness": 0.6030938007510114,
        "extraversion": 0.425186365804852,
        "agreeableness": 0.6500219346860104,
        "neuroticism": 0.5285457642953654
    },
    "kraken17": {
        "openness": 0.7633759246846022,
        "conscientiousness": 0.600149337503954,
        "extraversion": 0.4855009937350159,
        "agreeableness": 0.5767820702698504,
        "neuroticism": 0.5286036965628701
    },
    "kynikos": {
        "openness": 0.8149140890384774,
        "conscientiousness": 0.5901629557000609,
        "extraversion": 0.4481125052653627,
        "agreeableness": 0.5921974640532952,
        "neuroticism": 0.5008914903063236
    },
    "rainabba": {
        "openness": 0.7413898574652178,
        "conscientiousness": 0.6109150604320008,
        "extraversion": 0.44714385133910306,
        "agreeableness": 0.6135201974145394,
        "neuroticism": 0.5292354911869674
    },
    "CorvusCorax": {
        "openness": 0.7627761976167845,
        "conscientiousness": 0.5769884845337021,
        "extraversion": 0.44797887418064064,
        "agreeableness": 0.6368787636407518,
        "neuroticism": 0.4893566978830607
    },
    "madorian": {
        "openness": 0.7478486823243347,
        "conscientiousness": 0.5938817181547137,
        "extraversion": 0.4275736875782441,
        "agreeableness": 0.602648091607038,
        "neuroticism": 0.4779668380128861
    },
    "natoriousbigg": {
        "openness": 0.7458399317396376,
        "conscientiousness": 0.5756285115173108,
        "extraversion": 0.43285906218401243,
        "agreeableness": 0.6044802259074573,
        "neuroticism": 0.4856354860460539
    },
    "rootministrator": {
        "openness": 0.7774703850812755,
        "conscientiousness": 0.6087270617560258,
        "extraversion": 0.4102356523367391,
        "agreeableness": 0.6100763329803602,
        "neuroticism": 0.5422351582888907
    },
    "VarmingDK": {
        "openness": 0.7010207475791631,
        "conscientiousness": 0.5582405858712619,
        "extraversion": 0.45167014625246915,
        "agreeableness": 0.6318773895515785,
        "neuroticism": 0.41825955588202074
    },
    "Experian": {
        "openness": 0.7394570756006362,
        "conscientiousness": 0.5597932904465054,