{
    "pose": {
        "openness": 0.8131093160429681,
        "conscientiousness": 0.7135210909489879,
        "extraversion": 0.5589948096630023,
        "agreeableness": 0.7715157533520327,
        "neuroticism": 0.5574243610891532
    },
    "stefanhenze": {
        "openness": 0.798952094744137,
        "conscientiousness": 0.5741144130802569,
        "extraversion": 0.5156809233393838,
        "agreeableness": 0.6413513594161144,
        "neuroticism": 0.49132068471131035
    },
    "woloski": {
        "openness": 0.7846906037838467,
        "conscientiousness": 0.6358438297847283,
        "extraversion": 0.5450625120137357,
        "agreeableness": 0.6490026368418234,
        "neuroticism": 0.5417814564490813
    },
    "mgonto": {
        "openness": 0.7765069623622427,
        "conscientiousness": 0.6647109371020447,
        "extraversion": 0.5174071747969614,
        "agreeableness": 0.6703331246440195,
        "neuroticism": 0.5967642277323102
    },
    "christiannwamba": {
        "openness": 0.8142667576447035,
        "conscientiousness": 0.6624729312575419,
        "extraversion": 0.516742263806278,
        "agreeableness": 0.7150373218620033,
        "neuroticism": 0.5355398152258148
    },
    "PatrickJS": {
        "openness": 0.7913615696717496,
        "conscientiousness": 0.5383970841577762,
        "extraversion": 0.4679684885158221,
        "agreeableness": 0.6106122511318989,
        "neuroticism": 0.43939557435040516
    },
    "jensoleg": {
        "openness": 0.7908812151544297,
        "conscientiousness": 0.5769417659929982,
        "extraversion": 0.44623317422554554,
        "agreeableness": 0.5842879711457687,
        "neuroticism": 0.5089197666336551
    },
    "cristiandouce": {
        "openness": 0.8298970449531999,
        "conscientiousness": 0.5942469387823933,
        "extraversion": 0.482223860671096,
        "agreeableness": 0.6415939262766182,
        "neuroticism": 0.5435754712574645
    },
    "iotaweb": {
        "openness": 0.7728606039839696,
        "conscientiousness": 0.5497869927300483,
        "extraversion": 0.49685444447315363,
        "agreeableness": 0.6148371268718933,
        "neuroticism": 0.4954949859650309
    },
    "msandt3": {
        "openness": 0.7931439425952123,
        "conscientiousness": 0.5607225903096442,
        "extraversion": 0.4759128900809653,
        "agreeableness": 0.6038978903144432,
        "neuroticism": 0.4864891704536868
    },
    "jimwheaton": {
        "openness": 0.8105189600629815,
        "conscientiousness": 0.5968816717126451,
        "extraversion": 0.5013539889960412,
        "agreeableness": 0.6183326683840418,
        "neuroticism": 0.5413434693631414
    },
    "james-world": {
        "openness": 0.7993576014901473,
        "conscientiousness": 0.5673740513775364,
        "extraversion": 0.48283317761832967,
        "agreeableness": 0.5969776829110218,
        "neuroticism": 0.5177456142669639
    },
    "adriatic": {
        "openness": 0.838038089739419,
        "conscientiousness": 0.641339338833106,
        "extraversion": 0.5488026870041902,
        "agreeableness": 0.6746182900649279,
        "neuroticism": 0.5431804073107679
    },
    "Annyv2": {
        "openness": 0.7504478557228449,
        "conscientiousness": 0.5973115199703856,
        "extraversion": 0.5753932112401438,
        "agreeableness": 0.6593877414538697,
        "neuroticism": 0.5569277739879648
    },
    "Zertz": {
        "openness": 0.805923804280212,
        "conscientiousness": 0.555051040079837,
        "extraversion": 0.49085267449145836,
        "agreeableness": 0.5989600734029443,
        "neuroticism": 0.47912432796315535
    },
    "cyrixmorten": {
        "openness": 0.7570330203255856,
        "conscientiousness": 0.527382404998974,
        "extraversion": 0.44944007324733315,
        "agreeableness": 0.632185272312046,
        "neuroticism": 0.4112882727133238
    },
    "mpaul31": {
        "openness": 0.8065829501168693,
        "conscientiousness": 0.5715873513587694,
        "extraversion": 0.5008569214739368,
        "agreeableness": 0.636811115993701,
        "neuroticism": 0.46769412567700797
    },
    "krokhale": {
        "openness": 0.813157884799128,
        "conscientiousness": 0.607639328424578,
        "extraversion": 0.48106085034087087,
        "agreeableness": 0.6115038457695179,
        "neuroticism": 0.5063818654517435
    },
    "RobbertWolfs": {
        "openness": 0.7283767393040744,
        "conscientiousness": 0.5812536890040856,
        "extraversion": 0.46724085027255535,
        "agreeableness": 0.6431608095092779,
        "neuroticism": 0.4392702039401897
    },
    "masterkitano": {
        "openness": 0.7508613882406618,
        "conscientiousness": 0.5673879042164404,
        "extraversion": 0.4815190857464302,
        "agreeableness": 0.6161345814213874,
        "neuroticism": 0.49303666730943563
    }
}