{
    "88250": {
        "openness": 0.7536877535582917,
        "conscientiousness": 0.5962825674337731,
        "extraversion": 0.48228377477873036,
        "agreeableness": 0.6933117729402143,
        "neuroticism": 0.43532529512822343
    }
}