{
    "benjaminoakes": {
        "openness": 0.8188257739816496,
        "conscientiousness": 0.6276946882883865,
        "extraversion": 0.4976433898023035,
        "agreeableness": 0.7232871075606822,
        "neuroticism": 0.5249363387857041
    },
    "phoolish": {
        "openness": 0.8131989675000955,
        "conscientiousness": 0.6161724240141342,
        "extraversion": 0.4716028517261683,
        "agreeableness": 0.6677331962354246,
        "neuroticism": 0.5100860835477343
    },
    "yafp": {
        "openness": 0.8142036882774615,
        "conscientiousness": 0.6058935846021661,
        "extraversion": 0.47901749901700696,
        "agreeableness": 0.6458587715124349,
        "neuroticism": 0.544048250722747
    },
    "Linux-cpp-lisp": {
        "openness": 0.8011476755449248,
        "conscientiousness": 0.6148409904181603,
        "extraversion": 0.5053139415330844,
        "agreeableness": 0.684522703542522,
        "neuroticism": 0.504629555031233
    },
    "gsiener": {
        "openness": 0.7789737568545949,
        "conscientiousness": 0.6123086640083275,
        "extraversion": 0.4646702981053413,
        "agreeableness": 0.6929104487490106,
        "neuroticism": 0.5043226048310626
    },
    "nicosuave": {
        "openness": 0.760027709231908,
        "conscientiousness": 0.6097787993047155,
        "extraversion": 0.4622708882640647,
        "agreeableness": 0.7492011773868059,
        "neuroticism": 0.4187804507100463
    },
    "bobthecow": {
        "openness": 0.800740773396633,
        "conscientiousness": 0.6233775664215091,
        "extraversion": 0.4536526057163164,
        "agreeableness": 0.6337182527962535,
        "neuroticism": 0.5796042962375522
    },
    "larrylv": {
        "openness": 0.7664475731495143,
        "conscientiousness": 0.6193260753086948,
        "extraversion": 0.44253324191724464,
        "agreeableness": 0.6698000693632051,
        "neuroticism": 0.454218201917152
    },
    "JohnColvin": {
        "openness": 0.8176131627514817,
        "conscientiousness": 0.6144741132766249,
        "extraversion": 0.539786339451924,
        "agreeableness": 0.6908443192548086,
        "neuroticism": 0.5427998173107937
    },
    "ghost": {
        "openness": 0.8108987827264097,
        "conscientiousness": 0.6234878000341062,
        "extraversion": 0.5288288047749328,
        "agreeableness": 0.6365714645125498,
        "neuroticism": 0.5491535737664126
    },
    "jurriaan": {
        "openness": 0.7724695792137465,
        "conscientiousness": 0.6384549178187843,
        "extraversion": 0.4508007870110625,
        "agreeableness": 0.6109933913900796,
        "neuroticism": 0.5611973927347371
    },
    "MoritzFago": {
        "openness": 0.7506062740573155,
        "conscientiousness": 0.6387037072281624,
        "extraversion": 0.4204609614349062,
        "agreeableness": 0.6127198047634046,
        "neuroticism": 0.5936020131582518
    },
    "vrillusions": {
        "openness": 0.7985097637565692,
        "conscientiousness": 0.5832526224591975,
        "extraversion": 0.4672837428571014,
        "agreeableness": 0.6519679094973128,
        "neuroticism": 0.47827791340993664
    },
    "ChristianBagley": {
        "openness": 0.791916449392989,
        "conscientiousness": 0.6176271346295603,
        "extraversion": 0.4381973661501761,
        "agreeableness": 0.5976665523516236,
        "neuroticism": 0.5733513229923437
    },
    "dnicolson": {
        "openness": 0.8098962521780007,
        "conscientiousness": 0.6000543757714591,
        "extraversion": 0.4054852704610049,
        "agreeableness": 0.6328562757743974,
        "neuroticism": 0.5245107724486646
    }
}