{
    "BorisMoore": {
        "openness": 0.8339783377999865,
        "conscientiousness": 0.6266564370951793,
        "extraversion": 0.49911727079621404,
        "agreeableness": 0.6317964506748073,
        "neuroticism": 0.5511250889905118
    },
    "rdworth": {
        "openness": 0.813651460192243,
        "conscientiousness": 0.6651340430123942,
        "extraversion": 0.4933990784720368,
        "agreeableness": 0.6585691802552766,
        "neuroticism": 0.5664001044411313
    },
    "dvv": {
        "openness": 0.8460813049220737,
        "conscientiousness": 0.5607812741565252,
        "extraversion": 0.48131114790293883,
        "agreeableness": 0.6519580509551053,
        "neuroticism": 0.469119664067338
    },
    "jzaefferer": {
        "openness": 0.8267631002220732,
        "conscientiousness": 0.617740193490688,
        "extraversion": 0.47167557295163165,
        "agreeableness": 0.591625430529269,
        "neuroticism": 0.5354333111512897
    },
    "jeremychone": {
        "openness": 0.8118369026615317,
        "conscientiousness": 0.6356485770412272,
        "extraversion": 0.5117146607448201,
        "agreeableness": 0.6121086944996398,
        "neuroticism": 0.5600568846855822
    },
    "circlecycle": {
        "openness": 0.8098170011558472,
        "conscientiousness": 0.6238351707320775,
        "extraversion": 0.46329026519544136,
        "agreeableness": 0.6265872089827056,
        "neuroticism": 0.5366761080407584
    },
    "Gedis": {
        "openness": 0.7815991671610995,
        "conscientiousness": 0.5653133934313174,
        "extraversion": 0.49239371109744345,
        "agreeableness": 0.6327883780137641,
        "neuroticism": 0.48292556246588003
    },
    "ghost": {
        "openness": 0.7939499998453242,
        "conscientiousness": 0.5782054002934122,
        "extraversion": 0.4762688368816841,
        "agreeableness": 0.6383929274601965,
        "neuroticism": 0.4551111463108801
    },
    "alekstorm": {
        "openness": 0.8485245344339353,
        "conscientiousness": 0.6272694318993712,
        "extraversion": 0.504677246265528,
        "agreeableness": 0.6371310443135847,
        "neuroticism": 0.5949422216422454
    },
    "ericwebster": {
        "openness": 0.8046552713519446,
        "conscientiousness": 0.632997064017679,
        "extraversion": 0.4609822835635902,
        "agreeableness": 0.634407186623807,
        "neuroticism": 0.4871206532696305
    },
    "trans": {
        "openness": 0.8226746886313419,
        "conscientiousness": 0.5751998382026731,
        "extraversion": 0.46366904388692104,
        "agreeableness": 0.6912600486715744,
        "neuroticism": 0.47376995422174156
    }
}