{
    "perry-mitchell": {
        "openness": 0.8143282603381502,
        "conscientiousness": 0.6222099628002449,
        "extraversion": 0.4739983873874055,
        "agreeableness": 0.6669869241200335,
        "neuroticism": 0.5226988945449209
    },
    "sallar": {
        "openness": 0.8071596078687995,
        "conscientiousness": 0.6327719050284265,
        "extraversion": 0.47191844663821325,
        "agreeableness": 0.6719395143678072,
        "neuroticism": 0.5202440463778178
    },
    "lietu": {
        "openness": 0.7971611275746023,
        "conscientiousness": 0.5502763608707302,
        "extraversion": 0.44631690470208885,
        "agreeableness": 0.6292734815444165,
        "neuroticism": 0.49330062559881194
    },
    "hugo-cardenas": {
        "openness": 0.8294584419415305,
        "conscientiousness": 0.6150954363218164,
        "extraversion": 0.4700572727036977,
        "agreeableness": 0.6513412058507786,
        "neuroticism": 0.5039981136112031
    },
    "snhasani": {
        "openness": 0.8324000306749773,
        "conscientiousness": 0.6473521444822405,
        "extraversion": 0.5287263377466295,
        "agreeableness": 0.6520726288921552,
        "neuroticism": 0.4994977581063107
    },
    "ph1p": {
        "openness": 0.8066543750868078,
        "conscientiousness": 0.6048645858449461,
        "extraversion": 0.46723908318253515,
        "agreeableness": 0.6440820801195555,
        "neuroticism": 0.4941597310307849
    },
    "ideologysec": {
        "openness": 0.8243085222053702,
        "conscientiousness": 0.5692116522523902,
        "extraversion": 0.514150534071075,
        "agreeableness": 0.6883786180358571,
        "neuroticism": 0.49074085270189366
    },
    "darsain": {
        "openness": 0.808072791511447,
        "conscientiousness": 0.5824311317567183,
        "extraversion": 0.4694270466506961,
        "agreeableness": 0.6283797608042611,
        "neuroticism": 0.5058498930036583
    },
    "n8v8R": {
        "openness": 0.8276023360367729,
        "conscientiousness": 0.5889946606622078,
        "extraversion": 0.47506837009009584,
        "agreeableness": 0.5959988803350983,
        "neuroticism": 0.5275132187950876
    },
    "Zjemm": {
        "openness": 0.7951993417019111,
        "conscientiousness": 0.5660526465284897,
        "extraversion": 0.4844878141868495,
        "agreeableness": 0.5794371686298512,
        "neuroticism": 0.4994318705878261
    },
    "smxsm": {
        "openness": 0.8019080324268201,
        "conscientiousness": 0.6213237583598263,
        "extraversion": 0.41783135198205557,
        "agreeableness": 0.6005680138166225,
        "neuroticism": 0.5368262981303094
    },
    "andre-dierker": {
        "openness": 0.7869412587231644,
        "conscientiousness": 0.5746002945958992,
        "extraversion": 0.509045180488708,
        "agreeableness": 0.6498581717077232,
        "neuroticism": 0.49250829483008307
    },
    "ldexterldesign": {
        "openness": 0.8102589068319636,
        "conscientiousness": 0.600060458860948,
        "extraversion": 0.4920744422660084,
        "agreeableness": 0.7225632418023329,
        "neuroticism": 0.49670834889044047
    },
    "xWayfarer": {
        "openness": 0.8141077266854495,
        "conscientiousness": 0.657103040376741,
        "extraversion": 0.5236828746841387,
        "agreeableness": 0.6290933401068357,
        "neuroticism": 0.5704976186765407
    },
    "fmommeja": {
        "openness": 0.800566901796695,
        "conscientiousness": 0.6235173637664542,
        "extraversion": 0.4587613739033408,
        "agreeableness": 0.684199919294855,
        "neuroticism": 0.5246410364639587
    },
    "sum01": {
        "openness": 0.7822432996628175,
        "conscientiousness": 0.57252497242373,
        "extraversion": 0.4300556727077408,
        "agreeableness": 0.6101183092491367,
        "neuroticism": 0.5226072206787751
    },
    "key10": {
        "openness": 0.8027403827651475,
        "conscientiousness": 0.6131904066546888,
        "extraversion": 0.513607795042465,
        "agreeableness": 0.6520436608180609,
        "neuroticism": 0.5617702907500645
    },
    "pelonchasva": {
        "openness": 0.8255937500749273,
        "conscientiousness": 0.6553177534494316,
        "extraversion": 0.4736796604617227,
        "agreeableness": 0.6995555002664996,
        "neuroticism": 0.5372765498433532
    },
    "moulip": {
        "openness": 0.8034138536926041,
        "conscientiousness": 0.5903122615981945,
        "extraversion": 0.5486754864419423,
        "agreeableness": 0.6636880616202518,
        "neuroticism": 0.5202193597832476
    },
    "jgtoriginal": {
        "openness": 0.8121434022349576,
        "conscientiousness": 0.6109890286638422,
        "extraversion": 0.517765121363075,
        "agreeableness": 0.6717875668097842,
        "neuroticism": 0.5234706808826854
    },
    "mannp": {
        "openness": 0.8057604360136095,
        "conscientiousness": 0.6393097556866125,
        "extraversion": 0.41995660403403123,
        "agreeableness": 0.6126336156263072,
        "neuroticism": 0.5346477144500517
    },
    "RaboliotTheGrey": {
        "openness": 0.7962771982994107,
        "conscientiousness": 0.6007062480550499,
        "extraversion": 0.43855076414916583,
        "agreeableness": 0.5616442687942085,
        "neuroticism": 0.5641708887927578
    },
    "esutton": {
        "openness": 0.7529975356851409,
        "conscientiousness": 0.6040050129288579,
        "extraversion": 0.5213855347510812,
        "agreeableness": 0.7052172193473596,
        "neuroticism": 0.477302950711096
    },
    "mokhosh": {
        "openness": 0.754335372288229,
        "conscientiousness": 0.5377605046931018,
        "extraversion": 0.45471421761516206,
        "agreeableness": 0.5834945478917134,
        "neuroticism": 0.45729040300939144
    }
}