{
    "callumboddy": {
        "openness": 0.8079931641676801,
        "conscientiousness": 0.6834840183766868,
        "extraversion": 0.5049316569473099,
        "agreeableness": 0.7799646260035769,
        "neuroticism": 0.49138687699361383
    },
    "Mazyod": {
        "openness": 0.817159360267074,
        "conscientiousness": 0.617212581757247,
        "extraversion": 0.4354449181610144,
        "agreeableness": 0.6668334232792992,
        "neuroticism": 0.5019704329525284
    }
}