{
    "jescalan": {
        "openness": 0.8264590238519212,
        "conscientiousness": 0.6474618155064691,
        "extraversion": 0.5165524292992475,
        "agreeableness": 0.7028008528827576,
        "neuroticism": 0.5318526667535932
    },
    "austinpray": {
        "openness": 0.8176792361302447,
        "conscientiousness": 0.607500109998711,
        "extraversion": 0.5221272764175897,
        "agreeableness": 0.6619849952685679,
        "neuroticism": 0.5079144458096942
    },
    "kylemac": {
        "openness": 0.8014679942715346,
        "conscientiousness": 0.6399374613819977,
        "extraversion": 0.5033257709812671,
        "agreeableness": 0.7183687782371304,
        "neuroticism": 0.522720351673173
    },
    "canadiannomad": {
        "openness": 0.7994425308768665,
        "conscientiousness": 0.5704090412380315,
        "extraversion": 0.4633071703139909,
        "agreeableness": 0.6224022274784262,
        "neuroticism": 0.5223474388671867
    },
    "tmilewski": {
        "openness": 0.8141903518793149,
        "conscientiousness": 0.6161401539080005,
        "extraversion": 0.51355357597536,
        "agreeableness": 0.6629026365175839,
        "neuroticism": 0.5348703878379996
    },
    "mckane": {
        "openness": 0.848034687489737,
        "conscientiousness": 0.6136113019911252,
        "extraversion": 0.5362611760522963,
        "agreeableness": 0.6229391563577327,
        "neuroticism": 0.5390477919767517
    },
    "robertjwhitney": {
        "openness": 0.817391141529606,
        "conscientiousness": 0.6185700133582446,
        "extraversion": 0.4444543070348026,
        "agreeableness": 0.6792169772640606,
        "neuroticism": 0.5050716116739937
    },
    "slang800": {
        "openness": 0.8408036945576416,
        "conscientiousness": 0.5946203444479258,
        "extraversion": 0.46661123636131896,
        "agreeableness": 0.6630771006908722,
        "neuroticism": 0.5344686969909579
    },
    "isarmstrong": {
        "openness": 0.8083610982144911,
        "conscientiousness": 0.5931341644741924,
        "extraversion": 0.4729523876591448,
        "agreeableness": 0.6391326282014045,
        "neuroticism": 0.48784659614455295
    },
    "dmathisen": {
        "openness": 0.7950005224237485,
        "conscientiousness": 0.6119430664175362,
        "extraversion": 0.45996916839888236,
        "agreeableness": 0.6550206941914305,
        "neuroticism": 0.5649877445760979
    },
    "dealingwith": {
        "openness": 0.832678163682434,
        "conscientiousness": 0.573401113999602,
        "extraversion": 0.47074922715980966,
        "agreeableness": 0.6401830665460267,
        "neuroticism": 0.49683557612325724
    },
    "hendrikbeck": {
        "openness": 0.8161816790188405,
        "conscientiousness": 0.5702875325022505,
        "extraversion": 0.4900546235809419,
        "agreeableness": 0.657296709227738,
        "neuroticism": 0.5324936509800112
    },
    "hhsnopek": {
        "openness": 0.8046662399243841,
        "conscientiousness": 0.6285499127330447,
        "extraversion": 0.47922165368929376,
        "agreeableness": 0.6604898665678507,
        "neuroticism": 0.5355428402346194
    },
    "Ljanmi": {
        "openness": 0.7823392605192776,
        "conscientiousness": 0.575894113451582,
        "extraversion": 0.4047023021247944,
        "agreeableness": 0.6501171728376676,
        "neuroticism": 0.4672372691886244
    },
    "polikin": {
        "openness": 0.7945419492351466,
        "conscientiousness": 0.6120692341649292,
        "extraversion": 0.48740222082661777,
        "agreeableness": 0.6711981938247573,
        "neuroticism": 0.5827189208710206
    },
    "matt-bailey": {
        "openness": 0.8213085411575087,
        "conscientiousness": 0.6075763271251944,
        "extraversion": 0.4466785569212457,
        "agreeableness": 0.5878922740009339,
        "neuroticism": 0.5164332435325371
    },
    "ilompf": {
        "openness": 0.7539581356724558,
        "conscientiousness": 0.6435184792595875,
        "extraversion": 0.559749954693926,
        "agreeableness": 0.6595128547968444,
        "neuroticism": 0.5434446377946609
    },
    "joshrowley": {
        "openness": 0.8348563792387046,
        "conscientiousness": 0.6007650631525226,
        "extraversion": 0.519436014565297,
        "agreeableness": 0.685266876546097,
        "neuroticism": 0.4918596480029673
    },
    "zreitano": {
        "openness": 0.8116281762238604,
        "conscientiousness": 0.5819475924461399,
        "extraversion": 0.5358521403548324,
        "agreeableness": 0.6943113802315751,
        "neuroticism": 0.5149122822696067
    },
    "gabeodess": {
        "openness": 0.835231681588722,
        "conscientiousness": 0.5699285209967916,
        "extraversion": 0.4873153575139206,
        "agreeableness": 0.657352519740624,
        "neuroticism": 0.5155100144994882
    },
    "vigna": {
        "openness": 0.8269984990731736,
        "conscientiousness": 0.6126145286731591,
        "extraversion": 0.5379796816594916,
        "agreeableness": 0.6312938189512545,
        "neuroticism": 0.5263233924230644
    },
    "RedPointMS": {
        "openness": 0.8209505579519201,
        "conscientiousness": 0.5814612097424275,
        "extraversion": 0.44832253316817716,
        "agreeableness": 0.6187183639803128,
        "neuroticism": 0.49403980496080235
    },
    "muhammadtaqi": {
        "openness": 0.7319402397301978,
        "conscientiousness": 0.6076292399415206,
        "extraversion": 0.5130064724737489,
        "agreeableness": 0.6777838956420628,
        "neuroticism": 0.5465025695585095
    },
    "mahemoff": {
        "openness": 0.8249025435838366,
        "conscientiousness": 0.5896951137082362,
        "extraversion": 0.461525649516349,
        "agreeableness": 0.6225816201480784,
        "neuroticism": 0.5357833854537591
    },
    "safareli": {
        "openness": 0.8175401657565035,
        "conscientiousness": 0.575974649882907,
        "extraversion": 0.5122299416913406,
        "agreeableness": 0.6352760328126033,
        "neuroticism": 0.528464739891047
    },
    "MikeQuaci": {
        "openness": 0.77489082171008,
        "conscientiousness": 0.6113601809741264,
        "extraversion": 0.45730905659162313,
        "agreeableness": 0.6124250947429881,
        "neuroticism": 0.5806301108402966
    },
    "arisAlexis": {
        "openness": 0.8220138996763948,
        "conscientiousness": 0.6506593595436134,
        "extraversion": 0.4973487341028504,
        "agreeableness": 0.6299403231368654,
        "neuroticism": 0.5524519963123997
    },
    "almoral": {
        "openness": 0.8090144426458399,
        "conscientiousness": 0.5713097410720803,
        "extraversion": 0.46268556527449534,
        "agreeableness": 0.6208761912813058,
        "neuroticism": 0.5170592424822779
    },
    "ehigz": {
        "openness": 0.7558434791193783,
        "conscientiousness": 0.5940234990049914,
        "extraversion": 0.4757998683274618,
        "agreeableness": 0.6408571584067316,
        "neuroticism": 0.5362234109994897
    },
    "vincent-guesnard": {
        "openness": 0.7974206334896478,
        "conscientiousness": 0.6331617996643321,
        "extraversion": 0.5326039925338765,
        "agreeableness": 0.709913545189806,
        "neuroticism": 0.5135082720039531
    },
    "aproxis": {
        "openness": 0.7694351516096525,
        "conscientiousness": 0.5764883901931097,
        "extraversion": 0.483824750492966,
        "agreeableness": 0.6278639900545046,
        "neuroticism": 0.4758211927331339
    },
    "wil93": {
        "openness": 0.8028261726917488,
        "conscientiousness": 0.6017557427841134,
        "extraversion": 0.46118723971251707,
        "agreeableness": 0.6272703080350741,
        "neuroticism": 0.5115793193067901
    },
    "gauravmak": {
        "openness": 0.8272472570907212,
        "conscientiousness": 0.6151712045246486,