{
    "cjohansen": {
        "openness": 0.809206143812463,
        "conscientiousness": 0.6208425331597045,
        "extraversion": 0.45053708150503846,
        "agreeableness": 0.6482842094446777,
        "neuroticism": 0.5329570974484501
    },
    "ktsashes": {
        "openness": 0.7853196972941686,
        "conscientiousness": 0.5771177419869653,
        "extraversion": 0.5054439920720136,
        "agreeableness": 0.6368385067820911,
        "neuroticism": 0.5105628237954403
    },
    "shucke": {
        "openness": 0.8135987060684847,
        "conscientiousness": 0.6486524431466985,
        "extraversion": 0.5224557492914486,
        "agreeableness": 0.6691124187936126,
        "neuroticism": 0.5601346631821079
    }
}