{
    "DavidDurman": {
        "openness": 0.8259811418698828,
        "conscientiousness": 0.6016076797481369,
        "extraversion": 0.4841592290883535,
        "agreeableness": 0.6211479569257695,
        "neuroticism": 0.5197663382186763
    },
    "kumilingus": {
        "openness": 0.8016211789222544,
        "conscientiousness": 0.6119346078932076,
        "extraversion": 0.49271315204528254,
        "agreeableness": 0.6347901233015748,
        "neuroticism": 0.5165125913439753
    },
    "chill117": {
        "openness": 0.8217794798624112,
        "conscientiousness": 0.624035689380342,
        "extraversion": 0.4624392849937833,
        "agreeableness": 0.6161732007850131,
        "neuroticism": 0.5042112755031123
    },
    "JoseGoncalves": {
        "openness": 0.8051606314463733,
        "conscientiousness": 0.6118697937248713,
        "extraversion": 0.5049675084471941,
        "agreeableness": 0.6142917103845237,
        "neuroticism": 0.5108146642789354
    },
    "justindujardin": {
        "openness": 0.804327800643832,
        "conscientiousness": 0.5864591850759091,
        "extraversion": 0.4757461289624881,
        "agreeableness": 0.6187356019441517,
        "neuroticism": 0.48056806459759116
    },
    "tahirnawaz": {
        "openness": 0.8279333693638654,
        "conscientiousness": 0.6021844348607953,
        "extraversion": 0.5030664667097956,
        "agreeableness": 0.6436103273753531,
        "neuroticism": 0.4942824144926731
    },
    "marksyzm": {
        "openness": 0.7754234789949696,
        "conscientiousness": 0.5992978186193301,
        "extraversion": 0.49843492787229166,
        "agreeableness": 0.6701248389312315,
        "neuroticism": 0.4775386057917095
    },
    "mteichtahl": {
        "openness": 0.8097712995807551,
        "conscientiousness": 0.608117687807843,
        "extraversion": 0.5665814184314683,
        "agreeableness": 0.6677897458980364,
        "neuroticism": 0.5345432754354407
    },
    "automagic": {
        "openness": 0.8070298473096776,
        "conscientiousness": 0.6189034043696447,
        "extraversion": 0.4618000466146859,
        "agreeableness": 0.579521800778591,
        "neuroticism": 0.48880931974388075
    },
    "mickeyvip": {
        "openness": 0.7980182724867457,
        "conscientiousness": 0.5646808110380813,
        "extraversion": 0.4169444838566351,
        "agreeableness": 0.6243432308535937,
        "neuroticism": 0.4653386311311912
    },
    "mike-goodwin": {
        "openness": 0.7730008773703396,
        "conscientiousness": 0.6375491717568551,
        "extraversion": 0.4256278738811977,
        "agreeableness": 0.6407072821368335,
        "neuroticism": 0.5443467003557695
    },
    "B3rn475": {
        "openness": 0.8051216839840246,
        "conscientiousness": 0.6258630517239504,
        "extraversion": 0.43962622678394636,
        "agreeableness": 0.6327735569954407,
        "neuroticism": 0.4854945659986981
    },
    "DontShootMe": {
        "openness": 0.8170591574798599,
        "conscientiousness": 0.5953283360743535,
        "extraversion": 0.48794982145364074,
        "agreeableness": 0.6019337283114907,
        "neuroticism": 0.47250877737689545
    },
    "jmls": {
        "openness": 0.8060569472664233,
        "conscientiousness": 0.5714592755295164,
        "extraversion": 0.49333884208712664,
        "agreeableness": 0.6074885815610349,
        "neuroticism": 0.460572534438917
    },
    "vtalas": {
        "openness": 0.8155528135874894,
        "conscientiousness": 0.60047765026046,
        "extraversion": 0.5072666287503499,
        "agreeableness": 0.616687579098754,
        "neuroticism": 0.509676932364046
    },
    "40rn05lyv": {
        "openness": 0.7635963409230997,
        "conscientiousness": 0.5839075775344835,
        "extraversion": 0.48267158477396127,
        "agreeableness": 0.6525518837619441,
        "neuroticism": 0.4021982950431993
    },
    "tianxu0836": {
        "openness": 0.8023260452776122,
        "conscientiousness": 0.597689613057232,
        "extraversion": 0.5404271547511117,
        "agreeableness": 0.6415809227173117,
        "neuroticism": 0.4937694037062472
    },
    "matthewatabet": {
        "openness": 0.8300185553042615,
        "conscientiousness": 0.6102963980304257,
        "extraversion": 0.5341437237245764,
        "agreeableness": 0.6835377997452201,
        "neuroticism": 0.5133100410107441
    },
    "doender": {
        "openness": 0.7952180992278458,
        "conscientiousness": 0.5247222338636073,
        "extraversion": 0.4624279961543947,
        "agreeableness": 0.5500488654799291,
        "neuroticism": 0.42845059592843904
    },
    "uroti": {
        "openness": 0.7957258049122394,
        "conscientiousness": 0.5866613605456266,
        "extraversion": 0.46855621266265,
        "agreeableness": 0.6062674150575209,
        "neuroticism": 0.4556118628382316
    },
    "mmacfadden": {
        "openness": 0.8444284014793416,
        "conscientiousness": 0.6206713097598434,
        "extraversion": 0.4944578080842293,
        "agreeableness": 0.616219634029807,
        "neuroticism": 0.5142962912253219
    },
    "alp82": {
        "openness": 0.8056873195998433,
        "conscientiousness": 0.5961022576113644,
        "extraversion": 0.5411807075920596,
        "agreeableness": 0.6538622191092573,
        "neuroticism": 0.414677454975644
    },
    "arifhussain353": {
        "openness": 0.7657003318402964,
        "conscientiousness": 0.5734782963909365,
        "extraversion": 0.4644443130067163,
        "agreeableness": 0.6212146111419102,
        "neuroticism": 0.45047622895147466
    },
    "nico-onmap": {
        "openness": 0.8259559573890557,
        "conscientiousness": 0.5849431176875496,
        "extraversion": 0.45076185363684773,
        "agreeableness": 0.5808344971246169,
        "neuroticism": 0.5231356386204133
    },
    "jnbarchan": {
        "openness": 0.8100401871441606,
        "conscientiousness": 0.5815971490177637,
        "extraversion": 0.5054243451052789,
        "agreeableness": 0.6166213775741582,
        "neuroticism": 0.46951099897974236
    },
    "denisemauldin": {
        "openness": 0.7666697864111199,
        "conscientiousness": 0.5866157821191791,
        "extraversion": 0.4324883456901124,
        "agreeableness": 0.6160611386209829,
        "neuroticism": 0.44237234417555515
    },
    "elmart": {
        "openness": 0.8126786478126231,
        "conscientiousness": 0.5481752854680912,
        "extraversion": 0.46314931168841167,
        "agreeableness": 0.6194570874763813,
        "neuroticism": 0.45780564968921883
    },
    "duarte171183": {
        "openness": 0.8273047105003147,
        "conscientiousness": 0.6393263940259595,
        "extraversion": 0.5821696013525609,
        "agreeableness": 0.6670747413886807,
        "neuroticism": 0.5359384133758256
    },
    "exonianp": {
        "openness": 0.7884450203861484,
        "conscientiousness": 0.6094138207704156,
        "extraversion": 0.5072558631342907,
        "agreeableness": 0.633125778568024,
        "neuroticism": 0.48653355623332806
    },
    "Paul-Kijtapart": {
        "openness": 0.8252025878917488,
        "conscientiousness": 0.6397695731900913,
        "extraversion": 0.48593449233895036,
        "agreeableness": 0.6410828446053922,
        "neuroticism": 0.5231230768218988
    },
    "wwshunan": {
        "openness": 0.8144058090918818,
        "conscientiousness": 0.6123456313493997,
        "extraversion": 0.5261620521826016,
        "agreeableness": 0.683889945664596,
        "neuroticism": 0.5216325816937918
    }
}