{
    "Econa77": {
        "openness": 0.7895245032547525,
        "conscientiousness": 0.6378226589374194,
        "extraversion": 0.4490740909602825,
        "agreeableness": 0.655864299087733,
        "neuroticism": 0.5256471467116921
    },
    "ClipyBot": {
        "openness": 0.8690517399359632,
        "conscientiousness": 0.626829989377539,
        "extraversion": 0.5816455449972504,
        "agreeableness": 0.7216980775784758,
        "neuroticism": 0.5222135063263057
    },
    "nibushibu": {
        "openness": 0.7160670882274288,
        "conscientiousness": 0.6211976262563473,
        "extraversion": 0.5086124886548279,
        "agreeableness": 0.7057448397162174,
        "neuroticism": 0.4490537855008873
    },
    "tessus": {
        "openness": 0.7857761277355861,
        "conscientiousness": 0.6161801930012833,
        "extraversion": 0.39214194878322345,
        "agreeableness": 0.6407981689265354,
        "neuroticism": 0.4838887478642103
    },
    "dhumes0524": {
        "openness": 0.7168351293200228,
        "conscientiousness": 0.6240257179865272,
        "extraversion": 0.4963318368386978,
        "agreeableness": 0.6983968007320313,
        "neuroticism": 0.4342070355546205
    },
    "jerrywdlee": {
        "openness": 0.7594137769971301,
        "conscientiousness": 0.5937745895645555,
        "extraversion": 0.47086908407850203,
        "agreeableness": 0.7004432910870277,
        "neuroticism": 0.3718583375293846
    },
    "michel": {
        "openness": 0.7532664309520934,
        "conscientiousness": 0.5955854304745106,
        "extraversion": 0.4747395239601872,
        "agreeableness": 0.7003033547372617,
        "neuroticism": 0.3787299209412073
    },
    "dflipb": {
        "openness": 0.7160688403589395,
        "conscientiousness": 0.6204228826874885,
        "extraversion": 0.5019075140562518,
        "agreeableness": 0.7018419001665633,
        "neuroticism": 0.43292066006084884
    }
}