{
    "puredanger": {
        "openness": 0.8253829615819317,
        "conscientiousness": 0.6169377345979217,
        "extraversion": 0.4622994164118905,
        "agreeableness": 0.6738881122795859,
        "neuroticism": 0.520209553964254
    }
}