{
    "cloudhead": {
        "openness": 0.8175469664075508,
        "conscientiousness": 0.6466189346352448,
        "extraversion": 0.4483431929496464,
        "agreeableness": 0.7468990084898149,
        "neuroticism": 0.4918053583577763
    },
    "phstc": {
        "openness": 0.8163233714540717,
        "conscientiousness": 0.640484406956849,
        "extraversion": 0.48405524236439273,
        "agreeableness": 0.6606291072558788,
        "neuroticism": 0.5530647944470707
    },
    "metaleap": {
        "openness": 0.8084021049378274,
        "conscientiousness": 0.5851654978639589,
        "extraversion": 0.46522021900637933,
        "agreeableness": 0.669596047828679,
        "neuroticism": 0.489922258772235
    },
    "jups23": {
        "openness": 0.8164126190718565,
        "conscientiousness": 0.5537436086673765,
        "extraversion": 0.49240679156761513,
        "agreeableness": 0.6280851236124017,
        "neuroticism": 0.5296172787517499
    },
    "Marak": {
        "openness": 0.7833805187523128,
        "conscientiousness": 0.5696519945575088,
        "extraversion": 0.5429648769918414,
        "agreeableness": 0.677216422961686,
        "neuroticism": 0.48191379476220764
    },
    "cimnine": {
        "openness": 0.8285833605173221,
        "conscientiousness": 0.6298279751154447,
        "extraversion": 0.538111486562212,
        "agreeableness": 0.6456431805443714,
        "neuroticism": 0.5270675846512436
    },
    "dubiousdavid": {
        "openness": 0.7871040839199117,
        "conscientiousness": 0.6187922576241401,
        "extraversion": 0.4973346161187582,
        "agreeableness": 0.6264865682226644,
        "neuroticism": 0.4903573871899014
    },
    "indexzero": {
        "openness": 0.798814155406667,
        "conscientiousness": 0.589583061055833,
        "extraversion": 0.4549175520212584,
        "agreeableness": 0.6464875268066591,
        "neuroticism": 0.4784482635689954
    },
    "otterley": {
        "openness": 0.8103368338749489,
        "conscientiousness": 0.5981191454060482,
        "extraversion": 0.4682785441879238,
        "agreeableness": 0.6328175677159411,
        "neuroticism": 0.5063873572304356
    },
    "dobesv": {
        "openness": 0.8122570860590598,
        "conscientiousness": 0.5984457358682103,
        "extraversion": 0.4817811519912499,
        "agreeableness": 0.6124339124513251,
        "neuroticism": 0.5557476416334981
    },
    "jvonmitchell": {
        "openness": 0.8225550067228251,
        "conscientiousness": 0.643914116666811,
        "extraversion": 0.5039486188283109,
        "agreeableness": 0.6270897318394608,
        "neuroticism": 0.5664210733062944
    },
    "hsablonniere": {
        "openness": 0.7895918070176838,
        "conscientiousness": 0.5596386637725606,
        "extraversion": 0.4014510919490555,
        "agreeableness": 0.694386446679206,
        "neuroticism": 0.4634220731146602
    },
    "daxxog": {
        "openness": 0.7871410170524049,
        "conscientiousness": 0.5954805302403579,
        "extraversion": 0.4709180914499541,
        "agreeableness": 0.6141389718910311,
        "neuroticism": 0.5235467266366084
    },
    "anseki": {
        "openness": 0.8437050055263171,
        "conscientiousness": 0.6167509627701696,
        "extraversion": 0.4689624612989918,
        "agreeableness": 0.6457964128990005,
        "neuroticism": 0.5738850305272434
    },
    "mrfabbri": {
        "openness": 0.755797693860988,
        "conscientiousness": 0.5937851796044686,
        "extraversion": 0.44701405492720026,
        "agreeableness": 0.6389273459447198,
        "neuroticism": 0.442978988865363
    },
    "TeeTeeHaa": {
        "openness": 0.8646594916247612,
        "conscientiousness": 0.6386718912715833,
        "extraversion": 0.49087640696855933,
        "agreeableness": 0.6396086485046462,
        "neuroticism": 0.5589081664584494
    },
    "aaronj1335": {
        "openness": 0.7977264823917916,
        "conscientiousness": 0.5942549913823639,
        "extraversion": 0.4702638550938703,
        "agreeableness": 0.6350683909783483,
        "neuroticism": 0.5077403320750198
    },
    "edpaget": {
        "openness": 0.7618840024118946,
        "conscientiousness": 0.562335919868017,
        "extraversion": 0.4824868814993884,
        "agreeableness": 0.6351190136587409,
        "neuroticism": 0.43866051950736035
    },
    "arjansingh": {
        "openness": 0.7702471402322529,
        "conscientiousness": 0.5611778463434032,
        "extraversion": 0.5138588097016881,
        "agreeableness": 0.6591319112477678,
        "neuroticism": 0.4208786203913695
    },
    "helloanand": {
        "openness": 0.7899299743618052,
        "conscientiousness": 0.6033720762980774,
        "extraversion": 0.4986964751334413,
        "agreeableness": 0.6811494652804246,
        "neuroticism": 0.5490074093634024
    },
    "jozsi": {
        "openness": 0.7506926991382279,
        "conscientiousness": 0.535755764531233,
        "extraversion": 0.47489621220602773,
        "agreeableness": 0.6575991249158455,
        "neuroticism": 0.4011218165563415
    },
    "IonicaBizau": {
        "openness": 0.8053783879288832,
        "conscientiousness": 0.6215587090992231,
        "extraversion": 0.5030789987669788,
        "agreeableness": 0.6530388620005992,
        "neuroticism": 0.5150110343426293
    },
    "UltCombo": {
        "openness": 0.8282130566426258,
        "conscientiousness": 0.6094942206017209,
        "extraversion": 0.44545253667242146,
        "agreeableness": 0.6218212219072285,
        "neuroticism": 0.5268540559808872
    },
    "tchakabam": {
        "openness": 0.8196928807222771,
        "conscientiousness": 0.6449127112152516,
        "extraversion": 0.4784239193391859,
        "agreeableness": 0.6963237074401994,
        "neuroticism": 0.5474187220932248
    },
    "mrozbarry": {
        "openness": 0.7856432540945346,
        "conscientiousness": 0.5391761970055536,
        "extraversion": 0.43915780393652637,
        "agreeableness": 0.6198764414127714,
        "neuroticism": 0.5031354377027992
    },
    "andruhon": {
        "openness": 0.7369953678570424,
        "conscientiousness": 0.5733021319139823,
        "extraversion": 0.4573461339040872,
        "agreeableness": 0.6413825145382559,
        "neuroticism": 0.4413941808068589
    }
}