{
    "TheCycoONE": {
        "openness": 0.79952303634991,
        "conscientiousness": 0.5949271836566064,
        "extraversion": 0.46881367350440356,
        "agreeableness": 0.6309067981757032,
        "neuroticism": 0.5048252611964229
    },
    "jorgenpt": {
        "openness": 0.8096103336289824,
        "conscientiousness": 0.6135970774783358,
        "extraversion": 0.4567423810960598,
        "agreeableness": 0.606365785816738,
        "neuroticism": 0.5130213767126244
    },
    "mrtnptrs": {
        "openness": 0.8152617501323468,
        "conscientiousness": 0.6257041735902906,
        "extraversion": 0.4620264224876135,
        "agreeableness": 0.6636858359714092,
        "neuroticism": 0.5217987265766114
    },
    "MarkL1961": {
        "openness": 0.8129316828174575,
        "conscientiousness": 0.6153626282586221,
        "extraversion": 0.4555974619358768,
        "agreeableness": 0.6421718482366625,
        "neuroticism": 0.5220641650737589
    },
    "Lego3": {
        "openness": 0.8092180587373303,
        "conscientiousness": 0.6077765627765696,
        "extraversion": 0.44790306997322893,
        "agreeableness": 0.6490062282368503,
        "neuroticism": 0.519796475807673
    },
    "Alberth289346": {
        "openness": 0.8139403898855592,
        "conscientiousness": 0.5740063409309945,
        "extraversion": 0.4751301954164415,
        "agreeableness": 0.6234287505042759,
        "neuroticism": 0.5057346800253129
    },
    "sadger": {
        "openness": 0.8142618326407172,
        "conscientiousness": 0.6276838065460485,
        "extraversion": 0.46211064126693846,
        "agreeableness": 0.6916756191797346,
        "neuroticism": 0.4933979545317478
    },
    "bobcanthelpyou": {
        "openness": 0.7692018474620228,
        "conscientiousness": 0.5854095368955345,
        "extraversion": 0.46549757748076515,
        "agreeableness": 0.6324058269658954,
        "neuroticism": 0.45274352302938004
    },
    "alanwoolley": {
        "openness": 0.8079456431776898,
        "conscientiousness": 0.5791420883629298,
        "extraversion": 0.4333193862160684,
        "agreeableness": 0.6467285945171328,
        "neuroticism": 0.4919280190427229
    },
    "ledowong": {
        "openness": 0.777174026187006,
        "conscientiousness": 0.5826658322354962,
        "extraversion": 0.45666005265483123,
        "agreeableness": 0.6216509135754227,
        "neuroticism": 0.5317931232771451
    },
    "phillipp": {
        "openness": 0.7693260099198741,
        "conscientiousness": 0.569828679685923,
        "extraversion": 0.47121387613171595,
        "agreeableness": 0.672185491747574,
        "neuroticism": 0.4394212949620084
    },
    "J-Shep": {
        "openness": 0.8028456046419312,
        "conscientiousness": 0.5945278807254981,
        "extraversion": 0.45079874794610325,
        "agreeableness": 0.6231598096426972,
        "neuroticism": 0.5060936932482173
    },
    "Grimdoc": {
        "openness": 0.8129819573475342,
        "conscientiousness": 0.6186786609060163,
        "extraversion": 0.5074542549907637,
        "agreeableness": 0.6777995741116742,
        "neuroticism": 0.5306776146938903
    },
    "benckx": {
        "openness": 0.8060609291999535,
        "conscientiousness": 0.5762098703542373,
        "extraversion": 0.5034401094840937,
        "agreeableness": 0.6619541687072008,
        "neuroticism": 0.47642172999900834
    },
    "tobylane": {
        "openness": 0.8091484589075177,
        "conscientiousness": 0.5971887495361474,
        "extraversion": 0.47832697858663153,
        "agreeableness": 0.5985810333280299,
        "neuroticism": 0.5123052807604891
    },
    "pwaller": {
        "openness": 0.7277271778426542,
        "conscientiousness": 0.5942481774606675,
        "extraversion": 0.46383804742473456,
        "agreeableness": 0.6447608216911185,
        "neuroticism": 0.4456081674937805
    },
    "Glimmer-Man": {
        "openness": 0.8055292532258976,
        "conscientiousness": 0.5916414668721128,
        "extraversion": 0.4781383111499532,
        "agreeableness": 0.6374404445931539,
        "neuroticism": 0.5034672538472181
    },
    "admdly": {
        "openness": 0.8216907920508674,
        "conscientiousness": 0.6056587095307551,
        "extraversion": 0.43245550646932807,
        "agreeableness": 0.6299414290223707,
        "neuroticism": 0.5042867032564587
    },
    "tonihele": {
        "openness": 0.7595872616232476,
        "conscientiousness": 0.5276498512212396,
        "extraversion": 0.41562465843188645,
        "agreeableness": 0.6327465618108807,
        "neuroticism": 0.46538126638461574
    },
    "SimplyRyan": {
        "openness": 0.7264121545459896,
        "conscientiousness": 0.5644286669668422,
        "extraversion": 0.465743145069527,
        "agreeableness": 0.6484651725010601,
        "neuroticism": 0.4294407303881702
    },
    "wolfy1339": {
        "openness": 0.7994629665480731,
        "conscientiousness": 0.6191394807774252,
        "extraversion": 0.44835550231403204,
        "agreeableness": 0.6270178766330352,
        "neuroticism": 0.531990432677296
    },
    "mugmuggy": {
        "openness": 0.8173479590929635,
        "conscientiousness": 0.5865031878899524,
        "extraversion": 0.46645563376087207,
        "agreeableness": 0.6144655505169359,
        "neuroticism": 0.4851110774432427
    },
    "ghost": {
        "openness": 0.7945051699351069,
        "conscientiousness": 0.5669300019440823,
        "extraversion": 0.46801884379552305,
        "agreeableness": 0.6455361067538683,
        "neuroticism": 0.4747528627710267
    },
    "mpmc": {
        "openness": 0.7759696066771685,
        "conscientiousness": 0.5308875952261625,
        "extraversion": 0.4394406062576853,
        "agreeableness": 0.5878100980553352,
        "neuroticism": 0.4679139854890517
    },
    "docucci": {
        "openness": 0.7637447559551548,
        "conscientiousness": 0.5273287124185511,
        "extraversion": 0.4353632286676763,
        "agreeableness": 0.6219410172858815,
        "neuroticism": 0.43640322208727433
    },
    "Suisse00": {
        "openness": 0.7625804427897825,
        "conscientiousness": 0.5821474253537051,
        "extraversion": 0.5333809197462659,
        "agreeableness": 0.6675320409731208,
        "neuroticism": 0.4084391234827327
    },
    "SupanovaHS": {
        "openness": 0.8237712430268007,
        "conscientiousness": 0.5867114534632996,
        "extraversion": 0.4698008613921384,
        "agreeableness": 0.6738742525472525,
        "neuroticism": 0.45919431854762427
    },
    "Andy51": {
        "openness": 0.8013726217780321,
        "conscientiousness": 0.6002499434926697,
        "extraversion": 0.45358029522625876,
        "agreeableness": 0.5996728807297407,
        "neuroticism": 0.48356467540782666
    },
    "lbakyl": {
        "openness": 0.8188357264416344,
        "conscientiousness": 0.6506032290677379,
        "extraversion": 0.5175924443960278,
        "agreeableness": 0.7068853116450369,
        "neuroticism": 0.5403504685674094
    },
    "zsolmanz": {
        "openness": 0.8000396109689026,
        "conscientiousness": 0.556863093228702,
        "extraversion": 0.4386319880110885,
        "agreeableness": 0.6070605220616073,
        "neuroticism": 0.49218923796725456
    },
    "honux": {
        "openness": 0.7007395605937409,
        "conscientiousness": 0.6154698841732077,
        "extraversion": 0.46959498888489865,
        "agreeableness": 0.66736164867477,
        "neuroticism": 0.5116612981284365
    },
    "JamesWP": {
        "openness": 0.7947232171520703,
        "conscientiousness": 0.6526765181380334,
        "extraversion": 0.4810334189106542,
        "agreeableness": 0.6921271096784614,
        "neuroticism": 0.5208236722793098
    },
    "colinjmatt": {
        "openness": 0.7901222035751003,
        "conscientiousness": 0.5816345565875745,