{
    "danieldahan": {
        "openness": 0.8134289362368614,
        "conscientiousness": 0.6653948181553623,
        "extraversion": 0.5042193478586431,
        "agreeableness": 0.6920187254921782,
        "neuroticism": 0.5206980175132734
    },
    "adamdahan": {
        "openness": 0.8078560692342031,
        "conscientiousness": 0.6569754524760151,
        "extraversion": 0.5185219960138414,
        "agreeableness": 0.6532238461933665,
        "neuroticism": 0.5426854401610602
    },
    "cohix": {
        "openness": 0.8110238445757152,
        "conscientiousness": 0.5844661334696596,
        "extraversion": 0.47782284371564,
        "agreeableness": 0.6891449329652526,
        "neuroticism": 0.4757959383937689
    },
    "NinjaIshere": {
        "openness": 0.7802288290612627,
        "conscientiousness": 0.5331440892067505,
        "extraversion": 0.4793724766754394,
        "agreeableness": 0.6370621477269542,
        "neuroticism": 0.4325545709040547
    },
    "zgosalvez": {
        "openness": 0.8181547643570602,
        "conscientiousness": 0.5771005317283819,
        "extraversion": 0.4966242326341507,
        "agreeableness": 0.6107479607714648,
        "neuroticism": 0.48817802115871134
    },
    "rockwotj": {
        "openness": 0.7483855218253777,
        "conscientiousness": 0.5380042267078561,
        "extraversion": 0.49745489697595857,
        "agreeableness": 0.6522743457258953,
        "neuroticism": 0.379462341338553
    },
    "HowardCsie": {
        "openness": 0.7685747457326018,
        "conscientiousness": 0.5694592950041877,
        "extraversion": 0.5292069072474949,
        "agreeableness": 0.680436511741413,
        "neuroticism": 0.43061029680431
    },
    "sohayb": {
        "openness": 0.8252444586384575,
        "conscientiousness": 0.5950411472246191,
        "extraversion": 0.49623866361466207,
        "agreeableness": 0.6602268102660043,
        "neuroticism": 0.507650126639893
    },
    "reeichert": {
        "openness": 0.771501635597015,
        "conscientiousness": 0.5511537267944586,
        "extraversion": 0.462524749818932,
        "agreeableness": 0.6311896184036638,
        "neuroticism": 0.4452900430704285
    },
    "vishiswoz": {
        "openness": 0.7635157089862697,
        "conscientiousness": 0.5788741692736667,
        "extraversion": 0.500597571049056,
        "agreeableness": 0.6632125000560356,
        "neuroticism": 0.4265963441935581
    },
    "chaitanya-ramji": {
        "openness": 0.7970331632561447,
        "conscientiousness": 0.5867986084262923,
        "extraversion": 0.498296886056152,
        "agreeableness": 0.629918634813905,
        "neuroticism": 0.493501880972569
    },
    "xaviermawet": {
        "openness": 0.7913296846588138,
        "conscientiousness": 0.5962454944551775,
        "extraversion": 0.49434925798756024,
        "agreeableness": 0.6433538636552385,
        "neuroticism": 0.4667977099277588
    },
    "iAlirezaKML": {
        "openness": 0.7913199355489432,
        "conscientiousness": 0.5327132712747774,
        "extraversion": 0.4484922738213255,
        "agreeableness": 0.6696274240839966,
        "neuroticism": 0.42525523076075167
    },
    "AndreMarvell": {
        "openness": 0.7440049873398676,
        "conscientiousness": 0.5465389332838835,
        "extraversion": 0.5055083610731111,
        "agreeableness": 0.6893823356756745,
        "neuroticism": 0.38532354820259646
    },
    "mohpor": {
        "openness": 0.8163550594557222,
        "conscientiousness": 0.6191556156862474,
        "extraversion": 0.5125376087320974,
        "agreeableness": 0.6409839606795882,
        "neuroticism": 0.5164887311679848
    },
    "craigpearce5": {
        "openness": 0.7796229243082937,
        "conscientiousness": 0.518312840152475,
        "extraversion": 0.5207590430039368,
        "agreeableness": 0.6423870592437337,
        "neuroticism": 0.37269634784709915
    },
    "misbell": {
        "openness": 0.7698942465982463,
        "conscientiousness": 0.6145601335182974,
        "extraversion": 0.5054857021333444,
        "agreeableness": 0.6243710334245639,
        "neuroticism": 0.5199389482590362
    },
    "ghost": {
        "openness": 0.7998280573089966,
        "conscientiousness": 0.5949770606680159,
        "extraversion": 0.5087374052045829,
        "agreeableness": 0.6665456545292858,
        "neuroticism": 0.4931321101281172
    },
    "Matungos": {
        "openness": 0.8176649773905645,
        "conscientiousness": 0.5395651700233718,
        "extraversion": 0.4382125325145714,
        "agreeableness": 0.5829653596290706,
        "neuroticism": 0.4602251415175953
    },
    "GreyEcologist": {
        "openness": 0.8133318892667919,
        "conscientiousness": 0.5678078804363643,
        "extraversion": 0.48795957367584064,
        "agreeableness": 0.6160624583754506,
        "neuroticism": 0.4725538322298603
    },
    "MohsinN": {
        "openness": 0.8057341644053048,
        "conscientiousness": 0.5655044475655058,
        "extraversion": 0.49431879052119954,
        "agreeableness": 0.6248188293618266,
        "neuroticism": 0.47869520527414444
    },
    "TheHmmka": {
        "openness": 0.7959286760746512,
        "conscientiousness": 0.6049558792350499,
        "extraversion": 0.5085433175118453,
        "agreeableness": 0.7129703280709381,
        "neuroticism": 0.4470163897500457
    },
    "RuslanPatyk": {
        "openness": 0.8011424137274044,
        "conscientiousness": 0.6616889978460114,
        "extraversion": 0.5680696452367611,
        "agreeableness": 0.6992238885175721,
        "neuroticism": 0.5467769345143024
    },
    "ansu": {
        "openness": 0.7914368092188131,
        "conscientiousness": 0.7316085189060442,
        "extraversion": 0.5248318681701792,
        "agreeableness": 0.7742618015807596,
        "neuroticism": 0.5383027764933158
    },
    "OrkhanAlikhanov": {
        "openness": 0.8016833640640062,
        "conscientiousness": 0.6077849549167597,
        "extraversion": 0.48611085846399327,
        "agreeableness": 0.6578602506242736,
        "neuroticism": 0.4897943799874842
    },
    "posaninagendra": {
        "openness": 0.8304417649326347,
        "conscientiousness": 0.6847061737431777,
        "extraversion": 0.5132018797913023,
        "agreeableness": 0.6876674486401675,
        "neuroticism": 0.5355689554946899
    },
    "MarcoCarnevali": {
        "openness": 0.7848033430142352,
        "conscientiousness": 0.5727331479470646,
        "extraversion": 0.5114267131655186,
        "agreeableness": 0.6818356226247617,
        "neuroticism": 0.4400062764549397
    },
    "theolof": {
        "openness": 0.8088266597646229,
        "conscientiousness": 0.5614952806835416,
        "extraversion": 0.43659574349453023,
        "agreeableness": 0.6176677589510322,
        "neuroticism": 0.4619049503346905
    },
    "tbergeron": {
        "openness": 0.8039625293425541,
        "conscientiousness": 0.5379265416761808,
        "extraversion": 0.4735512544130881,
        "agreeableness": 0.6388299385123043,
        "neuroticism": 0.4437874465746768
    },
    "SreekanthGudisi": {
        "openness": 0.7729719920840068,
        "conscientiousness": 0.5562110411947326,
        "extraversion": 0.5051728005108852,
        "agreeableness": 0.6481522716779136,
        "neuroticism": 0.4030245559532388
    },
    "chashmeetsingh": {
        "openness": 0.8107164485215118,
        "conscientiousness": 0.6177526672565924,
        "extraversion": 0.5047080706205633,
        "agreeableness": 0.6463041873769519,
        "neuroticism": 0.5205465422904626
    },
    "JeremyJF": {
        "openness": 0.8028046891847513,
        "conscientiousness": 0.6287167129903397,
        "extraversion": 0.5720279269868583,
        "agreeableness": 0.7112384401166245,
        "neuroticism": 0.5121006722102904
    },
    "aemgtz": {
        "openness": 0.8205522954539608,