{
    "creationix": {
        "openness": 0.8018828975255953,
        "conscientiousness": 0.585102461071981,
        "extraversion": 0.4662608635861518,
        "agreeableness": 0.5995014087395898,
        "neuroticism": 0.5283926123519762
    },
    "mrscreationix": {
        "openness": 0.8195115483171262,
        "conscientiousness": 0.729182965338516,
        "extraversion": 0.4765204437131402,
        "agreeableness": 0.7332750432661584,
        "neuroticism": 0.5603518405434444
    },
    "chrisdickinson": {
        "openness": 0.8037718529080815,
        "conscientiousness": 0.5869432049276908,
        "extraversion": 0.4520606081744319,
        "agreeableness": 0.6158870761747613,
        "neuroticism": 0.4960410617956992
    },
    "maks": {
        "openness": 0.8096922826842565,
        "conscientiousness": 0.5592245877753461,
        "extraversion": 0.489784447908222,
        "agreeableness": 0.6158566842398792,
        "neuroticism": 0.5111047201332528
    },
    "maxogden": {
        "openness": 0.8050500970860925,
        "conscientiousness": 0.5847355038090922,
        "extraversion": 0.4763545552390245,
        "agreeableness": 0.628045996301086,
        "neuroticism": 0.5442995543199898
    },
    "mstade": {
        "openness": 0.8406304178380204,
        "conscientiousness": 0.5684732417796386,
        "extraversion": 0.4966115195017222,
        "agreeableness": 0.6304195961279155,
        "neuroticism": 0.4722446454216488
    },
    "dominictarr": {
        "openness": 0.8367663182421804,
        "conscientiousness": 0.5898630598017606,
        "extraversion": 0.44285184321954896,
        "agreeableness": 0.6613030278534833,
        "neuroticism": 0.4851633809020981
    },
    "Raynos": {
        "openness": 0.7958642306331376,
        "conscientiousness": 0.540735594946766,
        "extraversion": 0.4268962922434651,
        "agreeableness": 0.6131875504729731,
        "neuroticism": 0.47399626534256767
    },
    "Gozala": {
        "openness": 0.8224837016245887,
        "conscientiousness": 0.5989751387064928,
        "extraversion": 0.499362473632632,
        "agreeableness": 0.6444121150897582,
        "neuroticism": 0.4987339072677982
    },
    "ghostbar": {
        "openness": 0.7540233067990937,
        "conscientiousness": 0.528328348891876,
        "extraversion": 0.47866858908196547,
        "agreeableness": 0.6438805204173149,
        "neuroticism": 0.44233581254122045
    },
    "Floby": {
        "openness": 0.7607546414138384,
        "conscientiousness": 0.5839432240893494,
        "extraversion": 0.46843316366861465,
        "agreeableness": 0.6096671321123093,
        "neuroticism": 0.521927973017911
    },
    "tsgautier": {
        "openness": 0.8114177361491968,
        "conscientiousness": 0.6571395200461851,
        "extraversion": 0.47647835109125336,
        "agreeableness": 0.7453949260028063,
        "neuroticism": 0.5311099890224988
    },
    "kzahel": {
        "openness": 0.7811115011583357,
        "conscientiousness": 0.5767405638329788,
        "extraversion": 0.4531958018764308,
        "agreeableness": 0.6143343997732853,
        "neuroticism": 0.5518721206805293
    },
    "aaronpowell": {
        "openness": 0.7828071592491674,
        "conscientiousness": 0.5683313251114023,
        "extraversion": 0.4590148546882664,
        "agreeableness": 0.5804303180105749,
        "neuroticism": 0.5010884485212301
    },
    "ljharb": {
        "openness": 0.7737170961056358,
        "conscientiousness": 0.5962372686218252,
        "extraversion": 0.42061305749578304,
        "agreeableness": 0.6774066393299568,
        "neuroticism": 0.5040556800699318
    },
    "mariusGundersen": {
        "openness": 0.8074752284957968,
        "conscientiousness": 0.619240423267419,
        "extraversion": 0.4367534723172438,
        "agreeableness": 0.6362949776680198,
        "neuroticism": 0.4937268552639005
    },
    "ulion": {
        "openness": 0.7873459820658057,
        "conscientiousness": 0.6407917208974394,
        "extraversion": 0.5065162846921643,
        "agreeableness": 0.6385953201688619,
        "neuroticism": 0.619739780813079
    },
    "kmalakoff": {
        "openness": 0.8215422568868557,
        "conscientiousness": 0.5792943916751973,
        "extraversion": 0.49918166591523616,
        "agreeableness": 0.6241382651657739,
        "neuroticism": 0.5087468809445624
    },
    "CMCDragonkai": {
        "openness": 0.8063721463817312,
        "conscientiousness": 0.5245944689786528,
        "extraversion": 0.4458855819499129,
        "agreeableness": 0.6054265111401672,
        "neuroticism": 0.4194784314926346
    },
    "wmhilton": {
        "openness": 0.7822523130959338,
        "conscientiousness": 0.5655079508466139,
        "extraversion": 0.4412731681005899,
        "agreeableness": 0.5747960959743275,
        "neuroticism": 0.4885702436298348
    }
}