{
    "mbostock": {
        "openness": 0.8130199608651968,
        "conscientiousness": 0.5845905558932466,
        "extraversion": 0.4717170755866427,
        "agreeableness": 0.6084316157939715,
        "neuroticism": 0.5008665198740717
    },
    "bhaugen": {
        "openness": 0.8107838726294267,
        "conscientiousness": 0.5949885172067506,
        "extraversion": 0.5176464387917961,
        "agreeableness": 0.6396105889370526,
        "neuroticism": 0.5316486595244654
    },
    "cfergus": {
        "openness": 0.8214201011347233,
        "conscientiousness": 0.6004023122756653,
        "extraversion": 0.5038160833257135,
        "agreeableness": 0.6282108395893928,
        "neuroticism": 0.5086668225027882
    },
    "kunalb": {
        "openness": 0.86914738777995,
        "conscientiousness": 0.5433929543431104,
        "extraversion": 0.5075803901575847,
        "agreeableness": 0.6328536369626637,
        "neuroticism": 0.4678793474608681
    },
    "soxofaan": {
        "openness": 0.8217135603393263,
        "conscientiousness": 0.5519293717772531,
        "extraversion": 0.4207099137124819,
        "agreeableness": 0.5803564058401689,
        "neuroticism": 0.46709123997295865
    },
    "jasondavies": {
        "openness": 0.8303137160156713,
        "conscientiousness": 0.5853316204691117,
        "extraversion": 0.4714366532246095,
        "agreeableness": 0.6259352715000542,
        "neuroticism": 0.4829298652430456
    },
    "tmcw": {
        "openness": 0.8160803831390906,
        "conscientiousness": 0.5672245736282727,
        "extraversion": 0.4938137773733371,
        "agreeableness": 0.6371501322883333,
        "neuroticism": 0.49560545178114124
    },
    "migurski": {
        "openness": 0.8230670625532209,
        "conscientiousness": 0.5773757044100075,
        "extraversion": 0.47437325913396705,
        "agreeableness": 0.6056933216713345,
        "neuroticism": 0.47651241627222996
    },
    "itay": {
        "openness": 0.8395709484676861,
        "conscientiousness": 0.6470648080552854,
        "extraversion": 0.5196493104475847,
        "agreeableness": 0.6792682956877905,
        "neuroticism": 0.5435269658086687
    },
    "eformx": {
        "openness": 0.7765027173885547,
        "conscientiousness": 0.6064342899999016,
        "extraversion": 0.4700254242222873,
        "agreeableness": 0.6688350000768444,
        "neuroticism": 0.4978637869686897
    },
    "briantjacobs": {
        "openness": 0.7451857879681982,
        "conscientiousness": 0.5984137983697662,
        "extraversion": 0.4772691765754199,
        "agreeableness": 0.6275949636692626,
        "neuroticism": 0.4635115885956578
    },
    "thiloplanz": {
        "openness": 0.844670481350966,
        "conscientiousness": 0.5275577461201175,
        "extraversion": 0.4723637815603765,
        "agreeableness": 0.6002792332502425,
        "neuroticism": 0.48066996046458
    },
    "hakdag": {
        "openness": 0.8145920723779235,
        "conscientiousness": 0.5592893417529937,
        "extraversion": 0.47138526562990596,
        "agreeableness": 0.6545658400840766,
        "neuroticism": 0.4186958473247098
    },
    "kachkaev": {
        "openness": 0.7699314420653638,
        "conscientiousness": 0.6090994027285314,
        "extraversion": 0.4198620122537672,
        "agreeableness": 0.6450295911707444,
        "neuroticism": 0.46780242867544547
    }
}