{
    "mbostock": {
        "openness": 0.8196073450840439,
        "conscientiousness": 0.5880392712827021,
        "extraversion": 0.4695540353428238,
        "agreeableness": 0.627538055487954,
        "neuroticism": 0.5062180492740529
    },
    "jasondavies": {
        "openness": 0.8138911387925507,
        "conscientiousness": 0.5785328711853196,
        "extraversion": 0.4527836806935453,
        "agreeableness": 0.6338953717952616,
        "neuroticism": 0.48907056850260755
    },
    "NelsonMinar": {
        "openness": 0.8296836650987389,
        "conscientiousness": 0.5828137460211085,
        "extraversion": 0.4732307084489683,
        "agreeableness": 0.6278737607473877,
        "neuroticism": 0.48742684688474136
    },
    "jfirebaugh": {
        "openness": 0.808602625940921,
        "conscientiousness": 0.5878405067820935,
        "extraversion": 0.4827217142187044,
        "agreeableness": 0.6217882745057681,
        "neuroticism": 0.4992514244768753
    },
    "syntagmatic": {
        "openness": 0.8206287207238453,
        "conscientiousness": 0.578387437679347,
        "extraversion": 0.44363154666086013,
        "agreeableness": 0.5875025288271547,
        "neuroticism": 0.46358582701634654
    },
    "jrus": {
        "openness": 0.8440081699785202,
        "conscientiousness": 0.5721791443557716,
        "extraversion": 0.47507489275175085,
        "agreeableness": 0.6414483239443791,
        "neuroticism": 0.4721645337637012
    },
    "natevw": {
        "openness": 0.8048525122877263,
        "conscientiousness": 0.5649098961289245,
        "extraversion": 0.4681530726326349,
        "agreeableness": 0.6462772499118135,
        "neuroticism": 0.48128686605574966
    },
    "lynaghk": {
        "openness": 0.8426936821553023,
        "conscientiousness": 0.5808425993166969,
        "extraversion": 0.5164679510025605,
        "agreeableness": 0.6294073424534437,
        "neuroticism": 0.5084029148277386
    },
    "larskotthoff": {
        "openness": 0.8029069574577448,
        "conscientiousness": 0.581871071634698,
        "extraversion": 0.4397500279707764,
        "agreeableness": 0.622083763455431,
        "neuroticism": 0.4814887829191039
    },
    "GerHobbelt": {
        "openness": 0.8185314645461308,
        "conscientiousness": 0.5992825694366786,
        "extraversion": 0.5205931022963397,
        "agreeableness": 0.6454240535604852,
        "neuroticism": 0.519559960965841
    },
    "bbroeksema": {
        "openness": 0.7818811325982835,
        "conscientiousness": 0.6327876714030021,
        "extraversion": 0.4412181888378748,
        "agreeableness": 0.6422299024705809,
        "neuroticism": 0.5091132893281931
    },
    "trevnorris": {
        "openness": 0.793104519114747,
        "conscientiousness": 0.6358848401011156,
        "extraversion": 0.4426135956361066,
        "agreeableness": 0.6483569011024262,
        "neuroticism": 0.532117542971855
    },
    "indec": {
        "openness": 0.8218301594308748,
        "conscientiousness": 0.6085296667410633,
        "extraversion": 0.49258375067351695,
        "agreeableness": 0.6700743135474219,
        "neuroticism": 0.5141497303072317
    },
    "loganlinn": {
        "openness": 0.8494639425973516,
        "conscientiousness": 0.5827292491877711,
        "extraversion": 0.48584823310506287,
        "agreeableness": 0.6500782776730071,
        "neuroticism": 0.5275585289478674
    },
    "justincormack": {
        "openness": 0.8214500707680231,
        "conscientiousness": 0.5633989351204955,
        "extraversion": 0.44799639877367203,
        "agreeableness": 0.6518012351680249,
        "neuroticism": 0.43596704694345256
    },
    "shawnbot": {
        "openness": 0.8259518018993673,
        "conscientiousness": 0.5451922199840067,
        "extraversion": 0.4560184026938955,
        "agreeableness": 0.6025111826641598,
        "neuroticism": 0.46315490762178313
    },
    "dcporter": {
        "openness": 0.8128698148583654,
        "conscientiousness": 0.6003113102387374,
        "extraversion": 0.5636496059267986,
        "agreeableness": 0.7072348521732807,
        "neuroticism": 0.5135717151838681
    },
    "NathanaelA": {
        "openness": 0.8445824591745111,
        "conscientiousness": 0.6363361272688501,
        "extraversion": 0.4884793704153244,
        "agreeableness": 0.6266086153747547,
        "neuroticism": 0.5731299148893334
    },
    "snoble": {
        "openness": 0.8229340340702442,
        "conscientiousness": 0.5928663979704067,
        "extraversion": 0.48510007731525384,
        "agreeableness": 0.6286041763668322,
        "neuroticism": 0.4909410633873149
    },
    "gabrielmontagne": {
        "openness": 0.8151495691140012,
        "conscientiousness": 0.6245904193472944,
        "extraversion": 0.44156557250604794,
        "agreeableness": 0.6217870205539455,
        "neuroticism": 0.5227932468355225
    },
    "nevir": {
        "openness": 0.8384450789215321,
        "conscientiousness": 0.5612176740387035,
        "extraversion": 0.5207207676128963,
        "agreeableness": 0.6554498779969536,
        "neuroticism": 0.4648588722095895
    },
    "gorhill": {
        "openness": 0.8027828664312651,
        "conscientiousness": 0.5920920331346737,
        "extraversion": 0.4729439451577436,
        "agreeableness": 0.6282258287789412,
        "neuroticism": 0.5093866975704645
    },
    "sheppard": {
        "openness": 0.8163962950061132,
        "conscientiousness": 0.5732312537124646,
        "extraversion": 0.4569363404810689,
        "agreeableness": 0.570250305065233,
        "neuroticism": 0.5165764137453366
    },
    "ZJONSSON": {
        "openness": 0.8262097808456053,
        "conscientiousness": 0.6018687949506223,
        "extraversion": 0.47776208131021713,
        "agreeableness": 0.6232328474617139,
        "neuroticism": 0.5141253618825442
    },
    "javisantana": {
        "openness": 0.7702847987010998,
        "conscientiousness": 0.5807991769303434,
        "extraversion": 0.4399459217551044,
        "agreeableness": 0.6048186139370051,
        "neuroticism": 0.5065023469307297
    },
    "tbranyen": {
        "openness": 0.791476515199386,
        "conscientiousness": 0.5742784402145762,
        "extraversion": 0.5055721737650015,
        "agreeableness": 0.6871564638919436,
        "neuroticism": 0.46235503164839187
    },
    "gedejong": {
        "openness": 0.8331902021632609,
        "conscientiousness": 0.5960308481791691,
        "extraversion": 0.5011099833919342,
        "agreeableness": 0.6064695016806019,
        "neuroticism": 0.5039512203167422
    },
    "smcgivern": {
        "openness": 0.8088889396997567,
        "conscientiousness": 0.5487949592929403,
        "extraversion": 0.4473555175403491,
        "agreeableness": 0.5973289787054197,
        "neuroticism": 0.49169154385749325
    },
    "fanktom": {
        "openness": 0.8123774482105934,
        "conscientiousness": 0.6234686528495575,
        "extraversion": 0.4801387817681235,
        "agreeableness": 0.6769204668335184,
        "neuroticism": 0.5171584759069752
    },
    "jisaacks": {
        "openness": 0.8125570198063117,
        "conscientiousness": 0.5714134059400509,
        "extraversion": 0.4320901277141199,
        "agreeableness": 0.6717201794885113,
        "neuroticism": 0.5020688289414176
    },
    "scottcheng": {
        "openness": 0.8380741196290988,
        "conscientiousness": 0.5831667684441106,
        "extraversion": 0.5045145456621877,
        "agreeableness": 0.6551029716949932,
        "neuroticism": 0.502269474749763
    },
    "sammyt": {
        "openness": 0.8193525563129334,
        "conscientiousness": 0.5515619844600149,
        "extraversion": 0.4378673510261308,
        "agreeableness": 0.6363429216444951,
        "neuroticism": 0.4928680208784747
    },
    "bigsley": {
        "openness": 0.8009363384293464,
        "conscientiousness": 0.5907069918821751,