{
    "daneden": {
        "openness": 0.8154560251080626,
        "conscientiousness": 0.6080892879973173,
        "extraversion": 0.4624252004303794,
        "agreeableness": 0.6131213422981876,
        "neuroticism": 0.5178480817398592
    },
    "includecreative": {
        "openness": 0.7356569467788259,
        "conscientiousness": 0.6473378345657357,
        "extraversion": 0.527146926774466,
        "agreeableness": 0.6770965335651941,
        "neuroticism": 0.5834749596653878
    }
}