{
    "defunkt": {
        "openness": 0.786302542915474,
        "conscientiousness": 0.6148024644234124,
        "extraversion": 0.45462919281088854,
        "agreeableness": 0.6534980033233463,
        "neuroticism": 0.5409560020237039
    },
    "drewwells": {
        "openness": 0.7765061586354788,
        "conscientiousness": 0.6247731118166088,
        "extraversion": 0.45434013538895834,
        "agreeableness": 0.6195593941907144,
        "neuroticism": 0.514096837973321
    },
    "arvindsv": {
        "openness": 0.8278036225592902,
        "conscientiousness": 0.6382393679605483,
        "extraversion": 0.4932136006893175,
        "agreeableness": 0.690415113292055,
        "neuroticism": 0.5729503391830163
    },
    "starzonmyarmz": {
        "openness": 0.8197074148829725,
        "conscientiousness": 0.588424493287605,
        "extraversion": 0.46925018779979355,
        "agreeableness": 0.6321954579301454,
        "neuroticism": 0.5611243599449224
    },
    "OscarGodson": {
        "openness": 0.776774851132621,
        "conscientiousness": 0.6047590870375056,
        "extraversion": 0.5217137022781434,
        "agreeableness": 0.6658810729983098,
        "neuroticism": 0.5123822374801844
    },
    "westonruter": {
        "openness": 0.8136799462396954,
        "conscientiousness": 0.6350356946957099,
        "extraversion": 0.4692423012822764,
        "agreeableness": 0.6001956897435828,
        "neuroticism": 0.6049645362688414
    },
    "tmuellerleile": {
        "openness": 0.8118951472181566,
        "conscientiousness": 0.6021332695560682,
        "extraversion": 0.4137436471782621,
        "agreeableness": 0.5855808726320992,
        "neuroticism": 0.5347610980657538
    },
    "AndrewVos": {
        "openness": 0.7944380168516761,
        "conscientiousness": 0.597761300596515,
        "extraversion": 0.4754780264461035,
        "agreeableness": 0.6305334618177568,
        "neuroticism": 0.5463309366952727
    },
    "matthewhadley": {
        "openness": 0.7867380260333237,
        "conscientiousness": 0.584414647026973,
        "extraversion": 0.47850289484317116,
        "agreeableness": 0.5849730719224739,
        "neuroticism": 0.5752296602013034
    },
    "fuadsaud": {
        "openness": 0.8406679502718918,
        "conscientiousness": 0.592120117680387,
        "extraversion": 0.4380548632864112,
        "agreeableness": 0.6856810398729933,
        "neuroticism": 0.4848863142140233
    },
    "Peeja": {
        "openness": 0.8416062009677094,
        "conscientiousness": 0.6129212219567498,
        "extraversion": 0.49599061420754387,
        "agreeableness": 0.6440093114773889,
        "neuroticism": 0.5675060151219379
    },
    "markogresak": {
        "openness": 0.7979174995037059,
        "conscientiousness": 0.6071851241691554,
        "extraversion": 0.4854034710549553,
        "agreeableness": 0.6354536000104639,
        "neuroticism": 0.6225269270567365
    },
    "tupton": {
        "openness": 0.8325098414945828,
        "conscientiousness": 0.5988934132302479,
        "extraversion": 0.47121499758381025,
        "agreeableness": 0.6132380530696713,
        "neuroticism": 0.5445133126128575
    }
}