{
    "digitalBush": {
        "openness": 0.8060902395025901,
        "conscientiousness": 0.6353770508844105,
        "extraversion": 0.4938437728157089,
        "agreeableness": 0.6708312994363923,
        "neuroticism": 0.5095722040115714
    },
    "gburghardt": {
        "openness": 0.8176264779370644,
        "conscientiousness": 0.6092607888399874,
        "extraversion": 0.463431613752425,
        "agreeableness": 0.6213173247936412,
        "neuroticism": 0.5295188252588212
    },
    "codeimpossible": {
        "openness": 0.8317064023169729,
        "conscientiousness": 0.6078430675780248,
        "extraversion": 0.4445090936069953,
        "agreeableness": 0.635447791157463,
        "neuroticism": 0.517398570811719
    }
}