{
    "zimbatm": {
        "openness": 0.8190602787979325,
        "conscientiousness": 0.6037831677936729,
        "extraversion": 0.4813998374966767,
        "agreeableness": 0.6359369213724488,
        "neuroticism": 0.5265694700245727
    },
    "pwaller": {
        "openness": 0.800025262196513,
        "conscientiousness": 0.5980979931365953,
        "extraversion": 0.4661086069816763,
        "agreeableness": 0.6434882184521897,
        "neuroticism": 0.49814147283980825
    },
    "nyarly": {
        "openness": 0.8192635731378999,
        "conscientiousness": 0.571449263602111,
        "extraversion": 0.46841871545089786,
        "agreeableness": 0.6129636682299721,
        "neuroticism": 0.48974893333104796
    },
    "bmc": {
        "openness": 0.7991848159431197,
        "conscientiousness": 0.5753048608660373,
        "extraversion": 0.4583488480020459,
        "agreeableness": 0.5885278123860259,
        "neuroticism": 0.4720800427864689
    },
    "millisami": {
        "openness": 0.7961055808056519,
        "conscientiousness": 0.5902105790621783,
        "extraversion": 0.46662479074785684,
        "agreeableness": 0.6025562711466748,
        "neuroticism": 0.52366765487496
    },
    "andreychernih": {
        "openness": 0.7794303036417811,
        "conscientiousness": 0.6036291532035237,
        "extraversion": 0.4894537812491473,
        "agreeableness": 0.5865703173212085,
        "neuroticism": 0.4724868857645587
    },
    "alanbbr": {
        "openness": 0.798715185994235,
        "conscientiousness": 0.6046005166656823,
        "extraversion": 0.5478366844229355,
        "agreeableness": 0.683528345064363,
        "neuroticism": 0.5229161874384252
    },
    "winmillwill": {
        "openness": 0.8299680683934304,
        "conscientiousness": 0.6232773257453909,
        "extraversion": 0.5242302275837596,
        "agreeableness": 0.6656978959460094,
        "neuroticism": 0.49883007115879074
    },
    "wbolster": {
        "openness": 0.8377792122110501,
        "conscientiousness": 0.5832281284991712,
        "extraversion": 0.5314614526511486,
        "agreeableness": 0.6543731254731868,
        "neuroticism": 0.49401593952474476
    },
    "amosbird": {
        "openness": 0.7965649748260643,
        "conscientiousness": 0.5693582996021564,
        "extraversion": 0.4691454364437522,
        "agreeableness": 0.6324833942059465,
        "neuroticism": 0.48006078725865703
    },
    "pdf": {
        "openness": 0.8240754387042653,
        "conscientiousness": 0.5471879971178628,
        "extraversion": 0.4748531316035595,
        "agreeableness": 0.6609237242515407,
        "neuroticism": 0.4407203823014338
    },
    "timbertson": {
        "openness": 0.8144448319498767,
        "conscientiousness": 0.5725413742439148,
        "extraversion": 0.456929779870394,
        "agreeableness": 0.6228208701253801,
        "neuroticism": 0.5188620358558507
    },
    "punitagrawal": {
        "openness": 0.8018685301559861,
        "conscientiousness": 0.6127043984708052,
        "extraversion": 0.5135613240719991,
        "agreeableness": 0.6392987398300611,
        "neuroticism": 0.5251766740809942
    },
    "CMCDragonkai": {
        "openness": 0.7967848046672343,
        "conscientiousness": 0.5865003136066911,
        "extraversion": 0.4534874699516442,
        "agreeableness": 0.599492056887016,
        "neuroticism": 0.5069593662357477
    },
    "wilmoore": {
        "openness": 0.7935937932053997,
        "conscientiousness": 0.57466276918682,
        "extraversion": 0.4373447912354759,
        "agreeableness": 0.6616491749994463,
        "neuroticism": 0.49399144550107477
    },
    "mcandre": {
        "openness": 0.7987641233443342,
        "conscientiousness": 0.5476355361648351,
        "extraversion": 0.4901766905792273,
        "agreeableness": 0.5811762256607246,
        "neuroticism": 0.4856644903481232
    },
    "f0ff886f": {
        "openness": 0.7729568833323399,
        "conscientiousness": 0.5833534999087213,
        "extraversion": 0.4661768209407523,
        "agreeableness": 0.641292011787876,
        "neuroticism": 0.49779328590694827
    },
    "irontoby": {
        "openness": 0.7968993140015654,
        "conscientiousness": 0.5388090923781007,
        "extraversion": 0.42951724186406054,
        "agreeableness": 0.6392068357936698,
        "neuroticism": 0.48874378508633676
    },
    "bbense": {
        "openness": 0.7980090817161947,
        "conscientiousness": 0.560911094596407,
        "extraversion": 0.43299710151303883,
        "agreeableness": 0.6144479429245133,
        "neuroticism": 0.4419337661248737
    },
    "ssbarnea": {
        "openness": 0.7953666133073078,
        "conscientiousness": 0.6133394044136988,
        "extraversion": 0.46071300348179467,
        "agreeableness": 0.6352064514427275,
        "neuroticism": 0.5355012722916346
    },
    "hartzell": {
        "openness": 0.8089844172272705,
        "conscientiousness": 0.5719453935998705,
        "extraversion": 0.43222978461917194,
        "agreeableness": 0.5646628775009697,
        "neuroticism": 0.47368699222488087
    },
    "peterfpeterson": {
        "openness": 0.8336952782853738,
        "conscientiousness": 0.5748481571746793,
        "extraversion": 0.489320862156083,
        "agreeableness": 0.5658624456269401,
        "neuroticism": 0.5378381914562612
    },
    "norman-abramovitz": {
        "openness": 0.7550604555140242,
        "conscientiousness": 0.6085693715049965,
        "extraversion": 0.4796208476431979,
        "agreeableness": 0.6228482908676943,
        "neuroticism": 0.48727137877446813
    },
    "glasser": {
        "openness": 0.7938500024838661,
        "conscientiousness": 0.6136459485996191,
        "extraversion": 0.5058124951518803,
        "agreeableness": 0.662005953561665,
        "neuroticism": 0.5407811819445609
    },
    "ldeck": {
        "openness": 0.7521101411196851,
        "conscientiousness": 0.5606182588599341,
        "extraversion": 0.3619889225100873,
        "agreeableness": 0.6271513702784178,
        "neuroticism": 0.47882536338434345
    },
    "GertThiel": {
        "openness": 0.7111955054416691,
        "conscientiousness": 0.6085952899973083,
        "extraversion": 0.445295050562046,
        "agreeableness": 0.6579249549562115,
        "neuroticism": 0.43860983227683004
    },
    "russellseymour": {
        "openness": 0.8362848348345966,
        "conscientiousness": 0.5778040420044819,
        "extraversion": 0.5039732344494005,
        "agreeableness": 0.6192365691049113,
        "neuroticism": 0.5335856695328893
    },
    "rubymaniac": {
        "openness": 0.8384921289855317,
        "conscientiousness": 0.6241462585834174,
        "extraversion": 0.4454692257941549,
        "agreeableness": 0.6687319938222468,
        "neuroticism": 0.5142947015629792
    },
    "Mic92": {
        "openness": 0.7809591022247242,
        "conscientiousness": 0.5896581991457767,
        "extraversion": 0.458046808170845,
        "agreeableness": 0.5932065050088835,
        "neuroticism": 0.5391548391975793
    },
    "yermulnik": {
        "openness": 0.770081702549652,
        "conscientiousness": 0.6064999526736365,
        "extraversion": 0.4863210498720082,
        "agreeableness": 0.639181762354959,
        "neuroticism": 0.5249606597254157
    },
    "seffenberg-naspers": {
        "openness": 0.8355664628246037,
        "conscientiousness": 0.6377577209829868,
        "extraversion": 0.4601178379334416,
        "agreeableness": 0.6821762304421852,
        "neuroticism": 0.5257422916534578
    },
    "dan-passaro": {
        "openness": 0.8410432646019625,
        "conscientiousness": 0.5565256660828252,
        "extraversion": 0.4586677213248287,
        "agreeableness": 0.6461402379677958,
        "neuroticism": 0.46442373710631785
    },
    "markwest1": {
        "openness": 0.7593879155191899,
        "conscientiousness": 0.5717297956635142,