{
    "pwnall": {
        "openness": 0.7903916961782322,
        "conscientiousness": 0.6251594743921532,
        "extraversion": 0.5214899732308254,
        "agreeableness": 0.6323820074536393,
        "neuroticism": 0.5679503245466024
    },
    "TheBlune": {
        "openness": 0.7773611084396465,
        "conscientiousness": 0.5827025037243818,
        "extraversion": 0.5074596548517205,
        "agreeableness": 0.6368218012551465,
        "neuroticism": 0.5190813208939435
    },
    "jonathanyee": {
        "openness": 0.7364921527583413,
        "conscientiousness": 0.6033422070850563,
        "extraversion": 0.5312466593149487,
        "agreeableness": 0.707768372579742,
        "neuroticism": 0.47063874739132777
    },
    "Crome": {
        "openness": 0.7540422258654454,
        "conscientiousness": 0.6164296979357724,
        "extraversion": 0.5098875009412167,
        "agreeableness": 0.6646961603800011,
        "neuroticism": 0.6188699711975081
    },
    "ghost": {
        "openness": 0.8015477803307526,
        "conscientiousness": 0.6487620999256272,
        "extraversion": 0.5282849818418339,
        "agreeableness": 0.6464042959090273,
        "neuroticism": 0.5958705838817399
    },
    "glynthomas": {
        "openness": 0.7944121463659104,
        "conscientiousness": 0.6047018506588387,
        "extraversion": 0.5047979647489764,
        "agreeableness": 0.6881285629692906,
        "neuroticism": 0.5270268330837682
    },
    "xunhuang": {
        "openness": 0.7898629561901346,
        "conscientiousness": 0.6440261208003274,
        "extraversion": 0.5353142613814301,
        "agreeableness": 0.6620310171639197,
        "neuroticism": 0.6032774800941149
    },
    "aroramayur": {
        "openness": 0.792503711979933,
        "conscientiousness": 0.5892348630664237,
        "extraversion": 0.5013960590209003,
        "agreeableness": 0.6281566472762248,
        "neuroticism": 0.4927891227817981
    },
    "paglias": {
        "openness": 0.794121610232606,
        "conscientiousness": 0.6000323164739886,
        "extraversion": 0.434629194658398,
        "agreeableness": 0.6301964782319348,
        "neuroticism": 0.5492613424216618
    },
    "350d": {
        "openness": 0.7656784427281268,
        "conscientiousness": 0.6013438931718581,
        "extraversion": 0.5288005661042182,
        "agreeableness": 0.6644389014799046,
        "neuroticism": 0.5228021495777275
    },
    "smarx": {
        "openness": 0.7840610180504537,
        "conscientiousness": 0.602821970115105,
        "extraversion": 0.49023314445163896,
        "agreeableness": 0.6228211471868093,
        "neuroticism": 0.5592002333354014
    },
    "piranna": {
        "openness": 0.8091396080617042,
        "conscientiousness": 0.5581438040471178,
        "extraversion": 0.4855438994452878,
        "agreeableness": 0.6230121494264456,
        "neuroticism": 0.5240550159844044
    },
    "michote": {
        "openness": 0.7881235237095272,
        "conscientiousness": 0.6144589354369793,
        "extraversion": 0.4677733473995454,
        "agreeableness": 0.61243296034408,
        "neuroticism": 0.561561780746525
    },
    "ssr1ram": {
        "openness": 0.8096629866955621,
        "conscientiousness": 0.6282916736209957,
        "extraversion": 0.4828971083025081,
        "agreeableness": 0.6611423015540583,
        "neuroticism": 0.5499519616325876
    },
    "sakthieswar": {
        "openness": 0.7613491531302095,
        "conscientiousness": 0.5682619024092881,
        "extraversion": 0.46882072229591476,
        "agreeableness": 0.6589003261210229,
        "neuroticism": 0.4930516421502693
    },
    "PunterSThompson": {
        "openness": 0.7891769514805214,
        "conscientiousness": 0.5963764002083293,
        "extraversion": 0.5156977857589499,
        "agreeableness": 0.6335960406452796,
        "neuroticism": 0.5641757378609488
    },
    "SimplGy": {
        "openness": 0.7908241664611015,
        "conscientiousness": 0.5912954240454235,
        "extraversion": 0.5152293587506157,
        "agreeableness": 0.6416182482924224,
        "neuroticism": 0.50633345182643
    },
    "rtfeldman": {
        "openness": 0.7859950834266374,
        "conscientiousness": 0.6450148967071512,
        "extraversion": 0.4746176231273428,
        "agreeableness": 0.7323301059463297,
        "neuroticism": 0.4965528655911189
    },
    "eantz": {
        "openness": 0.7204756278353169,
        "conscientiousness": 0.6086094286862646,
        "extraversion": 0.4826419814677321,
        "agreeableness": 0.6816828101994117,
        "neuroticism": 0.48485678299805407
    },
    "joeriks": {
        "openness": 0.7916341151598458,
        "conscientiousness": 0.601494520883245,
        "extraversion": 0.4411128514881391,
        "agreeableness": 0.6160982237896496,
        "neuroticism": 0.546634533159297
    },
    "kyleshank": {
        "openness": 0.8265814060100258,
        "conscientiousness": 0.5914845478660503,
        "extraversion": 0.41807073916807924,
        "agreeableness": 0.6248542233637973,
        "neuroticism": 0.4889416245787375
    },
    "boushley": {
        "openness": 0.8053917644130938,
        "conscientiousness": 0.5847523237844701,
        "extraversion": 0.4875272484000019,
        "agreeableness": 0.6516984312686914,
        "neuroticism": 0.47307222032484364
    },
    "AndiDog": {
        "openness": 0.8029213483291787,
        "conscientiousness": 0.5724916117910543,
        "extraversion": 0.4986696729519906,
        "agreeableness": 0.6118697155690529,
        "neuroticism": 0.5059877885784734
    },
    "kitikonti": {
        "openness": 0.7932296214495242,
        "conscientiousness": 0.5931202768802983,
        "extraversion": 0.4530109736455647,
        "agreeableness": 0.5900169279442866,
        "neuroticism": 0.5661229199564787
    },
    "codehandling": {
        "openness": 0.7919316269462325,
        "conscientiousness": 0.6460891484138238,
        "extraversion": 0.5313568279396425,
        "agreeableness": 0.6912966153399942,
        "neuroticism": 0.5846182530798215
    },
    "DavidPratten": {
        "openness": 0.7550646444829332,
        "conscientiousness": 0.6256007172130309,
        "extraversion": 0.5649457647440106,
        "agreeableness": 0.6724126202547365,
        "neuroticism": 0.5346258706307616
    },
    "nathanpc": {
        "openness": 0.7894800260496988,
        "conscientiousness": 0.5603110127798626,
        "extraversion": 0.4249921831564456,
        "agreeableness": 0.5976834528940771,
        "neuroticism": 0.48548435186424577
    },
    "chrismatheson": {
        "openness": 0.7920296585488715,
        "conscientiousness": 0.6287518209461717,
        "extraversion": 0.5319504201272569,
        "agreeableness": 0.6491127584382638,
        "neuroticism": 0.5634188151835122
    },
    "dwiyatci": {
        "openness": 0.8543199060369224,
        "conscientiousness": 0.6111847603359958,
        "extraversion": 0.47834558788615816,
        "agreeableness": 0.6308851637906461,
        "neuroticism": 0.524556190082984
    },
    "ChristofferDahl": {
        "openness": 0.7903119266231323,
        "conscientiousness": 0.5781790154743072,
        "extraversion": 0.43540277149781703,
        "agreeableness": 0.6032787686195641,
        "neuroticism": 0.49702367961012206
    },
    "vladikoff": {
        "openness": 0.7869920481427828,
        "conscientiousness": 0.6152557383767483,
        "extraversion": 0.47745146147432516,
        "agreeableness": 0.6036188104826558,
        "neuroticism": 0.569068286891978
    },
    "joshua-s": {
        "openness": 0.8014037935608607,
        "conscientiousness": 0.6443829376840201,
        "extraversion": 0.4572545146251696,
        "agreeableness": 0.6694346667418283,
        "neuroticism": 0.5470111433638933
    },
    "lavelle": {
        "openness": 0.7935504551886219,
        "conscientiousness": 0.5362285725223294,