{
    "dularion": {
        "openness": 0.8165777938389325,
        "conscientiousness": 0.6355297295348115,
        "extraversion": 0.4753120126462439,
        "agreeableness": 0.6623581969244569,
        "neuroticism": 0.5447359942718829
    },
    "InfernoZeus": {
        "openness": 0.8086887453208059,
        "conscientiousness": 0.5985126539950634,
        "extraversion": 0.4936482486494519,
        "agreeableness": 0.601944498859552,
        "neuroticism": 0.5441358612788
    },
    "z3ntu": {
        "openness": 0.7895949136312442,
        "conscientiousness": 0.6085820991166858,
        "extraversion": 0.44479761072113316,
        "agreeableness": 0.6284113632743897,
        "neuroticism": 0.5419390398271151
    },
    "stramel": {
        "openness": 0.8349462394023781,
        "conscientiousness": 0.6152478071103552,
        "extraversion": 0.5047104476108336,
        "agreeableness": 0.6470780556234178,
        "neuroticism": 0.5277252046677496
    },
    "dantheman213": {
        "openness": 0.8005748405378665,
        "conscientiousness": 0.5919184428113226,
        "extraversion": 0.500904248712889,
        "agreeableness": 0.6084322013333319,
        "neuroticism": 0.546157316006099
    },
    "phi0x": {
        "openness": 0.7976973021823731,
        "conscientiousness": 0.5937231399698533,
        "extraversion": 0.5009769454917744,
        "agreeableness": 0.6179388720925407,
        "neuroticism": 0.5063984473226704
    },
    "thesupergeek": {
        "openness": 0.7527320110716769,
        "conscientiousness": 0.5777252383681115,
        "extraversion": 0.476944240547264,
        "agreeableness": 0.6659154197249633,
        "neuroticism": 0.4305793150541394
    },
    "davidlf13": {
        "openness": 0.7762240327226808,
        "conscientiousness": 0.6034539062314956,
        "extraversion": 0.46445726612548943,
        "agreeableness": 0.6160966933306058,
        "neuroticism": 0.5499630440114878
    },
    "gkiko": {
        "openness": 0.787305340115241,
        "conscientiousness": 0.5787938517213589,
        "extraversion": 0.4770709643092236,
        "agreeableness": 0.6135534021062679,
        "neuroticism": 0.5059667654555938
    },
    "Jeronimo95": {
        "openness": 0.7881517025452885,
        "conscientiousness": 0.5958897493596751,
        "extraversion": 0.4650739599485678,
        "agreeableness": 0.6001178944173693,
        "neuroticism": 0.5461936282719954
    },
    "admwx7": {
        "openness": 0.7887249420586869,
        "conscientiousness": 0.5953377566071066,
        "extraversion": 0.5284332675941228,
        "agreeableness": 0.6297001436754661,
        "neuroticism": 0.5444313377618354
    },
    "majorcyto": {
        "openness": 0.7899275024529119,
        "conscientiousness": 0.6216845234224396,
        "extraversion": 0.4605720638615762,
        "agreeableness": 0.6253332225267452,
        "neuroticism": 0.6010035652990615
    },
    "yusijs": {
        "openness": 0.7834423047311694,
        "conscientiousness": 0.5522604719292361,
        "extraversion": 0.5253833059193525,
        "agreeableness": 0.6224674391414565,
        "neuroticism": 0.4725674536475318
    },
    "kerberjg": {
        "openness": 0.773606539471698,
        "conscientiousness": 0.5729874023838051,
        "extraversion": 0.47193220603991937,
        "agreeableness": 0.6176856931444166,
        "neuroticism": 0.5332319169650561
    },
    "Serubin": {
        "openness": 0.7370002730455474,
        "conscientiousness": 0.604580893881638,
        "extraversion": 0.42645253547379364,
        "agreeableness": 0.6258091644595265,
        "neuroticism": 0.5231412566578374
    },
    "thomasleveil": {
        "openness": 0.8131083582934078,
        "conscientiousness": 0.6206784840262125,
        "extraversion": 0.49332609098132096,
        "agreeableness": 0.6250681119519896,
        "neuroticism": 0.5301858932539931
    },
    "lhw": {
        "openness": 0.8074273009656627,
        "conscientiousness": 0.5844629551501836,
        "extraversion": 0.43241357833307537,
        "agreeableness": 0.595594668395586,
        "neuroticism": 0.5107372689372143
    },
    "alallier": {
        "openness": 0.7658074257006493,
        "conscientiousness": 0.6017323751864336,
        "extraversion": 0.46390806817561414,
        "agreeableness": 0.619605649335234,
        "neuroticism": 0.5863277701357031
    },
    "jdollar": {
        "openness": 0.8257892015168619,
        "conscientiousness": 0.6134238881433043,
        "extraversion": 0.4977646453724087,
        "agreeableness": 0.6027074765933969,
        "neuroticism": 0.5964339161746035
    },
    "asmartin": {
        "openness": 0.7187957995547081,
        "conscientiousness": 0.5714299497661595,
        "extraversion": 0.49542190998083585,
        "agreeableness": 0.6729927352908857,
        "neuroticism": 0.4407989376416411
    },
    "the4ndy": {
        "openness": 0.8161598633228571,
        "conscientiousness": 0.6438172991756157,
        "extraversion": 0.4620269387374756,
        "agreeableness": 0.6133674074696768,
        "neuroticism": 0.5769819086290012
    },
    "Azizoufy": {
        "openness": 0.7809794832266664,
        "conscientiousness": 0.6107686478706329,
        "extraversion": 0.453336880597335,
        "agreeableness": 0.5884566588042349,
        "neuroticism": 0.5951623217175235
    },
    "ghost": {
        "openness": 0.7789436190608058,
        "conscientiousness": 0.5995475540437232,
        "extraversion": 0.48020040732262104,
        "agreeableness": 0.657057622255962,
        "neuroticism": 0.5217633742343053
    },
    "Shrinks99": {
        "openness": 0.8235573117086132,
        "conscientiousness": 0.6083742714910126,
        "extraversion": 0.46308077501224537,
        "agreeableness": 0.6064532359284229,
        "neuroticism": 0.5562578124647817
    },
    "jsniemela": {
        "openness": 0.8148915978564547,
        "conscientiousness": 0.6177737262229991,
        "extraversion": 0.36901357714381594,
        "agreeableness": 0.6205389969731409,
        "neuroticism": 0.519688191775128
    },
    "ManuGithubSteam": {
        "openness": 0.7847144733500437,
        "conscientiousness": 0.6146057434105536,
        "extraversion": 0.4671419052246666,
        "agreeableness": 0.6080204340258699,
        "neuroticism": 0.542251853073741
    },
    "d000000h": {
        "openness": 0.7762927481907361,
        "conscientiousness": 0.6406811717787757,
        "extraversion": 0.49363573186597653,
        "agreeableness": 0.664538318138097,
        "neuroticism": 0.5394253551189216
    },
    "robsonolivesa": {
        "openness": 0.7562725724175079,
        "conscientiousness": 0.637526982506175,
        "extraversion": 0.4736520464791842,
        "agreeableness": 0.6652459184440358,
        "neuroticism": 0.5414418681736766
    },
    "eGolono": {
        "openness": 0.8000611030170592,
        "conscientiousness": 0.5861577242292578,
        "extraversion": 0.4766605267342733,
        "agreeableness": 0.6310715822545027,
        "neuroticism": 0.5379334936067433
    },
    "srwareham": {
        "openness": 0.828610309171575,
        "conscientiousness": 0.6109594062071794,
        "extraversion": 0.5193123442967594,
        "agreeableness": 0.592910737078243,
        "neuroticism": 0.5416145456438954
    },
    "jguerinet": {
        "openness": 0.8088838694665597,
        "conscientiousness": 0.6156771700864037,
        "extraversion": 0.4726855797524573,
        "agreeableness": 0.6585591811007057,
        "neuroticism": 0.5315768753366332
    },
    "jamroks": {
        "openness": 0.787844881086654,
        "conscientiousness": 0.6176856079314256,
        "extraversion": 0.42611933892070436,
        "agreeableness": 0.5757149223109864,
        "neuroticism": 0.5822217832442307
    },
    "terbolous": {
        "openness": 0.8353569571009585,
        "conscientiousness": 0.6244041885367836,
        "extraversion": 0.5233356422855354,