{
    "kener": {
        "openness": 0.727800562641594,
        "conscientiousness": 0.6101673080064411,
        "extraversion": 0.5034106805342797,
        "agreeableness": 0.7017266621157182,
        "neuroticism": 0.4499722765354839
    },
    "First-blood": {
        "openness": 0.752438476927419,
        "conscientiousness": 0.6267821202132913,
        "extraversion": 0.5304472977668405,
        "agreeableness": 0.6953886127425664,
        "neuroticism": 0.4385468824752534
    },
    "pissang": {
        "openness": 0.7826331408269533,
        "conscientiousness": 0.616092185373323,
        "extraversion": 0.5174012966647401,
        "agreeableness": 0.6735499067873898,
        "neuroticism": 0.444454811012895
    },
    "ledkk": {
        "openness": 0.7453822781604063,
        "conscientiousness": 0.6292722020140362,
        "extraversion": 0.4923754119271174,
        "agreeableness": 0.6743564147204866,
        "neuroticism": 0.44385842392339403
    },
    "Ovilia": {
        "openness": 0.779870064333355,
        "conscientiousness": 0.6142677493730526,
        "extraversion": 0.5119934079616324,
        "agreeableness": 0.6525106047638858,
        "neuroticism": 0.4788440022307159
    },
    "houwei1008": {
        "openness": 0.7539815669504754,
        "conscientiousness": 0.6171091924436214,
        "extraversion": 0.5082342555485999,
        "agreeableness": 0.6936097893916826,
        "neuroticism": 0.46695744553525886
    },
    "baojiajie0323": {
        "openness": 0.7278116432666818,
        "conscientiousness": 0.5884039384017151,
        "extraversion": 0.48589393271452286,
        "agreeableness": 0.6782050742149026,
        "neuroticism": 0.37354439994245525
    },
    "531106122": {
        "openness": 0.7354739444246878,
        "conscientiousness": 0.5732541967018571,
        "extraversion": 0.45879603303933547,
        "agreeableness": 0.6797556835356323,
        "neuroticism": 0.3829576987190599
    },
    "stephenliu1944": {
        "openness": 0.777966006907932,
        "conscientiousness": 0.6193284541810937,
        "extraversion": 0.528434380722855,
        "agreeableness": 0.6993779282966754,
        "neuroticism": 0.41823430607749307
    },
    "mliang-op": {
        "openness": 0.7611746105283539,
        "conscientiousness": 0.6323018153440793,
        "extraversion": 0.5272745866245788,
        "agreeableness": 0.7044843238684483,
        "neuroticism": 0.49761649865696805
    },
    "Manifold7": {
        "openness": 0.7537562063598469,
        "conscientiousness": 0.6088737989955318,
        "extraversion": 0.5265714219725814,
        "agreeableness": 0.7047979822186291,
        "neuroticism": 0.40138078388657716
    },
    "TinyPHP": {
        "openness": 0.7643615833802162,
        "conscientiousness": 0.6122162400872978,
        "extraversion": 0.5338809754504396,
        "agreeableness": 0.7081286819791047,
        "neuroticism": 0.4766676591186521
    }
}