{
    "qq99": {
        "openness": 0.8086160298973697,
        "conscientiousness": 0.5526916357581116,
        "extraversion": 0.4765899358291582,
        "agreeableness": 0.6188675486191431,
        "neuroticism": 0.46663663325228577
    },
    "hassankhan": {
        "openness": 0.7901944408896444,
        "conscientiousness": 0.6107827994775927,
        "extraversion": 0.45754135355981296,
        "agreeableness": 0.7201647982862198,
        "neuroticism": 0.49973545724872004
    },
    "jimmybrancaccio": {
        "openness": 0.8052198032305009,
        "conscientiousness": 0.6461284493332219,
        "extraversion": 0.48044541114659783,
        "agreeableness": 0.7311738224092283,
        "neuroticism": 0.5028519558347803
    },
    "HenrikJoreteg": {
        "openness": 0.8104853873842928,
        "conscientiousness": 0.6201581012027233,
        "extraversion": 0.4837417292126611,
        "agreeableness": 0.6489519894713744,
        "neuroticism": 0.5469402472166309
    },
    "suprememoocow": {
        "openness": 0.794046380926547,
        "conscientiousness": 0.6473066491977028,
        "extraversion": 0.5322092753816489,
        "agreeableness": 0.716619819216112,
        "neuroticism": 0.5509237077093918
    },
    "Sean-Der": {
        "openness": 0.8085060151553121,
        "conscientiousness": 0.6543855508384016,
        "extraversion": 0.48471646407222924,
        "agreeableness": 0.6843830969271785,
        "neuroticism": 0.5263646034368715
    },
    "adam-lynch": {
        "openness": 0.809843752336201,
        "conscientiousness": 0.5954513737671403,
        "extraversion": 0.45059137867961163,
        "agreeableness": 0.636795974613064,
        "neuroticism": 0.5043791086324824
    },
    "tessi": {
        "openness": 0.8339802955420309,
        "conscientiousness": 0.5934813787552292,
        "extraversion": 0.5113896840071314,
        "agreeableness": 0.6722762882176048,
        "neuroticism": 0.5140844885767053
    },
    "4ver": {
        "openness": 0.8184505637200987,
        "conscientiousness": 0.6220664503868003,
        "extraversion": 0.4748019146051321,
        "agreeableness": 0.6257918232521837,
        "neuroticism": 0.5458681240174871
    },
    "leoasis": {
        "openness": 0.8150301121185883,
        "conscientiousness": 0.6413872666597017,
        "extraversion": 0.49171685496252715,
        "agreeableness": 0.6757606697531169,
        "neuroticism": 0.5675470820960512
    },
    "trevorah": {
        "openness": 0.8173892478402286,
        "conscientiousness": 0.610122890032774,
        "extraversion": 0.46002690051989964,
        "agreeableness": 0.6208317763768099,
        "neuroticism": 0.5598427598603115
    },
    "azharuniverse": {
        "openness": 0.7745017773960314,
        "conscientiousness": 0.6018237482043701,
        "extraversion": 0.4972012456835753,
        "agreeableness": 0.6746181707117881,
        "neuroticism": 0.468173741939621
    },
    "Lazerbeak12345": {
        "openness": 0.815854659970854,
        "conscientiousness": 0.582452688919026,
        "extraversion": 0.48414676206121476,
        "agreeableness": 0.639132801039223,
        "neuroticism": 0.534701359938306
    }
}