{
    "ermouth": {
        "openness": 0.81355383209848,
        "conscientiousness": 0.6023895842129617,
        "extraversion": 0.5007354855861437,
        "agreeableness": 0.6499524599796855,
        "neuroticism": 0.5193833262126197
    },
    "tmikaeld": {
        "openness": 0.8283626810145183,
        "conscientiousness": 0.6204379788177572,
        "extraversion": 0.47159546659092677,
        "agreeableness": 0.655638454049094,
        "neuroticism": 0.5147024784691844
    },
    "danielo515": {
        "openness": 0.8435491767840436,
        "conscientiousness": 0.620733000720631,
        "extraversion": 0.49221931600486946,
        "agreeableness": 0.7152341352462532,
        "neuroticism": 0.5063158230466214
    },
    "SijanC147": {
        "openness": 0.8181085986594065,
        "conscientiousness": 0.6155634348670139,
        "extraversion": 0.4573722986221317,
        "agreeableness": 0.58251883066098,
        "neuroticism": 0.5293037066631383
    },
    "TBRickYoung": {
        "openness": 0.7570153271303829,
        "conscientiousness": 0.5864167982561955,
        "extraversion": 0.5250015946976572,
        "agreeableness": 0.6399464845722422,
        "neuroticism": 0.47888854082583204
    }
}