{
    "jseidelin": {
        "openness": 0.8089999516082287,
        "conscientiousness": 0.6092295289356437,
        "extraversion": 0.43199428254779665,
        "agreeableness": 0.6943618083579077,
        "neuroticism": 0.509768838612415
    },
    "joeweiss": {
        "openness": 0.8118330911440041,
        "conscientiousness": 0.6284278938982965,
        "extraversion": 0.4972633241997234,
        "agreeableness": 0.6427206897153444,
        "neuroticism": 0.5120612797777089
    },
    "bartvanderwal": {
        "openness": 0.8124222003621816,
        "conscientiousness": 0.5805596182069181,
        "extraversion": 0.4342970727911326,
        "agreeableness": 0.6498038707729784,
        "neuroticism": 0.48410291719317977
    },
    "diegocr": {
        "openness": 0.7766214423942477,
        "conscientiousness": 0.5449201233675134,
        "extraversion": 0.45197334534891476,
        "agreeableness": 0.6123667039108079,
        "neuroticism": 0.4524774764992958
    },
    "NJseo": {
        "openness": 0.8169991536745194,
        "conscientiousness": 0.6219385080052859,
        "extraversion": 0.49810252675021327,
        "agreeableness": 0.6192601586749668,
        "neuroticism": 0.5477809293679266
    },
    "charlex": {
        "openness": 0.7971027611983396,
        "conscientiousness": 0.5553554035753498,
        "extraversion": 0.4658440535679495,
        "agreeableness": 0.6565237682952592,
        "neuroticism": 0.4261153510591849
    },
    "isherwood": {
        "openness": 0.7892527372947826,
        "conscientiousness": 0.5358959005439888,
        "extraversion": 0.4493797138601857,
        "agreeableness": 0.615121818930705,
        "neuroticism": 0.4444267893188925
    },
    "designstuhl": {
        "openness": 0.7799966761804323,
        "conscientiousness": 0.602986424863873,
        "extraversion": 0.47611641166760943,
        "agreeableness": 0.6181796846928006,
        "neuroticism": 0.5496130602526693
    }
}