{
    "jwang": {
        "openness": 0.8107961585239338,
        "conscientiousness": 0.6605830269514944,
        "extraversion": 0.4732586441654952,
        "agreeableness": 0.709715708492512,
        "neuroticism": 0.508125208595848
    },
    "seqoy": {
        "openness": 0.82016460009322,
        "conscientiousness": 0.6679789477778857,
        "extraversion": 0.49994212647916103,
        "agreeableness": 0.6885944559378343,
        "neuroticism": 0.5373961891983154
    },
    "jverkoey": {
        "openness": 0.8043221687123192,
        "conscientiousness": 0.6464790383989545,
        "extraversion": 0.4918004197899751,
        "agreeableness": 0.6640108273497194,
        "neuroticism": 0.5262296701710698
    },
    "diederich": {
        "openness": 0.8164278437139465,
        "conscientiousness": 0.6046984216645552,
        "extraversion": 0.4862307202632899,
        "agreeableness": 0.6549592581401067,
        "neuroticism": 0.4956171355880339
    },
    "jamesgpearce": {
        "openness": 0.798315559824812,
        "conscientiousness": 0.6569477373387925,
        "extraversion": 0.5712184598825034,
        "agreeableness": 0.7390647340292202,
        "neuroticism": 0.5000547789327223
    },
    "vguerci": {
        "openness": 0.8259196341683868,
        "conscientiousness": 0.5930697993319713,
        "extraversion": 0.47840563056044105,
        "agreeableness": 0.6629943159068523,
        "neuroticism": 0.47564033925849564
    },
    "mmorearty": {
        "openness": 0.8221969728919429,
        "conscientiousness": 0.6081297953032906,
        "extraversion": 0.4904104969690881,
        "agreeableness": 0.6357791798774853,
        "neuroticism": 0.5102237420598084
    },
    "tonklon": {
        "openness": 0.8323552646834468,
        "conscientiousness": 0.6055696437858958,
        "extraversion": 0.45441660091767894,
        "agreeableness": 0.6230379406177267,
        "neuroticism": 0.5032294081147979
    },
    "savanah": {
        "openness": 0.8348423665652941,
        "conscientiousness": 0.5640922009837895,
        "extraversion": 0.4961139716988721,
        "agreeableness": 0.6417113372521221,
        "neuroticism": 0.48798533061932436
    },
    "echamberlain": {
        "openness": 0.755741767944165,
        "conscientiousness": 0.55296627725082,
        "extraversion": 0.44713247192800465,
        "agreeableness": 0.6364316639059279,
        "neuroticism": 0.4135749591739645
    },
    "taknology": {
        "openness": 0.7866526629177639,
        "conscientiousness": 0.6441789904688369,
        "extraversion": 0.44101452021937604,
        "agreeableness": 0.7156094315533024,
        "neuroticism": 0.4970686751123635
    },
    "DominicBoettger": {
        "openness": 0.7958561435244799,
        "conscientiousness": 0.5840610505058967,
        "extraversion": 0.49499697518754115,
        "agreeableness": 0.639922723166881,
        "neuroticism": 0.5075971435107149
    },
    "johnezang": {
        "openness": 0.8271443368548478,
        "conscientiousness": 0.6049901347541519,
        "extraversion": 0.45064050162601665,
        "agreeableness": 0.6146102840365942,
        "neuroticism": 0.5640192994358446
    },
    "aporat": {
        "openness": 0.8061415340820712,
        "conscientiousness": 0.6139355852294476,
        "extraversion": 0.4491061874307757,
        "agreeableness": 0.6239471909294871,
        "neuroticism": 0.5237084128432066
    },
    "jverdi": {
        "openness": 0.8091911197140134,
        "conscientiousness": 0.6189579279050601,
        "extraversion": 0.4848590334203487,
        "agreeableness": 0.5993053525794649,
        "neuroticism": 0.543064402225186
    },
    "phillipuniverse": {
        "openness": 0.8186079160128567,
        "conscientiousness": 0.5834399843219078,
        "extraversion": 0.49387297952658593,
        "agreeableness": 0.6442544551964278,
        "neuroticism": 0.499703389280144
    },
    "MattNewberry": {
        "openness": 0.8072094071245345,
        "conscientiousness": 0.5604569159452816,
        "extraversion": 0.45694034590730465,
        "agreeableness": 0.5993210307661625,
        "neuroticism": 0.4771397895540426
    },
    "RafaelAlba": {
        "openness": 0.8331144224122277,
        "conscientiousness": 0.6387122182245836,
        "extraversion": 0.47040129968992067,
        "agreeableness": 0.6082580364869621,
        "neuroticism": 0.5466750549505112
    },
    "buddydvd": {
        "openness": 0.8481394594388161,
        "conscientiousness": 0.6201169598977863,
        "extraversion": 0.4887399908163259,
        "agreeableness": 0.6569844852655169,
        "neuroticism": 0.5290195845965391
    },
    "ettore": {
        "openness": 0.804220682949081,
        "conscientiousness": 0.572639027587963,
        "extraversion": 0.4634017683966635,
        "agreeableness": 0.6639233259067641,
        "neuroticism": 0.5086344682527892
    }
}