{
    "jamesgpearce": {
        "openness": 0.7731969690955022,
        "conscientiousness": 0.6383446977154671,
        "extraversion": 0.6480392103372907,
        "agreeableness": 0.7321961070639743,
        "neuroticism": 0.5162998683533448
    },
    "facebook-github-bot": {
        "openness": 0.7917364432212908,
        "conscientiousness": 0.6996149229550436,
        "extraversion": 0.5621187514682701,
        "agreeableness": 0.7503401349382409,
        "neuroticism": 0.6130032280552129
    }
}