{
    "petehunt": {
        "openness": 0.8034837880614387,
        "conscientiousness": 0.6356112650341594,
        "extraversion": 0.48191926851472217,
        "agreeableness": 0.6625444049330276,
        "neuroticism": 0.522210859488517
    },
    "robfe11": {
        "openness": 0.7633828271346649,
        "conscientiousness": 0.586325978656386,
        "extraversion": 0.4723992438116943,
        "agreeableness": 0.6063529923193246,
        "neuroticism": 0.5298714171157825
    },
    "chenglou": {
        "openness": 0.8056086594839894,
        "conscientiousness": 0.585106712989502,
        "extraversion": 0.45776268099764006,
        "agreeableness": 0.6097825436440779,
        "neuroticism": 0.5157961058654305
    },
    "plasticine": {
        "openness": 0.8383344207808806,
        "conscientiousness": 0.6134205863200614,
        "extraversion": 0.4563108174413004,
        "agreeableness": 0.6052338944949334,
        "neuroticism": 0.5074660632598342
    },
    "igreulich": {
        "openness": 0.7771688629363069,
        "conscientiousness": 0.5807387178750268,
        "extraversion": 0.39166333015892496,
        "agreeableness": 0.5935928164585504,
        "neuroticism": 0.49581373840338894
    },
    "hugoxie": {
        "openness": 0.7437756018899624,
        "conscientiousness": 0.5826161646515526,
        "extraversion": 0.4644161393791919,
        "agreeableness": 0.6468652742442562,
        "neuroticism": 0.4873957803599691
    },
    "eantz": {
        "openness": 0.7338908645655515,
        "conscientiousness": 0.5853958065976662,
        "extraversion": 0.4697635376563527,
        "agreeableness": 0.6362322028044385,
        "neuroticism": 0.5097629476122785
    }
}