{
    "NTillmann": {
        "openness": 0.8315945152124015,
        "conscientiousness": 0.602447377377618,
        "extraversion": 0.47010554017629896,
        "agreeableness": 0.6361032995811475,
        "neuroticism": 0.49941713938518817
    },
    "anilanar": {
        "openness": 0.8186342253038772,
        "conscientiousness": 0.5506081122061617,
        "extraversion": 0.4441848906443532,
        "agreeableness": 0.603142214507244,
        "neuroticism": 0.4682833648636096
    },
    "deltaidea": {
        "openness": 0.8339067277331681,
        "conscientiousness": 0.5697520698607428,
        "extraversion": 0.48048716921341944,
        "agreeableness": 0.5981416960487936,
        "neuroticism": 0.4842869230984222
    },
    "cblappert": {
        "openness": 0.8280445202259712,
        "conscientiousness": 0.6153176126625296,
        "extraversion": 0.46052068939179247,
        "agreeableness": 0.6215364608689796,
        "neuroticism": 0.5080796254031139
    },
    "sebmarkbage": {
        "openness": 0.831579049133721,
        "conscientiousness": 0.610250027730859,
        "extraversion": 0.44718217901866203,
        "agreeableness": 0.6350614232120992,
        "neuroticism": 0.5042992136790607
    },
    "skyne98": {
        "openness": 0.8287537981623638,
        "conscientiousness": 0.6050407804516248,
        "extraversion": 0.49113014062870963,
        "agreeableness": 0.7104943467091387,
        "neuroticism": 0.47524125803665707
    },
    "hermanventer": {
        "openness": 0.8390831742448057,
        "conscientiousness": 0.6168418373401353,
        "extraversion": 0.46641317653944736,
        "agreeableness": 0.6403411465940702,
        "neuroticism": 0.5032319603558023
    },
    "ghost": {
        "openness": 0.7835134629750664,
        "conscientiousness": 0.5897232653848853,
        "extraversion": 0.41167123111884507,
        "agreeableness": 0.5887442191430003,
        "neuroticism": 0.5118807324103061
    },
    "jackmafb": {
        "openness": 0.8000644139099262,
        "conscientiousness": 0.5570482476492723,
        "extraversion": 0.4635926026607785,
        "agreeableness": 0.620477044419056,
        "neuroticism": 0.4660584113780835
    },
    "TheSavior": {
        "openness": 0.8345716837846031,
        "conscientiousness": 0.651168889137939,
        "extraversion": 0.492492843815167,
        "agreeableness": 0.6537945669813993,
        "neuroticism": 0.5474175331043057
    },
    "dkrew0213": {
        "openness": 0.8286812206655301,
        "conscientiousness": 0.5859579017237776,
        "extraversion": 0.4295572605002827,
        "agreeableness": 0.5635356323629612,
        "neuroticism": 0.45479219010272076
    },
    "InTheCloudDan": {
        "openness": 0.7566103992838189,
        "conscientiousness": 0.5784848376455154,
        "extraversion": 0.4049849714917745,
        "agreeableness": 0.5669766986184154,
        "neuroticism": 0.45933899325689564
    },
    "yinghuitan": {
        "openness": 0.8191531446813032,
        "conscientiousness": 0.6138566815217028,
        "extraversion": 0.48065014178650045,
        "agreeableness": 0.63067832284038,
        "neuroticism": 0.5053330705460125
    },
    "facebook-github-bot": {
        "openness": 0.8193982346566696,
        "conscientiousness": 0.7159286205105689,
        "extraversion": 0.6187015078399207,
        "agreeableness": 0.7373920934819239,
        "neuroticism": 0.6173012509249642
    },
    "jpike88": {
        "openness": 0.8102041963020429,
        "conscientiousness": 0.5666778504446852,
        "extraversion": 0.4847057059560609,
        "agreeableness": 0.6290056922430742,
        "neuroticism": 0.49100002660988074
    },
    "jaredly": {
        "openness": 0.8208953114346188,
        "conscientiousness": 0.6140825235177058,
        "extraversion": 0.4732445000335382,
        "agreeableness": 0.619833013088009,
        "neuroticism": 0.5301375864415812
    },
    "isiahmeadows": {
        "openness": 0.8249443757178501,
        "conscientiousness": 0.5586252537459001,
        "extraversion": 0.40395739651606594,
        "agreeableness": 0.63341946155604,
        "neuroticism": 0.46650904177074104
    },
    "jtenner": {
        "openness": 0.7900584298688271,
        "conscientiousness": 0.5972627975913004,
        "extraversion": 0.5435309600232584,
        "agreeableness": 0.6674209410086527,
        "neuroticism": 0.5240867800867053
    },
    "iHaiduk": {
        "openness": 0.802546787030723,
        "conscientiousness": 0.5816237313659268,
        "extraversion": 0.5032076751981008,
        "agreeableness": 0.6640183932318078,
        "neuroticism": 0.4312578831114823
    },
    "artiebits": {
        "openness": 0.8125759479947461,
        "conscientiousness": 0.5355094711815959,
        "extraversion": 0.5239997291461971,
        "agreeableness": 0.5900206966265585,
        "neuroticism": 0.46746231836965046
    },
    "wdhorton": {
        "openness": 0.7898884224082502,
        "conscientiousness": 0.5511117493009674,
        "extraversion": 0.46606860143141704,
        "agreeableness": 0.5826965958178818,
        "neuroticism": 0.4647448871878437
    },
    "bakkot": {
        "openness": 0.826707257004535,
        "conscientiousness": 0.5927230274142019,
        "extraversion": 0.43652059134790666,
        "agreeableness": 0.669156690117203,
        "neuroticism": 0.46716367318234775
    },
    "abullrd": {
        "openness": 0.8299464840213887,
        "conscientiousness": 0.609269124161053,
        "extraversion": 0.47621809694054484,
        "agreeableness": 0.688856336781769,
        "neuroticism": 0.49244376888718433
    },
    "Kishore-B-Rao": {
        "openness": 0.8329765682853072,
        "conscientiousness": 0.6442684035626856,
        "extraversion": 0.4616531565401487,
        "agreeableness": 0.657265320623134,
        "neuroticism": 0.5165295198752611
    },
    "hershi": {
        "openness": 0.8329090372605994,
        "conscientiousness": 0.6195638202690692,
        "extraversion": 0.46697870212322584,
        "agreeableness": 0.642804906256139,
        "neuroticism": 0.5320466172815865
    },
    "calebmer": {
        "openness": 0.8105884671388425,
        "conscientiousness": 0.6048901133319382,
        "extraversion": 0.44023744508158486,
        "agreeableness": 0.6266149139496078,
        "neuroticism": 0.49555588807438555
    },
    "brokenpeace": {
        "openness": 0.8432407623781244,
        "conscientiousness": 0.5794850313302524,
        "extraversion": 0.4806864130707401,
        "agreeableness": 0.7177952343451758,
        "neuroticism": 0.44847140592548185
    },
    "trueadm": {
        "openness": 0.8100096155687128,
        "conscientiousness": 0.6195091299676144,
        "extraversion": 0.4534143118388556,
        "agreeableness": 0.6458357051189063,
        "neuroticism": 0.4922137637564088
    },
    "JWZ2018": {
        "openness": 0.8167475867169667,
        "conscientiousness": 0.6206751806112443,
        "extraversion": 0.4511533903361616,
        "agreeableness": 0.6193926508763326,
        "neuroticism": 0.49604899260230634
    },
    "baptistemanson": {
        "openness": 0.7933993551077856,
        "conscientiousness": 0.5803486020646371,
        "extraversion": 0.4379514116147164,
        "agreeableness": 0.625873447845579,
        "neuroticism": 0.47114611276438767
    },
    "leobalter": {
        "openness": 0.7964934418974441,
        "conscientiousness": 0.6573913041914956,
        "extraversion": 0.4315820116813385,
        "agreeableness": 0.5999879616772035,
        "neuroticism": 0.5106704035076098
    },
    "simonhj": {
        "openness": 0.8328428023505631,
        "conscientiousness": 0.5807649600365288,
        "extraversion": 0.44348973285010973,
        "agreeableness": 0.6513935703210582,
        "neuroticism": 0.4660404666764366
    },
    "prometheansacrifice": {
        "openness": 0.8181799771788572,