{
    "dstnbrkr": {
        "openness": 0.8115753516170215,
        "conscientiousness": 0.6480661887442045,
        "extraversion": 0.4349773671159823,
        "agreeableness": 0.6328484104173604,
        "neuroticism": 0.5527513054942561
    },
    "kastiglione": {
        "openness": 0.8179693342001246,
        "conscientiousness": 0.6197625471788305,
        "extraversion": 0.48974540293848046,
        "agreeableness": 0.6863262934834007,
        "neuroticism": 0.5134927223722077
    },
    "mattjgalloway": {
        "openness": 0.7875396807849833,
        "conscientiousness": 0.604179907077438,
        "extraversion": 0.45798070158623944,
        "agreeableness": 0.6846430344210173,
        "neuroticism": 0.4806151342123457
    },
    "arigrant": {
        "openness": 0.8176891061401111,
        "conscientiousness": 0.6847898028473616,
        "extraversion": 0.504730017752395,
        "agreeableness": 0.7190096277318285,
        "neuroticism": 0.5629562199610652
    },
    "ghost": {
        "openness": 0.8319973891012872,
        "conscientiousness": 0.681717213528012,
        "extraversion": 0.5056559631900829,
        "agreeableness": 0.7245539843135465,
        "neuroticism": 0.5419880494317333
    },
    "mmmulani": {
        "openness": 0.8276875232808535,
        "conscientiousness": 0.6141182341822825,
        "extraversion": 0.5243466584156755,
        "agreeableness": 0.6424834771545375,
        "neuroticism": 0.5591627197232951
    },
    "facebook-github-bot": {
        "openness": 0.7921278498100848,
        "conscientiousness": 0.6963101308278942,
        "extraversion": 0.5563466502970653,
        "agreeableness": 0.7488030213624168,
        "neuroticism": 0.616877796010382
    },
    "idrisr": {
        "openness": 0.8275137720046548,
        "conscientiousness": 0.5997004048545422,
        "extraversion": 0.5172700864687623,
        "agreeableness": 0.6328523116392171,
        "neuroticism": 0.5231376202830025
    },
    "KingOfBrian": {
        "openness": 0.822847641086919,
        "conscientiousness": 0.5579490996382673,
        "extraversion": 0.4664288110628151,
        "agreeableness": 0.6724919094347164,
        "neuroticism": 0.47377318878172103
    },
    "palcalde": {
        "openness": 0.8260367606000906,
        "conscientiousness": 0.5702453364452624,
        "extraversion": 0.4743253279124773,
        "agreeableness": 0.6181994350083708,
        "neuroticism": 0.5074480222457438
    },
    "ZevEisenberg": {
        "openness": 0.8047156968897129,
        "conscientiousness": 0.5271788413925654,
        "extraversion": 0.427266217420586,
        "agreeableness": 0.6017270898761364,
        "neuroticism": 0.390398115640908
    },
    "VTopoliuk": {
        "openness": 0.8054230028488072,
        "conscientiousness": 0.6061710158769319,
        "extraversion": 0.47950611230405915,
        "agreeableness": 0.6431850218551731,
        "neuroticism": 0.5199466336060667
    },
    "tecknut": {
        "openness": 0.8218268702030069,
        "conscientiousness": 0.6125974085297635,
        "extraversion": 0.4914704255072556,
        "agreeableness": 0.6385482756983624,
        "neuroticism": 0.5105449894143468
    }
}