{
    "facebook-github-bot": {
        "openness": 0.8011811042189485,
        "conscientiousness": 0.6969897813046958,
        "extraversion": 0.5676330864916194,
        "agreeableness": 0.7415716768826583,
        "neuroticism": 0.6140816282119356
    },
    "mention-bot": {
        "openness": 0.8401357307944339,
        "conscientiousness": 0.657801435932696,
        "extraversion": 0.5604309073074215,
        "agreeableness": 0.7390761355240411,
        "neuroticism": 0.5125057849583674
    },
    "vjeux": {
        "openness": 0.8054856408397526,
        "conscientiousness": 0.6693126145964605,
        "extraversion": 0.5113895556054391,
        "agreeableness": 0.7267708480543534,
        "neuroticism": 0.5618476929317827
    },
    "mwarkentin": {
        "openness": 0.8268119647426078,
        "conscientiousness": 0.5823110542590711,
        "extraversion": 0.5075211674251915,
        "agreeableness": 0.6454343833694239,
        "neuroticism": 0.5249890267851198
    },
    "jgardella": {
        "openness": 0.8242006625322514,
        "conscientiousness": 0.5819179565771807,
        "extraversion": 0.457380416811344,
        "agreeableness": 0.5920103865089417,
        "neuroticism": 0.5016119601735173
    },
    "zekenie": {
        "openness": 0.7934141265001915,
        "conscientiousness": 0.6018599814198273,
        "extraversion": 0.50900314909194,
        "agreeableness": 0.6752260967112063,
        "neuroticism": 0.5211767010963924
    },
    "alanctkc": {
        "openness": 0.7928814068161337,
        "conscientiousness": 0.5610333938151297,
        "extraversion": 0.5049070327784195,
        "agreeableness": 0.5949014267207089,
        "neuroticism": 0.5769725738306097
    },
    "skyhighwings": {
        "openness": 0.7882330327583077,
        "conscientiousness": 0.5569430779885985,
        "extraversion": 0.5159757301227481,
        "agreeableness": 0.6451010746481644,
        "neuroticism": 0.5076119384911093
    },
    "udnisap": {
        "openness": 0.8494615002558996,
        "conscientiousness": 0.626686277902919,
        "extraversion": 0.48083508859485385,
        "agreeableness": 0.6737038821029802,
        "neuroticism": 0.5018010606938907
    },
    "Ir1d": {
        "openness": 0.7874644676683265,
        "conscientiousness": 0.6415066742822173,
        "extraversion": 0.4960536991791735,
        "agreeableness": 0.7176846365561902,
        "neuroticism": 0.5716278132153725
    },
    "pep8speaks": {
        "openness": 0.7247303796496772,
        "conscientiousness": 0.6041949068101555,
        "extraversion": 0.49775408348776856,
        "agreeableness": 0.6985913676459191,
        "neuroticism": 0.5355068305881509
    },
    "bbenoist": {
        "openness": 0.8097920759987225,
        "conscientiousness": 0.6022454317419145,
        "extraversion": 0.4350207532933206,
        "agreeableness": 0.7181010166892616,
        "neuroticism": 0.4755574381415755
    },
    "jcsmorais": {
        "openness": 0.8114740450041336,
        "conscientiousness": 0.6036273079371165,
        "extraversion": 0.48846314457921214,
        "agreeableness": 0.6881069221942833,
        "neuroticism": 0.48202516969120024
    },
    "aspiers": {
        "openness": 0.8502214088540885,
        "conscientiousness": 0.6333791106049538,
        "extraversion": 0.5147288483859476,
        "agreeableness": 0.7086175472180315,
        "neuroticism": 0.5301493541642519
    },
    "waldyrious": {
        "openness": 0.8181444629438315,
        "conscientiousness": 0.5792055803566535,
        "extraversion": 0.5078198802108941,
        "agreeableness": 0.6608734838877983,
        "neuroticism": 0.4905578041342011
    },
    "SuriyaaKudoIsc": {
        "openness": 0.7291941094338188,
        "conscientiousness": 0.6099608392043983,
        "extraversion": 0.4806663561371881,
        "agreeableness": 0.6894916397163278,
        "neuroticism": 0.5128627776338222
    },
    "Deborah-Digges": {
        "openness": 0.8120376584984969,
        "conscientiousness": 0.6084927225835226,
        "extraversion": 0.5184944430664803,
        "agreeableness": 0.6051738411301926,
        "neuroticism": 0.5736036330368133
    },
    "hunkim": {
        "openness": 0.7926936015844339,
        "conscientiousness": 0.6168647539253034,
        "extraversion": 0.48804413201289165,
        "agreeableness": 0.6533527572169568,
        "neuroticism": 0.5293197087594259
    },
    "ghost": {
        "openness": 0.7981470941873415,
        "conscientiousness": 0.6887993848029706,
        "extraversion": 0.5529547535820967,
        "agreeableness": 0.7429827660129371,
        "neuroticism": 0.605214118739324
    },
    "nfons": {
        "openness": 0.7999269732793834,
        "conscientiousness": 0.5619392562760746,
        "extraversion": 0.45884641228228606,
        "agreeableness": 0.6440080802255459,
        "neuroticism": 0.47556586417718916
    },
    "dhensby": {
        "openness": 0.8205737949093722,
        "conscientiousness": 0.623753634718355,
        "extraversion": 0.4890908444850325,
        "agreeableness": 0.6684468295503128,
        "neuroticism": 0.5186140057029098
    },
    "tractorcow": {
        "openness": 0.8159398780225238,
        "conscientiousness": 0.6540601783789325,
        "extraversion": 0.4844582898261351,
        "agreeableness": 0.6886986583659993,
        "neuroticism": 0.5756446668861068
    },
    "kenhowardpdx": {
        "openness": 0.7675086685993814,
        "conscientiousness": 0.6256970766240758,
        "extraversion": 0.4825186101175447,
        "agreeableness": 0.6772751411691215,
        "neuroticism": 0.5774684853688177
    },
    "tbassetto": {
        "openness": 0.8102150284659901,
        "conscientiousness": 0.6081859816223751,
        "extraversion": 0.5117535793245589,
        "agreeableness": 0.5989284850370205,
        "neuroticism": 0.5722315130429709
    },
    "ifuller1": {
        "openness": 0.8089636264273651,
        "conscientiousness": 0.6487062408831334,
        "extraversion": 0.5371363722577736,
        "agreeableness": 0.7357768452868934,
        "neuroticism": 0.5184010097181225
    },
    "SxMShaDoW": {
        "openness": 0.7943244331216762,
        "conscientiousness": 0.6659379942135923,
        "extraversion": 0.4908475322185689,
        "agreeableness": 0.6452250572648447,
        "neuroticism": 0.5726437251732923
    },
    "rallytime": {
        "openness": 0.7932728508842319,
        "conscientiousness": 0.5730088259694027,
        "extraversion": 0.4271535225176606,
        "agreeableness": 0.6094170964987982,
        "neuroticism": 0.4497722585597945
    }
}