{
    "andrewdeandrade": {
        "openness": 0.8365212356992368,
        "conscientiousness": 0.6327473274425526,
        "extraversion": 0.509843127465917,
        "agreeableness": 0.6304201266357718,
        "neuroticism": 0.5302605124835553
    },
    "dmvaldman": {
        "openness": 0.8310376694732521,
        "conscientiousness": 0.649785611103039,
        "extraversion": 0.5265603068929332,
        "agreeableness": 0.6712323022231461,
        "neuroticism": 0.5254797584298889
    },
    "MylesBorins": {
        "openness": 0.7932411803759917,
        "conscientiousness": 0.6495062353644049,
        "extraversion": 0.5060050902901356,
        "agreeableness": 0.6756264328176995,
        "neuroticism": 0.5236047715447537
    },
    "michaelobriena": {
        "openness": 0.8311358037745392,
        "conscientiousness": 0.6352876800172949,
        "extraversion": 0.49550079167183325,
        "agreeableness": 0.6489507719847407,
        "neuroticism": 0.504648399439968
    },
    "ftripier": {
        "openness": 0.8149852383749275,
        "conscientiousness": 0.5710440956891502,
        "extraversion": 0.4713812797943375,
        "agreeableness": 0.6071854653520224,
        "neuroticism": 0.4938809882727446
    },
    "AdrianRossouw": {
        "openness": 0.8355296173453637,
        "conscientiousness": 0.5889523811567119,
        "extraversion": 0.4780219995019875,
        "agreeableness": 0.6366437173052208,
        "neuroticism": 0.48072790278901456
    },
    "DrClick": {
        "openness": 0.8011725620450845,
        "conscientiousness": 0.6240340258351603,
        "extraversion": 0.5473126612752636,
        "agreeableness": 0.6352863042527572,
        "neuroticism": 0.5516442913852908
    },
    "gadicc": {
        "openness": 0.8337294508798623,
        "conscientiousness": 0.6007215780171649,
        "extraversion": 0.5091323508375413,
        "agreeableness": 0.6800433713026153,
        "neuroticism": 0.504104129492001
    },
    "jdiaz5513": {
        "openness": 0.8286292877027447,
        "conscientiousness": 0.591791209846992,
        "extraversion": 0.49088825432855443,
        "agreeableness": 0.6366583286515304,
        "neuroticism": 0.5119085881730838
    },
    "Mike-EEE": {
        "openness": 0.8158692115844736,
        "conscientiousness": 0.6600377288920841,
        "extraversion": 0.504886255692524,
        "agreeableness": 0.6961828768362885,
        "neuroticism": 0.4953284536484549
    },
    "speigg": {
        "openness": 0.8199921915582575,
        "conscientiousness": 0.5627703033899075,
        "extraversion": 0.47616798200420407,
        "agreeableness": 0.6066750210016274,
        "neuroticism": 0.4968400202544907
    },
    "talves": {
        "openness": 0.8262486641693154,
        "conscientiousness": 0.5983113396595239,
        "extraversion": 0.4821802337636759,
        "agreeableness": 0.611154081291915,
        "neuroticism": 0.49504047039054033
    },
    "dcsan": {
        "openness": 0.8030088868686681,
        "conscientiousness": 0.5722547090426384,
        "extraversion": 0.4664470128866036,
        "agreeableness": 0.6151658410566054,
        "neuroticism": 0.5100856681939343
    },
    "Theshaft06": {
        "openness": 0.7888475299152629,
        "conscientiousness": 0.5714911543759622,
        "extraversion": 0.4484693739782516,
        "agreeableness": 0.6293990191210186,
        "neuroticism": 0.5149606325049481
    },
    "wgester": {
        "openness": 0.8300699992238512,
        "conscientiousness": 0.606719124571872,
        "extraversion": 0.5081025644458449,
        "agreeableness": 0.6306104588529373,
        "neuroticism": 0.4898596682623157
    },
    "zackbrown": {
        "openness": 0.8175310458494921,
        "conscientiousness": 0.6346967575631053,
        "extraversion": 0.5266922485451505,
        "agreeableness": 0.6557458357463692,
        "neuroticism": 0.5374526601566991
    },
    "DnMllr": {
        "openness": 0.8464784123096464,
        "conscientiousness": 0.6381102609038858,
        "extraversion": 0.506911386282763,
        "agreeableness": 0.6818414429836543,
        "neuroticism": 0.5121602054512805
    },
    "kof": {
        "openness": 0.8223923049404965,
        "conscientiousness": 0.5801627201388629,
        "extraversion": 0.47311697090759663,
        "agreeableness": 0.6213439129802111,
        "neuroticism": 0.4886425064559162
    },
    "markmarijnissen": {
        "openness": 0.8222462080126487,
        "conscientiousness": 0.5976315903514428,
        "extraversion": 0.48150899190576196,
        "agreeableness": 0.61947048485343,
        "neuroticism": 0.5228969468690323
    },
    "marklu": {
        "openness": 0.8429174590342606,
        "conscientiousness": 0.597037204890259,
        "extraversion": 0.4790265811108123,
        "agreeableness": 0.5958466488680949,
        "neuroticism": 0.502010260259004
    },
    "mutazmq": {
        "openness": 0.8120331292306248,
        "conscientiousness": 0.5269682695308749,
        "extraversion": 0.47311785163642495,
        "agreeableness": 0.6036048318559497,
        "neuroticism": 0.429479852507575
    },
    "bingomanatee": {
        "openness": 0.8247752568094294,
        "conscientiousness": 0.5786948798279157,
        "extraversion": 0.5308474312070204,
        "agreeableness": 0.6339955923213254,
        "neuroticism": 0.5179118102141196
    },
    "TDonselaar": {
        "openness": 0.8023553684673516,
        "conscientiousness": 0.5882617807034072,
        "extraversion": 0.43799084202165695,
        "agreeableness": 0.6133686341922104,
        "neuroticism": 0.49913804552933927
    },
    "redwoodfavorite": {
        "openness": 0.8300256108747787,
        "conscientiousness": 0.6238429553382705,
        "extraversion": 0.4761405597405477,
        "agreeableness": 0.6680284655110973,
        "neuroticism": 0.5093933699197035
    },
    "PEM--": {
        "openness": 0.8311849717758285,
        "conscientiousness": 0.6259205297695133,
        "extraversion": 0.4558290417619823,
        "agreeableness": 0.5912588437132003,
        "neuroticism": 0.5256166542648002
    },
    "IjzerenHein": {
        "openness": 0.8369909453261036,
        "conscientiousness": 0.6064692048051653,
        "extraversion": 0.47846532678642784,
        "agreeableness": 0.6390735235968228,
        "neuroticism": 0.5266586729237246
    },
    "trusktr": {
        "openness": 0.8149924328224758,
        "conscientiousness": 0.5821311305609123,
        "extraversion": 0.4804404063327866,
        "agreeableness": 0.6267966814528523,
        "neuroticism": 0.4931217249843236
    },
    "StephanBijzitter": {
        "openness": 0.828196689763919,
        "conscientiousness": 0.5824090366364281,
        "extraversion": 0.47115493174323403,
        "agreeableness": 0.5984751082648418,
        "neuroticism": 0.4967075360732977
    },
    "AdamCmiel": {
        "openness": 0.8073407181177656,
        "conscientiousness": 0.602502491827121,
        "extraversion": 0.4559573193003156,
        "agreeableness": 0.5825334702929408,
        "neuroticism": 0.5133840581458965
    },
    "rhalff": {
        "openness": 0.8451555685433103,
        "conscientiousness": 0.6073896719995209,
        "extraversion": 0.4325387052508514,
        "agreeableness": 0.6228310894861393,
        "neuroticism": 0.48274839150811283
    },
    "MajorBreakfast": {
        "openness": 0.8184956146384991,
        "conscientiousness": 0.6013403384386179,
        "extraversion": 0.4793867125840664,
        "agreeableness": 0.6138707112320541,
        "neuroticism": 0.5345600355719309
    },
    "travis5555": {
        "openness": 0.8023893270292316,
        "conscientiousness": 0.6165952626549038,
        "extraversion": 0.46045755093543267,
        "agreeableness": 0.6647749832017635,
        "neuroticism": 0.4957702658642468
    },
    "contra": {
        "openness": 0.8500015458782094,
        "conscientiousness": 0.5762080524881145,