{
    "colebemis": {
        "openness": 0.8330102443997254,
        "conscientiousness": 0.62164516580429,
        "extraversion": 0.5168629745723929,
        "agreeableness": 0.683214936536984,
        "neuroticism": 0.5123741289349293
    },
    "wappsdotgr": {
        "openness": 0.821666519280247,
        "conscientiousness": 0.6069762891492205,
        "extraversion": 0.5280172466354445,
        "agreeableness": 0.6546935009791991,
        "neuroticism": 0.49938483206703055
    },
    "Swizz": {
        "openness": 0.8363772779377777,
        "conscientiousness": 0.5849568490590656,
        "extraversion": 0.4897336770208288,
        "agreeableness": 0.6099976279816848,
        "neuroticism": 0.4872256161622742
    },
    "alexantr": {
        "openness": 0.8428100848874455,
        "conscientiousness": 0.5750312419641039,
        "extraversion": 0.5058901287634617,
        "agreeableness": 0.625903367576397,
        "neuroticism": 0.4679216742904161
    },
    "thiagotomasi": {
        "openness": 0.8469135277258879,
        "conscientiousness": 0.7207802481312504,
        "extraversion": 0.5841315347867659,
        "agreeableness": 0.7518065764840723,
        "neuroticism": 0.5212018888747807
    },
    "kurisubrooks": {
        "openness": 0.8166957385473512,
        "conscientiousness": 0.580903267308194,
        "extraversion": 0.45731662378842675,
        "agreeableness": 0.678998219553616,
        "neuroticism": 0.474766857664466
    },
    "piotrkulpinski": {
        "openness": 0.8523667978958906,
        "conscientiousness": 0.6030487529244253,
        "extraversion": 0.4559888235056334,
        "agreeableness": 0.6234885676369993,
        "neuroticism": 0.5063304466576468
    },
    "tristinDLC": {
        "openness": 0.8446533656190621,
        "conscientiousness": 0.5589727776410008,
        "extraversion": 0.4788959745962519,
        "agreeableness": 0.642956410931781,
        "neuroticism": 0.48832487025101345
    },
    "ShaneNZ": {
        "openness": 0.8265852454682308,
        "conscientiousness": 0.6047462042750738,
        "extraversion": 0.47556106328800585,
        "agreeableness": 0.6662402339376992,
        "neuroticism": 0.45533845595880107
    }
}