{
    "fgnass": {
        "openness": 0.8262166817935462,
        "conscientiousness": 0.5968133815563237,
        "extraversion": 0.47612697359734424,
        "agreeableness": 0.6125633024671446,
        "neuroticism": 0.5344013671424678
    },
    "glennfu": {
        "openness": 0.8156950017591205,
        "conscientiousness": 0.5733298279575851,
        "extraversion": 0.48459899882973717,
        "agreeableness": 0.6267520565366751,
        "neuroticism": 0.49776466483620696
    },
    "theodorejb": {
        "openness": 0.8247446076400291,
        "conscientiousness": 0.592070579634692,
        "extraversion": 0.4583527601498618,
        "agreeableness": 0.5984993628523302,
        "neuroticism": 0.5399115926321776
    },
    "ryanspeakman": {
        "openness": 0.8016825936525984,
        "conscientiousness": 0.6294610763521775,
        "extraversion": 0.4915060754751631,
        "agreeableness": 0.6752706153861326,
        "neuroticism": 0.5413017972371694
    },
    "sdebeaubien": {
        "openness": 0.8180786011144994,
        "conscientiousness": 0.6122945761103188,
        "extraversion": 0.4726616066856789,
        "agreeableness": 0.6386581396707729,
        "neuroticism": 0.543074575922677
    },
    "TimothyGu": {
        "openness": 0.8125757249231393,
        "conscientiousness": 0.5852196233299591,
        "extraversion": 0.47758774517883384,
        "agreeableness": 0.6166539542647073,
        "neuroticism": 0.51158686411028
    },
    "mherodev": {
        "openness": 0.8027169755705252,
        "conscientiousness": 0.5807217445533911,
        "extraversion": 0.4622270475342208,
        "agreeableness": 0.5862660438051563,
        "neuroticism": 0.5308150079137639
    },
    "drfunk2458": {
        "openness": 0.7946538734369003,
        "conscientiousness": 0.569961414311477,
        "extraversion": 0.49665736846204134,
        "agreeableness": 0.5955834647278186,
        "neuroticism": 0.4996541184958196
    },
    "kelko": {
        "openness": 0.8321884478344388,
        "conscientiousness": 0.5568375372861262,
        "extraversion": 0.4583971381402204,
        "agreeableness": 0.5811146385266512,
        "neuroticism": 0.5271435093340955
    },
    "MetalArend": {
        "openness": 0.8558433125243037,
        "conscientiousness": 0.604795545154904,
        "extraversion": 0.49066379547872896,
        "agreeableness": 0.6043470554562426,
        "neuroticism": 0.541624782474383
    },
    "jronimo": {
        "openness": 0.8381504250476269,
        "conscientiousness": 0.6181963808315902,
        "extraversion": 0.480542209403685,
        "agreeableness": 0.6162922596386141,
        "neuroticism": 0.5240252454100035
    },
    "izdi": {
        "openness": 0.7999883720547389,
        "conscientiousness": 0.5843993824260768,
        "extraversion": 0.49261177989379784,
        "agreeableness": 0.5789250871492099,
        "neuroticism": 0.5119553430147261
    },
    "shllg": {
        "openness": 0.8395734882767687,
        "conscientiousness": 0.5383070110748452,
        "extraversion": 0.4732400303197032,
        "agreeableness": 0.5446140759838576,
        "neuroticism": 0.5222249614039371
    },
    "tolu": {
        "openness": 0.8327574737970758,
        "conscientiousness": 0.6293293473842567,
        "extraversion": 0.506588494983426,
        "agreeableness": 0.6089205337283555,
        "neuroticism": 0.543571651154112
    },
    "elandTong": {
        "openness": 0.7716892222257967,
        "conscientiousness": 0.5995587054465416,
        "extraversion": 0.48812159139913086,
        "agreeableness": 0.6741153402656052,
        "neuroticism": 0.4456389974807306
    }
}