{
    "fibjs": {
        "openness": 0.7365958540896907,
        "conscientiousness": 0.5815616079174156,
        "extraversion": 0.4300669008632674,
        "agreeableness": 0.6350249259802395,
        "neuroticism": 0.4416102534485874
    },
    "ngot": {
        "openness": 0.717957849462633,
        "conscientiousness": 0.5884143557328588,
        "extraversion": 0.4140396813416344,
        "agreeableness": 0.605994818355261,
        "neuroticism": 0.44249258080208537
    },
    "xicilion": {
        "openness": 0.7243642055738498,
        "conscientiousness": 0.593560954849204,
        "extraversion": 0.448170307621951,
        "agreeableness": 0.6380773977616784,
        "neuroticism": 0.46623234414083603
    },
    "little-pan": {
        "openness": 0.69488362765064,
        "conscientiousness": 0.5910356008467743,
        "extraversion": 0.43635950880554,
        "agreeableness": 0.673125847238873,
        "neuroticism": 0.42858202127613076
    }
}