{
    "zachleat": {
        "openness": 0.8116714679475203,
        "conscientiousness": 0.654287901379286,
        "extraversion": 0.48554406251664367,
        "agreeableness": 0.6891720747072985,
        "neuroticism": 0.5145737311378384
    },
    "robwierzbowski": {
        "openness": 0.8237494757447124,
        "conscientiousness": 0.5422722240182785,
        "extraversion": 0.4478260408083158,
        "agreeableness": 0.5736429551236791,
        "neuroticism": 0.4590544289358088
    },
    "benknight": {
        "openness": 0.85977355628405,
        "conscientiousness": 0.614895099862357,
        "extraversion": 0.5134795914553264,
        "agreeableness": 0.6483414651879542,
        "neuroticism": 0.5174829940607963
    },
    "smisch": {
        "openness": 0.8058988147987127,
        "conscientiousness": 0.5456738070267241,
        "extraversion": 0.513085067904233,
        "agreeableness": 0.5748915051190755,
        "neuroticism": 0.5091163119941073
    },
    "soenkekluth": {
        "openness": 0.8274318342810266,
        "conscientiousness": 0.5756941241376861,
        "extraversion": 0.5020682063557671,
        "agreeableness": 0.5857548018169167,
        "neuroticism": 0.5250385309405348
    }
}