{
    "flavienlaurent": {
        "openness": 0.7901628754177734,
        "conscientiousness": 0.6480842781878956,
        "extraversion": 0.4906241590899604,
        "agreeableness": 0.6703450700647618,
        "neuroticism": 0.5503025049819029
    },
    "MariuszGSL": {
        "openness": 0.7744664798188006,
        "conscientiousness": 0.6611305007515446,
        "extraversion": 0.44061053277960205,
        "agreeableness": 0.5993025740177587,
        "neuroticism": 0.5445720549674551
    },
    "kmlkrk": {
        "openness": 0.7509276069893817,
        "conscientiousness": 0.5712661743980832,
        "extraversion": 0.4408031843240714,
        "agreeableness": 0.6075340262182934,
        "neuroticism": 0.4245940843206025
    },
    "kkl260": {
        "openness": 0.7467781037172772,
        "conscientiousness": 0.5713743502578351,
        "extraversion": 0.45419758604952387,
        "agreeableness": 0.6618667740410131,
        "neuroticism": 0.38780477147539294
    }
}