{
    "fzaninotto": {
        "openness": 0.8163343116815289,
        "conscientiousness": 0.6043933894958458,
        "extraversion": 0.47216347336287867,
        "agreeableness": 0.6117668248387835,
        "neuroticism": 0.5561638928562644
    },
    "bgrins": {
        "openness": 0.8207112489098666,
        "conscientiousness": 0.6534427339452156,
        "extraversion": 0.4571221550646579,
        "agreeableness": 0.6324347124387757,
        "neuroticism": 0.5782853780991049
    },
    "slorber": {
        "openness": 0.812796306684595,
        "conscientiousness": 0.5866786501514062,
        "extraversion": 0.46252523163099185,
        "agreeableness": 0.6167931478303805,
        "neuroticism": 0.5141506159105507
    },
    "gcrumb": {
        "openness": 0.7555463734464283,
        "conscientiousness": 0.5827414196702273,
        "extraversion": 0.4393877998851876,
        "agreeableness": 0.6083078442312558,
        "neuroticism": 0.502810792804407
    },
    "Metaboll": {
        "openness": 0.7404539032467863,
        "conscientiousness": 0.6265932974700469,
        "extraversion": 0.48369616201650595,
        "agreeableness": 0.6736571802681811,
        "neuroticism": 0.4751773846950926
    }
}