{
    "gabrielbull": {
        "openness": 0.8070896410612569,
        "conscientiousness": 0.6667270952994617,
        "extraversion": 0.5095762749827119,
        "agreeableness": 0.6890093138953144,
        "neuroticism": 0.5471425493721308
    },
    "erichiller": {
        "openness": 0.7615408636569149,
        "conscientiousness": 0.5518718761849815,
        "extraversion": 0.4769454408454884,
        "agreeableness": 0.602352649499085,
        "neuroticism": 0.4567506295046536
    },
    "AndrewKralovec": {
        "openness": 0.8312214730544412,
        "conscientiousness": 0.6267165941881259,
        "extraversion": 0.5316926189635951,
        "agreeableness": 0.6141846383752093,
        "neuroticism": 0.5037267880014821
    },
    "YudiTan": {
        "openness": 0.8338078391996315,
        "conscientiousness": 0.5921058294761418,
        "extraversion": 0.4258373127419239,
        "agreeableness": 0.5684904079158716,
        "neuroticism": 0.516709881388144
    }
}