{
    "getify": {
        "openness": 0.8232852924037384,
        "conscientiousness": 0.6042395852145676,
        "extraversion": 0.47322020116534796,
        "agreeableness": 0.6169665398911168,
        "neuroticism": 0.5371092732173095
    },
    "wirecash": {
        "openness": 0.8404324762034695,
        "conscientiousness": 0.6548015600864037,
        "extraversion": 0.4661482560682624,
        "agreeableness": 0.6965447268774576,
        "neuroticism": 0.5686499705538403
    },
    "prabirshrestha": {
        "openness": 0.8165904976794055,
        "conscientiousness": 0.5851288889824365,
        "extraversion": 0.4620915159664223,
        "agreeableness": 0.633899687596714,
        "neuroticism": 0.53862149937221
    },
    "aakoch": {
        "openness": 0.8161938329290656,
        "conscientiousness": 0.5864469861100003,
        "extraversion": 0.4921768682574623,
        "agreeableness": 0.6338623913492167,
        "neuroticism": 0.5187384388791283
    },
    "lunetics": {
        "openness": 0.7755283866237277,
        "conscientiousness": 0.5657017268671474,
        "extraversion": 0.42272365414878804,
        "agreeableness": 0.5786438404054965,
        "neuroticism": 0.4828942493490474
    },
    "jcisio": {
        "openness": 0.827521996551712,
        "conscientiousness": 0.6028608376031676,
        "extraversion": 0.42871686218768257,
        "agreeableness": 0.60166864876922,
        "neuroticism": 0.50942628695383
    },
    "outaTiME": {
        "openness": 0.781482051643591,
        "conscientiousness": 0.6266697644288008,
        "extraversion": 0.5085618573650391,
        "agreeableness": 0.6482917200486955,
        "neuroticism": 0.5801792520396143
    },
    "frosas": {
        "openness": 0.802177102408691,
        "conscientiousness": 0.554939468222069,
        "extraversion": 0.4486626803729796,
        "agreeableness": 0.6339282589200388,
        "neuroticism": 0.4787523102086584
    },
    "sajal": {
        "openness": 0.7825058870833285,
        "conscientiousness": 0.575714354216527,
        "extraversion": 0.40613962307984164,
        "agreeableness": 0.5549085676120311,
        "neuroticism": 0.48703670769175345
    },
    "scriptninja": {
        "openness": 0.8722365917516517,
        "conscientiousness": 0.6411368089062348,
        "extraversion": 0.5160193504453613,
        "agreeableness": 0.6878796619833414,
        "neuroticism": 0.5193545403922042
    },
    "asuth": {
        "openness": 0.8063620447340807,
        "conscientiousness": 0.5992780127098015,
        "extraversion": 0.4372976492622113,
        "agreeableness": 0.6487177560734316,
        "neuroticism": 0.4836470715096379
    },
    "Redeeman": {
        "openness": 0.8427336664522096,
        "conscientiousness": 0.6300900009283757,
        "extraversion": 0.4796771408133071,
        "agreeableness": 0.6613067653933047,
        "neuroticism": 0.5184387729068195
    },
    "jpcarlino": {
        "openness": 0.8239756910467515,
        "conscientiousness": 0.5960564032718857,
        "extraversion": 0.48542135632651573,
        "agreeableness": 0.586601674628245,
        "neuroticism": 0.5448039877792373
    },
    "scriby": {
        "openness": 0.8162976778792264,
        "conscientiousness": 0.5939079096333795,
        "extraversion": 0.46121067495575113,
        "agreeableness": 0.6467767063546476,
        "neuroticism": 0.5114489030853832
    },
    "dairiki": {
        "openness": 0.820997434790661,
        "conscientiousness": 0.5700221578475732,
        "extraversion": 0.44700308846860287,
        "agreeableness": 0.6094228678926366,
        "neuroticism": 0.4979876989427877
    },
    "andyscott12": {
        "openness": 0.807410404807685,
        "conscientiousness": 0.5760987713855111,
        "extraversion": 0.4275936484889057,
        "agreeableness": 0.5823215834393514,
        "neuroticism": 0.4940994031865913
    },
    "michaelBenin": {
        "openness": 0.7735202238351535,
        "conscientiousness": 0.608194594371016,
        "extraversion": 0.4904926729121834,
        "agreeableness": 0.6992739609512051,
        "neuroticism": 0.47606902593139216
    },
    "nerrve": {
        "openness": 0.8754188524323897,
        "conscientiousness": 0.5812512613370503,
        "extraversion": 0.4875189517405352,
        "agreeableness": 0.6168379784628304,
        "neuroticism": 0.5093252244041647
    },
    "Spotnyk": {
        "openness": 0.8144958350307092,
        "conscientiousness": 0.6107320732647992,
        "extraversion": 0.535481259800916,
        "agreeableness": 0.7099549881583422,
        "neuroticism": 0.5024940108294906
    },
    "jasonhinkle": {
        "openness": 0.8144189838706879,
        "conscientiousness": 0.5921131907778514,
        "extraversion": 0.4705525111682084,
        "agreeableness": 0.649312488202495,
        "neuroticism": 0.5384478240148588
    },
    "joekaiser": {
        "openness": 0.7963062771431717,
        "conscientiousness": 0.6070048272175099,
        "extraversion": 0.4433275115695885,
        "agreeableness": 0.5688200502626126,
        "neuroticism": 0.5124323399798998
    },
    "toxcct": {
        "openness": 0.8325781495327427,
        "conscientiousness": 0.5710614886904356,
        "extraversion": 0.47705199805361725,
        "agreeableness": 0.6175111830364554,
        "neuroticism": 0.5171633644858138
    },
    "jasonday": {
        "openness": 0.8003852253066027,
        "conscientiousness": 0.6294671352917556,
        "extraversion": 0.488823691379196,
        "agreeableness": 0.6438389407412414,
        "neuroticism": 0.5218788843717083
    },
    "Enalmada": {
        "openness": 0.8083771663663673,
        "conscientiousness": 0.6168673675860987,
        "extraversion": 0.5369802758345583,
        "agreeableness": 0.6927456806087762,
        "neuroticism": 0.5300085747399473
    },
    "sergeevabc": {
        "openness": 0.8194784205348129,
        "conscientiousness": 0.5920174293467868,
        "extraversion": 0.50567343263348,
        "agreeableness": 0.6362038451315862,
        "neuroticism": 0.4998321793697506
    },
    "pllee": {
        "openness": 0.8277530330316284,
        "conscientiousness": 0.6392872014207913,
        "extraversion": 0.4782676342581301,
        "agreeableness": 0.6563875569456726,
        "neuroticism": 0.5434239818182115
    },
    "hungrytom": {
        "openness": 0.7845963019217838,
        "conscientiousness": 0.559926822857803,
        "extraversion": 0.4363601633872229,
        "agreeableness": 0.6079669391020374,
        "neuroticism": 0.5087939002744987
    },
    "angloc": {
        "openness": 0.8342392408824266,
        "conscientiousness": 0.6256786908900145,
        "extraversion": 0.4795804106449638,
        "agreeableness": 0.6445343412045501,
        "neuroticism": 0.5394368382905644
    },
    "joshdance": {
        "openness": 0.7817932381919681,
        "conscientiousness": 0.5797146389211665,
        "extraversion": 0.459593791600421,
        "agreeableness": 0.6593630376345035,
        "neuroticism": 0.4946473435187411
    },
    "jbmonroe": {
        "openness": 0.8122529347385885,
        "conscientiousness": 0.5505399078443182,
        "extraversion": 0.5248487087575939,
        "agreeableness": 0.6035764200721627,
        "neuroticism": 0.49076654105234263
    },
    "kylebakerio": {
        "openness": 0.8270321482945284,
        "conscientiousness": 0.5868987706884297,
        "extraversion": 0.4587635933310036,
        "agreeableness": 0.6710241252978721,
        "neuroticism": 0.4985455989315244
    },
    "xaddict": {
        "openness": 0.8441173832404493,
        "conscientiousness": 0.6052473921621383,
        "extraversion": 0.5208350964756627,
        "agreeableness": 0.6188653879025188,
        "neuroticism": 0.48540127017690127
    }
}