{
    "giakki": {
        "openness": 0.8160497869850034,
        "conscientiousness": 0.632736911076787,
        "extraversion": 0.45900663376695083,
        "agreeableness": 0.66649931756327,
        "neuroticism": 0.5338416626889438
    },
    "addyosmani": {
        "openness": 0.8112346475806137,
        "conscientiousness": 0.5878394304616232,
        "extraversion": 0.49356023582778985,
        "agreeableness": 0.6526701713357748,
        "neuroticism": 0.4958422405565126
    },
    "RyanZim": {
        "openness": 0.8022631915557754,
        "conscientiousness": 0.5881785022370518,
        "extraversion": 0.4573862861910224,
        "agreeableness": 0.6303290546203623,
        "neuroticism": 0.49583174119605583
    },
    "ben-eb": {
        "openness": 0.8221757236530371,
        "conscientiousness": 0.5804117805171519,
        "extraversion": 0.4676345969670245,
        "agreeableness": 0.6052440921184794,
        "neuroticism": 0.4810496949953992
    },
    "XhmikosR": {
        "openness": 0.7868482774236993,
        "conscientiousness": 0.5967192370327448,
        "extraversion": 0.4562880619351998,
        "agreeableness": 0.5921022387623103,
        "neuroticism": 0.5162590234380953
    },
    "coveralls": {
        "openness": 0.7183930367529664,
        "conscientiousness": 0.6240577565507759,
        "extraversion": 0.5089270018154228,
        "agreeableness": 0.7068051975420832,
        "neuroticism": 0.48131425228578834
    },
    "ArmorDarks": {
        "openness": 0.7975171290199736,
        "conscientiousness": 0.5656709100342684,
        "extraversion": 0.47426375105634455,
        "agreeableness": 0.6296276585992993,
        "neuroticism": 0.48404356514945635
    },
    "p-j": {
        "openness": 0.8036290416234668,
        "conscientiousness": 0.5903047141327479,
        "extraversion": 0.4675485911953159,
        "agreeableness": 0.5955393128149815,
        "neuroticism": 0.5335762406286996
    },
    "LoveAndHappiness": {
        "openness": 0.8068600014073986,
        "conscientiousness": 0.5561607464626486,
        "extraversion": 0.42608218766168765,
        "agreeableness": 0.6405178937080696,
        "neuroticism": 0.4260061082377591
    },
    "mikelambert": {
        "openness": 0.8217210229777268,
        "conscientiousness": 0.6003952378752877,
        "extraversion": 0.47519404463468085,
        "agreeableness": 0.6127715055832781,
        "neuroticism": 0.5287301067292435
    },
    "bjarnef": {
        "openness": 0.7700070980999146,
        "conscientiousness": 0.6102749754757748,
        "extraversion": 0.48869373912109026,
        "agreeableness": 0.6031108989637279,
        "neuroticism": 0.5393646471231218
    },
    "mikemellor11": {
        "openness": 0.8294284672547392,
        "conscientiousness": 0.587776859355495,
        "extraversion": 0.47200333431933056,
        "agreeableness": 0.595339724785754,
        "neuroticism": 0.5092348137348887
    },
    "panudetjt": {
        "openness": 0.7051630697335496,
        "conscientiousness": 0.5528353886201651,
        "extraversion": 0.44905504642504934,
        "agreeableness": 0.6467358948720112,
        "neuroticism": 0.3810631373472463
    },
    "seffw": {
        "openness": 0.8285100748148667,
        "conscientiousness": 0.5559934511032107,
        "extraversion": 0.41187917405337604,
        "agreeableness": 0.603754572168703,
        "neuroticism": 0.4934232558235469
    },
    "nundel": {
        "openness": 0.7413009025312145,
        "conscientiousness": 0.5625526488979635,
        "extraversion": 0.4645938086148309,
        "agreeableness": 0.6408639250638309,
        "neuroticism": 0.4127444849942735
    },
    "saalmaan": {
        "openness": 0.7854516004181914,
        "conscientiousness": 0.5645525002222462,
        "extraversion": 0.4314413014017161,
        "agreeableness": 0.6001403199900628,
        "neuroticism": 0.4610170682695163
    },
    "vseventer": {
        "openness": 0.8248001682506264,
        "conscientiousness": 0.5919985456609936,
        "extraversion": 0.46273010083737465,
        "agreeableness": 0.6247718970315888,
        "neuroticism": 0.49685579831633314
    },
    "davidtheclark": {
        "openness": 0.7881508097885278,
        "conscientiousness": 0.5434125864504711,
        "extraversion": 0.4388584516062469,
        "agreeableness": 0.60163148543251,
        "neuroticism": 0.47867036987762246
    },
    "oleersoy": {
        "openness": 0.813424804028507,
        "conscientiousness": 0.6005836539350364,
        "extraversion": 0.4531028079983889,
        "agreeableness": 0.5580928519552855,
        "neuroticism": 0.5221647940682945
    },
    "DamonHD": {
        "openness": 0.8127362056259515,
        "conscientiousness": 0.6003015427971797,
        "extraversion": 0.5042987263657235,
        "agreeableness": 0.6264282233629882,
        "neuroticism": 0.5233206126427641
    },
    "corpulentcoffee": {
        "openness": 0.8161781675039108,
        "conscientiousness": 0.5789102924500358,
        "extraversion": 0.40481101569992317,
        "agreeableness": 0.6274752762830855,
        "neuroticism": 0.5014786447590601
    },
    "brandonaaron": {
        "openness": 0.808855103631124,
        "conscientiousness": 0.6062250984701545,
        "extraversion": 0.4185177872072635,
        "agreeableness": 0.5913327057466409,
        "neuroticism": 0.5319759860819434
    }
}