{
    "giggsey": {
        "openness": 0.800822160481809,
        "conscientiousness": 0.6111928139313977,
        "extraversion": 0.47062346826621515,
        "agreeableness": 0.6191949273299013,
        "neuroticism": 0.5429325996765926
    },
    "coveralls": {
        "openness": 0.7118275211961381,
        "conscientiousness": 0.6134148214779991,
        "extraversion": 0.518245802376086,
        "agreeableness": 0.711077879519508,
        "neuroticism": 0.4786101750712386
    },
    "joacub": {
        "openness": 0.772965885718359,
        "conscientiousness": 0.6072298347150354,
        "extraversion": 0.4113638359480845,
        "agreeableness": 0.5844479850942936,
        "neuroticism": 0.4637159393447977
    },
    "tschallacka": {
        "openness": 0.849497836818085,
        "conscientiousness": 0.5937667954544368,
        "extraversion": 0.5022956153358006,
        "agreeableness": 0.6811709887500098,
        "neuroticism": 0.5558295844528518
    },
    "rocbar": {
        "openness": 0.7700472482400106,
        "conscientiousness": 0.5817868041554786,
        "extraversion": 0.4704189034092888,
        "agreeableness": 0.5803031394931185,
        "neuroticism": 0.5248559460726009
    },
    "RobinBoersma": {
        "openness": 0.7335586549248181,
        "conscientiousness": 0.6246808429053428,
        "extraversion": 0.4941049963631938,
        "agreeableness": 0.706698636235588,
        "neuroticism": 0.4573567268548747
    }
}