{
    "gimenete": {
        "openness": 0.8189012258235745,
        "conscientiousness": 0.6533819251924369,
        "extraversion": 0.5056705638526453,
        "agreeableness": 0.7218114337301782,
        "neuroticism": 0.5328479219235296
    }
}