{
    "coopernurse": {
        "openness": 0.8035503934851422,
        "conscientiousness": 0.6090388806821175,
        "extraversion": 0.50434591059352,
        "agreeableness": 0.6649034786338373,
        "neuroticism": 0.5058365556484953
    },
    "dmitrykim": {
        "openness": 0.7717484247017321,
        "conscientiousness": 0.5599340717870855,
        "extraversion": 0.5227783246337315,
        "agreeableness": 0.6268963225803758,
        "neuroticism": 0.5607367283083039
    },
    "GeertJohan": {
        "openness": 0.796727168030096,
        "conscientiousness": 0.6281605772409903,
        "extraversion": 0.47159676015726076,
        "agreeableness": 0.6626598991528628,
        "neuroticism": 0.5140330944981312
    },
    "schmorrison": {
        "openness": 0.8676586578364271,
        "conscientiousness": 0.5362784954189003,
        "extraversion": 0.5758310726157314,
        "agreeableness": 0.6989212553000799,
        "neuroticism": 0.49258677848144194
    },
    "nelsam": {
        "openness": 0.8106677816393996,
        "conscientiousness": 0.5872902978928527,
        "extraversion": 0.4813193959721768,
        "agreeableness": 0.6299009414572542,
        "neuroticism": 0.5193091305277865
    },
    "sqs": {
        "openness": 0.7599664977747443,
        "conscientiousness": 0.5946544259214417,
        "extraversion": 0.4245779312649391,
        "agreeableness": 0.6245797075188726,
        "neuroticism": 0.44815378317164367
    },
    "ghost": {
        "openness": 0.7526878253604816,
        "conscientiousness": 0.5807578895312171,
        "extraversion": 0.5151682450342776,
        "agreeableness": 0.6529338868457796,
        "neuroticism": 0.4976296876559638
    },
    "robfig": {
        "openness": 0.8236507193058882,
        "conscientiousness": 0.5976375926254137,
        "extraversion": 0.46011696930815665,
        "agreeableness": 0.658712228324014,
        "neuroticism": 0.5319678690733447
    },
    "lukescott": {
        "openness": 0.8478039070444571,
        "conscientiousness": 0.5197326819424273,
        "extraversion": 0.5052167969760429,
        "agreeableness": 0.6333591648371624,
        "neuroticism": 0.4542257966848883
    },
    "insasho": {
        "openness": 0.8428867082971357,
        "conscientiousness": 0.587075020873297,
        "extraversion": 0.4996981797300966,
        "agreeableness": 0.6483676598231052,
        "neuroticism": 0.5173456661704514
    },
    "rvenugopal": {
        "openness": 0.8377692394795964,
        "conscientiousness": 0.586386029176479,
        "extraversion": 0.4808139441486057,
        "agreeableness": 0.6531704013600422,
        "neuroticism": 0.5195193350046438
    },
    "aktau": {
        "openness": 0.7814137003054956,
        "conscientiousness": 0.5812346548267866,
        "extraversion": 0.5650338184089445,
        "agreeableness": 0.6553117986572559,
        "neuroticism": 0.5015078901727611
    },
    "westmark": {
        "openness": 0.8075110595465357,
        "conscientiousness": 0.5713399683824643,
        "extraversion": 0.46489940962499876,
        "agreeableness": 0.6681163980553555,
        "neuroticism": 0.5377212056438214
    },
    "jimtla": {
        "openness": 0.8431490909815403,
        "conscientiousness": 0.631417460378547,
        "extraversion": 0.46035900331849267,
        "agreeableness": 0.6497109625557345,
        "neuroticism": 0.5473318497956698
    },
    "begizi": {
        "openness": 0.7646496141940707,
        "conscientiousness": 0.6158966269039361,
        "extraversion": 0.5028290642379829,
        "agreeableness": 0.6968194763346747,
        "neuroticism": 0.47996078251016283
    },
    "vadimg": {
        "openness": 0.8449978475360898,
        "conscientiousness": 0.5907078935916331,
        "extraversion": 0.4832743299988166,
        "agreeableness": 0.6536633338814646,
        "neuroticism": 0.49742999594663595
    },
    "ipartner": {
        "openness": 0.7792271749625304,
        "conscientiousness": 0.572017488820833,
        "extraversion": 0.535565690540774,
        "agreeableness": 0.6434747041061706,
        "neuroticism": 0.48698555265399796
    },
    "purohit": {
        "openness": 0.7803465286416542,
        "conscientiousness": 0.5748183110673762,
        "extraversion": 0.5145778247792945,
        "agreeableness": 0.6461299485653604,
        "neuroticism": 0.5195522493690788
    },
    "vinceyuan": {
        "openness": 0.8100278568645524,
        "conscientiousness": 0.6084185949677048,
        "extraversion": 0.4996646084381596,
        "agreeableness": 0.6370429688848018,
        "neuroticism": 0.5322911539495441
    },
    "chbrown": {
        "openness": 0.8072916325436079,
        "conscientiousness": 0.6100949506580753,
        "extraversion": 0.45321740495427676,
        "agreeableness": 0.6929654430389944,
        "neuroticism": 0.4440247321294025
    },
    "mlb5000": {
        "openness": 0.8293310065552395,
        "conscientiousness": 0.5807177435699317,
        "extraversion": 0.5020197133671422,
        "agreeableness": 0.6259070416462476,
        "neuroticism": 0.5040110628553507
    },
    "guotie": {
        "openness": 0.7531371682051955,
        "conscientiousness": 0.6065549835129428,
        "extraversion": 0.4984440218295475,
        "agreeableness": 0.6550853969425273,
        "neuroticism": 0.5501001687470481
    },
    "jordan-wright": {
        "openness": 0.8867290826324037,
        "conscientiousness": 0.6908394274065235,
        "extraversion": 0.5694433359665936,
        "agreeableness": 0.7277790475910695,
        "neuroticism": 0.5674788195851448
    },
    "chakrit": {
        "openness": 0.8339662603809418,
        "conscientiousness": 0.5938897511544209,
        "extraversion": 0.5021995234395437,
        "agreeableness": 0.6738590240577658,
        "neuroticism": 0.5148070697775813
    },
    "johto": {
        "openness": 0.8386603503918761,
        "conscientiousness": 0.6356290460492322,
        "extraversion": 0.5159421663715281,
        "agreeableness": 0.6402416883566591,
        "neuroticism": 0.5413962526986377
    },
    "spencerkimball": {
        "openness": 0.8236245159236499,
        "conscientiousness": 0.5610604209954355,
        "extraversion": 0.44992848536345986,
        "agreeableness": 0.634611321743725,
        "neuroticism": 0.481135323205231
    },
    "tobz": {
        "openness": 0.8405231439103992,
        "conscientiousness": 0.5870562836613358,
        "extraversion": 0.5331131983562187,
        "agreeableness": 0.7021906424091284,
        "neuroticism": 0.5062409690854991
    },
    "porjo": {
        "openness": 0.739028034784739,
        "conscientiousness": 0.6158552857506956,
        "extraversion": 0.4528874194484036,
        "agreeableness": 0.6593294382848595,
        "neuroticism": 0.47409442765956455
    },
    "ttacon": {
        "openness": 0.807401968945445,
        "conscientiousness": 0.6487124005876959,
        "extraversion": 0.5535231547760512,
        "agreeableness": 0.6992001900966338,
        "neuroticism": 0.580871734024432
    },
    "JonPulfer": {
        "openness": 0.8241764321243265,
        "conscientiousness": 0.6624760847654698,
        "extraversion": 0.510761655687249,
        "agreeableness": 0.6941155837081481,
        "neuroticism": 0.5360692411523138
    },
    "kungfumike": {
        "openness": 0.8259602675794144,
        "conscientiousness": 0.6324898672558851,
        "extraversion": 0.5256133281349737,
        "agreeableness": 0.6395889385475841,
        "neuroticism": 0.5598291549235607
    },
    "pierreprinetti": {
        "openness": 0.7968584234691379,
        "conscientiousness": 0.6000260649386667,
        "extraversion": 0.5172446116829106,
        "agreeableness": 0.6481428125057367,
        "neuroticism": 0.5146364028562226
    },
    "nd2s": {
        "openness": 0.7611329796416184,
        "conscientiousness": 0.5733491751689203,
        "extraversion": 0.45524239388985455,