{
    "fionawhim": {
        "openness": 0.8147247484843947,
        "conscientiousness": 0.5923239674079224,
        "extraversion": 0.5013912593657026,
        "agreeableness": 0.609255610178171,
        "neuroticism": 0.5121068267032691
    },
    "jamwaffles": {
        "openness": 0.7832383658366194,
        "conscientiousness": 0.5083887379596967,
        "extraversion": 0.4090936246679302,
        "agreeableness": 0.5723152734545647,
        "neuroticism": 0.43910250018414987
    },
    "mars": {
        "openness": 0.7936761158250805,
        "conscientiousness": 0.5714627913542388,
        "extraversion": 0.4934280642127544,
        "agreeableness": 0.5739996523135249,
        "neuroticism": 0.5056329063773473
    },
    "jmfurlott": {
        "openness": 0.8072920546670764,
        "conscientiousness": 0.613957797654541,
        "extraversion": 0.4289421793244562,
        "agreeableness": 0.6233040635798748,
        "neuroticism": 0.508183042123683
    },
    "approots": {
        "openness": 0.7881793800506075,
        "conscientiousness": 0.5677753825705393,
        "extraversion": 0.4746514582554755,
        "agreeableness": 0.5937288955365749,
        "neuroticism": 0.44596549198848945
    },
    "chrisdrackett": {
        "openness": 0.8586119656960273,
        "conscientiousness": 0.5733777295220478,
        "extraversion": 0.46689016541028366,
        "agreeableness": 0.6067631532754707,
        "neuroticism": 0.4968998323739233
    },
    "dcalhoun": {
        "openness": 0.8386059525201787,
        "conscientiousness": 0.6003948542382874,
        "extraversion": 0.4558699838481385,
        "agreeableness": 0.6126435074656436,
        "neuroticism": 0.530533695029778
    },
    "tonybaroneee": {
        "openness": 0.7998316995255448,
        "conscientiousness": 0.6035603287213143,
        "extraversion": 0.5278366723350196,
        "agreeableness": 0.6801757388924637,
        "neuroticism": 0.49824383406375916
    },
    "richard-lopes": {
        "openness": 0.7949333146150982,
        "conscientiousness": 0.6489784905999573,
        "extraversion": 0.46256536351067234,
        "agreeableness": 0.7522866077795856,
        "neuroticism": 0.47012536564567087
    },
    "luisherranz": {
        "openness": 0.8500869924587665,
        "conscientiousness": 0.5818341261404435,
        "extraversion": 0.4527977824839355,
        "agreeableness": 0.6078645746445079,
        "neuroticism": 0.4931329698064759
    },
    "Superpencil": {
        "openness": 0.7741408846130546,
        "conscientiousness": 0.5453734114439703,
        "extraversion": 0.4751215211397093,
        "agreeableness": 0.612629295122424,
        "neuroticism": 0.4176526825272169
    },
    "jwdinker": {
        "openness": 0.8258372916368615,
        "conscientiousness": 0.6018221401291121,
        "extraversion": 0.5161900137278639,
        "agreeableness": 0.6758008090224314,
        "neuroticism": 0.48982847966315246
    },
    "stoikerty": {
        "openness": 0.8040726390612216,
        "conscientiousness": 0.5321248319457964,
        "extraversion": 0.37180129202311096,
        "agreeableness": 0.5654999476660096,
        "neuroticism": 0.4509820692667923
    },
    "Antho2407": {
        "openness": 0.8049485534661007,
        "conscientiousness": 0.5033706271360808,
        "extraversion": 0.43333395134881747,
        "agreeableness": 0.5637204797141224,
        "neuroticism": 0.4526366990838402
    },
    "STRML": {
        "openness": 0.8120271590861883,
        "conscientiousness": 0.591953243108163,
        "extraversion": 0.5281261979221402,
        "agreeableness": 0.6143002223134031,
        "neuroticism": 0.47933665070149123
    },
    "saniko": {
        "openness": 0.8289105255778293,
        "conscientiousness": 0.5600556426309973,
        "extraversion": 0.48208486060734856,
        "agreeableness": 0.6255123808377094,
        "neuroticism": 0.4664634495866
    },
    "Robinfr": {
        "openness": 0.8156092575097152,
        "conscientiousness": 0.579061506196317,
        "extraversion": 0.4276663389748508,
        "agreeableness": 0.6492658016065671,
        "neuroticism": 0.49167876442334524
    },
    "markjaquith": {
        "openness": 0.8373290748005882,
        "conscientiousness": 0.5835385934467593,
        "extraversion": 0.4927077974514653,
        "agreeableness": 0.615593790960921,
        "neuroticism": 0.4901579749487581
    },
    "maximusnikulin": {
        "openness": 0.7696783994796819,
        "conscientiousness": 0.6085644594122994,
        "extraversion": 0.4891666910210317,
        "agreeableness": 0.7096040014037737,
        "neuroticism": 0.4606485955286955
    },
    "MartinHaeusler": {
        "openness": 0.8376823538086957,
        "conscientiousness": 0.6396215315167894,
        "extraversion": 0.48510984805300467,
        "agreeableness": 0.6465738340115976,
        "neuroticism": 0.5175919593892873
    },
    "hirenumradia": {
        "openness": 0.822435527361418,
        "conscientiousness": 0.5769453902641631,
        "extraversion": 0.4704926873938993,
        "agreeableness": 0.6752569675660642,
        "neuroticism": 0.46611462588359764
    },
    "Rycochet": {
        "openness": 0.7800640344665569,
        "conscientiousness": 0.5500953511508307,
        "extraversion": 0.3966579393017313,
        "agreeableness": 0.6214142986663631,
        "neuroticism": 0.4671166665621457
    },
    "JM-Mendez": {
        "openness": 0.7904466065911464,
        "conscientiousness": 0.582225507304051,
        "extraversion": 0.5285209431521504,
        "agreeableness": 0.6335466397667947,
        "neuroticism": 0.549687519292408
    },
    "samhastings": {
        "openness": 0.8186719113925882,
        "conscientiousness": 0.5300353762972982,
        "extraversion": 0.4675028689311814,
        "agreeableness": 0.6226579420420251,
        "neuroticism": 0.4387257533810079
    }
}