{
    "benbjohnson": {
        "openness": 0.7889645433589171,
        "conscientiousness": 0.5977337064964039,
        "extraversion": 0.4754821497698683,
        "agreeableness": 0.6334702844254572,
        "neuroticism": 0.5016915374250864
    },
    "ongardie": {
        "openness": 0.778089150656837,
        "conscientiousness": 0.6034386324325764,
        "extraversion": 0.47211678945079577,
        "agreeableness": 0.6399852230612308,
        "neuroticism": 0.5033059406368607
    },
    "xiang90": {
        "openness": 0.781957050145757,
        "conscientiousness": 0.6502085014883004,
        "extraversion": 0.42715300434241676,
        "agreeableness": 0.6342525537908474,
        "neuroticism": 0.5260512756409697
    },
    "philips": {
        "openness": 0.8024127480047561,
        "conscientiousness": 0.615603027406504,
        "extraversion": 0.4891112716916377,
        "agreeableness": 0.6410292194321587,
        "neuroticism": 0.48102544593111596
    },
    "jvshahid": {
        "openness": 0.8112458985466172,
        "conscientiousness": 0.6422586173955183,
        "extraversion": 0.5163299424773815,
        "agreeableness": 0.6595896441210638,
        "neuroticism": 0.526655758119119
    },
    "kellabyte": {
        "openness": 0.8283912617766775,
        "conscientiousness": 0.598380645385203,
        "extraversion": 0.5547083637060214,
        "agreeableness": 0.6999030162316249,
        "neuroticism": 0.4719324033661144
    },
    "mreiferson": {
        "openness": 0.817712381628702,
        "conscientiousness": 0.6038787733875568,
        "extraversion": 0.4930601420811933,
        "agreeableness": 0.6803035381123275,
        "neuroticism": 0.4727100280148214
    },
    "bcwaldon": {
        "openness": 0.7443454502487418,
        "conscientiousness": 0.5780565359126232,
        "extraversion": 0.4455657036211684,
        "agreeableness": 0.6587616779390817,
        "neuroticism": 0.40197302367881715
    },
    "zenazn": {
        "openness": 0.804032726971043,
        "conscientiousness": 0.6058623445088311,
        "extraversion": 0.48661055487085236,
        "agreeableness": 0.5876673942808912,
        "neuroticism": 0.5503176203960934
    },
    "yichengq": {
        "openness": 0.8070533047507619,
        "conscientiousness": 0.6125642797052413,
        "extraversion": 0.44802748921735824,
        "agreeableness": 0.6456684515748647,
        "neuroticism": 0.4703605018618783
    },
    "MartyMacGyver": {
        "openness": 0.8083784888634123,
        "conscientiousness": 0.5577542325157211,
        "extraversion": 0.3913674171610031,
        "agreeableness": 0.5891146618483896,
        "neuroticism": 0.512413554989152
    },
    "otoolep": {
        "openness": 0.7845980893318212,
        "conscientiousness": 0.6294826822280546,
        "extraversion": 0.48808716345668884,
        "agreeableness": 0.6488401650956201,
        "neuroticism": 0.510881166713446
    },
    "jrallison": {
        "openness": 0.8339570079611819,
        "conscientiousness": 0.6099617940368286,
        "extraversion": 0.47674926686096114,
        "agreeableness": 0.6347578117992102,
        "neuroticism": 0.5072825164842857
    }
}