{
    "tkellen": {
        "openness": 0.8016679691565732,
        "conscientiousness": 0.6406936013295833,
        "extraversion": 0.4871775086156074,
        "agreeableness": 0.6945444088201089,
        "neuroticism": 0.4786280682105433
    },
    "jsoverson": {
        "openness": 0.8243572465884988,
        "conscientiousness": 0.6291816035489632,
        "extraversion": 0.49172070127704015,
        "agreeableness": 0.6424681685712661,
        "neuroticism": 0.5203623560993927
    },
    "sindresorhus": {
        "openness": 0.8225029422259144,
        "conscientiousness": 0.5902770472368064,
        "extraversion": 0.4730130341688917,
        "agreeableness": 0.6410662677014813,
        "neuroticism": 0.4942306792046579
    },
    "cowboy": {
        "openness": 0.8110827179755258,
        "conscientiousness": 0.5983856273187977,
        "extraversion": 0.4491935936554229,
        "agreeableness": 0.6257908096733525,
        "neuroticism": 0.4992451994392886
    },
    "mishoo": {
        "openness": 0.7902131730252442,
        "conscientiousness": 0.6028990864440928,
        "extraversion": 0.4344643257963886,
        "agreeableness": 0.6274856741084169,
        "neuroticism": 0.494828693170992
    },
    "shama": {
        "openness": 0.8163550076157627,
        "conscientiousness": 0.5951710821421813,
        "extraversion": 0.4642820721362324,
        "agreeableness": 0.6207484121207782,
        "neuroticism": 0.5216991518572712
    },
    "dylang": {
        "openness": 0.8125238542021698,
        "conscientiousness": 0.6076961349129928,
        "extraversion": 0.4724367590476517,
        "agreeableness": 0.6703799560588654,
        "neuroticism": 0.5391568568256239
    },
    "mgol": {
        "openness": 0.8262338299528489,
        "conscientiousness": 0.5846675140241461,
        "extraversion": 0.4360512026474259,
        "agreeableness": 0.6011857672033268,
        "neuroticism": 0.514303868446332
    },
    "robots4life": {
        "openness": 0.7798645410157985,
        "conscientiousness": 0.5681789535384224,
        "extraversion": 0.4898016191361274,
        "agreeableness": 0.6437572663781003,
        "neuroticism": 0.4791451645892947
    },
    "akzhan": {
        "openness": 0.8285392913200383,
        "conscientiousness": 0.6097628916349995,
        "extraversion": 0.4803065149351037,
        "agreeableness": 0.6603139964622713,
        "neuroticism": 0.524761145020812
    },
    "sorccu": {
        "openness": 0.8108631181462329,
        "conscientiousness": 0.5392729195716447,
        "extraversion": 0.4549844707058029,
        "agreeableness": 0.5907372348819588,
        "neuroticism": 0.4441070617088124
    },
    "mattkime": {
        "openness": 0.8408244387852217,
        "conscientiousness": 0.5922869905219914,
        "extraversion": 0.46638792033328524,
        "agreeableness": 0.647001657541866,
        "neuroticism": 0.49892574010370416
    },
    "jamesplease": {
        "openness": 0.8206063958029862,
        "conscientiousness": 0.61238780322052,
        "extraversion": 0.47344131856876515,
        "agreeableness": 0.6413072574294129,
        "neuroticism": 0.5236840458344946
    },
    "b-long": {
        "openness": 0.7939514723130171,
        "conscientiousness": 0.5383558572304147,
        "extraversion": 0.4247007492704059,
        "agreeableness": 0.6222230670651328,
        "neuroticism": 0.48614081089769356
    },
    "davidepedone": {
        "openness": 0.7540068543009619,
        "conscientiousness": 0.5393813867327775,
        "extraversion": 0.4559053004756262,
        "agreeableness": 0.6380094654097754,
        "neuroticism": 0.37901418261866954
    },
    "mrmartineau": {
        "openness": 0.7820249974111466,
        "conscientiousness": 0.5394098479952792,
        "extraversion": 0.4194335799541009,
        "agreeableness": 0.6161989199325084,
        "neuroticism": 0.4105759038598838
    },
    "UltCombo": {
        "openness": 0.8220999258524919,
        "conscientiousness": 0.5927401872352532,
        "extraversion": 0.4719528052365649,
        "agreeableness": 0.6148162575068727,
        "neuroticism": 0.517953899872791
    },
    "gspe": {
        "openness": 0.7642828286042821,
        "conscientiousness": 0.5904657843462274,
        "extraversion": 0.4677597837516131,
        "agreeableness": 0.6315036871550437,
        "neuroticism": 0.427882106038575
    },
    "vladikoff": {
        "openness": 0.8063725534007367,
        "conscientiousness": 0.5989489228417346,
        "extraversion": 0.48757841557616666,
        "agreeableness": 0.6279275523684763,
        "neuroticism": 0.4937778019845429
    },
    "XhmikosR": {
        "openness": 0.8157920944036474,
        "conscientiousness": 0.5841875869664664,
        "extraversion": 0.48288071634472274,
        "agreeableness": 0.6280117787031949,
        "neuroticism": 0.48876790561977157
    },
    "zmike86": {
        "openness": 0.7240566987854395,
        "conscientiousness": 0.6000309202822394,
        "extraversion": 0.4284584948650364,
        "agreeableness": 0.675811914340066,
        "neuroticism": 0.4857122829378432
    },
    "Baccanno": {
        "openness": 0.7958769869871981,
        "conscientiousness": 0.5747709701422334,
        "extraversion": 0.4942310557783426,
        "agreeableness": 0.5841480935182761,
        "neuroticism": 0.4864060841506975
    },
    "Yokocapolo": {
        "openness": 0.7794749108141826,
        "conscientiousness": 0.5476770863425896,
        "extraversion": 0.41590585298988536,
        "agreeableness": 0.6285835900704442,
        "neuroticism": 0.49617225074339855
    },
    "pythdasch": {
        "openness": 0.7863690910999441,
        "conscientiousness": 0.5828813796910285,
        "extraversion": 0.5132327856342699,
        "agreeableness": 0.6934299883290821,
        "neuroticism": 0.4697967917096034
    },
    "alexlamsl": {
        "openness": 0.8187169594381526,
        "conscientiousness": 0.6074469903355627,
        "extraversion": 0.4654597680679382,
        "agreeableness": 0.6411387890015072,
        "neuroticism": 0.4879961739944826
    },
    "avdg": {
        "openness": 0.824937253071067,
        "conscientiousness": 0.5794486182672542,
        "extraversion": 0.45596975062431816,
        "agreeableness": 0.6254481658483054,
        "neuroticism": 0.4774992830713497
    },
    "argyleink": {
        "openness": 0.8319619043666008,
        "conscientiousness": 0.5564508192426527,
        "extraversion": 0.4388143499646624,
        "agreeableness": 0.5813552356986079,
        "neuroticism": 0.5272345517607663
    },
    "aendrew": {
        "openness": 0.7939331295899591,
        "conscientiousness": 0.612607842845077,
        "extraversion": 0.4374297442792974,
        "agreeableness": 0.6344020338128668,
        "neuroticism": 0.4817504606146546
    },
    "jrhite": {
        "openness": 0.7969072492739222,
        "conscientiousness": 0.5821926891714637,
        "extraversion": 0.4888076006631261,
        "agreeableness": 0.6318400336425066,
        "neuroticism": 0.48314041937573027
    },
    "alonisser": {
        "openness": 0.7874295806516378,
        "conscientiousness": 0.590286411158835,
        "extraversion": 0.5272374011939076,
        "agreeableness": 0.6470555479770506,
        "neuroticism": 0.5048476877393971
    },
    "Mottie": {
        "openness": 0.8201902773351886,
        "conscientiousness": 0.5984843034666745,
        "extraversion": 0.5134767071573664,
        "agreeableness": 0.6495385908692629,
        "neuroticism": 0.5285811643593212
    },
    "Rialgar": {
        "openness": 0.8243437845188223,
        "conscientiousness": 0.6003310849988701,
        "extraversion": 0.43155742287000787,
        "agreeableness": 0.6546899745609449,
        "neuroticism": 0.4956984387293353
    },
    "QuintinS": {
        "openness": 0.832953517983386,
        "conscientiousness": 0.5346968994818104,
        "extraversion": 0.45662332306168957,