{
    "shichuan": {
        "openness": 0.8068723181369862,
        "conscientiousness": 0.6246476566601888,
        "extraversion": 0.4682115173526018,
        "agreeableness": 0.6414956795064459,
        "neuroticism": 0.5392657492944312
    },
    "alexgibson": {
        "openness": 0.8181862115781995,
        "conscientiousness": 0.6083784678234663,
        "extraversion": 0.4911392615111406,
        "agreeableness": 0.6494555636316263,
        "neuroticism": 0.532965274521303
    },
    "brianblakely": {
        "openness": 0.8477948777047282,
        "conscientiousness": 0.6136962877383682,
        "extraversion": 0.5446965529263945,
        "agreeableness": 0.614356583412258,
        "neuroticism": 0.546732391011251
    },
    "paulirish": {
        "openness": 0.8101096232543725,
        "conscientiousness": 0.6189664384483411,
        "extraversion": 0.4694228330734964,
        "agreeableness": 0.660371979301881,
        "neuroticism": 0.5273982822336996
    },
    "necolas": {
        "openness": 0.8147519297409175,
        "conscientiousness": 0.6164103630105503,
        "extraversion": 0.4756474895695938,
        "agreeableness": 0.6335993165110101,
        "neuroticism": 0.5466982765056682
    },
    "cloverfish": {
        "openness": 0.8358113185340061,
        "conscientiousness": 0.6017206127836228,
        "extraversion": 0.4517235746146081,
        "agreeableness": 0.5887137322153342,
        "neuroticism": 0.5597571033367665
    },
    "drublic": {
        "openness": 0.8094900729743402,
        "conscientiousness": 0.6529559963694644,
        "extraversion": 0.5016413295776403,
        "agreeableness": 0.673342006980522,
        "neuroticism": 0.5592569885441827
    },
    "arthurvr": {
        "openness": 0.7817365251736788,
        "conscientiousness": 0.7207885830453409,
        "extraversion": 0.5851087593778663,
        "agreeableness": 0.8162194518178528,
        "neuroticism": 0.5309461333150286
    },
    "zackphilipps": {
        "openness": 0.7420813941033568,
        "conscientiousness": 0.6173733422562028,
        "extraversion": 0.5121404707890258,
        "agreeableness": 0.6725771194151993,
        "neuroticism": 0.5151194976884091
    }
}