{
    "hacdias": {
        "openness": 0.8033572704830423,
        "conscientiousness": 0.6367504901461174,
        "extraversion": 0.4670540863900259,
        "agreeableness": 0.6605431011929844,
        "neuroticism": 0.5458357779983007
    },
    "mholt": {
        "openness": 0.8044687646479816,
        "conscientiousness": 0.6088123556404548,
        "extraversion": 0.46732681046646996,
        "agreeableness": 0.6477935107163229,
        "neuroticism": 0.5400650033396202
    },
    "adprof": {
        "openness": 0.7927829664462696,
        "conscientiousness": 0.6113894135918538,
        "extraversion": 0.5065838313231404,
        "agreeableness": 0.6724580395473247,
        "neuroticism": 0.4995622552752909
    },
    "faddat": {
        "openness": 0.7856358678989492,
        "conscientiousness": 0.631097697815566,
        "extraversion": 0.5429053988232201,
        "agreeableness": 0.6767592446835524,
        "neuroticism": 0.5292279090953579
    },
    "klingtnet": {
        "openness": 0.7674285652325481,
        "conscientiousness": 0.6202828736149962,
        "extraversion": 0.4610575014793279,
        "agreeableness": 0.6468618591019208,
        "neuroticism": 0.523131886176382
    },
    "justrjlewis": {
        "openness": 0.8041224252888786,
        "conscientiousness": 0.6003647091417641,
        "extraversion": 0.497645442838213,
        "agreeableness": 0.6030212328503677,
        "neuroticism": 0.5034403396661674
    },
    "ludovicc": {
        "openness": 0.7602686455994709,
        "conscientiousness": 0.6179928065083201,
        "extraversion": 0.504343809993697,
        "agreeableness": 0.6303176770261161,
        "neuroticism": 0.5074368706902534
    },
    "liz-miller": {
        "openness": 0.7760521271099509,
        "conscientiousness": 0.6388038957617888,
        "extraversion": 0.5383954212956421,
        "agreeableness": 0.6641295526791307,
        "neuroticism": 0.5539918434104739
    },
    "bronzehedwick": {
        "openness": 0.7929803999004923,
        "conscientiousness": 0.6037881876689157,
        "extraversion": 0.4837347218237356,
        "agreeableness": 0.6416748422845011,
        "neuroticism": 0.5079699902837549
    },
    "AstonDavies": {
        "openness": 0.7481202319012726,
        "conscientiousness": 0.6223778836833294,
        "extraversion": 0.5364649265037097,
        "agreeableness": 0.6564747654793348,
        "neuroticism": 0.51800198027862
    },
    "Equim-chan": {
        "openness": 0.7987991721725268,
        "conscientiousness": 0.6007388423042089,
        "extraversion": 0.4543844296752943,
        "agreeableness": 0.6229076053212486,
        "neuroticism": 0.5165629930663271
    },
    "vitaliy-kuzmich": {
        "openness": 0.8008264111757146,
        "conscientiousness": 0.5965452514915247,
        "extraversion": 0.46602077046526447,
        "agreeableness": 0.6363376763137443,
        "neuroticism": 0.54178426593488
    },
    "princemaple": {
        "openness": 0.8018379983002775,
        "conscientiousness": 0.5883285027831664,
        "extraversion": 0.4491767229377921,
        "agreeableness": 0.6209932414848798,
        "neuroticism": 0.5334879047973489
    },
    "ghost": {
        "openness": 0.8230870563698365,
        "conscientiousness": 0.6273245919672603,
        "extraversion": 0.46722541270036694,
        "agreeableness": 0.6414265411823326,
        "neuroticism": 0.5490673573688288
    },
    "chinglinwen": {
        "openness": 0.7564067136669582,
        "conscientiousness": 0.5992646178765946,
        "extraversion": 0.414040300230268,
        "agreeableness": 0.6495870679552557,
        "neuroticism": 0.5287747665710796
    },
    "abnerjacobsen": {
        "openness": 0.747919739252811,
        "conscientiousness": 0.6183540881052102,
        "extraversion": 0.5038028370650507,
        "agreeableness": 0.6557857282620084,
        "neuroticism": 0.5332303403836581
    },
    "francislavoie": {
        "openness": 0.8160233481057847,
        "conscientiousness": 0.6097742997538086,
        "extraversion": 0.5650742808662114,
        "agreeableness": 0.6821288540558825,
        "neuroticism": 0.5057090835659339
    },
    "1138-4EB": {
        "openness": 0.8137056096100406,
        "conscientiousness": 0.6228738387933711,
        "extraversion": 0.4699810339596028,
        "agreeableness": 0.6204416561541766,
        "neuroticism": 0.5370327010376674
    },
    "MarvBob": {
        "openness": 0.7955382524558984,
        "conscientiousness": 0.5629717152774261,
        "extraversion": 0.43279231389110434,
        "agreeableness": 0.6283442989393309,
        "neuroticism": 0.49827584755659565
    },
    "dstreet26": {
        "openness": 0.7433501550404069,
        "conscientiousness": 0.6080873933326937,
        "extraversion": 0.48706760822706935,
        "agreeableness": 0.6425116772726052,
        "neuroticism": 0.48497330302496594
    },
    "manyang901": {
        "openness": 0.7491806221576023,
        "conscientiousness": 0.5865423280503392,
        "extraversion": 0.48660213627088156,
        "agreeableness": 0.6276206101438655,
        "neuroticism": 0.5462311701290435
    },
    "helloray": {
        "openness": 0.7963768518358705,
        "conscientiousness": 0.6162155002519512,
        "extraversion": 0.4869666739043299,
        "agreeableness": 0.6444460123105857,
        "neuroticism": 0.5365431148610418
    },
    "maweck": {
        "openness": 0.8334059366668641,
        "conscientiousness": 0.638906668367202,
        "extraversion": 0.4853189686869023,
        "agreeableness": 0.6752644549025195,
        "neuroticism": 0.5280638357565115
    },
    "Adagior": {
        "openness": 0.7747735845561211,
        "conscientiousness": 0.5565517649794921,
        "extraversion": 0.4300226480087868,
        "agreeableness": 0.591332945897056,
        "neuroticism": 0.48142861010736326
    },
    "ikwyl6": {
        "openness": 0.71580634512909,
        "conscientiousness": 0.6243107392431028,
        "extraversion": 0.47298135196848073,
        "agreeableness": 0.6441474439140658,
        "neuroticism": 0.5328715051847175
    },
    "UnAfraid": {
        "openness": 0.7491061832729078,
        "conscientiousness": 0.6054012953292319,
        "extraversion": 0.46764389447908944,
        "agreeableness": 0.6657174057913408,
        "neuroticism": 0.4960539652833338
    },
    "alx": {
        "openness": 0.7819620118449724,
        "conscientiousness": 0.565848077806331,
        "extraversion": 0.47672446592809686,
        "agreeableness": 0.6304852150499178,
        "neuroticism": 0.4825550020103304
    },
    "lewisxy": {
        "openness": 0.7092847057668092,
        "conscientiousness": 0.602824646625535,
        "extraversion": 0.49103735642018587,
        "agreeableness": 0.689129881716806,
        "neuroticism": 0.4467963273550586
    },
    "juan11perez": {
        "openness": 0.7775947502273585,
        "conscientiousness": 0.6291082922573829,
        "extraversion": 0.5466294757823543,
        "agreeableness": 0.6430250391554901,
        "neuroticism": 0.5481395748013274
    },
    "ericvolp12": {
        "openness": 0.8151469255104383,
        "conscientiousness": 0.6038310965172977,
        "extraversion": 0.46183475532907003,
        "agreeableness": 0.6270750397797114,
        "neuroticism": 0.54445377712274
    },
    "dbeniamine": {
        "openness": 0.7811906755595373,
        "conscientiousness": 0.6288081101435832,
        "extraversion": 0.4465699378403652,
        "agreeableness": 0.6470552053592064,
        "neuroticism": 0.5595378026161727
    },
    "hufh": {
        "openness": 0.7561998496865324,
        "conscientiousness": 0.6203518423851788,
        "extraversion": 0.5289518203296848,
        "agreeableness": 0.6589308244864213,
        "neuroticism": 0.5212208787793076
    },
    "laoshaw": {
        "openness": 0.7747276665426263,
        "conscientiousness": 0.62233802254459,