{
    "Xyclade": {
        "openness": 0.8153600340054155,
        "conscientiousness": 0.6426807391499159,
        "extraversion": 0.4775266388608326,
        "agreeableness": 0.6612277073247018,
        "neuroticism": 0.5300673519482877
    },
    "haifengl": {
        "openness": 0.8072857035480083,
        "conscientiousness": 0.6531789562379525,
        "extraversion": 0.5055377217586692,
        "agreeableness": 0.6545130205896491,
        "neuroticism": 0.546644740699187
    },
    "owlmsj": {
        "openness": 0.7870167422163286,
        "conscientiousness": 0.6420174629102642,
        "extraversion": 0.4458917874329289,
        "agreeableness": 0.6716169325346399,
        "neuroticism": 0.46706231765441997
    },
    "kid1412z": {
        "openness": 0.7776126329684381,
        "conscientiousness": 0.5947900179439208,
        "extraversion": 0.43775338462573243,
        "agreeableness": 0.5984665722372511,
        "neuroticism": 0.5035434764411264
    },
    "lwhite1": {
        "openness": 0.8235851478875971,
        "conscientiousness": 0.6597965639078466,
        "extraversion": 0.6078102709407951,
        "agreeableness": 0.7097583528753542,
        "neuroticism": 0.572463570619234
    },
    "ashrafs": {
        "openness": 0.782074974850071,
        "conscientiousness": 0.6259907274292138,
        "extraversion": 0.5256676414672872,
        "agreeableness": 0.6518901077559642,
        "neuroticism": 0.4752728666103858
    },
    "myui": {
        "openness": 0.8066929214196402,
        "conscientiousness": 0.6108917717737604,
        "extraversion": 0.4808998886566503,
        "agreeableness": 0.6207437001395544,
        "neuroticism": 0.4636118810462512
    },
    "badgersow": {
        "openness": 0.8444485325870686,
        "conscientiousness": 0.59271595991646,
        "extraversion": 0.5703726538537492,
        "agreeableness": 0.6637687819938017,
        "neuroticism": 0.4966830726592324
    },
    "rayeaster": {
        "openness": 0.8035093499548762,
        "conscientiousness": 0.6349965391348789,
        "extraversion": 0.5010232714572703,
        "agreeableness": 0.6189707475918378,
        "neuroticism": 0.5306927801059946
    },
    "digital-thinking": {
        "openness": 0.7885478168283259,
        "conscientiousness": 0.6230281307720278,
        "extraversion": 0.44114989931454573,
        "agreeableness": 0.6276691233510423,
        "neuroticism": 0.4844236703281679
    },
    "chhh": {
        "openness": 0.8400406882228015,
        "conscientiousness": 0.6109261458247044,
        "extraversion": 0.4876156057984363,
        "agreeableness": 0.6181870827136318,
        "neuroticism": 0.5312584812670842
    },
    "stuz5000": {
        "openness": 0.826043920076863,
        "conscientiousness": 0.5829984247938719,
        "extraversion": 0.4765577814834513,
        "agreeableness": 0.6189325682362,
        "neuroticism": 0.4902491684440627
    },
    "lukehutch": {
        "openness": 0.7951598910262934,
        "conscientiousness": 0.5755615610590264,
        "extraversion": 0.4707346730178551,
        "agreeableness": 0.6066930103431454,
        "neuroticism": 0.483479317873554
    },
    "elkfrawy-df": {
        "openness": 0.8163437091997463,
        "conscientiousness": 0.6510095723844316,
        "extraversion": 0.4958587667523796,
        "agreeableness": 0.6604363380175757,
        "neuroticism": 0.5225461945442625
    },
    "elbamos": {
        "openness": 0.8058691969806413,
        "conscientiousness": 0.6237754534859434,
        "extraversion": 0.5689068733535564,
        "agreeableness": 0.6713878415931762,
        "neuroticism": 0.5364963511485715
    },
    "beckgael": {
        "openness": 0.8234416845911273,
        "conscientiousness": 0.6569538884100558,
        "extraversion": 0.4778324109785739,
        "agreeableness": 0.6674050451229334,
        "neuroticism": 0.5471653995019682
    },
    "Mega4alik": {
        "openness": 0.7401952883091585,
        "conscientiousness": 0.5655934134954956,
        "extraversion": 0.4901819455264446,
        "agreeableness": 0.6742931392166922,
        "neuroticism": 0.42602507205562457
    },
    "softignition": {
        "openness": 0.8451474469756791,
        "conscientiousness": 0.5914852618578764,
        "extraversion": 0.5129861992183152,
        "agreeableness": 0.6068982317450459,
        "neuroticism": 0.4698524089714647
    },
    "hrzafer": {
        "openness": 0.7670820582605518,
        "conscientiousness": 0.5711264568372582,
        "extraversion": 0.46700942594262207,
        "agreeableness": 0.5938136074360436,
        "neuroticism": 0.4616384076630266
    },
    "aminaaslam": {
        "openness": 0.774886176557982,
        "conscientiousness": 0.5808372985691508,
        "extraversion": 0.4927713620925863,
        "agreeableness": 0.6316826488806495,
        "neuroticism": 0.46979825070494763
    },
    "stieglma": {
        "openness": 0.8446217196138057,
        "conscientiousness": 0.6169675300757208,
        "extraversion": 0.5058104867935385,
        "agreeableness": 0.6505428265838962,
        "neuroticism": 0.5264577857976551
    },
    "defoye": {
        "openness": 0.8473539046550983,
        "conscientiousness": 0.673379901433458,
        "extraversion": 0.4718418625563259,
        "agreeableness": 0.6878213891033086,
        "neuroticism": 0.5089872136960312
    },
    "dhhyuk": {
        "openness": 0.786820397335422,
        "conscientiousness": 0.6221053092809076,
        "extraversion": 0.5555808089360998,
        "agreeableness": 0.708520538622559,
        "neuroticism": 0.5078699863978
    },
    "opaetzel": {
        "openness": 0.8263808758822566,
        "conscientiousness": 0.6261948077614193,
        "extraversion": 0.4979732427752621,
        "agreeableness": 0.6306355267336208,
        "neuroticism": 0.5083742080222429
    },
    "andrewcz": {
        "openness": 0.7202993672851614,
        "conscientiousness": 0.5790314236474365,
        "extraversion": 0.498712037020821,
        "agreeableness": 0.668683732488786,
        "neuroticism": 0.4916171072162909
    },
    "serickso": {
        "openness": 0.7914793647926622,
        "conscientiousness": 0.6248467195827228,
        "extraversion": 0.4871760396604886,
        "agreeableness": 0.6501033118072942,
        "neuroticism": 0.5098014661879051
    },
    "sudarsun": {
        "openness": 0.7251100646154822,
        "conscientiousness": 0.5860659319070961,
        "extraversion": 0.46142132479867903,
        "agreeableness": 0.6251892894329691,
        "neuroticism": 0.42290114189651723
    },
    "gcoter": {
        "openness": 0.7775022222832996,
        "conscientiousness": 0.5935183610379833,
        "extraversion": 0.4918275538511653,
        "agreeableness": 0.6973194602040913,
        "neuroticism": 0.431958831029779
    },
    "Ajk4": {
        "openness": 0.8241579820797184,
        "conscientiousness": 0.5936952168307219,
        "extraversion": 0.5051875195889182,
        "agreeableness": 0.673493750719922,
        "neuroticism": 0.49370775644853937
    },
    "Nagendra080389": {
        "openness": 0.7624912517729606,
        "conscientiousness": 0.6046283027169566,
        "extraversion": 0.48923997938493097,
        "agreeableness": 0.6394563355614467,
        "neuroticism": 0.416863541086454
    },
    "dariomx": {
        "openness": 0.747185210915947,
        "conscientiousness": 0.5770950506673829,
        "extraversion": 0.4676465979181515,
        "agreeableness": 0.6354960128910687,
        "neuroticism": 0.49288894583229265
    },
    "albertmolinermrf": {
        "openness": 0.8321330312469174,
        "conscientiousness": 0.6486353388809586,
        "extraversion": 0.5289018023357627,
        "agreeableness": 0.6331709580432003,
        "neuroticism": 0.5603649923317604
    },
    "peter-toth": {
        "openness": 0.8050432907218765,
        "conscientiousness": 0.5949666453201387,
        "extraversion": 0.4479220366744963,