{
    "rionda": {
        "openness": 0.7962252958500614,
        "conscientiousness": 0.6248593086488647,
        "extraversion": 0.4965158591321767,
        "agreeableness": 0.6689527907953122,
        "neuroticism": 0.509319210945596
    },
    "zifeishan": {
        "openness": 0.7999529655156454,
        "conscientiousness": 0.6264254804365949,
        "extraversion": 0.4723921791223722,
        "agreeableness": 0.6391933087886638,
        "neuroticism": 0.5115208807986068
    },
    "netj": {
        "openness": 0.805488272190806,
        "conscientiousness": 0.6006656664521721,
        "extraversion": 0.47414919204415196,
        "agreeableness": 0.6231220079813403,
        "neuroticism": 0.506740221293993
    },
    "feiranwang": {
        "openness": 0.8001829656811964,
        "conscientiousness": 0.60225254047188,
        "extraversion": 0.4520277762986005,
        "agreeableness": 0.619514824639166,
        "neuroticism": 0.4795218247686549
    },
    "zhangce": {
        "openness": 0.8014787217539818,
        "conscientiousness": 0.6304526624908483,
        "extraversion": 0.49342319201115414,
        "agreeableness": 0.6282424480644604,
        "neuroticism": 0.5324915808287102
    },
    "dennybritz": {
        "openness": 0.7185950503444682,
        "conscientiousness": 0.5860146399335886,
        "extraversion": 0.4773249677214949,
        "agreeableness": 0.6627632700035512,
        "neuroticism": 0.4127369612909052
    },
    "SenWu": {
        "openness": 0.7956984157939583,
        "conscientiousness": 0.6394799088947555,
        "extraversion": 0.4944859212104997,
        "agreeableness": 0.6576366380423724,
        "neuroticism": 0.5275888717644001
    },
    "chrismre": {
        "openness": 0.7912372932893031,
        "conscientiousness": 0.6117267814957287,
        "extraversion": 0.5128058663877285,
        "agreeableness": 0.6234355483005343,
        "neuroticism": 0.49795701061720654
    },
    "alldefector": {
        "openness": 0.8070301652894445,
        "conscientiousness": 0.6121395549233787,
        "extraversion": 0.49263476624378777,
        "agreeableness": 0.6103427011986202,
        "neuroticism": 0.5240652511562729
    },
    "adamwgoldberg": {
        "openness": 0.7983142982045551,
        "conscientiousness": 0.6011456105128447,
        "extraversion": 0.46990666050052743,
        "agreeableness": 0.6284679953765714,
        "neuroticism": 0.52189385662864
    },
    "raphaelhoffmann": {
        "openness": 0.7955617318160175,
        "conscientiousness": 0.6069173789299418,
        "extraversion": 0.49903041973330414,
        "agreeableness": 0.6196225066027304,
        "neuroticism": 0.5288149633755397
    },
    "coveralls": {
        "openness": 0.7142334954874685,
        "conscientiousness": 0.6169665807829887,
        "extraversion": 0.5125207142226522,
        "agreeableness": 0.7080910224395107,
        "neuroticism": 0.4768597618774149
    },
    "abresler": {
        "openness": 0.7648576648295187,
        "conscientiousness": 0.6082786007385874,
        "extraversion": 0.544070737552613,
        "agreeableness": 0.6738513407744147,
        "neuroticism": 0.48556337593412
    },
    "ajratner": {
        "openness": 0.8151407836579325,
        "conscientiousness": 0.6018708987274598,
        "extraversion": 0.48381077639281467,
        "agreeableness": 0.6479622476224867,
        "neuroticism": 0.48248059545582467
    },
    "ghost": {
        "openness": 0.788446785987852,
        "conscientiousness": 0.6286894433542353,
        "extraversion": 0.4291143090485454,
        "agreeableness": 0.6100610570901518,
        "neuroticism": 0.5320756358873204
    },
    "vsoch": {
        "openness": 0.7959854542321847,
        "conscientiousness": 0.6034824425989658,
        "extraversion": 0.4704481349156484,
        "agreeableness": 0.6559997299476729,
        "neuroticism": 0.49844084998402033
    },
    "thodrek": {
        "openness": 0.8469462209738414,
        "conscientiousness": 0.6140226039534,
        "extraversion": 0.47547145664881374,
        "agreeableness": 0.7016662489751457,
        "neuroticism": 0.4783799867464865
    },
    "ukliu": {
        "openness": 0.736712476798229,
        "conscientiousness": 0.5764087662935545,
        "extraversion": 0.4402237503147409,
        "agreeableness": 0.6368535638801899,
        "neuroticism": 0.3975696836684326
    },
    "xiaoling": {
        "openness": 0.8107021791830588,
        "conscientiousness": 0.5456890198598776,
        "extraversion": 0.4902830802388205,
        "agreeableness": 0.6271390559426175,
        "neuroticism": 0.5012535202608754
    },
    "ThomasPalomares": {
        "openness": 0.8158741228353822,
        "conscientiousness": 0.6247758841207653,
        "extraversion": 0.4576983802434428,
        "agreeableness": 0.6382397958114612,
        "neuroticism": 0.5167748607138936
    },
    "lanphan": {
        "openness": 0.7473741563219256,
        "conscientiousness": 0.591708179487635,
        "extraversion": 0.43267508111705993,
        "agreeableness": 0.5986455823279452,
        "neuroticism": 0.4893091833567197
    },
    "igozali": {
        "openness": 0.7805417764373049,
        "conscientiousness": 0.5793074915204743,
        "extraversion": 0.4782570852832265,
        "agreeableness": 0.6521824782099165,
        "neuroticism": 0.4560531619996954
    },
    "raphaelhoff": {
        "openness": 0.8364250141875729,
        "conscientiousness": 0.6365373248871511,
        "extraversion": 0.5465797039941422,
        "agreeableness": 0.7071704533799573,
        "neuroticism": 0.5456008918650441
    },
    "shahin": {
        "openness": 0.8139093450787076,
        "conscientiousness": 0.5857623042511497,
        "extraversion": 0.5095592160946325,
        "agreeableness": 0.6340752175884115,
        "neuroticism": 0.48620240347366045
    },
    "vpsm": {
        "openness": 0.7646145878306333,
        "conscientiousness": 0.6028058035576355,
        "extraversion": 0.43063087487143087,
        "agreeableness": 0.6284210519365129,
        "neuroticism": 0.5628586594463969
    },
    "profressor": {
        "openness": 0.7339984638956795,
        "conscientiousness": 0.5976566910288862,
        "extraversion": 0.4665736767108633,
        "agreeableness": 0.6109213011150858,
        "neuroticism": 0.4925784412893065
    },
    "rudaoshi": {
        "openness": 0.7725971265740521,
        "conscientiousness": 0.6034835260851872,
        "extraversion": 0.4303671718672657,
        "agreeableness": 0.6502555184676633,
        "neuroticism": 0.481617915664181
    },
    "mcavdar": {
        "openness": 0.7699129054451962,
        "conscientiousness": 0.5899148629063388,
        "extraversion": 0.47276614647819626,
        "agreeableness": 0.6253966929280764,
        "neuroticism": 0.5189982393723238
    },
    "zian92": {
        "openness": 0.8113532860486079,
        "conscientiousness": 0.5960396888964286,
        "extraversion": 0.49857571914464727,
        "agreeableness": 0.6569413160674974,
        "neuroticism": 0.5317518637467837
    },
    "Balachandar-R": {
        "openness": 0.7841116289500835,
        "conscientiousness": 0.6363647439660287,
        "extraversion": 0.4777394847590357,
        "agreeableness": 0.6430738747341354,
        "neuroticism": 0.49966026937377067
    },
    "eromoe": {
        "openness": 0.7654881076812435,
        "conscientiousness": 0.5860355916994309,
        "extraversion": 0.46589286024464716,
        "agreeableness": 0.632742093677618,
        "neuroticism": 0.4417469130523374
    },
    "nlpjoe": {
        "openness": 0.7317631733733887,
        "conscientiousness": 0.6377830000396633,
        "extraversion": 0.5073508216433438,
        "agreeableness": 0.702354598267649,
        "neuroticism": 0.4862874028616759
    }
}