{
    "myint": {
        "openness": 0.8004117214991782,
        "conscientiousness": 0.5981555042280047,
        "extraversion": 0.46825584384856844,
        "agreeableness": 0.6360822299832117,
        "neuroticism": 0.5170962743567287
    },
    "hhatto": {
        "openness": 0.7753209108721019,
        "conscientiousness": 0.649115292615756,
        "extraversion": 0.46458305001390005,
        "agreeableness": 0.6755983442742144,
        "neuroticism": 0.507013084183846
    },
    "smichr": {
        "openness": 0.8025434417689679,
        "conscientiousness": 0.6004635308143381,
        "extraversion": 0.45879042705449147,
        "agreeableness": 0.6873254463964548,
        "neuroticism": 0.5168228700665531
    },
    "irving-ssk": {
        "openness": 0.8102195903526487,
        "conscientiousness": 0.571336800506036,
        "extraversion": 0.47815989870621484,
        "agreeableness": 0.6427634669033613,
        "neuroticism": 0.5065466411460471
    },
    "kryskool": {
        "openness": 0.7094170399536794,
        "conscientiousness": 0.6091874125554176,
        "extraversion": 0.445927355447721,
        "agreeableness": 0.6396523984509652,
        "neuroticism": 0.4491405857280255
    },
    "hayd": {
        "openness": 0.8038852546850501,
        "conscientiousness": 0.5770810724204072,
        "extraversion": 0.45541165917539217,
        "agreeableness": 0.6339046989979418,
        "neuroticism": 0.4931584678857499
    },
    "coveralls": {
        "openness": 0.7099142619640834,
        "conscientiousness": 0.6165497529976876,
        "extraversion": 0.5133062603785047,
        "agreeableness": 0.709789220145424,
        "neuroticism": 0.4827049583284995
    },
    "BruceEckel": {
        "openness": 0.7714986510847328,
        "conscientiousness": 0.629134496376216,
        "extraversion": 0.45603264721097925,
        "agreeableness": 0.6314011238555863,
        "neuroticism": 0.5315813702831907
    },
    "chrismedrela": {
        "openness": 0.8278115319936153,
        "conscientiousness": 0.5799837198510087,
        "extraversion": 0.47809024854829896,
        "agreeableness": 0.6343961051231088,
        "neuroticism": 0.4757386670966184
    },
    "gwelymernans": {
        "openness": 0.7933044129843579,
        "conscientiousness": 0.5810263263057861,
        "extraversion": 0.4501621333510796,
        "agreeableness": 0.6319967113371341,
        "neuroticism": 0.4948477758606403
    },
    "spaceone": {
        "openness": 0.7783283214964855,
        "conscientiousness": 0.5934574420563902,
        "extraversion": 0.4859511135094602,
        "agreeableness": 0.6448282783488923,
        "neuroticism": 0.48682338629117783
    },
    "qiweiye": {
        "openness": 0.7927514553093281,
        "conscientiousness": 0.6285090793551632,
        "extraversion": 0.48583650466606226,
        "agreeableness": 0.6838191648203968,
        "neuroticism": 0.4922306381819507
    },
    "stuaxo": {
        "openness": 0.7306367365081278,
        "conscientiousness": 0.603758629518422,
        "extraversion": 0.4337032880136929,
        "agreeableness": 0.6250944781184877,
        "neuroticism": 0.4894446339191536
    },
    "nbari": {
        "openness": 0.7681666721538649,
        "conscientiousness": 0.5743448108622247,
        "extraversion": 0.4661996585254169,
        "agreeableness": 0.618841482876775,
        "neuroticism": 0.42513734496451683
    },
    "asottile": {
        "openness": 0.7650970306156195,
        "conscientiousness": 0.5778245721836637,
        "extraversion": 0.4376925773016198,
        "agreeableness": 0.6103937076886226,
        "neuroticism": 0.49965582684167176
    },
    "kiryph": {
        "openness": 0.8129867035597175,
        "conscientiousness": 0.5905951642205005,
        "extraversion": 0.4834209589855559,
        "agreeableness": 0.6282265406665135,
        "neuroticism": 0.5062759649839003
    },
    "jaraco": {
        "openness": 0.7810885314897599,
        "conscientiousness": 0.5775469235480476,
        "extraversion": 0.43221195198513607,
        "agreeableness": 0.6321136033641815,
        "neuroticism": 0.43217643304756914
    },
    "gomyar": {
        "openness": 0.8269997964700136,
        "conscientiousness": 0.5549877833619599,
        "extraversion": 0.5545056181001364,
        "agreeableness": 0.6685115002886439,
        "neuroticism": 0.43836528799314
    },
    "Hanaasagi": {
        "openness": 0.8281473262730257,
        "conscientiousness": 0.5861394487759167,
        "extraversion": 0.519794378834277,
        "agreeableness": 0.6105180115607223,
        "neuroticism": 0.5316355373247276
    },
    "tomshelley": {
        "openness": 0.7561880006174173,
        "conscientiousness": 0.5929812091414667,
        "extraversion": 0.468094031469065,
        "agreeableness": 0.5985580947987823,
        "neuroticism": 0.5326118196667231
    }
}