{
    "jpetazzo": {
        "openness": 0.8144050629159206,
        "conscientiousness": 0.6268817233952453,
        "extraversion": 0.5081220932902336,
        "agreeableness": 0.6644533402091939,
        "neuroticism": 0.5272747475543011
    },
    "samalba": {
        "openness": 0.7860631316404525,
        "conscientiousness": 0.6236401779621747,
        "extraversion": 0.4619074176588984,
        "agreeableness": 0.6208889051655284,
        "neuroticism": 0.5256166739864774
    },
    "niclashoyer": {
        "openness": 0.7851127988173078,
        "conscientiousness": 0.6126072176728439,
        "extraversion": 0.5424801704404982,
        "agreeableness": 0.6702940965938702,
        "neuroticism": 0.539192691918306
    },
    "dmp42": {
        "openness": 0.8093953775739895,
        "conscientiousness": 0.6313557561051952,
        "extraversion": 0.4891657668345333,
        "agreeableness": 0.6709799333804769,
        "neuroticism": 0.5131470090630871
    },
    "emblicaorg": {
        "openness": 0.8294402645422292,
        "conscientiousness": 0.6082958912177538,
        "extraversion": 0.5023881435466477,
        "agreeableness": 0.6814256416724814,
        "neuroticism": 0.5005995922622632
    },
    "aionescu": {
        "openness": 0.7917373887358825,
        "conscientiousness": 0.5427983524390977,
        "extraversion": 0.47413473277935747,
        "agreeableness": 0.6242148467376611,
        "neuroticism": 0.48710880916464006
    },
    "vieux": {
        "openness": 0.8233350392073294,
        "conscientiousness": 0.5874509624139277,
        "extraversion": 0.4555129483550104,
        "agreeableness": 0.6334954143161997,
        "neuroticism": 0.506693201236926
    },
    "andrevdm": {
        "openness": 0.7772938568746129,
        "conscientiousness": 0.6162820925769499,
        "extraversion": 0.47674433936984373,
        "agreeableness": 0.7129151961403315,
        "neuroticism": 0.5253867970096304
    },
    "drefined": {
        "openness": 0.7549843326733593,
        "conscientiousness": 0.5832366576302352,
        "extraversion": 0.4843508751671878,
        "agreeableness": 0.671488351378368,
        "neuroticism": 0.5396443777494182
    },
    "willdurand": {
        "openness": 0.7906070753517717,
        "conscientiousness": 0.6002438626033,
        "extraversion": 0.4790899232706194,
        "agreeableness": 0.6405600773970117,
        "neuroticism": 0.48993099671607554
    },
    "stefanfoulis": {
        "openness": 0.7773701944341601,
        "conscientiousness": 0.5396370208288429,
        "extraversion": 0.4808230231352948,
        "agreeableness": 0.6468448094266235,
        "neuroticism": 0.45653070095540205
    },
    "jkingyens": {
        "openness": 0.8051214499550107,
        "conscientiousness": 0.5871867628848022,
        "extraversion": 0.48779774528267394,
        "agreeableness": 0.6267148076965618,
        "neuroticism": 0.4875499043127105
    },
    "prologic": {
        "openness": 0.7616675193406582,
        "conscientiousness": 0.5651689760637111,
        "extraversion": 0.567003848165579,
        "agreeableness": 0.678278237586466,
        "neuroticism": 0.47477487774508403
    },
    "cpuguy83": {
        "openness": 0.8141708105405199,
        "conscientiousness": 0.5477396371224089,
        "extraversion": 0.5040403787843848,
        "agreeableness": 0.6155992845234747,
        "neuroticism": 0.45396317585314605
    },
    "shin-": {
        "openness": 0.7253055448257135,
        "conscientiousness": 0.6185667432864764,
        "extraversion": 0.4918409764530455,
        "agreeableness": 0.6889333598390504,
        "neuroticism": 0.517769735137078
    },
    "cywjackson": {
        "openness": 0.79318360870775,
        "conscientiousness": 0.612363346371873,
        "extraversion": 0.47615758939730773,
        "agreeableness": 0.634368209287314,
        "neuroticism": 0.5260605982034668
    },
    "Siedrix": {
        "openness": 0.7897470549360246,
        "conscientiousness": 0.7259327189859361,
        "extraversion": 0.5275322126238113,
        "agreeableness": 0.6746380328018475,
        "neuroticism": 0.5789778444197872
    },
    "hpg4815": {
        "openness": 0.8059425722995862,
        "conscientiousness": 0.6039886339414279,
        "extraversion": 0.4973001800913358,
        "agreeableness": 0.6191459749244397,
        "neuroticism": 0.5087044049790225
    },
    "fanatic": {
        "openness": 0.7859189965836773,
        "conscientiousness": 0.6262720294819473,
        "extraversion": 0.5311772949146321,
        "agreeableness": 0.6113827590912049,
        "neuroticism": 0.5219756804563912
    },
    "slawo-ch": {
        "openness": 0.8302691571034801,
        "conscientiousness": 0.6063905236546784,
        "extraversion": 0.5257148541611945,
        "agreeableness": 0.6541006611522467,
        "neuroticism": 0.5522898361613784
    },
    "msabramo": {
        "openness": 0.7521952859633309,
        "conscientiousness": 0.5794522032439176,
        "extraversion": 0.44633287092779694,
        "agreeableness": 0.6038018547851044,
        "neuroticism": 0.4681939215122155
    },
    "nathwill": {
        "openness": 0.8026822623393802,
        "conscientiousness": 0.5918860355537509,
        "extraversion": 0.48452376993361135,
        "agreeableness": 0.6489221781165231,
        "neuroticism": 0.491548103001003
    }
}