{
    "hpneo": {
        "openness": 0.820158040162466,
        "conscientiousness": 0.622789082612343,
        "extraversion": 0.5058779600284984,
        "agreeableness": 0.6398274192836075,
        "neuroticism": 0.5467684185866152
    },
    "xenda": {
        "openness": 0.8099449507070134,
        "conscientiousness": 0.6255442731444444,
        "extraversion": 0.5316718807259163,
        "agreeableness": 0.6805479935912304,
        "neuroticism": 0.5200720843796885
    },
    "frodsan": {
        "openness": 0.7342728920605435,
        "conscientiousness": 0.5994807407549189,
        "extraversion": 0.5399127387576758,
        "agreeableness": 0.715121463822454,
        "neuroticism": 0.42205129477424136
    },
    "jpscaletti": {
        "openness": 0.735335267474166,
        "conscientiousness": 0.6019110923021259,
        "extraversion": 0.538952771558893,
        "agreeableness": 0.7166035255433668,
        "neuroticism": 0.4267985127762188
    },
    "npepinpe": {
        "openness": 0.8313283486991259,
        "conscientiousness": 0.5610623816321392,
        "extraversion": 0.4755456194001043,
        "agreeableness": 0.632348257219868,
        "neuroticism": 0.4319566693336727
    },
    "bradgreens": {
        "openness": 0.8228104684550555,
        "conscientiousness": 0.6052502608187342,
        "extraversion": 0.5124260660389165,
        "agreeableness": 0.6276024167260994,
        "neuroticism": 0.5493443560421216
    },
    "RelativeMedia": {
        "openness": 0.7985033767816003,
        "conscientiousness": 0.62809554214273,
        "extraversion": 0.5741149389565678,
        "agreeableness": 0.6948920918329666,
        "neuroticism": 0.5220808764859747
    },
    "walterdavis": {
        "openness": 0.8212643009803164,
        "conscientiousness": 0.5440628184265325,
        "extraversion": 0.4546951270274828,
        "agreeableness": 0.6291186367591781,
        "neuroticism": 0.45779950841730166
    },
    "codingkloud": {
        "openness": 0.7862060952030758,
        "conscientiousness": 0.6369816948329473,
        "extraversion": 0.5170555550357941,
        "agreeableness": 0.6909958587854587,
        "neuroticism": 0.5123407844385279
    },
    "codetrash": {
        "openness": 0.747936168534972,
        "conscientiousness": 0.6030041889650409,
        "extraversion": 0.5206489726886901,
        "agreeableness": 0.7152120589242293,
        "neuroticism": 0.4821688253911454
    },
    "reinos": {
        "openness": 0.7944789228019441,
        "conscientiousness": 0.6170228351414248,
        "extraversion": 0.5140172945693032,
        "agreeableness": 0.6193807311689407,
        "neuroticism": 0.5408208212852805
    },
    "zhanghuanhuanlive": {
        "openness": 0.848541057466297,
        "conscientiousness": 0.6193985282409767,
        "extraversion": 0.4368696730383791,
        "agreeableness": 0.650231601413771,
        "neuroticism": 0.5407581501707135
    },
    "marlonlom": {
        "openness": 0.8316845501133483,
        "conscientiousness": 0.6104822761692295,
        "extraversion": 0.4958378624282576,
        "agreeableness": 0.6240540283846261,
        "neuroticism": 0.4880758520034845
    },
    "guilambert": {
        "openness": 0.8214103021780265,
        "conscientiousness": 0.6366992233253119,
        "extraversion": 0.5438361816424114,
        "agreeableness": 0.6521345302421963,
        "neuroticism": 0.5727417182027179
    },
    "xcrap": {
        "openness": 0.811463275052475,
        "conscientiousness": 0.6179306134253205,
        "extraversion": 0.5175844093599413,
        "agreeableness": 0.6601145072826039,
        "neuroticism": 0.5475573206291374
    },
    "mkuehn": {
        "openness": 0.8311148514470132,
        "conscientiousness": 0.5950258081608257,
        "extraversion": 0.48156326945245,
        "agreeableness": 0.6833228589347509,
        "neuroticism": 0.4427064561716651
    },
    "NunoBentes": {
        "openness": 0.7964325936695015,
        "conscientiousness": 0.6370159814721277,
        "extraversion": 0.4949071934539262,
        "agreeableness": 0.6874156080774567,
        "neuroticism": 0.5468289377748154
    },
    "joseporcel": {
        "openness": 0.734250866643027,
        "conscientiousness": 0.5907384539293182,
        "extraversion": 0.48739956417646574,
        "agreeableness": 0.6495472720602831,
        "neuroticism": 0.46770691665118813
    },
    "1-14x0r": {
        "openness": 0.8183411080919047,
        "conscientiousness": 0.6175094731283851,
        "extraversion": 0.5230997318327686,
        "agreeableness": 0.6251770647396744,
        "neuroticism": 0.536657008705098
    },
    "brunowego": {
        "openness": 0.7487226899219755,
        "conscientiousness": 0.6209062332676903,
        "extraversion": 0.505595629385804,
        "agreeableness": 0.6904016769139043,
        "neuroticism": 0.49444766472160306
    },
    "mtiasp": {
        "openness": 0.8035223039544767,
        "conscientiousness": 0.612732426017464,
        "extraversion": 0.4869891894806528,
        "agreeableness": 0.6307248663537244,
        "neuroticism": 0.573438291931324
    },
    "gkatsanos": {
        "openness": 0.8611303089998945,
        "conscientiousness": 0.6039843444618744,
        "extraversion": 0.5234166866821394,
        "agreeableness": 0.63514819314925,
        "neuroticism": 0.5122165207334016
    },
    "Hyrwing": {
        "openness": 0.7781041630754325,
        "conscientiousness": 0.6275435038175281,
        "extraversion": 0.559479275384989,
        "agreeableness": 0.7184910119886996,
        "neuroticism": 0.5606095185237124
    },
    "WickyNilliams": {
        "openness": 0.8059352773823825,
        "conscientiousness": 0.603536072746371,
        "extraversion": 0.48069582559618096,
        "agreeableness": 0.7053575094204738,
        "neuroticism": 0.46938278113541376
    },
    "icebergdelphi": {
        "openness": 0.7793773624519202,
        "conscientiousness": 0.6191837735736345,
        "extraversion": 0.4929523219158957,
        "agreeableness": 0.6924022608046392,
        "neuroticism": 0.5126006881737472
    },
    "fabianoalmeida": {
        "openness": 0.8086189523503874,
        "conscientiousness": 0.6056644525198797,
        "extraversion": 0.5643473664073838,
        "agreeableness": 0.6628584392558425,
        "neuroticism": 0.5085466837501041
    },
    "figa17": {
        "openness": 0.7473120725103877,
        "conscientiousness": 0.5998813983245986,
        "extraversion": 0.5369048070920556,
        "agreeableness": 0.7182325719593364,
        "neuroticism": 0.4424589996710775
    },
    "formariz": {
        "openness": 0.8556920911476631,
        "conscientiousness": 0.6021012252370492,
        "extraversion": 0.4954682149441954,
        "agreeableness": 0.7001408639995319,
        "neuroticism": 0.4499793225388058
    },
    "zot24": {
        "openness": 0.7874785145804872,
        "conscientiousness": 0.5710606889529275,
        "extraversion": 0.5111047440752395,
        "agreeableness": 0.6506930439936364,
        "neuroticism": 0.4460652808399792
    },
    "Frlawer": {
        "openness": 0.7768892983337861,
        "conscientiousness": 0.6235755126282133,
        "extraversion": 0.5133546453904094,
        "agreeableness": 0.6999060145735355,
        "neuroticism": 0.48744006538075624
    },
    "petri": {
        "openness": 0.7851149103309686,
        "conscientiousness": 0.5988687024413775,
        "extraversion": 0.43033702542837315,
        "agreeableness": 0.5764488083045463,
        "neuroticism": 0.5705744528893234
    },
    "yagoferrer": {
        "openness": 0.8171427285180158,
        "conscientiousness": 0.608656520532305,
        "extraversion": 0.4882846693645489,
        "agreeableness": 0.6853978717933522,
        "neuroticism": 0.5374383514852914
    },
    "conor909": {
        "openness": 0.7467584483290685,
        "conscientiousness": 0.5287190250587624,