{
    "hueniverse": {
        "openness": 0.8126042116478505,
        "conscientiousness": 0.6383518890120236,
        "extraversion": 0.5027441280959325,
        "agreeableness": 0.6330552795096938,
        "neuroticism": 0.5498474468241973
    },
    "kidtronnix": {
        "openness": 0.808522112933704,
        "conscientiousness": 0.5866613323163862,
        "extraversion": 0.477168549565751,
        "agreeableness": 0.6778661867434399,
        "neuroticism": 0.4489550936264048
    },
    "ryansobol": {
        "openness": 0.8175379623826377,
        "conscientiousness": 0.6169019144990395,
        "extraversion": 0.5326299611879262,
        "agreeableness": 0.6524538917492659,
        "neuroticism": 0.5155388174641069
    },
    "imta11": {
        "openness": 0.8262782856617639,
        "conscientiousness": 0.6132633791889586,
        "extraversion": 0.571723975486491,
        "agreeableness": 0.6330935003934166,
        "neuroticism": 0.5288638741388265
    },
    "patchthecode": {
        "openness": 0.8406182439353431,
        "conscientiousness": 0.6341542386035331,
        "extraversion": 0.4899130357383159,
        "agreeableness": 0.6298298656788403,
        "neuroticism": 0.5501222848634376
    },
    "richardolsson": {
        "openness": 0.808262805694797,
        "conscientiousness": 0.597032160789796,
        "extraversion": 0.5323832642679671,
        "agreeableness": 0.6864110502276015,
        "neuroticism": 0.5277447750390541
    },
    "AJamesPhillips": {
        "openness": 0.8169073413036401,
        "conscientiousness": 0.5893407632821871,
        "extraversion": 0.5121773069651845,
        "agreeableness": 0.628642468733797,
        "neuroticism": 0.5274331274280081
    }
}