{
    "dgrunwald": {
        "openness": 0.8197336411171794,
        "conscientiousness": 0.5988859764287897,
        "extraversion": 0.4791610718603034,
        "agreeableness": 0.6051475959202103,
        "neuroticism": 0.5146991399944034
    },
    "dsrbecky": {
        "openness": 0.8080180238549175,
        "conscientiousness": 0.6381161618044758,
        "extraversion": 0.4664472951044082,
        "agreeableness": 0.6554099702652507,
        "neuroticism": 0.5335705979314908
    },
    "DmitryFriesen": {
        "openness": 0.7778289231059209,
        "conscientiousness": 0.597883178514002,
        "extraversion": 0.5384615078059644,
        "agreeableness": 0.6675751207985261,
        "neuroticism": 0.43236740838092236
    },
    "itaibh": {
        "openness": 0.8450909712140348,
        "conscientiousness": 0.6147774941185375,
        "extraversion": 0.4984350176177589,
        "agreeableness": 0.6667856645450707,
        "neuroticism": 0.5429923460572609
    },
    "jonparker": {
        "openness": 0.7670631305590835,
        "conscientiousness": 0.5803210694690601,
        "extraversion": 0.4479267547888697,
        "agreeableness": 0.6273049606882346,
        "neuroticism": 0.4911261524989994
    },
    "siegfriedpammer": {
        "openness": 0.8119426489473296,
        "conscientiousness": 0.6179712572523463,
        "extraversion": 0.4875139605631469,
        "agreeableness": 0.6325583055788848,
        "neuroticism": 0.5221713470594308
    },
    "christophwille": {
        "openness": 0.8066871641080572,
        "conscientiousness": 0.6000684159732311,
        "extraversion": 0.45125292983643317,
        "agreeableness": 0.6001012102098867,
        "neuroticism": 0.49516428048116745
    },
    "arturek": {
        "openness": 0.8239108126540912,
        "conscientiousness": 0.5687865970283038,
        "extraversion": 0.4626300328874121,
        "agreeableness": 0.6195827167911646,
        "neuroticism": 0.5014076828258809
    },
    "tacvek": {
        "openness": 0.8458363295283429,
        "conscientiousness": 0.5893239880064702,
        "extraversion": 0.4594919408490832,
        "agreeableness": 0.6083393592095252,
        "neuroticism": 0.5209687740431431
    },
    "KevinCathcart": {
        "openness": 0.8452063440678677,
        "conscientiousness": 0.6011070660594517,
        "extraversion": 0.4778317208141647,
        "agreeableness": 0.6069578874882138,
        "neuroticism": 0.5190561476314535
    },
    "eusebiu": {
        "openness": 0.8488697036974172,
        "conscientiousness": 0.6474579024108584,
        "extraversion": 0.543641338752805,
        "agreeableness": 0.6350705808964466,
        "neuroticism": 0.5635801579039467
    },
    "EdHarvey": {
        "openness": 0.8318095967388262,
        "conscientiousness": 0.5932959939962974,
        "extraversion": 0.4640877496369007,
        "agreeableness": 0.6288400270112791,
        "neuroticism": 0.500989133867565
    },
    "pentp": {
        "openness": 0.8322292764845722,
        "conscientiousness": 0.5723105294386021,
        "extraversion": 0.4706768496312227,
        "agreeableness": 0.5933189673147469,
        "neuroticism": 0.4787052152022383
    },
    "bprg": {
        "openness": 0.7589544669641294,
        "conscientiousness": 0.5778518711053623,
        "extraversion": 0.49612505073259744,
        "agreeableness": 0.6757904819924682,
        "neuroticism": 0.3973948619340657
    },
    "jbevain": {
        "openness": 0.8098008038419932,
        "conscientiousness": 0.5724464220109102,
        "extraversion": 0.4822129965036128,
        "agreeableness": 0.6068035407548538,
        "neuroticism": 0.5030378631237713
    },
    "kg": {
        "openness": 0.8235287941643433,
        "conscientiousness": 0.5656911543040438,
        "extraversion": 0.4608661122793336,
        "agreeableness": 0.6190864451757545,
        "neuroticism": 0.494106385404277
    },
    "ALyman": {
        "openness": 0.8249295588418917,
        "conscientiousness": 0.5708628418432762,
        "extraversion": 0.4593472830267593,
        "agreeableness": 0.61230723520206,
        "neuroticism": 0.48698396815646855
    },
    "RKlier": {
        "openness": 0.828015291565674,
        "conscientiousness": 0.6291333257918034,
        "extraversion": 0.5158045530999888,
        "agreeableness": 0.6331623168612481,
        "neuroticism": 0.5490817000156402
    },
    "KrisVandermotten": {
        "openness": 0.8339153908807481,
        "conscientiousness": 0.6066569854560487,
        "extraversion": 0.4926315271837332,
        "agreeableness": 0.6518740954554518,
        "neuroticism": 0.5051324000445344
    },
    "liviuu": {
        "openness": 0.8269326551081585,
        "conscientiousness": 0.5762518821368907,
        "extraversion": 0.551311943889768,
        "agreeableness": 0.6504396514306123,
        "neuroticism": 0.4852039354276457
    },
    "95ulisse": {
        "openness": 0.7835658724303335,
        "conscientiousness": 0.6103944941210929,
        "extraversion": 0.4295690603232751,
        "agreeableness": 0.5898685994807292,
        "neuroticism": 0.49331699475872887
    },
    "jcdickinson": {
        "openness": 0.7998662418825049,
        "conscientiousness": 0.5379586362766036,
        "extraversion": 0.4468279556464578,
        "agreeableness": 0.5974498915014201,
        "neuroticism": 0.4054049395199466
    },
    "rebulanyum": {
        "openness": 0.776379500569435,
        "conscientiousness": 0.5903294282587889,
        "extraversion": 0.494809075052434,
        "agreeableness": 0.644764849189404,
        "neuroticism": 0.43932982532522563
    },
    "lextm": {
        "openness": 0.7930406936242954,
        "conscientiousness": 0.5850172046794525,
        "extraversion": 0.46574044872988674,
        "agreeableness": 0.6133697523929948,
        "neuroticism": 0.4961034884588416
    },
    "andreif": {
        "openness": 0.7815473299974709,
        "conscientiousness": 0.5883062621890202,
        "extraversion": 0.4364362784475809,
        "agreeableness": 0.6603144805245913,
        "neuroticism": 0.48843870450766724
    },
    "PoroCYon": {
        "openness": 0.7965547939324547,
        "conscientiousness": 0.5162183314446651,
        "extraversion": 0.48378481684441643,
        "agreeableness": 0.6161486402684437,
        "neuroticism": 0.4439912404355164
    },
    "jleclanche": {
        "openness": 0.7453535725884908,
        "conscientiousness": 0.5724933011273807,
        "extraversion": 0.44525165970595354,
        "agreeableness": 0.6046716671625666,
        "neuroticism": 0.4352394316287462
    },
    "jeremymeng": {
        "openness": 0.8074742149786167,
        "conscientiousness": 0.577092052653023,
        "extraversion": 0.4456460465075578,
        "agreeableness": 0.5977680255256088,
        "neuroticism": 0.48379210107092596
    },
    "CreateAndInject": {
        "openness": 0.7181176206822255,
        "conscientiousness": 0.6117466818135765,
        "extraversion": 0.504135576003957,
        "agreeableness": 0.7078661959367615,
        "neuroticism": 0.4893653876027507
    },
    "0xd4d": {
        "openness": 0.8294885076853559,
        "conscientiousness": 0.5982316891703144,
        "extraversion": 0.45817850275951993,
        "agreeableness": 0.5761127327571915,
        "neuroticism": 0.5493375120840179
    },
    "diyefuzi": {
        "openness": 0.849507811958395,
        "conscientiousness": 0.585577160764193,
        "extraversion": 0.48557346735333395,
        "agreeableness": 0.6699681202458991,
        "neuroticism": 0.5136117726910912
    },
    "weltkante": {
        "openness": 0.8080834933443377,
        "conscientiousness": 0.5588444172273739,
        "extraversion": 0.44482148850294634,
        "agreeableness": 0.6016228687042395,
        "neuroticism": 0.4694466229977765
    },
    "zvirja": {
        "openness": 0.8164380689685669,
        "conscientiousness": 0.6690844145168633,