{
    "leastprivilege": {
        "openness": 0.7974454657682205,
        "conscientiousness": 0.6292478348426036,
        "extraversion": 0.5028518047815014,
        "agreeableness": 0.6374164673848441,
        "neuroticism": 0.5329965902473918
    },
    "dnfclas": {
        "openness": 0.8028859850112873,
        "conscientiousness": 0.6707380444254734,
        "extraversion": 0.6035746555055039,
        "agreeableness": 0.7391828615666833,
        "neuroticism": 0.5550585840090156
    },
    "brockallen": {
        "openness": 0.8100253371568645,
        "conscientiousness": 0.6425033456990636,
        "extraversion": 0.49474563895577484,
        "agreeableness": 0.636493653796857,
        "neuroticism": 0.5478384297740688
    },
    "giggio": {
        "openness": 0.7610142672018544,
        "conscientiousness": 0.5396057362807556,
        "extraversion": 0.4459553483818075,
        "agreeableness": 0.5903200863336397,
        "neuroticism": 0.42427190857604546
    },
    "margagn": {
        "openness": 0.7315470815224676,
        "conscientiousness": 0.5645104670172523,
        "extraversion": 0.4451990680726816,
        "agreeableness": 0.6327482116795673,
        "neuroticism": 0.38204757543678797
    },
    "iberodev": {
        "openness": 0.7933443200391301,
        "conscientiousness": 0.5794588493041907,
        "extraversion": 0.49081355068480903,
        "agreeableness": 0.5887239033776563,
        "neuroticism": 0.5214806449110407
    },
    "nikoszs": {
        "openness": 0.7924201600888455,
        "conscientiousness": 0.6164974170036788,
        "extraversion": 0.5501407926156239,
        "agreeableness": 0.6066072516972943,
        "neuroticism": 0.5762035205515935
    },
    "klanglie": {
        "openness": 0.825080559003099,
        "conscientiousness": 0.6104343943647744,
        "extraversion": 0.469403200107814,
        "agreeableness": 0.636958352268516,
        "neuroticism": 0.5060682623339439
    },
    "pauldotknopf": {
        "openness": 0.7744390884716709,
        "conscientiousness": 0.567310532378824,
        "extraversion": 0.5245272610361471,
        "agreeableness": 0.6409696268881265,
        "neuroticism": 0.4747795986153304
    },
    "strung250": {
        "openness": 0.7230959228837596,
        "conscientiousness": 0.5997550065842938,
        "extraversion": 0.45085652650884556,
        "agreeableness": 0.6841357293259387,
        "neuroticism": 0.3926555429715268
    },
    "npongracic": {
        "openness": 0.699192916544563,
        "conscientiousness": 0.5930603157149805,
        "extraversion": 0.47810943098680325,
        "agreeableness": 0.692214029166535,
        "neuroticism": 0.35036487896642643
    },
    "mikeandersun": {
        "openness": 0.7346391451261608,
        "conscientiousness": 0.5781252325090976,
        "extraversion": 0.4600957101699693,
        "agreeableness": 0.6494304847638828,
        "neuroticism": 0.396063702635137
    },
    "TheRubble": {
        "openness": 0.7909582684748699,
        "conscientiousness": 0.5921191493835064,
        "extraversion": 0.5230452729692308,
        "agreeableness": 0.6993756710700152,
        "neuroticism": 0.4459941744066528
    },
    "mackvatoloco": {
        "openness": 0.8250651557021828,
        "conscientiousness": 0.6523223630520244,
        "extraversion": 0.5152053289895635,
        "agreeableness": 0.6303532427630469,
        "neuroticism": 0.5734741734237581
    },
    "hmheng": {
        "openness": 0.7683941763772664,
        "conscientiousness": 0.5936586944376623,
        "extraversion": 0.4770795890506717,
        "agreeableness": 0.6180198791299085,
        "neuroticism": 0.5044949332091287
    },
    "AllenMaz": {
        "openness": 0.8076646896062869,
        "conscientiousness": 0.5488016607879592,
        "extraversion": 0.48942716416231186,
        "agreeableness": 0.6206033678701575,
        "neuroticism": 0.5036085855646714
    },
    "Simply-Awesome": {
        "openness": 0.8514050841593117,
        "conscientiousness": 0.6034113609595549,
        "extraversion": 0.5325457706334444,
        "agreeableness": 0.6209540383506984,
        "neuroticism": 0.5426967321870009
    },
    "ChristianRiedl": {
        "openness": 0.7954661814035329,
        "conscientiousness": 0.5966837438961873,
        "extraversion": 0.4429266692213559,
        "agreeableness": 0.6373342051844914,
        "neuroticism": 0.47183234709252153
    },
    "AndyPook": {
        "openness": 0.8312828629466331,
        "conscientiousness": 0.5905162561958147,
        "extraversion": 0.46995834610020426,
        "agreeableness": 0.6194722662888038,
        "neuroticism": 0.4865036897022166
    },
    "maganuk": {
        "openness": 0.7913861377933232,
        "conscientiousness": 0.6132108487711184,
        "extraversion": 0.48575651781645146,
        "agreeableness": 0.5821049930074176,
        "neuroticism": 0.5722990502111156
    },
    "liamdawson": {
        "openness": 0.7616528605476444,
        "conscientiousness": 0.6062225673817039,
        "extraversion": 0.49166667617482585,
        "agreeableness": 0.6508954725912323,
        "neuroticism": 0.5432443499964065
    },
    "ammar-haider": {
        "openness": 0.8015514108735908,
        "conscientiousness": 0.5921209794656602,
        "extraversion": 0.5299243224259542,
        "agreeableness": 0.6891085727298286,
        "neuroticism": 0.43260831990974763
    },
    "khelben": {
        "openness": 0.8076496681717416,
        "conscientiousness": 0.620481907226826,
        "extraversion": 0.5169819419169519,
        "agreeableness": 0.6511033117134359,
        "neuroticism": 0.5526255720258031
    },
    "MartinWa": {
        "openness": 0.803902686629457,
        "conscientiousness": 0.5849742602592628,
        "extraversion": 0.47455158803597386,
        "agreeableness": 0.6516044755092716,
        "neuroticism": 0.4744034483082922
    },
    "MovGP0": {
        "openness": 0.789287160289728,
        "conscientiousness": 0.5762045530827102,
        "extraversion": 0.494017167087198,
        "agreeableness": 0.6395770426864197,
        "neuroticism": 0.4811364098666282
    },
    "martintro": {
        "openness": 0.8072949182869635,
        "conscientiousness": 0.6338819964019365,
        "extraversion": 0.5462348172873613,
        "agreeableness": 0.6667611998294106,
        "neuroticism": 0.5719086994359318
    },
    "Mardoxx": {
        "openness": 0.7998238297880744,
        "conscientiousness": 0.5922339163891696,
        "extraversion": 0.49198993813764236,
        "agreeableness": 0.6420261932288456,
        "neuroticism": 0.5098456800049328
    },
    "twenzel": {
        "openness": 0.7876071891791082,
        "conscientiousness": 0.582730673907764,
        "extraversion": 0.433015198822681,
        "agreeableness": 0.5961518638256786,
        "neuroticism": 0.4991002582021252
    },
    "xrkolovos": {
        "openness": 0.7751484436794397,
        "conscientiousness": 0.6036954513622526,
        "extraversion": 0.4354894699851214,
        "agreeableness": 0.6080375983427347,
        "neuroticism": 0.5025505001941949
    },
    "ipeo": {
        "openness": 0.785684355075198,
        "conscientiousness": 0.6020691489930229,
        "extraversion": 0.47875754631101564,
        "agreeableness": 0.6267425929636536,
        "neuroticism": 0.5647908076715722
    },
    "abergs": {
        "openness": 0.8230659937654634,
        "conscientiousness": 0.6153323073368562,
        "extraversion": 0.5113007174313662,
        "agreeableness": 0.6638600865659325,
        "neuroticism": 0.5078940289611058
    },
    "thirkcircus": {
        "openness": 0.8182893882524005,
        "conscientiousness": 0.5832891324704215,
        "extraversion": 0.5022535187406414,
        "agreeableness": 0.6203976444194622,
        "neuroticism": 0.46359176340489444
    },
    "alexdresko": {
        "openness": 0.7518236726236627,
        "conscientiousness": 0.5822492381891334,