{
    "grahamc": {
        "openness": 0.8202697089282502,
        "conscientiousness": 0.6643521470925201,
        "extraversion": 0.5578355911212007,
        "agreeableness": 0.7180996147346219,
        "neuroticism": 0.5499155879747871
    },
    "sr": {
        "openness": 0.7855438439074951,
        "conscientiousness": 0.6022802689437228,
        "extraversion": 0.4618007186140423,
        "agreeableness": 0.6374959198279704,
        "neuroticism": 0.5312341966538853
    },
    "richmeyers": {
        "openness": 0.8251268063835415,
        "conscientiousness": 0.6111126489943072,
        "extraversion": 0.4480795942117982,
        "agreeableness": 0.6104312702094554,
        "neuroticism": 0.5173853482331967
    },
    "foca": {
        "openness": 0.8049399199245868,
        "conscientiousness": 0.6365436292521274,
        "extraversion": 0.4988114507122384,
        "agreeableness": 0.6606312531472209,
        "neuroticism": 0.528530068517209
    },
    "JDutil": {
        "openness": 0.8234342624835507,
        "conscientiousness": 0.5660837230509861,
        "extraversion": 0.43275921649561844,
        "agreeableness": 0.5986864303940523,
        "neuroticism": 0.5070021053575862
    },
    "p": {
        "openness": 0.8147248842995402,
        "conscientiousness": 0.6285071813548999,
        "extraversion": 0.47692419416118237,
        "agreeableness": 0.641655780125539,
        "neuroticism": 0.5269635207773512
    },
    "cgriego": {
        "openness": 0.8230867538777024,
        "conscientiousness": 0.6262927632937382,
        "extraversion": 0.49234546376212773,
        "agreeableness": 0.6128081219712349,
        "neuroticism": 0.5699418707320811
    },
    "pirogoeth": {
        "openness": 0.8319400762399272,
        "conscientiousness": 0.6317325366467647,
        "extraversion": 0.46553882314349715,
        "agreeableness": 0.6768071580206791,
        "neuroticism": 0.5333384188125674
    },
    "JangoSteve": {
        "openness": 0.8238488376960377,
        "conscientiousness": 0.6364597172165588,
        "extraversion": 0.5096019977114745,
        "agreeableness": 0.6421638603989879,
        "neuroticism": 0.5868975767462474
    },
    "Smarre": {
        "openness": 0.8191871971311934,
        "conscientiousness": 0.6514678843751136,
        "extraversion": 0.45252991239582596,
        "agreeableness": 0.6751191614478298,
        "neuroticism": 0.5414815892824075
    },
    "byroot": {
        "openness": 0.7872642637836371,
        "conscientiousness": 0.5816820057523636,
        "extraversion": 0.4090706340264627,
        "agreeableness": 0.5909558846767162,
        "neuroticism": 0.4829981116684856
    },
    "Bishop": {
        "openness": 0.8095391901158228,
        "conscientiousness": 0.6142617709300313,
        "extraversion": 0.49634876644158576,
        "agreeableness": 0.6334452995104194,
        "neuroticism": 0.5043612395608018
    }
}