{
    "johanneslumpe": {
        "openness": 0.8022049369410685,
        "conscientiousness": 0.6369261437255807,
        "extraversion": 0.45899324271490793,
        "agreeableness": 0.6767331642701139,
        "neuroticism": 0.5151489333804629
    },
    "agenthunt": {
        "openness": 0.808214791644332,
        "conscientiousness": 0.5932752059029308,
        "extraversion": 0.4954621961614538,
        "agreeableness": 0.6725626200020145,
        "neuroticism": 0.5192516079192543
    },
    "cjdell": {
        "openness": 0.7952309605753352,
        "conscientiousness": 0.6052259312718141,
        "extraversion": 0.4320036738193321,
        "agreeableness": 0.6493048482996087,
        "neuroticism": 0.47225685968318554
    },
    "wootwoot1234": {
        "openness": 0.8077550709524337,
        "conscientiousness": 0.6562241848762894,
        "extraversion": 0.4958340375531783,
        "agreeableness": 0.6853614981562722,
        "neuroticism": 0.5586354271639307
    },
    "itinance": {
        "openness": 0.8159282569612554,
        "conscientiousness": 0.6470200664268042,
        "extraversion": 0.4949431002034832,
        "agreeableness": 0.6713975115112527,
        "neuroticism": 0.5409280372951724
    },
    "grabbou": {
        "openness": 0.7910410450460539,
        "conscientiousness": 0.6359171327565869,
        "extraversion": 0.43420942853160105,
        "agreeableness": 0.6684088660898755,
        "neuroticism": 0.47071316480728775
    },
    "MarkMurphy": {
        "openness": 0.8236035554350873,
        "conscientiousness": 0.5707044875476601,
        "extraversion": 0.47208633944498624,
        "agreeableness": 0.6138385409892129,
        "neuroticism": 0.4848476292246776
    },
    "mcorb": {
        "openness": 0.82156017834627,
        "conscientiousness": 0.5997142342546514,
        "extraversion": 0.4891611176629027,
        "agreeableness": 0.6180525063689318,
        "neuroticism": 0.512124071903154
    },
    "benvium": {
        "openness": 0.7879202510292396,
        "conscientiousness": 0.6487747410675714,
        "extraversion": 0.48727899243734285,
        "agreeableness": 0.6954140742438608,
        "neuroticism": 0.5161196375475352
    },
    "npomfret": {
        "openness": 0.7254811275370967,
        "conscientiousness": 0.5454407521330182,
        "extraversion": 0.46744879956671054,
        "agreeableness": 0.6382162905152882,
        "neuroticism": 0.481889402907686
    },
    "hellomaya": {
        "openness": 0.7959658153538909,
        "conscientiousness": 0.6145155539732134,
        "extraversion": 0.438675612913887,
        "agreeableness": 0.657145547535088,
        "neuroticism": 0.5229666047616355
    },
    "CesarLanderos": {
        "openness": 0.8185935719484028,
        "conscientiousness": 0.6369264335684627,
        "extraversion": 0.43902649623095946,
        "agreeableness": 0.6237781139429666,
        "neuroticism": 0.5351493799521058
    },
    "prabhaav": {
        "openness": 0.7548547476264288,
        "conscientiousness": 0.5403552184044477,
        "extraversion": 0.45664396103414884,
        "agreeableness": 0.6484957698947107,
        "neuroticism": 0.4065621948564365
    },
    "jr-k": {
        "openness": 0.7569166363052605,
        "conscientiousness": 0.5646346538029892,
        "extraversion": 0.45620305200694344,
        "agreeableness": 0.58955160329624,
        "neuroticism": 0.4156134189962537
    },
    "a-koka": {
        "openness": 0.8146699174115564,
        "conscientiousness": 0.6523146344500964,
        "extraversion": 0.47669823175558346,
        "agreeableness": 0.6916168386450128,
        "neuroticism": 0.5181955322879519
    },
    "generalpiston": {
        "openness": 0.7482666217906638,
        "conscientiousness": 0.5860608621443995,
        "extraversion": 0.47894202271459274,
        "agreeableness": 0.6533259049590632,
        "neuroticism": 0.4106731732763239
    },
    "codesinghanoop": {
        "openness": 0.8348261102406247,
        "conscientiousness": 0.7066051346433574,
        "extraversion": 0.4724115858314589,
        "agreeableness": 0.6802675238705136,
        "neuroticism": 0.5608104634133979
    },
    "maxkomarychev": {
        "openness": 0.8140086473882939,
        "conscientiousness": 0.6052534078532906,
        "extraversion": 0.43422111131182783,
        "agreeableness": 0.6177848712205033,
        "neuroticism": 0.5343582334564899
    },
    "frangeris": {
        "openness": 0.8246996254570679,
        "conscientiousness": 0.6134145496403139,
        "extraversion": 0.49785770077571867,
        "agreeableness": 0.620234195230017,
        "neuroticism": 0.5710797474933171
    },
    "krzysztof-miemiec": {
        "openness": 0.8015709751130524,
        "conscientiousness": 0.6478031734907609,
        "extraversion": 0.46393660934578496,
        "agreeableness": 0.6746304223274229,
        "neuroticism": 0.5716557169673749
    },
    "chad187": {
        "openness": 0.7872037761582154,
        "conscientiousness": 0.5753017861280357,
        "extraversion": 0.3698223289118248,
        "agreeableness": 0.6125540903184353,
        "neuroticism": 0.5025003679584488
    },
    "alainib": {
        "openness": 0.7625656557862014,
        "conscientiousness": 0.5962149886613092,
        "extraversion": 0.43815175927334776,
        "agreeableness": 0.6423462286028682,
        "neuroticism": 0.46608069758436765
    },
    "jonathangreco": {
        "openness": 0.7891000717978199,
        "conscientiousness": 0.7199851906737884,
        "extraversion": 0.49666466612525206,
        "agreeableness": 0.7322637364297258,
        "neuroticism": 0.5661685171944925
    },
    "prchy": {
        "openness": 0.7684029142988961,
        "conscientiousness": 0.5967247488017711,
        "extraversion": 0.5030032830901686,
        "agreeableness": 0.6577372184236603,
        "neuroticism": 0.46020290193697966
    },
    "The-Code-Monkey": {
        "openness": 0.7769737949791218,
        "conscientiousness": 0.5987162636078087,
        "extraversion": 0.4219343060110943,
        "agreeableness": 0.5967300416952717,
        "neuroticism": 0.5133052046563891
    },
    "bhave-abhay": {
        "openness": 0.7980434314079513,
        "conscientiousness": 0.5842443262980882,
        "extraversion": 0.41028678689843784,
        "agreeableness": 0.62246105144944,
        "neuroticism": 0.5080004951645201
    }
}