{
    "jacobian": {
        "openness": 0.8379280550338513,
        "conscientiousness": 0.6041992187624019,
        "extraversion": 0.44235570622390363,
        "agreeableness": 0.6923547840914123,
        "neuroticism": 0.4858755368883978
    },
    "alvinkatojr": {
        "openness": 0.7805330400961924,
        "conscientiousness": 0.606149055789999,
        "extraversion": 0.5049065878708454,
        "agreeableness": 0.6498994001698455,
        "neuroticism": 0.5072057371053371
    }
}