{
    "JakeWharton": {
        "openness": 0.8139163228686926,
        "conscientiousness": 0.612846224983236,
        "extraversion": 0.4744459351816236,
        "agreeableness": 0.6076836166115991,
        "neuroticism": 0.5344235632603072
    },
    "SimonVT": {
        "openness": 0.8118794409873584,
        "conscientiousness": 0.6079224482273446,
        "extraversion": 0.47788813358415827,
        "agreeableness": 0.590894971531378,
        "neuroticism": 0.532719329287801
    },
    "UweTrottmann": {
        "openness": 0.7697325548802664,
        "conscientiousness": 0.6021950689795922,
        "extraversion": 0.44212258968988866,
        "agreeableness": 0.6016229363413952,
        "neuroticism": 0.522199964654285
    },
    "iNoles": {
        "openness": 0.7993668198464207,
        "conscientiousness": 0.5857348885788732,
        "extraversion": 0.4895918578618903,
        "agreeableness": 0.6108844041974113,
        "neuroticism": 0.5240894856754124
    },
    "ChrisSmith": {
        "openness": 0.8232354672555838,
        "conscientiousness": 0.5711207802916103,
        "extraversion": 0.45672740017186103,
        "agreeableness": 0.5979696783050832,
        "neuroticism": 0.4845891242369241
    },
    "schildbach": {
        "openness": 0.81345690695888,
        "conscientiousness": 0.5914041848760013,
        "extraversion": 0.47787954482985784,
        "agreeableness": 0.5903599231411785,
        "neuroticism": 0.501889299686054
    },
    "drsoran": {
        "openness": 0.8130696448832749,
        "conscientiousness": 0.6323068573791685,
        "extraversion": 0.5317311390622592,
        "agreeableness": 0.6605436901378501,
        "neuroticism": 0.5497741321928997
    },
    "eburnette": {
        "openness": 0.8211788316648215,
        "conscientiousness": 0.5850963570572769,
        "extraversion": 0.5240268280795016,
        "agreeableness": 0.636653594589004,
        "neuroticism": 0.5092959269853548
    },
    "gabrielittner": {
        "openness": 0.827020806094052,
        "conscientiousness": 0.5960784636225118,
        "extraversion": 0.483206303685655,
        "agreeableness": 0.6111744980812557,
        "neuroticism": 0.5207983197898506
    },
    "nelenkov": {
        "openness": 0.8145276215670992,
        "conscientiousness": 0.5786095675655901,
        "extraversion": 0.40919486397952787,
        "agreeableness": 0.5938312389474414,
        "neuroticism": 0.5169886054043971
    },
    "ai212983": {
        "openness": 0.8159946460383628,
        "conscientiousness": 0.6371119763654969,
        "extraversion": 0.5328845533438066,
        "agreeableness": 0.6741198906149917,
        "neuroticism": 0.5042127477574845
    },
    "petedoyle": {
        "openness": 0.8083892796818927,
        "conscientiousness": 0.6136259918622293,
        "extraversion": 0.4879836527817084,
        "agreeableness": 0.6807631918565826,
        "neuroticism": 0.5024636036287666
    },
    "ghost": {
        "openness": 0.8155746183605989,
        "conscientiousness": 0.6189635161939722,
        "extraversion": 0.47175920650146086,
        "agreeableness": 0.657833744613075,
        "neuroticism": 0.5272662552468343
    },
    "AndroidDeveloperLB": {
        "openness": 0.8235533336916586,
        "conscientiousness": 0.6463630162415812,
        "extraversion": 0.5011503907756448,
        "agreeableness": 0.7034128986086566,
        "neuroticism": 0.5548531614000263
    },
    "daverix": {
        "openness": 0.7949935599917929,
        "conscientiousness": 0.5848090320379591,
        "extraversion": 0.4966887061652676,
        "agreeableness": 0.6358533832271396,
        "neuroticism": 0.5038782746721127
    },
    "MarcusWolschon": {
        "openness": 0.7856045665366682,
        "conscientiousness": 0.5456202786529093,
        "extraversion": 0.49838028419252456,
        "agreeableness": 0.622016064645204,
        "neuroticism": 0.43712338835182823
    },
    "carlospuk": {
        "openness": 0.840198449591072,
        "conscientiousness": 0.5854962282414394,
        "extraversion": 0.48679474275173173,
        "agreeableness": 0.6584797948142393,
        "neuroticism": 0.530318545062699
    },
    "christopherperry": {
        "openness": 0.7770808669573577,
        "conscientiousness": 0.5814153864323487,
        "extraversion": 0.461076599167164,
        "agreeableness": 0.6141504029239284,
        "neuroticism": 0.5039715359981867
    },
    "naoak": {
        "openness": 0.7848769807651357,
        "conscientiousness": 0.6137305516178432,
        "extraversion": 0.484676008797264,
        "agreeableness": 0.6424792445161045,
        "neuroticism": 0.52646365169096
    },
    "lodlock": {
        "openness": 0.8027898350327909,
        "conscientiousness": 0.5742604474125482,
        "extraversion": 0.4877642477234788,
        "agreeableness": 0.6245247972369805,
        "neuroticism": 0.46219939190638315
    },
    "gramotei": {
        "openness": 0.7080441262372108,
        "conscientiousness": 0.5971235562411695,
        "extraversion": 0.4689240606069842,
        "agreeableness": 0.667766727562844,
        "neuroticism": 0.4602956050935114
    },
    "coreform": {
        "openness": 0.8286649959767606,
        "conscientiousness": 0.6037184554637878,
        "extraversion": 0.44469354856721205,
        "agreeableness": 0.6461574336909552,
        "neuroticism": 0.4980880038994985
    },
    "yuvidroid": {
        "openness": 0.8050009742466483,
        "conscientiousness": 0.6229081151200526,
        "extraversion": 0.4595268468992475,
        "agreeableness": 0.620153004916127,
        "neuroticism": 0.5573011877533122
    },
    "RawPhunky": {
        "openness": 0.7498618453897392,
        "conscientiousness": 0.6223762030467088,
        "extraversion": 0.48721270487798585,
        "agreeableness": 0.6576349739350043,
        "neuroticism": 0.5270721150368487
    },
    "jgilfelt": {
        "openness": 0.8431797706026454,
        "conscientiousness": 0.5851940501768865,
        "extraversion": 0.4739959612281389,
        "agreeableness": 0.6027832411857361,
        "neuroticism": 0.48725375066424104
    },
    "pflammertsma": {
        "openness": 0.8221299482822463,
        "conscientiousness": 0.5883794516465155,
        "extraversion": 0.45667758658955965,
        "agreeableness": 0.5911509805736075,
        "neuroticism": 0.4757062423771602
    },
    "androidmoney": {
        "openness": 0.7996099470823494,
        "conscientiousness": 0.5754593987186928,
        "extraversion": 0.48025826323255383,
        "agreeableness": 0.6082570501912924,
        "neuroticism": 0.47600973928925017
    },
    "willlunniss": {
        "openness": 0.7944878941474022,
        "conscientiousness": 0.5893621837651577,
        "extraversion": 0.40551184934979256,
        "agreeableness": 0.6132803482328031,
        "neuroticism": 0.4831145713901887
    },
    "rciovati": {
        "openness": 0.8287163215591327,
        "conscientiousness": 0.526439582706956,
        "extraversion": 0.4494005018225961,
        "agreeableness": 0.5787518603632859,
        "neuroticism": 0.48863040958344295
    },
    "Sleepybear": {
        "openness": 0.790987011886844,
        "conscientiousness": 0.5657800679931686,
        "extraversion": 0.4732058364315686,
        "agreeableness": 0.5765588945718909,
        "neuroticism": 0.5139420450985789
    },
    "friscoMad": {
        "openness": 0.8141493855353849,
        "conscientiousness": 0.6064886338700282,
        "extraversion": 0.45275524417989466,
        "agreeableness": 0.6575239005894491,
        "neuroticism": 0.49122883926903027
    },
    "yukuku": {
        "openness": 0.8141052344044073,
        "conscientiousness": 0.6196565677187841,
        "extraversion": 0.4466450425409506,
        "agreeableness": 0.5696320187102312,
        "neuroticism": 0.5555437934008624
    },
    "guidedways": {
        "openness": 0.7846834784401178,
        "conscientiousness": 0.5640008534058265,