{
    "JakeWharton": {
        "openness": 0.7837914949211616,
        "conscientiousness": 0.6114031346147282,
        "extraversion": 0.45821300354373307,
        "agreeableness": 0.6039929387490643,
        "neuroticism": 0.5256488447046921
    },
    "shredmaster": {
        "openness": 0.7547286356859179,
        "conscientiousness": 0.5602324724576072,
        "extraversion": 0.45148910901976436,
        "agreeableness": 0.6536225277868161,
        "neuroticism": 0.47544246263205203
    }
}