{
    "jakiestfu": {
        "openness": 0.8124854427070808,
        "conscientiousness": 0.6251143416297563,
        "extraversion": 0.5078591124741736,
        "agreeableness": 0.6683578576722696,
        "neuroticism": 0.5259952067832838
    },
    "voodoo6": {
        "openness": 0.7816356698719094,
        "conscientiousness": 0.6429608607066166,
        "extraversion": 0.5146874651644634,
        "agreeableness": 0.7127467649870594,
        "neuroticism": 0.5359646460397688
    },
    "bstmedia": {
        "openness": 0.7781011196316177,
        "conscientiousness": 0.5741159092698429,
        "extraversion": 0.4794573526723023,
        "agreeableness": 0.6418913688447565,
        "neuroticism": 0.5064514713971666
    },
    "racorbit": {
        "openness": 0.8048598829224908,
        "conscientiousness": 0.5911367310342366,
        "extraversion": 0.5497966700510911,
        "agreeableness": 0.6780538771873141,
        "neuroticism": 0.511366975508736
    },
    "jaywolters": {
        "openness": 0.7872558984458519,
        "conscientiousness": 0.5846553115137917,
        "extraversion": 0.4633617044442654,
        "agreeableness": 0.6727969084098684,
        "neuroticism": 0.473456597477952
    },
    "smokingbarrel": {
        "openness": 0.8424259537926231,
        "conscientiousness": 0.5910520410823666,
        "extraversion": 0.48487869419794694,
        "agreeableness": 0.6199073839138263,
        "neuroticism": 0.5177089371138262
    },
    "t0rpedo": {
        "openness": 0.8261632813263584,
        "conscientiousness": 0.6152063354879864,
        "extraversion": 0.49355384073153497,
        "agreeableness": 0.6831893015847963,
        "neuroticism": 0.5152814311125915
    },
    "prud": {
        "openness": 0.8211311258509368,
        "conscientiousness": 0.6018704516333527,
        "extraversion": 0.4863492320953928,
        "agreeableness": 0.6107389219023204,
        "neuroticism": 0.5333678135700463
    },
    "justindarc": {
        "openness": 0.8211028786766554,
        "conscientiousness": 0.6068047598726195,
        "extraversion": 0.5001914882121103,
        "agreeableness": 0.6753448332202328,
        "neuroticism": 0.5165437625973752
    },
    "scottgallant": {
        "openness": 0.7919828928366873,
        "conscientiousness": 0.584393747684178,
        "extraversion": 0.4708463181768128,
        "agreeableness": 0.5936513941620711,
        "neuroticism": 0.5291592809725927
    },
    "takrishna": {
        "openness": 0.8182490964262835,
        "conscientiousness": 0.6197355761341613,
        "extraversion": 0.5184786044438097,
        "agreeableness": 0.6295671853639837,
        "neuroticism": 0.5150738593527775
    },
    "frankie-loves-jesus": {
        "openness": 0.8059156877966748,
        "conscientiousness": 0.648420661829082,
        "extraversion": 0.501294386965949,
        "agreeableness": 0.6626675467562356,
        "neuroticism": 0.5211163244257302
    },
    "hugoborjesson": {
        "openness": 0.7472244922144301,
        "conscientiousness": 0.5809227329678479,
        "extraversion": 0.48034366818817276,
        "agreeableness": 0.6256910157508485,
        "neuroticism": 0.44995617189037795
    },
    "syredeye": {
        "openness": 0.7636923552497336,
        "conscientiousness": 0.6036043233959317,
        "extraversion": 0.5144949842503047,
        "agreeableness": 0.643479806227671,
        "neuroticism": 0.5092954257707282
    },
    "joshsilverman": {
        "openness": 0.8102108083095007,
        "conscientiousness": 0.5461284558096637,
        "extraversion": 0.3937710469353112,
        "agreeableness": 0.5972994361166426,
        "neuroticism": 0.43247872636214413
    }
}