{
    "jaredsinclair": {
        "openness": 0.8123003549303538,
        "conscientiousness": 0.5945435715865093,
        "extraversion": 0.48781287523186356,
        "agreeableness": 0.637501867180029,
        "neuroticism": 0.4994447231820068
    },
    "bcapps": {
        "openness": 0.8129192315697893,
        "conscientiousness": 0.5534611752673548,
        "extraversion": 0.49326463293405626,
        "agreeableness": 0.6637081314654224,
        "neuroticism": 0.4317371436411186
    },
    "LanceFu": {
        "openness": 0.770166845346199,
        "conscientiousness": 0.5348152619195155,
        "extraversion": 0.48522898826406086,
        "agreeableness": 0.6445904707101815,
        "neuroticism": 0.361524883820455
    },
    "winzig": {
        "openness": 0.8111086847893891,
        "conscientiousness": 0.5655622439055253,
        "extraversion": 0.43905454885952017,
        "agreeableness": 0.6269390955542892,
        "neuroticism": 0.4863636284337386
    },
    "mluisbrown": {
        "openness": 0.8477817480599745,
        "conscientiousness": 0.6260619345801344,
        "extraversion": 0.5074817807687155,
        "agreeableness": 0.6685405278293808,
        "neuroticism": 0.5680421219306728
    },
    "dzenbot": {
        "openness": 0.822853176886739,
        "conscientiousness": 0.5772195561998043,
        "extraversion": 0.4224376066687555,
        "agreeableness": 0.6626779934268906,
        "neuroticism": 0.4919052439671588
    },
    "civilordergone": {
        "openness": 0.7663903553812426,
        "conscientiousness": 0.610497446908171,
        "extraversion": 0.42256180613956607,
        "agreeableness": 0.621720142178656,
        "neuroticism": 0.5336290066120883
    },
    "inPhilly": {
        "openness": 0.848740818019885,
        "conscientiousness": 0.6005593802083236,
        "extraversion": 0.5031030654233096,
        "agreeableness": 0.6765041397613456,
        "neuroticism": 0.5242664360311332
    },
    "Shayanzadeh": {
        "openness": 0.7580534806912085,
        "conscientiousness": 0.6021157632688087,
        "extraversion": 0.4843123453301549,
        "agreeableness": 0.6671312661122107,
        "neuroticism": 0.4171067842074744
    }
}