{
    "jariz": {
        "openness": 0.8225306837424671,
        "conscientiousness": 0.6339498255665453,
        "extraversion": 0.5141787203653199,
        "agreeableness": 0.7044904833355247,
        "neuroticism": 0.5243058291466443
    },
    "akfish": {
        "openness": 0.8127666592162757,
        "conscientiousness": 0.6544869721635805,
        "extraversion": 0.5071713306194419,
        "agreeableness": 0.6430997626375785,
        "neuroticism": 0.512367267706859
    }
}