{
    "jarun": {
        "openness": 0.8031710621293169,
        "conscientiousness": 0.6586399921356143,
        "extraversion": 0.48044423479601883,
        "agreeableness": 0.6582216508627559,
        "neuroticism": 0.5452625173600594
    },
    "AndreiUlmeyda": {
        "openness": 0.8344877349929017,
        "conscientiousness": 0.6097064212142536,
        "extraversion": 0.4554289763798609,
        "agreeableness": 0.6821234750598243,
        "neuroticism": 0.48425214207664813
    },
    "ghost": {
        "openness": 0.7840918365580632,
        "conscientiousness": 0.599655411708691,
        "extraversion": 0.5345066079114499,
        "agreeableness": 0.6432053259767763,
        "neuroticism": 0.5213719140712006
    },
    "CaptainQuirk": {
        "openness": 0.8078271736716744,
        "conscientiousness": 0.63825765118954,
        "extraversion": 0.5211516478246943,
        "agreeableness": 0.72225613424329,
        "neuroticism": 0.5291688099634158
    },
    "zmwangx": {
        "openness": 0.8209403528537722,
        "conscientiousness": 0.6013855087189055,
        "extraversion": 0.46804347568082016,
        "agreeableness": 0.6336299890549117,
        "neuroticism": 0.4962280433926808
    },
    "toyg": {
        "openness": 0.8243711109769598,
        "conscientiousness": 0.5978967133456048,
        "extraversion": 0.4909052904679222,
        "agreeableness": 0.6654834544905961,
        "neuroticism": 0.49037870531224403
    },
    "carnager": {
        "openness": 0.8045761563671131,
        "conscientiousness": 0.6201312028081536,
        "extraversion": 0.4796697144312575,
        "agreeableness": 0.6266356705513747,
        "neuroticism": 0.5428708114125493
    },
    "dstuxo": {
        "openness": 0.8222117655274479,
        "conscientiousness": 0.62860877115213,
        "extraversion": 0.4305907444782553,
        "agreeableness": 0.6323496832898783,
        "neuroticism": 0.5560399158800622
    },
    "wheresmyjetpack": {
        "openness": 0.8104023474231573,
        "conscientiousness": 0.5928138512256177,
        "extraversion": 0.44582820414698165,
        "agreeableness": 0.6493701664825623,
        "neuroticism": 0.47544055805173024
    },
    "ovv": {
        "openness": 0.8034436310008789,
        "conscientiousness": 0.668475903240585,
        "extraversion": 0.434408957781481,
        "agreeableness": 0.699035144805886,
        "neuroticism": 0.5429579830787268
    },
    "jpralves": {
        "openness": 0.8111966699483781,
        "conscientiousness": 0.6092823124418242,
        "extraversion": 0.5567516280775743,
        "agreeableness": 0.6431104793214253,
        "neuroticism": 0.5336022380376644
    },
    "polo2ro": {
        "openness": 0.8241810788796159,
        "conscientiousness": 0.668671678597581,
        "extraversion": 0.4516658096889067,
        "agreeableness": 0.6676254144140117,
        "neuroticism": 0.5737487247849613
    },
    "shaggytwodope": {
        "openness": 0.7765034053361987,
        "conscientiousness": 0.6293882802167505,
        "extraversion": 0.4349803408633144,
        "agreeableness": 0.6444504226646216,
        "neuroticism": 0.5141912123859775
    },
    "denisfalqueto": {
        "openness": 0.7932946577578822,
        "conscientiousness": 0.6256459471821971,
        "extraversion": 0.4896980239574804,
        "agreeableness": 0.6515242590881631,
        "neuroticism": 0.560038499689612
    },
    "dchang0": {
        "openness": 0.8152438169254157,
        "conscientiousness": 0.6510858553743057,
        "extraversion": 0.49904294870292887,
        "agreeableness": 0.6617268903093958,
        "neuroticism": 0.5688293526222743
    },
    "kishore-narendran": {
        "openness": 0.7937726403340994,
        "conscientiousness": 0.6343622161285346,
        "extraversion": 0.45315261650242944,
        "agreeableness": 0.6515821396990855,
        "neuroticism": 0.49245749214468937
    },
    "rachmadaniHaryono": {
        "openness": 0.7978094827674681,
        "conscientiousness": 0.6310973892480055,
        "extraversion": 0.4450512679759323,
        "agreeableness": 0.6074998455409539,
        "neuroticism": 0.5284724715296644
    },
    "ZwodahS": {
        "openness": 0.8244593071092936,
        "conscientiousness": 0.6451901457554717,
        "extraversion": 0.4740163672576909,
        "agreeableness": 0.6755113937428261,
        "neuroticism": 0.5333863131801456
    },
    "SamHH": {
        "openness": 0.812193055285184,
        "conscientiousness": 0.6121755505347221,
        "extraversion": 0.47555481437566816,
        "agreeableness": 0.7054293532367972,
        "neuroticism": 0.4852792315969774
    },
    "pierrediancourt": {
        "openness": 0.7683866768511731,
        "conscientiousness": 0.5785424229312406,
        "extraversion": 0.3984775808564664,
        "agreeableness": 0.5622650798258431,
        "neuroticism": 0.529505626800873
    },
    "dertuxmalwieder": {
        "openness": 0.7963410353598687,
        "conscientiousness": 0.6318547030886715,
        "extraversion": 0.448530605319575,
        "agreeableness": 0.6190014926098343,
        "neuroticism": 0.5614914807247363
    },
    "lukaszkarbownik": {
        "openness": 0.8120098807682133,
        "conscientiousness": 0.6210195864842657,
        "extraversion": 0.488247271392552,
        "agreeableness": 0.6535017520217627,
        "neuroticism": 0.5643098117967166
    },
    "sahil48": {
        "openness": 0.85264331875182,
        "conscientiousness": 0.6516898028875288,
        "extraversion": 0.5313536964676384,
        "agreeableness": 0.698856453231534,
        "neuroticism": 0.571417817333829
    },
    "alex-bender": {
        "openness": 0.7969580249580019,
        "conscientiousness": 0.6259743467752922,
        "extraversion": 0.4664085045758713,
        "agreeableness": 0.6659846900174926,
        "neuroticism": 0.4947669962879815
    },
    "Infinisil": {
        "openness": 0.814745887491231,
        "conscientiousness": 0.5948693139507955,
        "extraversion": 0.43042755649707853,
        "agreeableness": 0.6477663083968612,
        "neuroticism": 0.5023444621772919
    },
    "mosegontar": {
        "openness": 0.8271350100443352,
        "conscientiousness": 0.6377568908071942,
        "extraversion": 0.47480795295284695,
        "agreeableness": 0.6739662248300275,
        "neuroticism": 0.5237947513983221
    },
    "hubitor": {
        "openness": 0.7961352456862854,
        "conscientiousness": 0.5953282226027075,
        "extraversion": 0.4268841576130722,
        "agreeableness": 0.6055590657943823,
        "neuroticism": 0.5164217448564965
    },
    "questor": {
        "openness": 0.821790340318894,
        "conscientiousness": 0.6071103701378624,
        "extraversion": 0.5056734387165666,
        "agreeableness": 0.6021937959103001,
        "neuroticism": 0.5636128563737548
    },
    "tom-i": {
        "openness": 0.7568957503448865,
        "conscientiousness": 0.6275518257580681,
        "extraversion": 0.4599821629420188,
        "agreeableness": 0.6575515215914947,
        "neuroticism": 0.5169745801125039
    },
    "SaltyCatFish": {
        "openness": 0.814304483003087,
        "conscientiousness": 0.6454450287446698,
        "extraversion": 0.5319928687265814,
        "agreeableness": 0.6570576620396349,
        "neuroticism": 0.5318442141960465
    },
    "jubalh": {
        "openness": 0.8043276034852269,
        "conscientiousness": 0.6230762747790392,
        "extraversion": 0.4131729224379074,
        "agreeableness": 0.665610746734649,
        "neuroticism": 0.5135228511317047
    },
    "eikenb": {
        "openness": 0.8211580693938776,
        "conscientiousness": 0.6504159624048109,
        "extraversion": 0.45010878595244286,
        "agreeableness": 0.6387628308995628,
        "neuroticism": 0.5549086300326541
    },
    "Beeblebrox-BSD": {
        "openness": 0.8069646718491866,
        "conscientiousness": 0.6205733384176568,