{
    "jaunesarmiento": {
        "openness": 0.8162671327855503,
        "conscientiousness": 0.6271868275256599,
        "extraversion": 0.47365738540617364,
        "agreeableness": 0.6598481385835868,
        "neuroticism": 0.5184323156136292
    },
    "Wolfr": {
        "openness": 0.792508067547137,
        "conscientiousness": 0.5829091937365504,
        "extraversion": 0.5102770991830079,
        "agreeableness": 0.5922257568481865,
        "neuroticism": 0.5258817782441579
    },
    "jadjoubran": {
        "openness": 0.8171653147400352,
        "conscientiousness": 0.6591287182075797,
        "extraversion": 0.5198923684967538,
        "agreeableness": 0.6983329752423626,
        "neuroticism": 0.5586480759314156
    },
    "aymanfarhat": {
        "openness": 0.8021703099780304,
        "conscientiousness": 0.6198099357776982,
        "extraversion": 0.45013943646613597,
        "agreeableness": 0.6078213454770998,
        "neuroticism": 0.5406444828603625
    },
    "teusink": {
        "openness": 0.8346387016500303,
        "conscientiousness": 0.6257411922420781,
        "extraversion": 0.5070223562782022,
        "agreeableness": 0.6285313784184535,
        "neuroticism": 0.519485847257877
    },
    "aboudard": {
        "openness": 0.8035295034133347,
        "conscientiousness": 0.5988290593754029,
        "extraversion": 0.4949083716112549,
        "agreeableness": 0.6106714209108968,
        "neuroticism": 0.5240763557676201
    },
    "hell03610": {
        "openness": 0.8194646692000623,
        "conscientiousness": 0.5698455008954423,
        "extraversion": 0.45306198367445116,
        "agreeableness": 0.6250908056653283,
        "neuroticism": 0.5162687231978031
    },
    "kyleraymorgan": {
        "openness": 0.8356813760550559,
        "conscientiousness": 0.6163412501414607,
        "extraversion": 0.47920856994465655,
        "agreeableness": 0.6849884568079494,
        "neuroticism": 0.47450078216288305
    },
    "grobmeier": {
        "openness": 0.8402531572601278,
        "conscientiousness": 0.6741001661538226,
        "extraversion": 0.4931426729679632,
        "agreeableness": 0.7293214093737025,
        "neuroticism": 0.5248134884693274
    },
    "jituiitm": {
        "openness": 0.7760837654579711,
        "conscientiousness": 0.6002656266086833,
        "extraversion": 0.47239062636450657,
        "agreeableness": 0.6434398194325897,
        "neuroticism": 0.5403383662152565
    },
    "eyecatchup": {
        "openness": 0.8197450438891754,
        "conscientiousness": 0.6552796246970585,
        "extraversion": 0.49246227281563126,
        "agreeableness": 0.6729933034408506,
        "neuroticism": 0.5417355448200905
    }
}