{
    "javallone": {
        "openness": 0.8425421316011713,
        "conscientiousness": 0.6093978243879985,
        "extraversion": 0.4645872737467599,
        "agreeableness": 0.6229250427168336,
        "neuroticism": 0.5082844724335669
    },
    "ForbesLindesay": {
        "openness": 0.8138307858426375,
        "conscientiousness": 0.5790065158965328,
        "extraversion": 0.4606415729459955,
        "agreeableness": 0.6189033894629259,
        "neuroticism": 0.49689308175794067
    },
    "Iftahh": {
        "openness": 0.8366798817297895,
        "conscientiousness": 0.6352708676160043,
        "extraversion": 0.5018523691684283,
        "agreeableness": 0.644995564853159,
        "neuroticism": 0.5529757332027394
    }
}