{
    "jedireza": {
        "openness": 0.8161177545271925,
        "conscientiousness": 0.6410363402809041,
        "extraversion": 0.5241823915589161,
        "agreeableness": 0.6900360713444762,
        "neuroticism": 0.5383151962304125
    },
    "iamthechad": {
        "openness": 0.8334396395034491,
        "conscientiousness": 0.5977687346684988,
        "extraversion": 0.5075810994146184,
        "agreeableness": 0.6505291737723495,
        "neuroticism": 0.5094029513380264
    }
}