{
    "magicdict": {
        "openness": 0.777063028056191,
        "conscientiousness": 0.5889487346809683,
        "extraversion": 0.5017972117129482,
        "agreeableness": 0.7076290397361643,
        "neuroticism": 0.3999617332421528
    },
    "JeffreySu": {
        "openness": 0.7319415014002473,
        "conscientiousness": 0.6030383705734834,
        "extraversion": 0.4695351173297545,
        "agreeableness": 0.6864271092734338,
        "neuroticism": 0.4308793023952606
    },
    "TYSZCC": {
        "openness": 0.7046519709814677,
        "conscientiousness": 0.6074118677523561,
        "extraversion": 0.48711427907816746,
        "agreeableness": 0.6966912338712895,
        "neuroticism": 0.4236869256501443
    },
    "AnnXu": {
        "openness": 0.7868616432908775,
        "conscientiousness": 0.590293556147746,
        "extraversion": 0.5313778578748948,
        "agreeableness": 0.6995424692173907,
        "neuroticism": 0.4781833232415666
    },
    "Kakaeex": {
        "openness": 0.7689736138081119,
        "conscientiousness": 0.6073640029782357,
        "extraversion": 0.5288885415420844,
        "agreeableness": 0.7072889052779386,
        "neuroticism": 0.548231533635188
    },
    "lishewen": {
        "openness": 0.7094744962818264,
        "conscientiousness": 0.6015240323084645,
        "extraversion": 0.47388321246774706,
        "agreeableness": 0.685313067802471,
        "neuroticism": 0.42564032573165905
    },
    "jiehanlin": {
        "openness": 0.7823443041485146,
        "conscientiousness": 0.574987876570717,
        "extraversion": 0.5170424912061565,
        "agreeableness": 0.6949270895117894,
        "neuroticism": 0.39197342721289696
    },
    "John0King": {
        "openness": 0.704045874567686,
        "conscientiousness": 0.5860883918470624,
        "extraversion": 0.4811562210604813,
        "agreeableness": 0.680527560255376,
        "neuroticism": 0.4308959828287126
    },
    "CooperLiu": {
        "openness": 0.7118764559781181,
        "conscientiousness": 0.5914752276744976,
        "extraversion": 0.48173792510011393,
        "agreeableness": 0.6882620353761878,
        "neuroticism": 0.4095982378480492
    },
    "pbzyy": {
        "openness": 0.7578708428395639,
        "conscientiousness": 0.5760981192986053,
        "extraversion": 0.4895670641127269,
        "agreeableness": 0.6928951722180015,
        "neuroticism": 0.365976055425979
    },
    "yongjinc": {
        "openness": 0.7508801113754566,
        "conscientiousness": 0.5934310716876651,
        "extraversion": 0.4602821118832336,
        "agreeableness": 0.6627119538523031,
        "neuroticism": 0.46436199230942765
    },
    "qdesk": {
        "openness": 0.7633015587506513,
        "conscientiousness": 0.5888698799790105,
        "extraversion": 0.47950424649147344,
        "agreeableness": 0.7002212157496528,
        "neuroticism": 0.40970341644615876
    },
    "kchanlee": {
        "openness": 0.7411384635414502,
        "conscientiousness": 0.5865969581485553,
        "extraversion": 0.44638664411994033,
        "agreeableness": 0.6725034531248636,
        "neuroticism": 0.38471217204884656
    },
    "2881099": {
        "openness": 0.7366885580145339,
        "conscientiousness": 0.6060653034589243,
        "extraversion": 0.463368708867732,
        "agreeableness": 0.6776928830605198,
        "neuroticism": 0.4430927709581756
    },
    "sipo1209": {
        "openness": 0.7760697658635385,
        "conscientiousness": 0.5943171801855811,
        "extraversion": 0.5571543969387326,
        "agreeableness": 0.7218785401270413,
        "neuroticism": 0.433849794327543
    },
    "JadynWong": {
        "openness": 0.7655911648320021,
        "conscientiousness": 0.591631321701456,
        "extraversion": 0.5102354152894392,
        "agreeableness": 0.673695441081435,
        "neuroticism": 0.4641710637634226
    },
    "tickwudi": {
        "openness": 0.7414735349593701,
        "conscientiousness": 0.5758567003945337,
        "extraversion": 0.46214470838049515,
        "agreeableness": 0.6817341503047523,
        "neuroticism": 0.374290971753477
    },
    "robin8588": {
        "openness": 0.7183824577420003,
        "conscientiousness": 0.5800203776784875,
        "extraversion": 0.504409451467206,
        "agreeableness": 0.6823830548097387,
        "neuroticism": 0.4320851717484598
    },
    "qibunext": {
        "openness": 0.7274204626108844,
        "conscientiousness": 0.5720513646949825,
        "extraversion": 0.48376740543301894,
        "agreeableness": 0.6778398438322303,
        "neuroticism": 0.3855004977448355
    },
    "shujian163": {
        "openness": 0.7519375774953434,
        "conscientiousness": 0.590801856440447,
        "extraversion": 0.49394079428151794,
        "agreeableness": 0.6873001850221941,
        "neuroticism": 0.40793139979380744
    },
    "1015450578": {
        "openness": 0.7537047237625016,
        "conscientiousness": 0.6044289866405094,
        "extraversion": 0.5003318439729447,
        "agreeableness": 0.6929977894601623,
        "neuroticism": 0.4347383141433603
    },
    "ayzhanglei": {
        "openness": 0.7664809227054145,
        "conscientiousness": 0.6008595870399499,
        "extraversion": 0.4963696755574089,
        "agreeableness": 0.7142040770393141,
        "neuroticism": 0.4573238989672531
    }
}