{
    "jescalan": {
        "openness": 0.8235984806294564,
        "conscientiousness": 0.6250125998806862,
        "extraversion": 0.4884789872313142,
        "agreeableness": 0.6739054853984184,
        "neuroticism": 0.5033037413088184
    },
    "samccone": {
        "openness": 0.8089008755223492,
        "conscientiousness": 0.6244682222455794,
        "extraversion": 0.47327139851229777,
        "agreeableness": 0.6425668806743365,
        "neuroticism": 0.5054339396665546
    },
    "adamjgrant": {
        "openness": 0.8040039263801942,
        "conscientiousness": 0.6058935708479944,
        "extraversion": 0.5530678795129,
        "agreeableness": 0.665894381265048,
        "neuroticism": 0.5248137265211538
    },
    "pruett": {
        "openness": 0.8123596376304059,
        "conscientiousness": 0.5833887503702456,
        "extraversion": 0.502150975610241,
        "agreeableness": 0.6005675364166525,
        "neuroticism": 0.48582545446829134
    },
    "mattwoodnyc": {
        "openness": 0.8230948160050668,
        "conscientiousness": 0.627838304125123,
        "extraversion": 0.5285267551038455,
        "agreeableness": 0.6819435842199104,
        "neuroticism": 0.5326940990630102
    },
    "randallagordon": {
        "openness": 0.8121427491341374,
        "conscientiousness": 0.5475973267979753,
        "extraversion": 0.4187498349887133,
        "agreeableness": 0.6028600131443338,
        "neuroticism": 0.4857127176249335
    },
    "Munter": {
        "openness": 0.8441027436882143,
        "conscientiousness": 0.5881283545159373,
        "extraversion": 0.5123265369908108,
        "agreeableness": 0.622089138087879,
        "neuroticism": 0.49892327257359187
    },
    "slang800": {
        "openness": 0.8215832045214944,
        "conscientiousness": 0.5940805114702028,
        "extraversion": 0.4598818370512918,
        "agreeableness": 0.6364380094800424,
        "neuroticism": 0.5057962902605231
    },
    "exdeniz": {
        "openness": 0.8421637082782822,
        "conscientiousness": 0.5901684110330352,
        "extraversion": 0.4830427454539699,
        "agreeableness": 0.5800776025620016,
        "neuroticism": 0.5264114157190185
    },
    "PatrikLythell": {
        "openness": 0.7994236308598982,
        "conscientiousness": 0.6727708622578548,
        "extraversion": 0.5518450510895637,
        "agreeableness": 0.7638666022307085,
        "neuroticism": 0.5134804036022722
    },
    "monkeez": {
        "openness": 0.7931436646354795,
        "conscientiousness": 0.5618459801087385,
        "extraversion": 0.4868300024845025,
        "agreeableness": 0.6145009039929201,
        "neuroticism": 0.4576999873692472
    },
    "wismer": {
        "openness": 0.8031255015918517,
        "conscientiousness": 0.61652419561133,
        "extraversion": 0.37747308606969365,
        "agreeableness": 0.7251301210354976,
        "neuroticism": 0.4809129996543259
    },
    "hhsnopek": {
        "openness": 0.7521835622554726,
        "conscientiousness": 0.584912530327401,
        "extraversion": 0.46911771228122223,
        "agreeableness": 0.6527355089804574,
        "neuroticism": 0.4157115945482216
    },
    "declandewet": {
        "openness": 0.8208491946729546,
        "conscientiousness": 0.5799898664695846,
        "extraversion": 0.46502457835963945,
        "agreeableness": 0.6055531948747377,
        "neuroticism": 0.5132445388810669
    },
    "L8D": {
        "openness": 0.8221394916787697,
        "conscientiousness": 0.5823816384596846,
        "extraversion": 0.48120213211369156,
        "agreeableness": 0.6592810816839387,
        "neuroticism": 0.520760485188695
    },
    "kylemac": {
        "openness": 0.8101312776065018,
        "conscientiousness": 0.6162524592508409,
        "extraversion": 0.5152530378518538,
        "agreeableness": 0.6577834167865697,
        "neuroticism": 0.526648855679562
    },
    "aesnyder": {
        "openness": 0.84253009964744,
        "conscientiousness": 0.6077855316631726,
        "extraversion": 0.5310685654125731,
        "agreeableness": 0.6321960327878062,
        "neuroticism": 0.5367706495597155
    },
    "cspotcode": {
        "openness": 0.8037197960684324,
        "conscientiousness": 0.5784748783616476,
        "extraversion": 0.4667926017989741,
        "agreeableness": 0.6136416138164758,
        "neuroticism": 0.5448409297816915
    },
    "dapetcu21": {
        "openness": 0.8015945978386187,
        "conscientiousness": 0.5817950693046894,
        "extraversion": 0.4519099015852232,
        "agreeableness": 0.6039065655184879,
        "neuroticism": 0.49592417135542044
    },
    "DAddYE": {
        "openness": 0.8328557017476084,
        "conscientiousness": 0.6335914874921876,
        "extraversion": 0.5314761047273702,
        "agreeableness": 0.7229468087020325,
        "neuroticism": 0.4990811036439601
    },
    "courcelan": {
        "openness": 0.8281228480133428,
        "conscientiousness": 0.6131028296723923,
        "extraversion": 0.48830688889034335,
        "agreeableness": 0.6378139062489891,
        "neuroticism": 0.505374706464667
    },
    "argyleink": {
        "openness": 0.8088250253199388,
        "conscientiousness": 0.6065393680979325,
        "extraversion": 0.5128843240199084,
        "agreeableness": 0.6814942115939173,
        "neuroticism": 0.4371018841459766
    },
    "benadamstyles": {
        "openness": 0.8097334471728191,
        "conscientiousness": 0.5929679639147801,
        "extraversion": 0.49029716526508454,
        "agreeableness": 0.6725431643751759,
        "neuroticism": 0.4969599590902408
    },
    "toet": {
        "openness": 0.810043135073562,
        "conscientiousness": 0.6063002606851219,
        "extraversion": 0.5522639770657531,
        "agreeableness": 0.6652916218014293,
        "neuroticism": 0.5036765551750223
    },
    "DiegoAz": {
        "openness": 0.7661238900931832,
        "conscientiousness": 0.5633991474204605,
        "extraversion": 0.4614580839862164,
        "agreeableness": 0.6135443978756973,
        "neuroticism": 0.4671854753577504
    },
    "krry": {
        "openness": 0.8367696550404238,
        "conscientiousness": 0.6275798198710371,
        "extraversion": 0.5793141257355999,
        "agreeableness": 0.6872819643696289,
        "neuroticism": 0.5279863278361883
    },
    "chasevida": {
        "openness": 0.8482456859317877,
        "conscientiousness": 0.5884645274025809,
        "extraversion": 0.5234728068719265,
        "agreeableness": 0.6736624928892652,
        "neuroticism": 0.5246585971350805
    },
    "joshrowley": {
        "openness": 0.8033863205000152,
        "conscientiousness": 0.6098854204452193,
        "extraversion": 0.47067906953729655,
        "agreeableness": 0.6546367828362707,
        "neuroticism": 0.5255689156974475
    },
    "corysimmons": {
        "openness": 0.8043798799673658,
        "conscientiousness": 0.5728356263137667,
        "extraversion": 0.48446220929563366,
        "agreeableness": 0.6670792243941275,
        "neuroticism": 0.46963386051916634
    },
    "dbox": {
        "openness": 0.7733203175952876,
        "conscientiousness": 0.5367313503553133,
        "extraversion": 0.4963418900922253,
        "agreeableness": 0.6438107320757919,
        "neuroticism": 0.45625942203594516
    },
    "embrown30": {
        "openness": 0.7760050583784688,
        "conscientiousness": 0.6756085563413247,
        "extraversion": 0.6157063537592757,
        "agreeableness": 0.7393160206833389,
        "neuroticism": 0.6360615927201879
    },
    "srsgores": {
        "openness": 0.8093660252151809,
        "conscientiousness": 0.6245568577570294,
        "extraversion": 0.48756797457305845,
        "agreeableness": 0.6416493273986296,
        "neuroticism": 0.5588547959346715
    },
    "aawilson": {
        "openness": 0.7748966773640589,
        "conscientiousness": 0.5667179875389192,
        "extraversion": 0.4952428576612447,