{
    "goodwinnk": {
        "openness": 0.8086565904206873,
        "conscientiousness": 0.6535696588069555,
        "extraversion": 0.4951544053896604,
        "agreeableness": 0.7051959018384506,
        "neuroticism": 0.516080635090646
    },
    "Frostman": {
        "openness": 0.8121375513029512,
        "conscientiousness": 0.6684967937149605,
        "extraversion": 0.4365970612894542,
        "agreeableness": 0.6813310262758638,
        "neuroticism": 0.5124010993692785
    },
    "abreslav": {
        "openness": 0.8115395793780781,
        "conscientiousness": 0.6277080752750255,
        "extraversion": 0.4968886300746663,
        "agreeableness": 0.6693276040751417,
        "neuroticism": 0.5012124552489946
    },
    "geevee": {
        "openness": 0.8226112876723871,
        "conscientiousness": 0.6297263771206009,
        "extraversion": 0.4998059663976784,
        "agreeableness": 0.6678223175604114,
        "neuroticism": 0.5155318285103503
    },
    "jstrachan": {
        "openness": 0.7887179782372782,
        "conscientiousness": 0.6172017584506334,
        "extraversion": 0.4752624431049828,
        "agreeableness": 0.6389565072521627,
        "neuroticism": 0.49996933904779284
    },
    "alextkachman": {
        "openness": 0.8002634768195488,
        "conscientiousness": 0.6179862429019253,
        "extraversion": 0.5730146291650662,
        "agreeableness": 0.6728308616108418,
        "neuroticism": 0.5255229693295875
    },
    "cy6erGn0m": {
        "openness": 0.8020339033098286,
        "conscientiousness": 0.582494530208606,
        "extraversion": 0.44549332475950587,
        "agreeableness": 0.629915341172272,
        "neuroticism": 0.47352609864857576
    },
    "pTalanov": {
        "openness": 0.8175165483706059,
        "conscientiousness": 0.6412919066505226,
        "extraversion": 0.4765078851133616,
        "agreeableness": 0.6629366936865122,
        "neuroticism": 0.51279207744851
    },
    "NataliaUkhorskaya": {
        "openness": 0.806758476411859,
        "conscientiousness": 0.674983021074206,
        "extraversion": 0.5160248892269386,
        "agreeableness": 0.6794453331374541,
        "neuroticism": 0.5430882687244596
    },
    "develar": {
        "openness": 0.7878418175837253,
        "conscientiousness": 0.6296476962249155,
        "extraversion": 0.4375324931009776,
        "agreeableness": 0.6737984454158761,
        "neuroticism": 0.47754973240693116
    },
    "zolotov": {
        "openness": 0.7662485823086883,
        "conscientiousness": 0.6207912633171154,
        "extraversion": 0.46276417255283814,
        "agreeableness": 0.6418761346071873,
        "neuroticism": 0.4704533563320214
    },
    "udalov": {
        "openness": 0.824546139821254,
        "conscientiousness": 0.6048070699448826,
        "extraversion": 0.4773075765428402,
        "agreeableness": 0.64228266034848,
        "neuroticism": 0.4861421265781133
    },
    "yole": {
        "openness": 0.8292793205682758,
        "conscientiousness": 0.6359836052174693,
        "extraversion": 0.5104471917463762,
        "agreeableness": 0.6508985696895137,
        "neuroticism": 0.5435801678523672
    },
    "bashor": {
        "openness": 0.7885760029680312,
        "conscientiousness": 0.6323450264810746,
        "extraversion": 0.48374902538506764,
        "agreeableness": 0.6920598423372931,
        "neuroticism": 0.5102132452336471
    },
    "svtk": {
        "openness": 0.8245664564649344,
        "conscientiousness": 0.6164136405285144,
        "extraversion": 0.5538653897909854,
        "agreeableness": 0.6862094959731894,
        "neuroticism": 0.5189458431911368
    },
    "lopekpl": {
        "openness": 0.8170974771065701,
        "conscientiousness": 0.6135938211398706,
        "extraversion": 0.47333367359565526,
        "agreeableness": 0.6965233422553527,
        "neuroticism": 0.4588053502484009
    },
    "univerio": {
        "openness": 0.8191870178704553,
        "conscientiousness": 0.5749164556372781,
        "extraversion": 0.4418103183398689,
        "agreeableness": 0.6374845166653074,
        "neuroticism": 0.4895420111809737
    },
    "sapal": {
        "openness": 0.81304495214205,
        "conscientiousness": 0.5758466573063891,
        "extraversion": 0.43975321941268436,
        "agreeableness": 0.6255936088117144,
        "neuroticism": 0.48959505201804254
    },
    "max-kammerer": {
        "openness": 0.7885414912104767,
        "conscientiousness": 0.598901575908218,
        "extraversion": 0.49420092521104353,
        "agreeableness": 0.6561562447540517,
        "neuroticism": 0.46693165096402733
    },
    "orangy": {
        "openness": 0.8342017386246887,
        "conscientiousness": 0.6140727149852662,
        "extraversion": 0.489077911368064,
        "agreeableness": 0.6391817071181092,
        "neuroticism": 0.5095824800418416
    },
    "kareez": {
        "openness": 0.7821264312167777,
        "conscientiousness": 0.6243144779226505,
        "extraversion": 0.4476271873610992,
        "agreeableness": 0.6340980732999135,
        "neuroticism": 0.46300910201886125
    },
    "asuhan": {
        "openness": 0.8311223201215912,
        "conscientiousness": 0.5920857787657453,
        "extraversion": 0.47425676040927467,
        "agreeableness": 0.6517199789701189,
        "neuroticism": 0.48521134314400494
    },
    "chashnikov": {
        "openness": 0.8166860570102557,
        "conscientiousness": 0.6117392703889277,
        "extraversion": 0.48156178789542003,
        "agreeableness": 0.6698826186043059,
        "neuroticism": 0.4837524447391428
    },
    "voddan": {
        "openness": 0.801252119530597,
        "conscientiousness": 0.5959352252795052,
        "extraversion": 0.45195014824264984,
        "agreeableness": 0.6474419919275587,
        "neuroticism": 0.4773112690946204
    },
    "jrenner": {
        "openness": 0.7866458995043185,
        "conscientiousness": 0.5919186933369948,
        "extraversion": 0.5308883945023994,
        "agreeableness": 0.6440317552936783,
        "neuroticism": 0.48129362439544
    },
    "Stebalien": {
        "openness": 0.8072445887945964,
        "conscientiousness": 0.5542986804332884,
        "extraversion": 0.4229685884566561,
        "agreeableness": 0.6470845210016368,
        "neuroticism": 0.45900941374542514
    },
    "wutalman": {
        "openness": 0.8183155903379343,
        "conscientiousness": 0.5782623055550647,
        "extraversion": 0.4458760494941666,
        "agreeableness": 0.6373136550699252,
        "neuroticism": 0.4780025692504262
    },
    "pkukkapalli": {
        "openness": 0.8075122739717021,
        "conscientiousness": 0.5897996454050854,
        "extraversion": 0.43094633676391525,
        "agreeableness": 0.6073860370163651,
        "neuroticism": 0.4975285129191556
    },
    "gavinkeusch": {
        "openness": 0.8050691779283287,
        "conscientiousness": 0.6633669365763003,
        "extraversion": 0.4572575827380534,
        "agreeableness": 0.703804614961412,
        "neuroticism": 0.5160148774282574
    },
    "zgrannan": {
        "openness": 0.8524485068737481,
        "conscientiousness": 0.6296390103304627,
        "extraversion": 0.47225957384890627,
        "agreeableness": 0.6380557062515646,
        "neuroticism": 0.5488655614248901
    },
    "kuity": {
        "openness": 0.8115082311750357,
        "conscientiousness": 0.6419909831462574,
        "extraversion": 0.49661831633183917,
        "agreeableness": 0.6994724960957746,
        "neuroticism": 0.5092199263160038
    },
    "RossHanson": {
        "openness": 0.8041292889028112,
        "conscientiousness": 0.5716834601688432,
        "extraversion": 0.46387744107287077,
        "agreeableness": 0.6502110619325427,
        "neuroticism": 0.48000031594544923
    },
    "asedunov": {
        "openness": 0.8102856511924411,
        "conscientiousness": 0.6712458268479904,
        "extraversion": 0.5334286597304678,