{
    "jhollingworth": {
        "openness": 0.8212002001425772,
        "conscientiousness": 0.653164551484706,
        "extraversion": 0.5040138718604188,
        "agreeableness": 0.7510313207510031,
        "neuroticism": 0.5510878169620659
    },
    "buzzedword": {
        "openness": 0.8271806343103086,
        "conscientiousness": 0.5919078987245263,
        "extraversion": 0.5029493604418241,
        "agreeableness": 0.6851852916616279,
        "neuroticism": 0.47254449637157836
    },
    "codef0rmer": {
        "openness": 0.8418714411161299,
        "conscientiousness": 0.5823717773565101,
        "extraversion": 0.4762311615378201,
        "agreeableness": 0.662149196472176,
        "neuroticism": 0.4511790907847978
    },
    "sblatnik8": {
        "openness": 0.7746082664057046,
        "conscientiousness": 0.5915527357112298,
        "extraversion": 0.5261005780941262,
        "agreeableness": 0.7301178239275272,
        "neuroticism": 0.44508663557761596
    },
    "EpiFred": {
        "openness": 0.7822873616469544,
        "conscientiousness": 0.6623182292597123,
        "extraversion": 0.5113897188787314,
        "agreeableness": 0.7259856529017714,
        "neuroticism": 0.5390183765482292
    },
    "edslocomb": {
        "openness": 0.8342182373314321,
        "conscientiousness": 0.5890206643686976,
        "extraversion": 0.43514671459260723,
        "agreeableness": 0.6524849707263867,
        "neuroticism": 0.5101831983330111
    },
    "wgroeneveld": {
        "openness": 0.7966805689425065,
        "conscientiousness": 0.5721804397861239,
        "extraversion": 0.5083288530765374,
        "agreeableness": 0.6181922743006258,
        "neuroticism": 0.5007322626609412
    },
    "sams": {
        "openness": 0.8231457869871374,
        "conscientiousness": 0.5935710071349275,
        "extraversion": 0.4962829927881254,
        "agreeableness": 0.6512126032278709,
        "neuroticism": 0.5149687551619486
    },
    "Asherlc": {
        "openness": 0.8109112546902015,
        "conscientiousness": 0.5576686058029979,
        "extraversion": 0.4569909259294179,
        "agreeableness": 0.620183005184771,
        "neuroticism": 0.4803090804745141
    },
    "tmaiaroto": {
        "openness": 0.7696833784184915,
        "conscientiousness": 0.5915000394304151,
        "extraversion": 0.5018684372847131,
        "agreeableness": 0.6327993095730138,
        "neuroticism": 0.5321520760287607
    },
    "Waxolunist": {
        "openness": 0.8180768700393587,
        "conscientiousness": 0.6053530152451246,
        "extraversion": 0.493994770938501,
        "agreeableness": 0.6696808187309748,
        "neuroticism": 0.507472135740035
    },
    "togoenvogue": {
        "openness": 0.770808930220554,
        "conscientiousness": 0.608324142308473,
        "extraversion": 0.5345125695961765,
        "agreeableness": 0.6654737202733565,
        "neuroticism": 0.49252425609908584
    },
    "flamebunny": {
        "openness": 0.7029978287441019,
        "conscientiousness": 0.5570339688857363,
        "extraversion": 0.4991017346059942,
        "agreeableness": 0.6453401133037875,
        "neuroticism": 0.4549729184135159
    },
    "jspiro": {
        "openness": 0.7140647318782939,
        "conscientiousness": 0.5771657460813956,
        "extraversion": 0.5176460183057383,
        "agreeableness": 0.6374458001968867,
        "neuroticism": 0.49326879219128095
    }
}