{
    "jimbojsb": {
        "openness": 0.7381262774777775,
        "conscientiousness": 0.6250301799300323,
        "extraversion": 0.46897493427649467,
        "agreeableness": 0.6608371676658314,
        "neuroticism": 0.4638699101319803
    },
    "henrikbjorn": {
        "openness": 0.780585350895001,
        "conscientiousness": 0.573288523540938,
        "extraversion": 0.49829244629557934,
        "agreeableness": 0.6390236288403047,
        "neuroticism": 0.40280586795327383
    },
    "DandyDev": {
        "openness": 0.7818359555612839,
        "conscientiousness": 0.6307378325044785,
        "extraversion": 0.5432637376144724,
        "agreeableness": 0.6598023199706092,
        "neuroticism": 0.5237508705046693
    },
    "BrianGilbert": {
        "openness": 0.7626743204339635,
        "conscientiousness": 0.5848643799029956,
        "extraversion": 0.5103598117128886,
        "agreeableness": 0.7036164391009592,
        "neuroticism": 0.40520122447478313
    },
    "vicchi": {
        "openness": 0.7689347906346606,
        "conscientiousness": 0.5991656008948267,
        "extraversion": 0.4930843984881307,
        "agreeableness": 0.6279713296511412,
        "neuroticism": 0.4743884703677812
    },
    "andypiper": {
        "openness": 0.7744446533173167,
        "conscientiousness": 0.5308910127828784,
        "extraversion": 0.4689274211400599,
        "agreeableness": 0.602412401100856,
        "neuroticism": 0.4074530087069549
    },
    "sesam": {
        "openness": 0.7941050645871789,
        "conscientiousness": 0.5816554496945668,
        "extraversion": 0.4758478823546286,
        "agreeableness": 0.644407692953165,
        "neuroticism": 0.4858694838914123
    },
    "bulkan": {
        "openness": 0.785707806708461,
        "conscientiousness": 0.6061372698293355,
        "extraversion": 0.5300334763735193,
        "agreeableness": 0.6958052887412892,
        "neuroticism": 0.4004094798390693
    },
    "elgs": {
        "openness": 0.7733601096007028,
        "conscientiousness": 0.5539334854587211,
        "extraversion": 0.4353979035532811,
        "agreeableness": 0.5752954371541693,
        "neuroticism": 0.4788635290931451
    },
    "uhlhosting": {
        "openness": 0.7699386004035489,
        "conscientiousness": 0.5764036113038479,
        "extraversion": 0.4743538401213625,
        "agreeableness": 0.6062297798090726,
        "neuroticism": 0.4720718312644394
    }
}