{
    "yoavst": {
        "openness": 0.8008936781901336,
        "conscientiousness": 0.5749333818888501,
        "extraversion": 0.43050990780843384,
        "agreeableness": 0.6265353351833978,
        "neuroticism": 0.5262857960599958
    },
    "JoanZapata": {
        "openness": 0.803388759954034,
        "conscientiousness": 0.6276633723232974,
        "extraversion": 0.45445471323700604,
        "agreeableness": 0.6623280971150758,
        "neuroticism": 0.5423133032708827
    },
    "GuilhE": {
        "openness": 0.747767846986749,
        "conscientiousness": 0.5543762189614456,
        "extraversion": 0.45873303449344893,
        "agreeableness": 0.6545015107788958,
        "neuroticism": 0.4132420513419194
    },
    "montreux": {
        "openness": 0.7535967488962823,
        "conscientiousness": 0.5488293658390138,
        "extraversion": 0.4673769540173545,
        "agreeableness": 0.6168392432172056,
        "neuroticism": 0.49901778546198017
    },
    "sush4042": {
        "openness": 0.815717266206923,
        "conscientiousness": 0.6674932136373538,
        "extraversion": 0.520023348064682,
        "agreeableness": 0.7109510820405358,
        "neuroticism": 0.5277502122183868
    },
    "liugt34": {
        "openness": 0.7035692864313984,
        "conscientiousness": 0.5887660966686519,
        "extraversion": 0.48737938299037586,
        "agreeableness": 0.6978848106375014,
        "neuroticism": 0.42754050751414174
    },
    "wushipan123": {
        "openness": 0.735381427424213,
        "conscientiousness": 0.594544521648205,
        "extraversion": 0.5008979079064197,
        "agreeableness": 0.6911224289000535,
        "neuroticism": 0.37231126068690196
    },
    "vinaysasalatti-android": {
        "openness": 0.7794057908193964,
        "conscientiousness": 0.6608657335126431,
        "extraversion": 0.5580414113298185,
        "agreeableness": 0.6499489874477568,
        "neuroticism": 0.5841154163396397
    },
    "johan12345": {
        "openness": 0.8143586875876728,
        "conscientiousness": 0.6134273578969139,
        "extraversion": 0.38982798073372965,
        "agreeableness": 0.5740941275071512,
        "neuroticism": 0.548142726793058
    },
    "RoelRoel": {
        "openness": 0.7377047894421467,
        "conscientiousness": 0.5599504278110496,
        "extraversion": 0.4417274837382996,
        "agreeableness": 0.6268825424427612,
        "neuroticism": 0.463950757362953
    },
    "dharmakshetri": {
        "openness": 0.7986668663295665,
        "conscientiousness": 0.5986600758886902,
        "extraversion": 0.5132713371478943,
        "agreeableness": 0.6955141661940578,
        "neuroticism": 0.4521421537760164
    },
    "ashwinbhaskar": {
        "openness": 0.7408032880826618,
        "conscientiousness": 0.5603179708432908,
        "extraversion": 0.4548246437472877,
        "agreeableness": 0.6290990305313573,
        "neuroticism": 0.471965889515947
    },
    "bakonMa": {
        "openness": 0.7015107988736122,
        "conscientiousness": 0.5649281225836087,
        "extraversion": 0.45663744700403663,
        "agreeableness": 0.6614716316900746,
        "neuroticism": 0.40492853274375135
    },
    "Awdhesh": {
        "openness": 0.7205761800022411,
        "conscientiousness": 0.5814245722497826,
        "extraversion": 0.48852302776537126,
        "agreeableness": 0.6922621092606974,
        "neuroticism": 0.4344160737298482
    },
    "Kresshy": {
        "openness": 0.7318763362164962,
        "conscientiousness": 0.5711875328961203,
        "extraversion": 0.4715758371739058,
        "agreeableness": 0.6737215014642736,
        "neuroticism": 0.4553470823224833
    },
    "floouuu": {
        "openness": 0.7653567601161616,
        "conscientiousness": 0.5595380359915627,
        "extraversion": 0.4807838500146933,
        "agreeableness": 0.6351714874190266,
        "neuroticism": 0.44652132786985116
    },
    "hkarakose": {
        "openness": 0.7329540148394902,
        "conscientiousness": 0.599556455986603,
        "extraversion": 0.4279370059994419,
        "agreeableness": 0.6356671694728634,
        "neuroticism": 0.509572829312222
    },
    "mengxiaojie": {
        "openness": 0.7117120276005275,
        "conscientiousness": 0.5733508006386646,
        "extraversion": 0.4716140690814487,
        "agreeableness": 0.6751891866054279,
        "neuroticism": 0.43207580899868325
    },
    "nnttoo": {
        "openness": 0.7312568375900199,
        "conscientiousness": 0.5637636940623425,
        "extraversion": 0.4544226312625973,
        "agreeableness": 0.6559175234852437,
        "neuroticism": 0.4160011297652804
    },
    "sssvrock": {
        "openness": 0.7412905106998083,
        "conscientiousness": 0.5790102380710996,
        "extraversion": 0.4562092692995781,
        "agreeableness": 0.6467409430958923,
        "neuroticism": 0.49788999732238737
    },
    "dimanych": {
        "openness": 0.7897564304930768,
        "conscientiousness": 0.6300903373953481,
        "extraversion": 0.4555556532803131,
        "agreeableness": 0.6684740697377097,
        "neuroticism": 0.5071918308034834
    },
    "KostyaBakay": {
        "openness": 0.7667405423120848,
        "conscientiousness": 0.6070543377692125,
        "extraversion": 0.47559934852779717,
        "agreeableness": 0.6947615027601788,
        "neuroticism": 0.4421017509167001
    },
    "Pommes9485": {
        "openness": 0.8057701849275289,
        "conscientiousness": 0.572002949763215,
        "extraversion": 0.36322848509291517,
        "agreeableness": 0.5672424578894533,
        "neuroticism": 0.5390835449809073
    },
    "lanceschi": {
        "openness": 0.7295782153140213,
        "conscientiousness": 0.5684460924173633,
        "extraversion": 0.4689930186585731,
        "agreeableness": 0.6577096754565187,
        "neuroticism": 0.460154470587282
    },
    "Sunycha": {
        "openness": 0.7340154887462136,
        "conscientiousness": 0.5669639890611364,
        "extraversion": 0.4819491136506685,
        "agreeableness": 0.6495938883744606,
        "neuroticism": 0.4719593744491455
    },
    "ChubyAvodroc": {
        "openness": 0.8133585752879108,
        "conscientiousness": 0.5963651456018937,
        "extraversion": 0.4902071757076412,
        "agreeableness": 0.6633303196377681,
        "neuroticism": 0.4966813304505794
    },
    "gaao2017": {
        "openness": 0.7134333440090719,
        "conscientiousness": 0.5857611931344364,
        "extraversion": 0.4757699821100915,
        "agreeableness": 0.6874928474029103,
        "neuroticism": 0.4331276165215783
    }
}