{
    "johannilsson": {
        "openness": 0.8026459898708331,
        "conscientiousness": 0.6519670971441386,
        "extraversion": 0.47933644963542166,
        "agreeableness": 0.7127270710264422,
        "neuroticism": 0.5363336694305025
    },
    "mattg1981": {
        "openness": 0.8114604575897708,
        "conscientiousness": 0.5696572313809217,
        "extraversion": 0.508127166213733,
        "agreeableness": 0.6170134983215447,
        "neuroticism": 0.4707410419991811
    },
    "MantaMay": {
        "openness": 0.802803262428805,
        "conscientiousness": 0.6546843920317155,
        "extraversion": 0.48224591159790253,
        "agreeableness": 0.6486989574905853,
        "neuroticism": 0.5321291025938639
    },
    "ened": {
        "openness": 0.7765457783635749,
        "conscientiousness": 0.5475686446843581,
        "extraversion": 0.47446512943970304,
        "agreeableness": 0.6128039413339144,
        "neuroticism": 0.40350779504795514
    },
    "AllenCoder": {
        "openness": 0.7295065537467434,
        "conscientiousness": 0.5880600599826719,
        "extraversion": 0.4993666404379232,
        "agreeableness": 0.6974288090134436,
        "neuroticism": 0.45634326102916434
    },
    "baris3437": {
        "openness": 0.7105538460121299,
        "conscientiousness": 0.5960988179657392,
        "extraversion": 0.496245806773536,
        "agreeableness": 0.7041422340770597,
        "neuroticism": 0.4445845783042592
    },
    "alexfu": {
        "openness": 0.8261988546365422,
        "conscientiousness": 0.6023846054713755,
        "extraversion": 0.4817910637825651,
        "agreeableness": 0.6113829417466556,
        "neuroticism": 0.5453436345108196
    },
    "LaSprezz": {
        "openness": 0.8032888773061782,
        "conscientiousness": 0.6070145533384075,
        "extraversion": 0.4915466078475993,
        "agreeableness": 0.6353447764670292,
        "neuroticism": 0.5186540307348555
    },
    "DavidTPate": {
        "openness": 0.8261786893386855,
        "conscientiousness": 0.6187206973916486,
        "extraversion": 0.5167211139880336,
        "agreeableness": 0.6366876349990724,
        "neuroticism": 0.5389467199971948
    },
    "rakey": {
        "openness": 0.778627719455031,
        "conscientiousness": 0.5443411532255464,
        "extraversion": 0.5612868215475323,
        "agreeableness": 0.6261184218561966,
        "neuroticism": 0.4913363557087457
    }
}