{
    "elinw": {
        "openness": 0.8349565575483736,
        "conscientiousness": 0.6259779272077881,
        "extraversion": 0.4816614475983112,
        "agreeableness": 0.6554081869143696,
        "neuroticism": 0.5315356074935697
    },
    "eddieajau": {
        "openness": 0.8201910898235545,
        "conscientiousness": 0.6225717600134775,
        "extraversion": 0.4965337438888885,
        "agreeableness": 0.6551718213030439,
        "neuroticism": 0.5307370299103324
    },
    "LouisLandry": {
        "openness": 0.8137668181003495,
        "conscientiousness": 0.6286555160226163,
        "extraversion": 0.48435998396782204,
        "agreeableness": 0.6768049356542268,
        "neuroticism": 0.5012662530467558
    },
    "realityking": {
        "openness": 0.8082656593597305,
        "conscientiousness": 0.5974663250977637,
        "extraversion": 0.4597662083740287,
        "agreeableness": 0.6414818427901591,
        "neuroticism": 0.5121564036336606
    },
    "Paladin": {
        "openness": 0.8034456515846694,
        "conscientiousness": 0.5990302679942583,
        "extraversion": 0.4523932254071624,
        "agreeableness": 0.6316828500872629,
        "neuroticism": 0.5232667621144671
    },
    "piotr-cz": {
        "openness": 0.8122293756251527,
        "conscientiousness": 0.5858150508724747,
        "extraversion": 0.5146191970640293,
        "agreeableness": 0.6379342358463236,
        "neuroticism": 0.491268961758964
    },
    "rvsjoen": {
        "openness": 0.8293743091379113,
        "conscientiousness": 0.6052218812632885,
        "extraversion": 0.4636768417535871,
        "agreeableness": 0.5983581787320786,
        "neuroticism": 0.533753599782343
    },
    "jonnsl": {
        "openness": 0.8103758524292636,
        "conscientiousness": 0.5923703204843883,
        "extraversion": 0.4311463862699198,
        "agreeableness": 0.5811740034304245,
        "neuroticism": 0.5336331720837149
    },
    "klas": {
        "openness": 0.7943531347023234,
        "conscientiousness": 0.6016713299783305,
        "extraversion": 0.513703096500113,
        "agreeableness": 0.6162175677312485,
        "neuroticism": 0.4951869891566766
    },
    "AmyStephen": {
        "openness": 0.8232810200691985,
        "conscientiousness": 0.6251465287671825,
        "extraversion": 0.4990691325740112,
        "agreeableness": 0.6496328384021222,
        "neuroticism": 0.5326789221739463
    },
    "mahagr": {
        "openness": 0.8127187391032726,
        "conscientiousness": 0.5902201682467223,
        "extraversion": 0.47346518145389194,
        "agreeableness": 0.6133885450529541,
        "neuroticism": 0.5173516423678985
    },
    "mbabker": {
        "openness": 0.8176914077013466,
        "conscientiousness": 0.6028320841727592,
        "extraversion": 0.49034536163181247,
        "agreeableness": 0.6044314308230241,
        "neuroticism": 0.5419019089875019
    },
    "parthlawate": {
        "openness": 0.7917385760155716,
        "conscientiousness": 0.6887573192638954,
        "extraversion": 0.5557251356609356,
        "agreeableness": 0.7034304024879832,
        "neuroticism": 0.5365800214918319
    },
    "Hackwar": {
        "openness": 0.827355880096239,
        "conscientiousness": 0.6147222403954302,
        "extraversion": 0.4669654998263927,
        "agreeableness": 0.6191116470471076,
        "neuroticism": 0.5131191987021367
    },
    "chdemko": {
        "openness": 0.7975117059803271,
        "conscientiousness": 0.6168331006726422,
        "extraversion": 0.4783157282744184,
        "agreeableness": 0.5982631073863137,
        "neuroticism": 0.5409961299648802
    },
    "gpongelli": {
        "openness": 0.7989946065453107,
        "conscientiousness": 0.5889754000517853,
        "extraversion": 0.4745636329841626,
        "agreeableness": 0.6324171259462605,
        "neuroticism": 0.47920328776080967
    },
    "ianmacl": {
        "openness": 0.7944781999664889,
        "conscientiousness": 0.6260653020856785,
        "extraversion": 0.4350837869839629,
        "agreeableness": 0.5850773624160653,
        "neuroticism": 0.48771959935343745
    },
    "elkuku": {
        "openness": 0.8133707191682927,
        "conscientiousness": 0.60233640525618,
        "extraversion": 0.47240566322052435,
        "agreeableness": 0.6295309442328464,
        "neuroticism": 0.5247479129545344
    },
    "aaronschmitz": {
        "openness": 0.8114836282784167,
        "conscientiousness": 0.5869663957614698,
        "extraversion": 0.4598013709746438,
        "agreeableness": 0.6247354785826742,
        "neuroticism": 0.491645586098276
    },
    "WebMechanic": {
        "openness": 0.8109674000673384,
        "conscientiousness": 0.5821386533920704,
        "extraversion": 0.487218560656259,
        "agreeableness": 0.6201350859949402,
        "neuroticism": 0.49997008967677226
    },
    "joomla-jenkins": {
        "openness": 0.8397932258281255,
        "conscientiousness": 0.6083294835702949,
        "extraversion": 0.5065422390821295,
        "agreeableness": 0.6801417293128845,
        "neuroticism": 0.4757068803084883
    },
    "jlover": {
        "openness": 0.767806716891242,
        "conscientiousness": 0.5955115502280913,
        "extraversion": 0.5081313239306015,
        "agreeableness": 0.6808077915443429,
        "neuroticism": 0.513623296327281
    },
    "vietvh": {
        "openness": 0.8118526803163666,
        "conscientiousness": 0.6090040247570034,
        "extraversion": 0.4913505135495134,
        "agreeableness": 0.6259784584800615,
        "neuroticism": 0.4912565892047676
    },
    "pasamio": {
        "openness": 0.8284547258552795,
        "conscientiousness": 0.5976597797038997,
        "extraversion": 0.4750415305799944,
        "agreeableness": 0.6273590380128882,
        "neuroticism": 0.5324640752402833
    },
    "nikosdion": {
        "openness": 0.8217129474657056,
        "conscientiousness": 0.5926796546061817,
        "extraversion": 0.48776402342874936,
        "agreeableness": 0.6254162040925764,
        "neuroticism": 0.5115250588994689
    },
    "tompap": {
        "openness": 0.8372915001738448,
        "conscientiousness": 0.5765367772491917,
        "extraversion": 0.464981905334255,
        "agreeableness": 0.6256748356716901,
        "neuroticism": 0.5190796948723448
    },
    "marcel-kanter": {
        "openness": 0.8314029059986873,
        "conscientiousness": 0.6249020055143298,
        "extraversion": 0.4740963487487644,
        "agreeableness": 0.5818307103534868,
        "neuroticism": 0.5514785369803872
    },
    "ghost": {
        "openness": 0.8096672707226005,
        "conscientiousness": 0.5823697170112316,
        "extraversion": 0.4775656099754041,
        "agreeableness": 0.6105370448454104,
        "neuroticism": 0.5099578417849602
    },
    "jmcameron": {
        "openness": 0.8133047453164773,
        "conscientiousness": 0.6268663682325368,
        "extraversion": 0.49040178456804034,
        "agreeableness": 0.6383073033349149,
        "neuroticism": 0.5320144963700416
    },
    "fastslack": {
        "openness": 0.7901361893074288,
        "conscientiousness": 0.5883422101649058,
        "extraversion": 0.5178263988961317,
        "agreeableness": 0.6244796981468654,
        "neuroticism": 0.5318819538210415
    },
    "tampe125": {
        "openness": 0.8004563212293979,
        "conscientiousness": 0.6256126768347289,
        "extraversion": 0.4567346373312393,
        "agreeableness": 0.7006255281716414,
        "neuroticism": 0.48435526195873724
    },
    "juliopontes": {
        "openness": 0.7922161413530611,
        "conscientiousness": 0.5984795466066126,
        "extraversion": 0.4948884984526949,
        "agreeableness": 0.6446776456151079,
        "neuroticism": 0.48481647822832635
    },
    "Denitz": {
        "openness": 0.8032785985754674,
        "conscientiousness": 0.5764304416009245,
        "extraversion": 0.4865203154543362,