{
    "jp9000": {
        "openness": 0.8029023679874792,
        "conscientiousness": 0.6025354296514565,
        "extraversion": 0.46251284595264996,
        "agreeableness": 0.6904454096020951,
        "neuroticism": 0.4908501356263006
    },
    "notr1ch": {
        "openness": 0.7990400061083189,
        "conscientiousness": 0.6298801873866191,
        "extraversion": 0.49279333291576366,
        "agreeableness": 0.6588194133177445,
        "neuroticism": 0.5607976257272269
    },
    "bilhamil": {
        "openness": 0.8422235714376587,
        "conscientiousness": 0.6225300022312619,
        "extraversion": 0.5053133228882498,
        "agreeableness": 0.6609076900126536,
        "neuroticism": 0.4863944107245924
    },
    "mufunyo": {
        "openness": 0.8520267789857725,
        "conscientiousness": 0.5746554208843905,
        "extraversion": 0.5154043484639201,
        "agreeableness": 0.6575420139022419,
        "neuroticism": 0.48447936719642226
    },
    "Warchamp7": {
        "openness": 0.8442006954763661,
        "conscientiousness": 0.5433494249945464,
        "extraversion": 0.4807519831669286,
        "agreeableness": 0.6378802279669091,
        "neuroticism": 0.46885764631787163
    },
    "Jack0r": {
        "openness": 0.8305701082495964,
        "conscientiousness": 0.6224462161063702,
        "extraversion": 0.47243122607718807,
        "agreeableness": 0.6923965616761748,
        "neuroticism": 0.5227795075232519
    },
    "palana": {
        "openness": 0.7985120365029348,
        "conscientiousness": 0.5974852327732365,
        "extraversion": 0.5184779691911579,
        "agreeableness": 0.6773763351714518,
        "neuroticism": 0.5042159413888433
    },
    "shousa": {
        "openness": 0.8266261194995194,
        "conscientiousness": 0.6134302221476956,
        "extraversion": 0.5142435259115441,
        "agreeableness": 0.6483145047767289,
        "neuroticism": 0.5292056623001944
    },
    "Gol-D-Ace": {
        "openness": 0.793445873010687,
        "conscientiousness": 0.6519272281612314,
        "extraversion": 0.49682700120466594,
        "agreeableness": 0.7191408409174869,
        "neuroticism": 0.525248375256957
    },
    "dodgepong": {
        "openness": 0.8410462087437388,
        "conscientiousness": 0.6454607807009878,
        "extraversion": 0.5044980511463353,
        "agreeableness": 0.6763026432346511,
        "neuroticism": 0.5331455646348296
    },
    "spangleb": {
        "openness": 0.8102113473080169,
        "conscientiousness": 0.5637261310658849,
        "extraversion": 0.509192110879122,
        "agreeableness": 0.6557540836524544,
        "neuroticism": 0.5253650503301752
    },
    "Glought": {
        "openness": 0.8265824404728913,
        "conscientiousness": 0.5921975017355396,
        "extraversion": 0.4474023299134236,
        "agreeableness": 0.6214512172827686,
        "neuroticism": 0.5012432770919334
    }
}