{
    "jpillora": {
        "openness": 0.780755780695673,
        "conscientiousness": 0.6090839114985763,
        "extraversion": 0.5222596231121688,
        "agreeableness": 0.6410239572362597,
        "neuroticism": 0.534671184824669
    },
    "abraiante": {
        "openness": 0.7993902239217338,
        "conscientiousness": 0.6045900736459168,
        "extraversion": 0.5832132264341798,
        "agreeableness": 0.6338759289067994,
        "neuroticism": 0.5962146619303942
    },
    "MatejKovacic": {
        "openness": 0.7520824467669648,
        "conscientiousness": 0.603974991836948,
        "extraversion": 0.519186588662915,
        "agreeableness": 0.641098404584324,
        "neuroticism": 0.5345102084035207
    },
    "aus": {
        "openness": 0.779883178633332,
        "conscientiousness": 0.641529709383236,
        "extraversion": 0.4985150268655056,
        "agreeableness": 0.6518019571847092,
        "neuroticism": 0.6157826737442638
    }
}