{
    "jordanbtucker": {
        "openness": 0.821982827689475,
        "conscientiousness": 0.5849688723673035,
        "extraversion": 0.471955300525844,
        "agreeableness": 0.6235208405915108,
        "neuroticism": 0.498421691675689
    },
    "aseemk": {
        "openness": 0.8141287714651564,
        "conscientiousness": 0.604529401031638,
        "extraversion": 0.5032528450113373,
        "agreeableness": 0.6989391551184042,
        "neuroticism": 0.5001594880378009
    },
    "rlidwka": {
        "openness": 0.8165074025552996,
        "conscientiousness": 0.5672109105117503,
        "extraversion": 0.47502059166692856,
        "agreeableness": 0.6570224876457751,
        "neuroticism": 0.4613369579342488
    },
    "MaxNanasy": {
        "openness": 0.7961030351703,
        "conscientiousness": 0.5245088761082196,
        "extraversion": 0.4237620831839837,
        "agreeableness": 0.6225103957281668,
        "neuroticism": 0.4349299384743651
    },
    "ForbesLindesay": {
        "openness": 0.8198915931688258,
        "conscientiousness": 0.611525495575486,
        "extraversion": 0.5133859702884447,
        "agreeableness": 0.6588616737766837,
        "neuroticism": 0.5259127505454544
    },
    "ashmind": {
        "openness": 0.8408082438366267,
        "conscientiousness": 0.563360879770943,
        "extraversion": 0.5671565550502042,
        "agreeableness": 0.6275629064882895,
        "neuroticism": 0.48859591549367354
    },
    "tracker1": {
        "openness": 0.7933220966996382,
        "conscientiousness": 0.5723878214272756,
        "extraversion": 0.4628938103418452,
        "agreeableness": 0.5975278944357956,
        "neuroticism": 0.4915465425807869
    },
    "icefoxen": {
        "openness": 0.8222734451500833,
        "conscientiousness": 0.5436342980345718,
        "extraversion": 0.4786507132335259,
        "agreeableness": 0.6267999247058034,
        "neuroticism": 0.4593709131651167
    },
    "davidwkeith": {
        "openness": 0.8148811547900788,
        "conscientiousness": 0.5607248151622134,
        "extraversion": 0.47901911713290013,
        "agreeableness": 0.643169844147236,
        "neuroticism": 0.44146193716121795
    },
    "ajlopez": {
        "openness": 0.76792843884038,
        "conscientiousness": 0.623207247972883,
        "extraversion": 0.43365085937921616,
        "agreeableness": 0.6018704738025717,
        "neuroticism": 0.5008962294950206
    },
    "aeisenberg": {
        "openness": 0.8034908253422346,
        "conscientiousness": 0.6242550309633074,
        "extraversion": 0.5276690976833807,
        "agreeableness": 0.6833544065862158,
        "neuroticism": 0.50263243777898
    },
    "Midar": {
        "openness": 0.8392108899477164,
        "conscientiousness": 0.5744531597724213,
        "extraversion": 0.4505892488095403,
        "agreeableness": 0.6543955280220843,
        "neuroticism": 0.49471500820440495
    },
    "williamkapke": {
        "openness": 0.8393041849294799,
        "conscientiousness": 0.5867038625622394,
        "extraversion": 0.4749682921338675,
        "agreeableness": 0.6404421119949697,
        "neuroticism": 0.5054316956983443
    },
    "jasonswearingen": {
        "openness": 0.804835534939987,
        "conscientiousness": 0.6201590627715512,
        "extraversion": 0.5284268271946075,
        "agreeableness": 0.6700936896235736,
        "neuroticism": 0.507083633720117
    },
    "darcyparker": {
        "openness": 0.8242269932635842,
        "conscientiousness": 0.5682948500354094,
        "extraversion": 0.46176170079897405,
        "agreeableness": 0.6495061571099385,
        "neuroticism": 0.47945920159060573
    },
    "dpashkevich": {
        "openness": 0.8042270918942374,
        "conscientiousness": 0.5676089879300773,
        "extraversion": 0.5001409042400123,
        "agreeableness": 0.6628950371772315,
        "neuroticism": 0.5099630216128223
    },
    "tarlepp": {
        "openness": 0.7558795977680043,
        "conscientiousness": 0.5896457129946258,
        "extraversion": 0.4952927522099744,
        "agreeableness": 0.6679910313995261,
        "neuroticism": 0.4085065605455558
    },
    "rowanhill": {
        "openness": 0.7857165869362973,
        "conscientiousness": 0.5771230804304935,
        "extraversion": 0.4875418096169579,
        "agreeableness": 0.7509000036299235,
        "neuroticism": 0.4186301463571502
    },
    "kylpo": {
        "openness": 0.803708606102425,
        "conscientiousness": 0.5638039364003673,
        "extraversion": 0.508861922262345,
        "agreeableness": 0.6725722904431093,
        "neuroticism": 0.4882866683048759
    },
    "amb26": {
        "openness": 0.8345969598793076,
        "conscientiousness": 0.5896696838038885,
        "extraversion": 0.4635992812549233,
        "agreeableness": 0.670305960854183,
        "neuroticism": 0.4748224998339369
    },
    "sandermarechal": {
        "openness": 0.7194267743010767,
        "conscientiousness": 0.5807592148428302,
        "extraversion": 0.49787919909549155,
        "agreeableness": 0.6921259502681261,
        "neuroticism": 0.45033202942764317
    },
    "piranna": {
        "openness": 0.8402736624694364,
        "conscientiousness": 0.5841901116642058,
        "extraversion": 0.48935490780984514,
        "agreeableness": 0.6419974812651936,
        "neuroticism": 0.4891110746567745
    },
    "AlexDaniel": {
        "openness": 0.8284051384421485,
        "conscientiousness": 0.5691928791439046,
        "extraversion": 0.45455342809790206,
        "agreeableness": 0.6958031430736029,
        "neuroticism": 0.438049698206046
    },
    "bcowgill": {
        "openness": 0.8310558767765339,
        "conscientiousness": 0.6093077099714179,
        "extraversion": 0.5041704293863134,
        "agreeableness": 0.6908943698625786,
        "neuroticism": 0.5604085731274651
    },
    "seagreen": {
        "openness": 0.8149293962296061,
        "conscientiousness": 0.5804201478676136,
        "extraversion": 0.4599433884465297,
        "agreeableness": 0.6848424316825885,
        "neuroticism": 0.464488253110504
    },
    "d-frey": {
        "openness": 0.7552043681355151,
        "conscientiousness": 0.6213541828405039,
        "extraversion": 0.49895655388061894,
        "agreeableness": 0.6820714176611249,
        "neuroticism": 0.4909775985111763
    },
    "dreftymac": {
        "openness": 0.841761593729484,
        "conscientiousness": 0.585594633782324,
        "extraversion": 0.465654343780575,
        "agreeableness": 0.6099153568740785,
        "neuroticism": 0.42734175617721193
    },
    "tidde": {
        "openness": 0.8672087809531115,
        "conscientiousness": 0.5549816693875442,
        "extraversion": 0.5242073581474578,
        "agreeableness": 0.6242453362827787,
        "neuroticism": 0.4676591124582259
    },
    "lifuzu": {
        "openness": 0.7992256308877728,
        "conscientiousness": 0.6199890117695048,
        "extraversion": 0.4816601301142903,
        "agreeableness": 0.6211481874287197,
        "neuroticism": 0.5300104111604855
    }
}