{
    "alloy": {
        "openness": 0.81098774421131,
        "conscientiousness": 0.6466673906587218,
        "extraversion": 0.4897930711023286,
        "agreeableness": 0.6677637077648326,
        "neuroticism": 0.5558100384270555
    },
    "julienXX": {
        "openness": 0.7953610560933856,
        "conscientiousness": 0.6145414521762738,
        "extraversion": 0.4773218628692901,
        "agreeableness": 0.6719664769694149,
        "neuroticism": 0.5243434498988535
    },
    "vitorgalvao": {
        "openness": 0.800884348126491,
        "conscientiousness": 0.6137957542786584,
        "extraversion": 0.46880079069140124,
        "agreeableness": 0.6379747355543166,
        "neuroticism": 0.529406418611334
    },
    "jeremymatthews": {
        "openness": 0.8039850202652252,
        "conscientiousness": 0.5748418828560613,
        "extraversion": 0.48489078015531284,
        "agreeableness": 0.6398023967488564,
        "neuroticism": 0.5071648699682043
    },
    "gtg922r": {
        "openness": 0.8105939493949973,
        "conscientiousness": 0.5782558114153689,
        "extraversion": 0.5119948147487452,
        "agreeableness": 0.6750553209800113,
        "neuroticism": 0.4415606802779616
    },
    "jamesmortensen": {
        "openness": 0.8132272030784766,
        "conscientiousness": 0.5553611531985313,
        "extraversion": 0.4527332855150922,
        "agreeableness": 0.6603982031200162,
        "neuroticism": 0.463318900527433
    },
    "Raffo": {
        "openness": 0.7135613017604154,
        "conscientiousness": 0.6192548626018418,
        "extraversion": 0.5028076565391548,
        "agreeableness": 0.7018440944287178,
        "neuroticism": 0.4329412122659968
    },
    "JayBrown": {
        "openness": 0.8083669277192765,
        "conscientiousness": 0.5720680928550926,
        "extraversion": 0.4673083034499548,
        "agreeableness": 0.5914282320528536,
        "neuroticism": 0.5223230884134821
    },
    "1-61803": {
        "openness": 0.7742878817858236,
        "conscientiousness": 0.5612706919822538,
        "extraversion": 0.4844911529462641,
        "agreeableness": 0.6202457859011656,
        "neuroticism": 0.46303313977138383
    },
    "rr0ss0rr": {
        "openness": 0.7973496979618864,
        "conscientiousness": 0.5968774793781626,
        "extraversion": 0.5362933114691489,
        "agreeableness": 0.676342107720197,
        "neuroticism": 0.5234168276919358
    },
    "denschub": {
        "openness": 0.7150500497272448,
        "conscientiousness": 0.6190231769709162,
        "extraversion": 0.49830866897346354,
        "agreeableness": 0.6990613441998584,
        "neuroticism": 0.4209989487722607
    }
}