{
    "gka": {
        "openness": 0.8063631533608676,
        "conscientiousness": 0.5698934122184585,
        "extraversion": 0.45338107432258656,
        "agreeableness": 0.5959828354774748,
        "neuroticism": 0.5237387923782929
    },
    "ggercek": {
        "openness": 0.7665900575567718,
        "conscientiousness": 0.5921298811719601,
        "extraversion": 0.507006527679597,
        "agreeableness": 0.624250188884468,
        "neuroticism": 0.5549531179743484
    }
}