{
    "kattrali": {
        "openness": 0.8131107357795555,
        "conscientiousness": 0.6652316817315886,
        "extraversion": 0.4853734587754485,
        "agreeableness": 0.6854586865309953,
        "neuroticism": 0.5470701918055736
    },
    "brennanMKE": {
        "openness": 0.8019385290304181,
        "conscientiousness": 0.5960318320433929,
        "extraversion": 0.4461735216278933,
        "agreeableness": 0.643754861429239,
        "neuroticism": 0.5222669015829127
    }
}