{
    "kenkeiter": {
        "openness": 0.8105368333028282,
        "conscientiousness": 0.6167993809496533,
        "extraversion": 0.49031352629176694,
        "agreeableness": 0.6459248058908377,
        "neuroticism": 0.532391404809526
    },
    "jarthod": {
        "openness": 0.7944553360079954,
        "conscientiousness": 0.5547698613295726,
        "extraversion": 0.43595022476864936,
        "agreeableness": 0.5800991773040378,
        "neuroticism": 0.4634440926941018
    },
    "sjoness": {
        "openness": 0.7407771495289203,
        "conscientiousness": 0.5583916270747882,
        "extraversion": 0.45856997768494756,
        "agreeableness": 0.6136866878111107,
        "neuroticism": 0.47364512365457645
    },
    "shandy-bixly": {
        "openness": 0.7797648528521136,
        "conscientiousness": 0.6172845515998066,
        "extraversion": 0.5514628620990737,
        "agreeableness": 0.6603573803392674,
        "neuroticism": 0.5294870552699167
    },
    "bi1yeu": {
        "openness": 0.7609392753543861,
        "conscientiousness": 0.5793825681471522,
        "extraversion": 0.4729457968871798,
        "agreeableness": 0.5901818851270738,
        "neuroticism": 0.46284355100508134
    },
    "vanerleo": {
        "openness": 0.759812772605303,
        "conscientiousness": 0.5995431557415498,
        "extraversion": 0.514947704315291,
        "agreeableness": 0.66341290447197,
        "neuroticism": 0.4882105377403706
    },
    "tangoNine": {
        "openness": 0.801641872645019,
        "conscientiousness": 0.6178222560159276,
        "extraversion": 0.5105936307022348,
        "agreeableness": 0.6451810401556377,
        "neuroticism": 0.5630131829969354
    }
}