{
    "crosbymichael": {
        "openness": 0.7732166247354008,
        "conscientiousness": 0.651307622448008,
        "extraversion": 0.48379199779580917,
        "agreeableness": 0.6480249431642208,
        "neuroticism": 0.5557857294395648
    },
    "bettse": {
        "openness": 0.7970693547727461,
        "conscientiousness": 0.546115590874725,
        "extraversion": 0.4316252773850512,
        "agreeableness": 0.6609045122580388,
        "neuroticism": 0.455506234221948
    },
    "kevana": {
        "openness": 0.8107731839067801,
        "conscientiousness": 0.6237179037517763,
        "extraversion": 0.4782323864904613,
        "agreeableness": 0.6213964663433484,
        "neuroticism": 0.535142315348369
    },
    "deviantony": {
        "openness": 0.7605673864303576,
        "conscientiousness": 0.5854590837779237,
        "extraversion": 0.4629827891174197,
        "agreeableness": 0.6302140682567053,
        "neuroticism": 0.5067657932971931
    }
}