{
    "lifesinger": {
        "openness": 0.7942953167775708,
        "conscientiousness": 0.5722073904159265,
        "extraversion": 0.510654894368222,
        "agreeableness": 0.6560811389396606,
        "neuroticism": 0.4784172241131701
    },
    "yiminghe": {
        "openness": 0.7556653357958261,
        "conscientiousness": 0.59200533414107,
        "extraversion": 0.49508500816007056,
        "agreeableness": 0.6500508325052856,
        "neuroticism": 0.47288343573419855
    }
}