{
    "KrauseFx": {
        "openness": 0.8229568276232522,
        "conscientiousness": 0.6550425534972124,
        "extraversion": 0.497989246293314,
        "agreeableness": 0.6616200781577823,
        "neuroticism": 0.5699501842341068
    },
    "bosvard": {
        "openness": 0.7544847707174327,
        "conscientiousness": 0.5807522105429199,
        "extraversion": 0.5477643889136542,
        "agreeableness": 0.6606191319900616,
        "neuroticism": 0.4939430440273295
    },
    "brooly": {
        "openness": 0.8417373113083262,
        "conscientiousness": 0.6014341360120347,
        "extraversion": 0.4957210746334806,
        "agreeableness": 0.6470950922529535,
        "neuroticism": 0.502834075707109
    },
    "lostincode": {
        "openness": 0.8172882125069703,
        "conscientiousness": 0.63672410330276,
        "extraversion": 0.4827394622559195,
        "agreeableness": 0.676914408536966,
        "neuroticism": 0.5212805438294881
    },
    "nnhubbard": {
        "openness": 0.7938575555933219,
        "conscientiousness": 0.6322592736136251,
        "extraversion": 0.507313734643573,
        "agreeableness": 0.6152935907626381,
        "neuroticism": 0.5513673122762499
    },
    "ghost": {
        "openness": 0.8054583914851778,
        "conscientiousness": 0.6070910976037383,
        "extraversion": 0.4953822215968999,
        "agreeableness": 0.6262215787804252,
        "neuroticism": 0.5147128274591044
    },
    "Pierre46": {
        "openness": 0.7540903613285902,
        "conscientiousness": 0.6264229134288083,
        "extraversion": 0.5159330903610365,
        "agreeableness": 0.7149624024514565,
        "neuroticism": 0.5630464931558925
    },
    "mRs-": {
        "openness": 0.8209780820742744,
        "conscientiousness": 0.6019574494454633,
        "extraversion": 0.46927959058185353,
        "agreeableness": 0.6278998136672094,
        "neuroticism": 0.5099187258741066
    },
    "jcarbaugh": {
        "openness": 0.8103369265585236,
        "conscientiousness": 0.5644841183977924,
        "extraversion": 0.5324998954044309,
        "agreeableness": 0.6395820370747216,
        "neuroticism": 0.4815640386949288
    },
    "squarefrog": {
        "openness": 0.7578824504947396,
        "conscientiousness": 0.5189607931202735,
        "extraversion": 0.4143746180389567,
        "agreeableness": 0.5993189897324296,
        "neuroticism": 0.4108632044483437
    },
    "bluwave": {
        "openness": 0.7856663523437625,
        "conscientiousness": 0.5289465811940258,
        "extraversion": 0.46629160468756203,
        "agreeableness": 0.6487080282975924,
        "neuroticism": 0.3678037526390211
    },
    "dennisreimann": {
        "openness": 0.8131488155818639,
        "conscientiousness": 0.625031650871368,
        "extraversion": 0.48780147467963064,
        "agreeableness": 0.6777529314000932,
        "neuroticism": 0.522444196780958
    },
    "azamsharp": {
        "openness": 0.7734969828405112,
        "conscientiousness": 0.5806235757458031,
        "extraversion": 0.50117355030487,
        "agreeableness": 0.637923152629247,
        "neuroticism": 0.4843378255650274
    },
    "cytryn": {
        "openness": 0.8111610095490577,
        "conscientiousness": 0.6297675146568098,
        "extraversion": 0.46848770990035044,
        "agreeableness": 0.6193767201340761,
        "neuroticism": 0.5491540250203846
    },
    "nfs3250": {
        "openness": 0.8349135555609333,
        "conscientiousness": 0.5994280555239122,
        "extraversion": 0.4318265535922999,
        "agreeableness": 0.6046649810645427,
        "neuroticism": 0.506907496293431
    },
    "licx": {
        "openness": 0.7773810686763938,
        "conscientiousness": 0.6019372055731641,
        "extraversion": 0.43716667481188076,
        "agreeableness": 0.6024312193793024,
        "neuroticism": 0.44500604140890676
    },
    "MultX": {
        "openness": 0.8437175475397668,
        "conscientiousness": 0.5983815144756865,
        "extraversion": 0.5564825475405129,
        "agreeableness": 0.6733652608555536,
        "neuroticism": 0.5196229408076025
    },
    "fukemy": {
        "openness": 0.7482147743980206,
        "conscientiousness": 0.5717440771756109,
        "extraversion": 0.4481389384561152,
        "agreeableness": 0.6366575552959088,
        "neuroticism": 0.44499673224121894
    },
    "donileo": {
        "openness": 0.8161072787521008,
        "conscientiousness": 0.5515466487244935,
        "extraversion": 0.4923080917049686,
        "agreeableness": 0.620816433992823,
        "neuroticism": 0.45058433058847025
    },
    "khawarshzd": {
        "openness": 0.8157751903845645,
        "conscientiousness": 0.5635177127385977,
        "extraversion": 0.4893972306430494,
        "agreeableness": 0.6592278753345033,
        "neuroticism": 0.4585650339463613
    },
    "WildBamboo": {
        "openness": 0.8091042612159434,
        "conscientiousness": 0.602136804261551,
        "extraversion": 0.5315106000643015,
        "agreeableness": 0.6017876285039551,
        "neuroticism": 0.5735056447316955
    },
    "abheyrajbsb": {
        "openness": 0.8077454167816807,
        "conscientiousness": 0.6249629565290237,
        "extraversion": 0.49269761421788005,
        "agreeableness": 0.6283697576338153,
        "neuroticism": 0.5349375506894816
    },
    "horaceho": {
        "openness": 0.7369581073816213,
        "conscientiousness": 0.5262746678993395,
        "extraversion": 0.468684240257233,
        "agreeableness": 0.6538593889462263,
        "neuroticism": 0.33638569305256144
    },
    "viggiosoft": {
        "openness": 0.7664249698395987,
        "conscientiousness": 0.5767777439700975,
        "extraversion": 0.4672686017712218,
        "agreeableness": 0.6279524158533188,
        "neuroticism": 0.4700831650062913
    },
    "forgot": {
        "openness": 0.8180832184467146,
        "conscientiousness": 0.6345475230293126,
        "extraversion": 0.49283492680293645,
        "agreeableness": 0.7028204579296005,
        "neuroticism": 0.5149518106109641
    },
    "michaelochs": {
        "openness": 0.8253800368514963,
        "conscientiousness": 0.6040679263898139,
        "extraversion": 0.46437398363326754,
        "agreeableness": 0.6197248455512298,
        "neuroticism": 0.5472114033316918
    },
    "Shayanzadeh": {
        "openness": 0.7846567725071871,
        "conscientiousness": 0.5985343525857649,
        "extraversion": 0.4856730135363898,
        "agreeableness": 0.623015028237323,
        "neuroticism": 0.4824124460502115
    },
    "aporat": {
        "openness": 0.7226768951608107,
        "conscientiousness": 0.5992671431759732,
        "extraversion": 0.47031589022290976,
        "agreeableness": 0.675700029646101,
        "neuroticism": 0.39746498774658834
    },
    "Kjuly": {
        "openness": 0.7699071427826828,
        "conscientiousness": 0.540033674273211,
        "extraversion": 0.4453912004228166,
        "agreeableness": 0.646656047017607,
        "neuroticism": 0.3689069306365267
    },
    "bfeher": {
        "openness": 0.7731898358549819,
        "conscientiousness": 0.5536320506928459,
        "extraversion": 0.418793857052458,
        "agreeableness": 0.5716555999237939,
        "neuroticism": 0.4554611884171583
    },
    "Abeansits": {
        "openness": 0.8024702862335712,
        "conscientiousness": 0.5862040381624662,
        "extraversion": 0.46671324653691726,
        "agreeableness": 0.6400947859986642,
        "neuroticism": 0.44317290341409665
    },
    "petripartanen": {
        "openness": 0.789932547776718,
        "conscientiousness": 0.5498250731778771,
        "extraversion": 0.4515836223586907,
        "agreeableness": 0.6327046614712553,
        "neuroticism": 0.3872518082423279
    },
    "domingguss": {
        "openness": 0.7700504789888301,
        "conscientiousness": 0.5581388104895713,
        "extraversion": 0.44191167602552317,