{
    "krmaxwell": {
        "openness": 0.7916095574257265,
        "conscientiousness": 0.6204056901127893,
        "extraversion": 0.4468876206497831,
        "agreeableness": 0.6523435474443293,
        "neuroticism": 0.5264329907929761
    },
    "sroberts": {
        "openness": 0.7813252666450825,
        "conscientiousness": 0.590566998863846,
        "extraversion": 0.483486491281179,
        "agreeableness": 0.6958372472538393,
        "neuroticism": 0.5052754294738027
    },
    "adimenia": {
        "openness": 0.7655229169408224,
        "conscientiousness": 0.5723531598393164,
        "extraversion": 0.5018146031090268,
        "agreeableness": 0.6658516450280417,
        "neuroticism": 0.46566431168511613
    },
    "webstergd": {
        "openness": 0.7646954159546039,
        "conscientiousness": 0.612380033250431,
        "extraversion": 0.48936786612340527,
        "agreeableness": 0.6357697238501572,
        "neuroticism": 0.5194815094825384
    },
    "dray0n": {
        "openness": 0.7818550670113917,
        "conscientiousness": 0.6192530257586412,
        "extraversion": 0.4740807458614962,
        "agreeableness": 0.6321225891469839,
        "neuroticism": 0.5337074546567232
    },
    "c0den": {
        "openness": 0.805777017287904,
        "conscientiousness": 0.6358365084140896,
        "extraversion": 0.41731545495243705,
        "agreeableness": 0.6000138640142346,
        "neuroticism": 0.5175283791720157
    },
    "markmaunu": {
        "openness": 0.7635848806324714,
        "conscientiousness": 0.6065279835169755,
        "extraversion": 0.45919391916251107,
        "agreeableness": 0.646629057813656,
        "neuroticism": 0.4701195698679423
    },
    "lhunt23": {
        "openness": 0.7793040524702557,
        "conscientiousness": 0.6137798195965851,
        "extraversion": 0.49600774331918895,
        "agreeableness": 0.6622604491459824,
        "neuroticism": 0.48116146364593815
    }
}