{
    "lawloretienne": {
        "openness": 0.8071218159241419,
        "conscientiousness": 0.627070902152878,
        "extraversion": 0.5191642411646814,
        "agreeableness": 0.6505265750781211,
        "neuroticism": 0.5439502658578361
    },
    "javierpe": {
        "openness": 0.7495339160234444,
        "conscientiousness": 0.5691472517530661,
        "extraversion": 0.4665240108425889,
        "agreeableness": 0.6434246157599588,
        "neuroticism": 0.44230587875232563
    },
    "longkai": {
        "openness": 0.7970694767465593,
        "conscientiousness": 0.6508170747213526,
        "extraversion": 0.45250065403875267,
        "agreeableness": 0.6478810049960154,
        "neuroticism": 0.5694951103161716
    },
    "oliguo": {
        "openness": 0.7544049196247596,
        "conscientiousness": 0.5772283766975546,
        "extraversion": 0.46917771800657415,
        "agreeableness": 0.6465489306647179,
        "neuroticism": 0.46292906495772923
    }
}