{
    "lballabio": {
        "openness": 0.8156636782329821,
        "conscientiousness": 0.6182038831978269,
        "extraversion": 0.46648421312859156,
        "agreeableness": 0.644305182733055,
        "neuroticism": 0.5256782201185383
    },
    "pcaspers": {
        "openness": 0.805835269176056,
        "conscientiousness": 0.6366928340302388,
        "extraversion": 0.513301407676652,
        "agreeableness": 0.6339789587615423,
        "neuroticism": 0.520045925658147
    },
    "eddelbuettel": {
        "openness": 0.7619067433846443,
        "conscientiousness": 0.5937997080267023,
        "extraversion": 0.4796365993037355,
        "agreeableness": 0.6293044549656305,
        "neuroticism": 0.461018560082127
    },
    "BGC-nglass": {
        "openness": 0.7641784357359532,
        "conscientiousness": 0.6059765204983947,
        "extraversion": 0.48468715262197165,
        "agreeableness": 0.6613934602620648,
        "neuroticism": 0.4383138871152362
    },
    "klausspanderen": {
        "openness": 0.7917178315573254,
        "conscientiousness": 0.6068903239779613,
        "extraversion": 0.4815404895394809,
        "agreeableness": 0.5830724080244014,
        "neuroticism": 0.5087548983488076
    },
    "simonshakeshaft": {
        "openness": 0.7689357634354331,
        "conscientiousness": 0.5898761489777318,
        "extraversion": 0.5011394911977675,
        "agreeableness": 0.6311548986381079,
        "neuroticism": 0.47281462769198
    },
    "japari": {
        "openness": 0.7841753858235598,
        "conscientiousness": 0.6409675617678282,
        "extraversion": 0.46168624267520364,
        "agreeableness": 0.6487007103785063,
        "neuroticism": 0.49922897111410613
    },
    "fametrano": {
        "openness": 0.79865579838344,
        "conscientiousness": 0.6143642848850448,
        "extraversion": 0.5384760291512131,
        "agreeableness": 0.6498246385072117,
        "neuroticism": 0.497384067060772
    },
    "masrtis": {
        "openness": 0.8038095539212273,
        "conscientiousness": 0.5892985438542983,
        "extraversion": 0.4859768697209071,
        "agreeableness": 0.6195361551661965,
        "neuroticism": 0.49449425089350263
    },
    "igitur": {
        "openness": 0.8047714232214092,
        "conscientiousness": 0.6133021858310088,
        "extraversion": 0.4730159158821098,
        "agreeableness": 0.6466400959516169,
        "neuroticism": 0.5126104212790543
    },
    "wegamekinglc": {
        "openness": 0.7441518910386502,
        "conscientiousness": 0.5501894376666581,
        "extraversion": 0.4313062703125853,
        "agreeableness": 0.5823931876079733,
        "neuroticism": 0.4490270922744911
    },
    "grandtiger": {
        "openness": 0.7983724695928063,
        "conscientiousness": 0.5580977867120596,
        "extraversion": 0.4272625760382647,
        "agreeableness": 0.6470997113252326,
        "neuroticism": 0.46573624093197785
    },
    "eehlers": {
        "openness": 0.7965370877120059,
        "conscientiousness": 0.6337761164971759,
        "extraversion": 0.48669459974248497,
        "agreeableness": 0.6625885910998972,
        "neuroticism": 0.5282909524796415
    },
    "mdriesch": {
        "openness": 0.8254990772112524,
        "conscientiousness": 0.6156813352623928,
        "extraversion": 0.4438077031853397,
        "agreeableness": 0.5998525347879293,
        "neuroticism": 0.5098427953970706
    },
    "Andres-Hernandez": {
        "openness": 0.8250300492873701,
        "conscientiousness": 0.6102283556360317,
        "extraversion": 0.4956562226398048,
        "agreeableness": 0.6011123974210204,
        "neuroticism": 0.513230758104979
    },
    "vinaydwivedi": {
        "openness": 0.74554394519699,
        "conscientiousness": 0.6079927178096616,
        "extraversion": 0.4969627722127071,
        "agreeableness": 0.6558070652513966,
        "neuroticism": 0.46522421015996973
    },
    "curtgeen": {
        "openness": 0.7780947649818224,
        "conscientiousness": 0.5994950089684857,
        "extraversion": 0.48619172966609125,
        "agreeableness": 0.6227684923258954,
        "neuroticism": 0.48227883146104594
    },
    "jrvarma": {
        "openness": 0.7850912099588401,
        "conscientiousness": 0.6040467554656357,
        "extraversion": 0.5125908299794231,
        "agreeableness": 0.6509378739480853,
        "neuroticism": 0.4890592907368777
    }
}