{
    "joshbuddy": {
        "openness": 0.8004367313199626,
        "conscientiousness": 0.6360321450605723,
        "extraversion": 0.4859775952536498,
        "agreeableness": 0.7101604597599456,
        "neuroticism": 0.5098739168157865
    },
    "RobbieOnGithub": {
        "openness": 0.7895519972944396,
        "conscientiousness": 0.6159432885918326,
        "extraversion": 0.49043662930488297,
        "agreeableness": 0.6796920142387544,
        "neuroticism": 0.5409428498916031
    },
    "deckar01": {
        "openness": 0.8124083674394141,
        "conscientiousness": 0.6641396552136888,
        "extraversion": 0.45547766908284193,
        "agreeableness": 0.6409168735529207,
        "neuroticism": 0.5285774052732721
    },
    "pehrlich": {
        "openness": 0.8073255394426243,
        "conscientiousness": 0.6058257617244804,
        "extraversion": 0.5055879438326647,
        "agreeableness": 0.6389687237154857,
        "neuroticism": 0.557098912912611
    },
    "joyrexus": {
        "openness": 0.7885554505030109,
        "conscientiousness": 0.5675245723197465,
        "extraversion": 0.5038051485585434,
        "agreeableness": 0.6343267908384952,
        "neuroticism": 0.4812702167199002
    },
    "xseignard": {
        "openness": 0.7408401876849597,
        "conscientiousness": 0.5865233317570974,
        "extraversion": 0.4555146940408965,
        "agreeableness": 0.6410534067816083,
        "neuroticism": 0.4443097628924284
    },
    "henry74": {
        "openness": 0.7784014959944761,
        "conscientiousness": 0.5995103070068012,
        "extraversion": 0.4234566826963442,
        "agreeableness": 0.608110011639049,
        "neuroticism": 0.49062381355188134
    },
    "neptunius": {
        "openness": 0.8338553476574813,
        "conscientiousness": 0.6185778604372358,
        "extraversion": 0.4991861579941901,
        "agreeableness": 0.6248111217337545,
        "neuroticism": 0.5372478469483548
    },
    "cabbibo": {
        "openness": 0.8450430468766934,
        "conscientiousness": 0.6224582203476541,
        "extraversion": 0.46659154369378003,
        "agreeableness": 0.6774164448558504,
        "neuroticism": 0.5234756271230869
    },
    "jackey": {
        "openness": 0.7920126449965416,
        "conscientiousness": 0.5910650034709727,
        "extraversion": 0.5148729448898353,
        "agreeableness": 0.6743789907735415,
        "neuroticism": 0.49578625340402493
    },
    "logotype": {
        "openness": 0.794087718556676,
        "conscientiousness": 0.6074894965449285,
        "extraversion": 0.4862497345869129,
        "agreeableness": 0.608640377538807,
        "neuroticism": 0.5736301415011386
    },
    "raimo": {
        "openness": 0.8211997467244675,
        "conscientiousness": 0.6189385831306959,
        "extraversion": 0.4932239982294267,
        "agreeableness": 0.6434206528630628,
        "neuroticism": 0.5517683916676842
    },
    "bingomanatee": {
        "openness": 0.8569341401612758,
        "conscientiousness": 0.6258403178542657,
        "extraversion": 0.5009135916127099,
        "agreeableness": 0.6295971727920918,
        "neuroticism": 0.5196610307405364
    },
    "theo-armour": {
        "openness": 0.8363125578275066,
        "conscientiousness": 0.6388123114488656,
        "extraversion": 0.5271160115495331,
        "agreeableness": 0.665186751074097,
        "neuroticism": 0.518293517865016
    },
    "majodev": {
        "openness": 0.8044772517343902,
        "conscientiousness": 0.5925628796500706,
        "extraversion": 0.45729996247896354,
        "agreeableness": 0.6546292988116711,
        "neuroticism": 0.5266128863355706
    },
    "MCKapur": {
        "openness": 0.7805839677378215,
        "conscientiousness": 0.6139275450044078,
        "extraversion": 0.4362655588480183,
        "agreeableness": 0.6386585194037936,
        "neuroticism": 0.49929602632313025
    },
    "mcfarljw": {
        "openness": 0.8217243046263105,
        "conscientiousness": 0.5332152586537863,
        "extraversion": 0.4870080441540395,
        "agreeableness": 0.64648982293366,
        "neuroticism": 0.4255300599729813
    },
    "dubbl": {
        "openness": 0.7670779243206178,
        "conscientiousness": 0.5833079067291819,
        "extraversion": 0.4969078996100895,
        "agreeableness": 0.6628265341567305,
        "neuroticism": 0.48202329018091555
    },
    "jo3w4rd": {
        "openness": 0.8291871959291897,
        "conscientiousness": 0.6049394663718359,
        "extraversion": 0.48057089076561454,
        "agreeableness": 0.5936850152811058,
        "neuroticism": 0.5606646630784049
    },
    "SeanJanis": {
        "openness": 0.7479243421751248,
        "conscientiousness": 0.6228686220715884,
        "extraversion": 0.4622553070361387,
        "agreeableness": 0.6788892236294919,
        "neuroticism": 0.46754464210336366
    },
    "benjaminwingert": {
        "openness": 0.7880089248536859,
        "conscientiousness": 0.5907162476800643,
        "extraversion": 0.46852123032453474,
        "agreeableness": 0.6540147817866866,
        "neuroticism": 0.4540617388094164
    }
}