{
    "LeoNatan": {
        "openness": 0.8123179274080885,
        "conscientiousness": 0.6294444055739377,
        "extraversion": 0.5009270812747897,
        "agreeableness": 0.6658753209431552,
        "neuroticism": 0.5318468007060221
    },
    "vicky1787": {
        "openness": 0.7788493225942692,
        "conscientiousness": 0.5851353172960779,
        "extraversion": 0.4630650081755725,
        "agreeableness": 0.6672849607394815,
        "neuroticism": 0.43972364242998313
    }
}