{
    "lra": {
        "openness": 0.796509313221209,
        "conscientiousness": 0.6325782292736389,
        "extraversion": 0.4728999947273193,
        "agreeableness": 0.658877417756189,
        "neuroticism": 0.5451377202960427
    },
    "stechico": {
        "openness": 0.755961914152605,
        "conscientiousness": 0.6007787751307879,
        "extraversion": 0.5143983453453704,
        "agreeableness": 0.6942737568717188,
        "neuroticism": 0.5377157112292384
    },
    "zanona": {
        "openness": 0.7883280577741174,
        "conscientiousness": 0.6629722163191504,
        "extraversion": 0.4680485369130063,
        "agreeableness": 0.715486891411268,
        "neuroticism": 0.5467340547120714
    },
    "dbingham": {
        "openness": 0.7461091235921452,
        "conscientiousness": 0.5820680592060203,
        "extraversion": 0.4518526100017416,
        "agreeableness": 0.640475167625714,
        "neuroticism": 0.4701279281826046
    },
    "ipmcc": {
        "openness": 0.802422987209876,
        "conscientiousness": 0.5787691904742558,
        "extraversion": 0.5264337139061563,
        "agreeableness": 0.6154800993699677,
        "neuroticism": 0.5562960957056949
    },
    "vitorgalvao": {
        "openness": 0.8194672014982247,
        "conscientiousness": 0.626579720629278,
        "extraversion": 0.47484904023110297,
        "agreeableness": 0.6630761912506129,
        "neuroticism": 0.5295823036153644
    },
    "nZac": {
        "openness": 0.8096065886647581,
        "conscientiousness": 0.6616609163550258,
        "extraversion": 0.46533618983153746,
        "agreeableness": 0.6919660789610111,
        "neuroticism": 0.5394821630035814
    },
    "Cottser": {
        "openness": 0.7954913489777191,
        "conscientiousness": 0.6334366577548913,
        "extraversion": 0.5114509811621577,
        "agreeableness": 0.6744863854650174,
        "neuroticism": 0.5323551681544723
    },
    "Tam-Lin": {
        "openness": 0.8370579512981128,
        "conscientiousness": 0.6216930231374405,
        "extraversion": 0.5095390939141455,
        "agreeableness": 0.6674902088206267,
        "neuroticism": 0.5304465920171704
    },
    "matyhaty": {
        "openness": 0.8019263100151679,
        "conscientiousness": 0.6232333493002254,
        "extraversion": 0.49026567024437573,
        "agreeableness": 0.6366341288809272,
        "neuroticism": 0.5531453184507231
    },
    "aapit": {
        "openness": 0.7608550624832277,
        "conscientiousness": 0.5587796939028568,
        "extraversion": 0.42093336884377364,
        "agreeableness": 0.6177046340837029,
        "neuroticism": 0.4512460075284701
    },
    "leoj3n": {
        "openness": 0.752244699086084,
        "conscientiousness": 0.6052834547706054,
        "extraversion": 0.479001479098568,
        "agreeableness": 0.6732783989235134,
        "neuroticism": 0.4571332108888508
    },
    "kfinlay": {
        "openness": 0.8270522324447378,
        "conscientiousness": 0.5921915471186461,
        "extraversion": 0.48783238909946813,
        "agreeableness": 0.6104058185941243,
        "neuroticism": 0.5294306303645925
    },
    "cfr": {
        "openness": 0.7315643300043192,
        "conscientiousness": 0.6085339683248955,
        "extraversion": 0.4849275720696138,
        "agreeableness": 0.6848763551288759,
        "neuroticism": 0.4791432769683118
    },
    "commadelimited": {
        "openness": 0.802691795139872,
        "conscientiousness": 0.5743979889342881,
        "extraversion": 0.4870298774844684,
        "agreeableness": 0.5985960462658324,
        "neuroticism": 0.5270124102458241
    },
    "supermarin": {
        "openness": 0.794433030124917,
        "conscientiousness": 0.5903118998739909,
        "extraversion": 0.491895127017339,
        "agreeableness": 0.6146661694735773,
        "neuroticism": 0.5370797447442089
    },
    "coveralls": {
        "openness": 0.7203177139964454,
        "conscientiousness": 0.6189266804585037,
        "extraversion": 0.5130343723621161,
        "agreeableness": 0.7066930190369466,
        "neuroticism": 0.48016898262097646
    },
    "jonlong": {
        "openness": 0.8055825002681376,
        "conscientiousness": 0.5799112155947569,
        "extraversion": 0.5381946326132997,
        "agreeableness": 0.6719971270970836,
        "neuroticism": 0.5269509715532683
    },
    "yangm97": {
        "openness": 0.824526529242202,
        "conscientiousness": 0.6024640296308892,
        "extraversion": 0.4556059616770769,
        "agreeableness": 0.6245721959738747,
        "neuroticism": 0.5169784326474689
    },
    "inonprince": {
        "openness": 0.8051418354274407,
        "conscientiousness": 0.6097282028302654,
        "extraversion": 0.46476001241539106,
        "agreeableness": 0.5910450378508907,
        "neuroticism": 0.5587138872175429
    },
    "Timidger": {
        "openness": 0.8219820101338448,
        "conscientiousness": 0.6074611074741332,
        "extraversion": 0.44294227961652544,
        "agreeableness": 0.6321930922928216,
        "neuroticism": 0.5380534066394357
    },
    "mAAdhaTTah": {
        "openness": 0.7816465717954955,
        "conscientiousness": 0.5696879720646021,
        "extraversion": 0.4374371722235151,
        "agreeableness": 0.5907298796142141,
        "neuroticism": 0.5296672261057347
    },
    "politicus": {
        "openness": 0.7811089672313032,
        "conscientiousness": 0.6396008536401286,
        "extraversion": 0.4045786372463607,
        "agreeableness": 0.5895743079403377,
        "neuroticism": 0.5352902518929381
    },
    "idolize": {
        "openness": 0.7953352266761062,
        "conscientiousness": 0.5449139354292452,
        "extraversion": 0.44281367600351595,
        "agreeableness": 0.564714555075557,
        "neuroticism": 0.5150446989487486
    },
    "Joshfindit": {
        "openness": 0.8296698359844732,
        "conscientiousness": 0.6299385593131945,
        "extraversion": 0.46645389458374176,
        "agreeableness": 0.5910425967156989,
        "neuroticism": 0.5522354355176302
    },
    "mike-hearn": {
        "openness": 0.782684605601557,
        "conscientiousness": 0.5601831706010505,
        "extraversion": 0.44619142287253244,
        "agreeableness": 0.5954875549464655,
        "neuroticism": 0.4918670602375703
    },
    "franciscolourenco": {
        "openness": 0.7749442777772484,
        "conscientiousness": 0.596633380071352,
        "extraversion": 0.49712820595775986,
        "agreeableness": 0.6349307293181673,
        "neuroticism": 0.5182049317616748
    },
    "JacopKane": {
        "openness": 0.7137767739534003,
        "conscientiousness": 0.6016469953651319,
        "extraversion": 0.5237780455388305,
        "agreeableness": 0.7156705244983615,
        "neuroticism": 0.46958935307231947
    },
    "yonkeltron": {
        "openness": 0.7634330332831795,
        "conscientiousness": 0.5932910517392536,
        "extraversion": 0.5463408120931933,
        "agreeableness": 0.6533314161803645,
        "neuroticism": 0.5066779493228832
    },
    "thejase-snippets": {
        "openness": 0.8307950071588484,
        "conscientiousness": 0.6625471078172982,
        "extraversion": 0.5565835135896704,
        "agreeableness": 0.6496276408319286,
        "neuroticism": 0.5390131239354259
    },
    "damiankloip": {
        "openness": 0.8027070980782823,
        "conscientiousness": 0.6220033863910793,
        "extraversion": 0.46862978787593357,
        "agreeableness": 0.6944098253587789,
        "neuroticism": 0.5262768097145007
    },
    "lmartins": {
        "openness": 0.743312237611717,
        "conscientiousness": 0.5825140994614669,
        "extraversion": 0.4749448559444459,
        "agreeableness": 0.6651575296159056,
        "neuroticism": 0.39049541756731854
    },
    "Anahkiasen": {
        "openness": 0.7384280345706726,
        "conscientiousness": 0.5983661966419608,