{
    "lucadegasperi": {
        "openness": 0.8137469402106868,
        "conscientiousness": 0.6717792244234451,
        "extraversion": 0.4950558824165358,
        "agreeableness": 0.6634184812209472,
        "neuroticism": 0.5702011922688002
    },
    "coveralls": {
        "openness": 0.7169597539573762,
        "conscientiousness": 0.6169861438145331,
        "extraversion": 0.5107666712172698,
        "agreeableness": 0.7082137604830558,
        "neuroticism": 0.4717423975410163
    },
    "ghost": {
        "openness": 0.825017770160444,
        "conscientiousness": 0.5968966412532605,
        "extraversion": 0.457026699060511,
        "agreeableness": 0.5853159438683516,
        "neuroticism": 0.570539271620951
    },
    "vinkla": {
        "openness": 0.7954502838306515,
        "conscientiousness": 0.7222243957400445,
        "extraversion": 0.5379777636513904,
        "agreeableness": 0.7608413866792649,
        "neuroticism": 0.5623367419774712
    },
    "mathiasgrimm": {
        "openness": 0.8012856352972012,
        "conscientiousness": 0.6295919252815941,
        "extraversion": 0.47262850635681375,
        "agreeableness": 0.6261140387137261,
        "neuroticism": 0.5194334688479061
    }
}