{
    "maciejkula": {
        "openness": 0.8155874344112855,
        "conscientiousness": 0.6268960218321071,
        "extraversion": 0.5215405109271076,
        "agreeableness": 0.632804992419078,
        "neuroticism": 0.543102579494552
    },
    "seanlaw": {
        "openness": 0.7799236886378931,
        "conscientiousness": 0.6143173405474112,
        "extraversion": 0.4562861771188791,
        "agreeableness": 0.5688432707094633,
        "neuroticism": 0.4872359277025157
    },
    "lesterlitch": {
        "openness": 0.8324678044717758,
        "conscientiousness": 0.5746281777237068,
        "extraversion": 0.4984252661644606,
        "agreeableness": 0.6300543674694479,
        "neuroticism": 0.48308164608036586
    },
    "hammadkhann": {
        "openness": 0.8167015090704492,
        "conscientiousness": 0.5939772891607481,
        "extraversion": 0.48754642707380813,
        "agreeableness": 0.6325833091242201,
        "neuroticism": 0.4924016064343374
    },
    "FlorianWilhelm": {
        "openness": 0.8325142111812144,
        "conscientiousness": 0.611255986844055,
        "extraversion": 0.450011769993666,
        "agreeableness": 0.5984749995516847,
        "neuroticism": 0.48676080877869987
    },
    "dofine": {
        "openness": 0.8455331892119147,
        "conscientiousness": 0.6248284029158095,
        "extraversion": 0.5143355513561501,
        "agreeableness": 0.6103726346691838,
        "neuroticism": 0.5102422662102746
    },
    "jariel17": {
        "openness": 0.7151292265967676,
        "conscientiousness": 0.6164945097345876,
        "extraversion": 0.44293806098142063,
        "agreeableness": 0.6552169688501535,
        "neuroticism": 0.4826286793725553
    },
    "rakshithvasudev": {
        "openness": 0.7395125870173525,
        "conscientiousness": 0.6168269619824339,
        "extraversion": 0.44311730399331895,
        "agreeableness": 0.6673446317793186,
        "neuroticism": 0.4765745288181993
    },
    "scottee": {
        "openness": 0.8029069356369467,
        "conscientiousness": 0.5803698701646032,
        "extraversion": 0.49289947266271783,
        "agreeableness": 0.5980975774752577,
        "neuroticism": 0.47748338865325735
    },
    "arita37": {
        "openness": 0.840177426115269,
        "conscientiousness": 0.6268094357247926,
        "extraversion": 0.5874433955650005,
        "agreeableness": 0.6485757150195953,
        "neuroticism": 0.5635970888788064
    },
    "mayank1806": {
        "openness": 0.8265889636021411,
        "conscientiousness": 0.6358815281541602,
        "extraversion": 0.5220847133201754,
        "agreeableness": 0.6527818272484036,
        "neuroticism": 0.496072081866729
    },
    "jwheatp": {
        "openness": 0.8534256759823623,
        "conscientiousness": 0.6464698147344133,
        "extraversion": 0.5782152658275566,
        "agreeableness": 0.6615584894461489,
        "neuroticism": 0.5742335467236405
    },
    "MatthiasKirsch": {
        "openness": 0.8056961310147963,
        "conscientiousness": 0.6087963860936928,
        "extraversion": 0.5278320728363176,
        "agreeableness": 0.6323737560952736,
        "neuroticism": 0.5128491097395831
    },
    "dakl": {
        "openness": 0.8617803730848654,
        "conscientiousness": 0.6025994032231206,
        "extraversion": 0.5124916741319147,
        "agreeableness": 0.644008477013049,
        "neuroticism": 0.5326387086981356
    },
    "iozzyi": {
        "openness": 0.8067468442026194,
        "conscientiousness": 0.6248491498445956,
        "extraversion": 0.47503797082979904,
        "agreeableness": 0.6567108972198146,
        "neuroticism": 0.5582425182103906
    },
    "MaxBalashov": {
        "openness": 0.7408946000305702,
        "conscientiousness": 0.614244194975645,
        "extraversion": 0.5313259526924077,
        "agreeableness": 0.7194728953167968,
        "neuroticism": 0.4718215139407186
    },
    "HarlanH": {
        "openness": 0.7199467683955679,
        "conscientiousness": 0.6095544549096558,
        "extraversion": 0.4067803181102037,
        "agreeableness": 0.6098007909868433,
        "neuroticism": 0.4621819068080457
    },
    "FassyGit": {
        "openness": 0.7562517865063039,
        "conscientiousness": 0.6113453764696836,
        "extraversion": 0.4934440649321827,
        "agreeableness": 0.6320600922936147,
        "neuroticism": 0.41284472807980055
    },
    "phenric": {
        "openness": 0.7968292260064953,
        "conscientiousness": 0.6232543777500934,
        "extraversion": 0.516926069515951,
        "agreeableness": 0.6699712914648813,
        "neuroticism": 0.586489766972964
    },
    "artdgn": {
        "openness": 0.8189312178070751,
        "conscientiousness": 0.6030021270366976,
        "extraversion": 0.5054483199864053,
        "agreeableness": 0.6437219081761204,
        "neuroticism": 0.4878373990498341
    },
    "aldll": {
        "openness": 0.8324094525755126,
        "conscientiousness": 0.6254832257780047,
        "extraversion": 0.5092037509021367,
        "agreeableness": 0.6802476163040658,
        "neuroticism": 0.5259385098332928
    },
    "rajat1602": {
        "openness": 0.8118692903694076,
        "conscientiousness": 0.6077434060704255,
        "extraversion": 0.4916709548438388,
        "agreeableness": 0.6270158670519932,
        "neuroticism": 0.5172909859639065
    },
    "SantGIIT": {
        "openness": 0.7788560686493873,
        "conscientiousness": 0.5984783853077225,
        "extraversion": 0.4947605885944276,
        "agreeableness": 0.6046599992917254,
        "neuroticism": 0.4777250040890464
    },
    "dawenl": {
        "openness": 0.7942606439486265,
        "conscientiousness": 0.5990368556266673,
        "extraversion": 0.45464884085629387,
        "agreeableness": 0.640204147616597,
        "neuroticism": 0.47178405481337404
    },
    "NegatioN": {
        "openness": 0.7930888864642882,
        "conscientiousness": 0.5425422639819886,
        "extraversion": 0.44707434965457704,
        "agreeableness": 0.5891102547569469,
        "neuroticism": 0.43594191586927256
    },
    "rayane-m": {
        "openness": 0.8396539226179689,
        "conscientiousness": 0.5885951209191925,
        "extraversion": 0.4963782571672369,
        "agreeableness": 0.6362338655516369,
        "neuroticism": 0.5415769901580917
    },
    "RaphLot": {
        "openness": 0.8385245263641821,
        "conscientiousness": 0.6352235464990631,
        "extraversion": 0.46568858219902476,
        "agreeableness": 0.6831986245817733,
        "neuroticism": 0.5434279043893374
    },
    "balancy": {
        "openness": 0.7117587234163611,
        "conscientiousness": 0.6042777346717316,
        "extraversion": 0.444261743298742,
        "agreeableness": 0.6392427184816578,
        "neuroticism": 0.46297246079135657
    },
    "RothNRK": {
        "openness": 0.7873218411692716,
        "conscientiousness": 0.6166737239233979,
        "extraversion": 0.5399512416162384,
        "agreeableness": 0.6750625096252674,
        "neuroticism": 0.4978412363408
    },
    "tianpunchh": {
        "openness": 0.8088057498957506,
        "conscientiousness": 0.58621113802668,
        "extraversion": 0.48128769901935675,
        "agreeableness": 0.6077421870075914,
        "neuroticism": 0.4983288134951921
    },
    "hugos0910": {
        "openness": 0.8210481678622701,
        "conscientiousness": 0.6050465680256075,
        "extraversion": 0.502336871280189,
        "agreeableness": 0.6151412972561932,
        "neuroticism": 0.5278735435437985
    },
    "fischjer4": {
        "openness": 0.8108577895392749,
        "conscientiousness": 0.6127632410950911,
        "extraversion": 0.5026014241772901,
        "agreeableness": 0.6723134100727942,
        "neuroticism": 0.5211651801591469
    },
    "DoronGi": {
        "openness": 0.8322487117560171,
        "conscientiousness": 0.641639085289225,