{
    "M66B": {
        "openness": 0.8094380898041069,
        "conscientiousness": 0.6517713138347531,
        "extraversion": 0.5224716699695047,
        "agreeableness": 0.7055024429517555,
        "neuroticism": 0.549278449362466
    },
    "Gitoffthelawn": {
        "openness": 0.826117146841122,
        "conscientiousness": 0.6351511280419071,
        "extraversion": 0.5297768892948147,
        "agreeableness": 0.7015181776258503,
        "neuroticism": 0.547786188437815
    },
    "licaon-kter": {
        "openness": 0.7981517106430299,
        "conscientiousness": 0.6053415820183806,
        "extraversion": 0.4758771945867592,
        "agreeableness": 0.6474673988748036,
        "neuroticism": 0.5439676699370732
    },
    "marco-scavuzzo": {
        "openness": 0.7990157329063015,
        "conscientiousness": 0.6274811844419143,
        "extraversion": 0.512499216697864,
        "agreeableness": 0.666237880844168,
        "neuroticism": 0.5654932296797912
    },
    "top-master": {
        "openness": 0.7965614642671024,
        "conscientiousness": 0.6338577529705599,
        "extraversion": 0.465994136945761,
        "agreeableness": 0.6322040666398671,
        "neuroticism": 0.58362289581445
    }
}