{
    "mrbrdo": {
        "openness": 0.8088044885803776,
        "conscientiousness": 0.5822114445227093,
        "extraversion": 0.5060820855096144,
        "agreeableness": 0.6383286899876697,
        "neuroticism": 0.5337561023210965
    },
    "maccman": {
        "openness": 0.7705124706337745,
        "conscientiousness": 0.5638090648653102,
        "extraversion": 0.5008405093035189,
        "agreeableness": 0.6501830777666987,
        "neuroticism": 0.49126822870878184
    },
    "bemurphy": {
        "openness": 0.8128054937157216,
        "conscientiousness": 0.6008510121970773,
        "extraversion": 0.5670758022675949,
        "agreeableness": 0.6707291496253126,
        "neuroticism": 0.5362280634949855
    },
    "fwoeck": {
        "openness": 0.7978177913874828,
        "conscientiousness": 0.5840078972582483,
        "extraversion": 0.48511024772063854,
        "agreeableness": 0.6056649506157441,
        "neuroticism": 0.532968129521955
    },
    "ecoment": {
        "openness": 0.8111003016708415,
        "conscientiousness": 0.6045202514852233,
        "extraversion": 0.5099757556625448,
        "agreeableness": 0.6136430257271706,
        "neuroticism": 0.5553974478586121
    },
    "gorman": {
        "openness": 0.804309373305086,
        "conscientiousness": 0.546135296327459,
        "extraversion": 0.39941675274457855,
        "agreeableness": 0.6252807252565267,
        "neuroticism": 0.460252973993994
    },
    "mvilrokx": {
        "openness": 0.7851691277952313,
        "conscientiousness": 0.6020177648667755,
        "extraversion": 0.46900963439459165,
        "agreeableness": 0.6643288116453689,
        "neuroticism": 0.5115155398092
    },
    "agustinvinao": {
        "openness": 0.7718079467540523,
        "conscientiousness": 0.6391498901026295,
        "extraversion": 0.5154387465464455,
        "agreeableness": 0.714859831027509,
        "neuroticism": 0.49763886452112244
    },
    "inspire22": {
        "openness": 0.7533521702161219,
        "conscientiousness": 0.5300127323436079,
        "extraversion": 0.49340669267644677,
        "agreeableness": 0.6508059353698106,
        "neuroticism": 0.4699592841209962
    },
    "jayrylan": {
        "openness": 0.7745197280145578,
        "conscientiousness": 0.5669427385600737,
        "extraversion": 0.4992607242792908,
        "agreeableness": 0.6460276185878668,
        "neuroticism": 0.4878057259843383
    },
    "VinothiniBalakrishnan": {
        "openness": 0.7278338138202536,
        "conscientiousness": 0.5895486031243838,
        "extraversion": 0.42496184505044055,
        "agreeableness": 0.6071858730798678,
        "neuroticism": 0.4895358623798195
    }
}