{
    "1st1": {
        "openness": 0.7861887441920203,
        "conscientiousness": 0.6074725615533585,
        "extraversion": 0.446100953413154,
        "agreeableness": 0.628382461379438,
        "neuroticism": 0.48877223742223946
    },
    "saghul": {
        "openness": 0.8012409723839002,
        "conscientiousness": 0.5777373843618953,
        "extraversion": 0.4473668787106197,
        "agreeableness": 0.6342144011122739,
        "neuroticism": 0.4919275830198158
    },
    "sametmax": {
        "openness": 0.7644421734806494,
        "conscientiousness": 0.6148804770864189,
        "extraversion": 0.43215042760835165,
        "agreeableness": 0.5976450515368695,
        "neuroticism": 0.48375373960849466
    },
    "digitaldavenyc": {
        "openness": 0.7614709178921557,
        "conscientiousness": 0.6038322068264176,
        "extraversion": 0.48107917566395336,
        "agreeableness": 0.6464761658603811,
        "neuroticism": 0.4792849653216348
    },
    "claws": {
        "openness": 0.8514175296366029,
        "conscientiousness": 0.6102199153039674,
        "extraversion": 0.4907515645305019,
        "agreeableness": 0.6536846876795712,
        "neuroticism": 0.5140885780080727
    },
    "iceb0y": {
        "openness": 0.8001037641863221,
        "conscientiousness": 0.5775677231086189,
        "extraversion": 0.49752558974980743,
        "agreeableness": 0.5942792213744339,
        "neuroticism": 0.5327765468117587
    },
    "asvetlov": {
        "openness": 0.8144975887942616,
        "conscientiousness": 0.5585173825078236,
        "extraversion": 0.5005650280955565,
        "agreeableness": 0.6322361208161169,
        "neuroticism": 0.4859914999060994
    },
    "matemax": {
        "openness": 0.7633442734106431,
        "conscientiousness": 0.6141626241907185,
        "extraversion": 0.49388595709445693,
        "agreeableness": 0.6616179767224523,
        "neuroticism": 0.4841705466199363
    },
    "ChillarAnand": {
        "openness": 0.7747172542198474,
        "conscientiousness": 0.6173183183096488,
        "extraversion": 0.48863988388033264,
        "agreeableness": 0.6522992947914351,
        "neuroticism": 0.5094991993925573
    },
    "elprans": {
        "openness": 0.7283428879605938,
        "conscientiousness": 0.6026891627420027,
        "extraversion": 0.4726063594709801,
        "agreeableness": 0.6760327628809484,
        "neuroticism": 0.4808394156247412
    },
    "f0t0n": {
        "openness": 0.7839645740099551,
        "conscientiousness": 0.603202030916509,
        "extraversion": 0.5023472646371712,
        "agreeableness": 0.6363000978890782,
        "neuroticism": 0.5425454896493156
    },
    "kaniini": {
        "openness": 0.8092027268041092,
        "conscientiousness": 0.6159149604270716,
        "extraversion": 0.4733154021424801,
        "agreeableness": 0.6248507475459357,
        "neuroticism": 0.5041008693968523
    },
    "jimfulton": {
        "openness": 0.8214535456075112,
        "conscientiousness": 0.5969677386362812,
        "extraversion": 0.4710670145001904,
        "agreeableness": 0.5954663819484336,
        "neuroticism": 0.5041661024633854
    },
    "vodik": {
        "openness": 0.7419246637628552,
        "conscientiousness": 0.5587416687778415,
        "extraversion": 0.5162029565085992,
        "agreeableness": 0.6452536212914984,
        "neuroticism": 0.4430947219194168
    },
    "lsbardel": {
        "openness": 0.8295782954498594,
        "conscientiousness": 0.6135720365044527,
        "extraversion": 0.47774088960498057,
        "agreeableness": 0.6135433795804763,
        "neuroticism": 0.5346868375084344
    },
    "SamWhited": {
        "openness": 0.8168324462628457,
        "conscientiousness": 0.5092810723483294,
        "extraversion": 0.465842834266207,
        "agreeableness": 0.6257972643070345,
        "neuroticism": 0.4595990277727473
    },
    "mayfield": {
        "openness": 0.8372432454517043,
        "conscientiousness": 0.6207615871760009,
        "extraversion": 0.4803886813544836,
        "agreeableness": 0.6564477032469087,
        "neuroticism": 0.503414639726754
    },
    "Noctem": {
        "openness": 0.8087322895709675,
        "conscientiousness": 0.5952155720104191,
        "extraversion": 0.44643327842009295,
        "agreeableness": 0.6199371394299136,
        "neuroticism": 0.4940550744359744
    },
    "Sherlock-Holo": {
        "openness": 0.8017655024695497,
        "conscientiousness": 0.592043659148562,
        "extraversion": 0.5348931998258312,
        "agreeableness": 0.6297469402218572,
        "neuroticism": 0.5325927911618518
    },
    "jlaine": {
        "openness": 0.7917486197797554,
        "conscientiousness": 0.5760090700756477,
        "extraversion": 0.46656153553764523,
        "agreeableness": 0.614022173476437,
        "neuroticism": 0.4901640452678032
    },
    "sakurai-youhei": {
        "openness": 0.7558800475192768,
        "conscientiousness": 0.6317567943082808,
        "extraversion": 0.47007116687396533,
        "agreeableness": 0.6520226034662763,
        "neuroticism": 0.4750150268948009
    },
    "pfreixes": {
        "openness": 0.8292828766931595,
        "conscientiousness": 0.6069667381594325,
        "extraversion": 0.48569010115006445,
        "agreeableness": 0.6119317583159621,
        "neuroticism": 0.5099589067538883
    },
    "fantix": {
        "openness": 0.7891938064954034,
        "conscientiousness": 0.6118505023279631,
        "extraversion": 0.4612409170596944,
        "agreeableness": 0.6321678975479877,
        "neuroticism": 0.4919781594529925
    },
    "japrogramer": {
        "openness": 0.7746079951673206,
        "conscientiousness": 0.6240640871586998,
        "extraversion": 0.5015034188568696,
        "agreeableness": 0.6625914735873136,
        "neuroticism": 0.4950449883629156
    },
    "andr-04": {
        "openness": 0.8251815660759269,
        "conscientiousness": 0.6199274780030058,
        "extraversion": 0.41598519141201745,
        "agreeableness": 0.6375521646827731,
        "neuroticism": 0.5128225672166344
    },
    "jeffiy": {
        "openness": 0.750736596876922,
        "conscientiousness": 0.611628547474934,
        "extraversion": 0.47288091166937873,
        "agreeableness": 0.6486073009122187,
        "neuroticism": 0.5285095399926253
    },
    "Dj-jom2x": {
        "openness": 0.7311619732786265,
        "conscientiousness": 0.5617307758556335,
        "extraversion": 0.3763630805985277,
        "agreeableness": 0.594777783495414,
        "neuroticism": 0.4672955070413813
    }
}