{
    "mar10": {
        "openness": 0.8198379410038414,
        "conscientiousness": 0.6202506379319719,
        "extraversion": 0.48117260425532926,
        "agreeableness": 0.6424889142489156,
        "neuroticism": 0.5263701822871376
    },
    "dailyherold": {
        "openness": 0.8196168672503097,
        "conscientiousness": 0.6080376199850096,
        "extraversion": 0.512090807824169,
        "agreeableness": 0.6100288168762669,
        "neuroticism": 0.5373097276569616
    },
    "mafar": {
        "openness": 0.7954179524181233,
        "conscientiousness": 0.5768647690409142,
        "extraversion": 0.4876036565300627,
        "agreeableness": 0.621836849809437,
        "neuroticism": 0.48557531627065065
    },
    "xgqfrms": {
        "openness": 0.707607277089295,
        "conscientiousness": 0.599115446120183,
        "extraversion": 0.4735552135515207,
        "agreeableness": 0.6872361226094023,
        "neuroticism": 0.44614716694548423
    },
    "photostu": {
        "openness": 0.7396671979946438,
        "conscientiousness": 0.5762318918467344,
        "extraversion": 0.49891356657217845,
        "agreeableness": 0.628405314778091,
        "neuroticism": 0.49502312082602506
    },
    "bpromasmb": {
        "openness": 0.83435007215412,
        "conscientiousness": 0.5685377558411133,
        "extraversion": 0.4465127896276715,
        "agreeableness": 0.6170862604211287,
        "neuroticism": 0.4531619974649195
    },
    "spacemishka": {
        "openness": 0.7381112670558773,
        "conscientiousness": 0.6019179819879347,
        "extraversion": 0.5162406878548571,
        "agreeableness": 0.6657474189942267,
        "neuroticism": 0.43809106216315896
    },
    "charbel14": {
        "openness": 0.7979792314428287,
        "conscientiousness": 0.5915090237676063,
        "extraversion": 0.4950042802197395,
        "agreeableness": 0.589123441163454,
        "neuroticism": 0.4942385106461469
    },
    "carled": {
        "openness": 0.7984451133701773,
        "conscientiousness": 0.5568539000653822,
        "extraversion": 0.462355098718302,
        "agreeableness": 0.6218207994867233,
        "neuroticism": 0.4962525912772472
    },
    "TimNZ": {
        "openness": 0.7849009447549001,
        "conscientiousness": 0.5868416260342918,
        "extraversion": 0.49290559187324523,
        "agreeableness": 0.6191420824035607,
        "neuroticism": 0.4785188345299219
    },
    "Ariesto": {
        "openness": 0.8201474668006479,
        "conscientiousness": 0.5953591536611464,
        "extraversion": 0.4788059954001218,
        "agreeableness": 0.6183962335256517,
        "neuroticism": 0.5011088703639968
    },
    "Koloto": {
        "openness": 0.7965924559729777,
        "conscientiousness": 0.6097079259455929,
        "extraversion": 0.4785934959586027,
        "agreeableness": 0.6293430650465276,
        "neuroticism": 0.5180575352388709
    },
    "mcd-php": {
        "openness": 0.8056091812083849,
        "conscientiousness": 0.5874199420994828,
        "extraversion": 0.48234090622207115,
        "agreeableness": 0.6167539101723933,
        "neuroticism": 0.4935969966987293
    },
    "funlovin": {
        "openness": 0.7856119617132682,
        "conscientiousness": 0.6355705476870976,
        "extraversion": 0.5106424104139499,
        "agreeableness": 0.7023618275624373,
        "neuroticism": 0.47332674068598923
    },
    "simonecosci": {
        "openness": 0.7863662055127817,
        "conscientiousness": 0.6103149070068267,
        "extraversion": 0.46474707206799887,
        "agreeableness": 0.6982385289877808,
        "neuroticism": 0.5124092848202352
    },
    "allenfantasy": {
        "openness": 0.7914772027671829,
        "conscientiousness": 0.6083461172149024,
        "extraversion": 0.49265044847510375,
        "agreeableness": 0.6334075563839804,
        "neuroticism": 0.5040978582218005
    },
    "wolfmanx": {
        "openness": 0.8096688283672814,
        "conscientiousness": 0.598671607563047,
        "extraversion": 0.42448043311552164,
        "agreeableness": 0.6323843386899677,
        "neuroticism": 0.4937254788983471
    },
    "adreamer": {
        "openness": 0.7746202487961841,
        "conscientiousness": 0.5548488643583214,
        "extraversion": 0.48335490103073153,
        "agreeableness": 0.6211454477040529,
        "neuroticism": 0.48604150390374057
    },
    "activestylus": {
        "openness": 0.7768066845723934,
        "conscientiousness": 0.5415232702747532,
        "extraversion": 0.43526198040445474,
        "agreeableness": 0.6165874545567245,
        "neuroticism": 0.4298563654549288
    },
    "conniden": {
        "openness": 0.7865277553586343,
        "conscientiousness": 0.568494846295215,
        "extraversion": 0.3938898560724481,
        "agreeableness": 0.6054054192063854,
        "neuroticism": 0.4935636947888282
    },
    "olexp": {
        "openness": 0.8315159391314738,
        "conscientiousness": 0.6090534982981182,
        "extraversion": 0.5167558961759569,
        "agreeableness": 0.6477344014081718,
        "neuroticism": 0.481104478909836
    },
    "joergwork": {
        "openness": 0.8118643024451073,
        "conscientiousness": 0.5931770827294982,
        "extraversion": 0.48465842205195336,
        "agreeableness": 0.6425561956305466,
        "neuroticism": 0.5016116648014948
    },
    "arvindabz": {
        "openness": 0.7685006038505086,
        "conscientiousness": 0.5624218871949629,
        "extraversion": 0.4626916471892244,
        "agreeableness": 0.6817045322681449,
        "neuroticism": 0.4311607462645385
    },
    "markbernard": {
        "openness": 0.8021465360777048,
        "conscientiousness": 0.6067281872253926,
        "extraversion": 0.44870602132188653,
        "agreeableness": 0.6424201259867635,
        "neuroticism": 0.5415046635847549
    },
    "Krisa": {
        "openness": 0.8379463528744983,
        "conscientiousness": 0.5800204911255521,
        "extraversion": 0.45057955348378725,
        "agreeableness": 0.586740654226189,
        "neuroticism": 0.4967506389557921
    },
    "sushantjadhav21": {
        "openness": 0.808240028657656,
        "conscientiousness": 0.5756003873931969,
        "extraversion": 0.4975373259263154,
        "agreeableness": 0.6367077122612328,
        "neuroticism": 0.44767537875675967
    },
    "dalholm": {
        "openness": 0.734305807604937,
        "conscientiousness": 0.574084443146716,
        "extraversion": 0.44259801478669,
        "agreeableness": 0.6384185332458339,
        "neuroticism": 0.43308294180681384
    },
    "darkaizel": {
        "openness": 0.7830986218827823,
        "conscientiousness": 0.5303773246017534,
        "extraversion": 0.46974233530114506,
        "agreeableness": 0.6735627070581206,
        "neuroticism": 0.4141268600810866
    },
    "cksachdev": {
        "openness": 0.8072558916203065,
        "conscientiousness": 0.5555702833006498,
        "extraversion": 0.5034272844951723,
        "agreeableness": 0.6017572986644846,
        "neuroticism": 0.4527886506040538
    },
    "Nevario": {
        "openness": 0.778241301775957,
        "conscientiousness": 0.5488825325347221,
        "extraversion": 0.4742486873257765,
        "agreeableness": 0.6142872199506307,
        "neuroticism": 0.47717681615556395
    },
    "dzyubam": {
        "openness": 0.8170517991297372,
        "conscientiousness": 0.6028780680937105,
        "extraversion": 0.4615592715931748,
        "agreeableness": 0.6799712089756231,
        "neuroticism": 0.49421958506862984
    },
    "opto": {
        "openness": 0.7907306501290827,
        "conscientiousness": 0.5718593140221091,
        "extraversion": 0.4318258081649662,
        "agreeableness": 0.6188443747792584,
        "neuroticism": 0.5221835281624068
    },
    "KingGeneral": {
        "openness": 0.7437605854371099,
        "conscientiousness": 0.611078934404404,