{
    "martinblech": {
        "openness": 0.8196467474557035,
        "conscientiousness": 0.6104557896906628,
        "extraversion": 0.4959882554495688,
        "agreeableness": 0.668352007769298,
        "neuroticism": 0.5175880959585534
    },
    "slestak": {
        "openness": 0.7795829273613881,
        "conscientiousness": 0.6245672194878262,
        "extraversion": 0.5030075468017895,
        "agreeableness": 0.6155054435590107,
        "neuroticism": 0.5192367313111186
    },
    "bmannix": {
        "openness": 0.8089669979169225,
        "conscientiousness": 0.6145853440000288,
        "extraversion": 0.5052598539850117,
        "agreeableness": 0.6850282964869946,
        "neuroticism": 0.5074244224055664
    },
    "kmonsoor": {
        "openness": 0.8003233432183968,
        "conscientiousness": 0.5383637394216558,
        "extraversion": 0.5185703883305778,
        "agreeableness": 0.6543205449528091,
        "neuroticism": 0.4922862680593685
    },
    "y-usuzumi": {
        "openness": 0.8132990678766197,
        "conscientiousness": 0.5623169559692974,
        "extraversion": 0.4333151505687369,
        "agreeableness": 0.6577122621268142,
        "neuroticism": 0.4938751707758501
    },
    "candlerb": {
        "openness": 0.845624983968084,
        "conscientiousness": 0.5933949021958166,
        "extraversion": 0.49688051755963336,
        "agreeableness": 0.6190504013233404,
        "neuroticism": 0.5308499001224773
    },
    "mittenchops": {
        "openness": 0.8274628405338622,
        "conscientiousness": 0.5859753308480908,
        "extraversion": 0.4619250778453934,
        "agreeableness": 0.6539490890293326,
        "neuroticism": 0.4836623039218656
    },
    "rjbez17": {
        "openness": 0.6690351346823251,
        "conscientiousness": 0.5639520301017152,
        "extraversion": 0.4576793701974892,
        "agreeableness": 0.6689490252544981,
        "neuroticism": 0.38208985668915635
    },
    "chrismatta": {
        "openness": 0.6996223827277717,
        "conscientiousness": 0.6143650109639075,
        "extraversion": 0.39403538876425714,
        "agreeableness": 0.6331032138569278,
        "neuroticism": 0.4497753560068764
    },
    "chaak20": {
        "openness": 0.8186114404218594,
        "conscientiousness": 0.5201052760613403,
        "extraversion": 0.49191865196519824,
        "agreeableness": 0.6140831142580032,
        "neuroticism": 0.4489037517966427
    },
    "CamyDee": {
        "openness": 0.872086332509534,
        "conscientiousness": 0.6386247293593971,
        "extraversion": 0.49526592310733064,
        "agreeableness": 0.6899430282860295,
        "neuroticism": 0.5260604728662749
    },
    "rotten": {
        "openness": 0.8144574365594641,
        "conscientiousness": 0.617625839372475,
        "extraversion": 0.5297101153453929,
        "agreeableness": 0.7119523386832942,
        "neuroticism": 0.568931242029405
    },
    "centralniak": {
        "openness": 0.7841687768874355,
        "conscientiousness": 0.5732984839701201,
        "extraversion": 0.4439020133747915,
        "agreeableness": 0.647325518029632,
        "neuroticism": 0.43734353400838866
    },
    "kputland": {
        "openness": 0.7749462219090876,
        "conscientiousness": 0.6046226932085456,
        "extraversion": 0.4753706060477529,
        "agreeableness": 0.7098911940247822,
        "neuroticism": 0.4234100450852268
    },
    "bzamecnik": {
        "openness": 0.8332255138889663,
        "conscientiousness": 0.5868440630206344,
        "extraversion": 0.4746513518500698,
        "agreeableness": 0.5993635271353743,
        "neuroticism": 0.5431593531490522
    },
    "sirex": {
        "openness": 0.8463456421048647,
        "conscientiousness": 0.5737197922284644,
        "extraversion": 0.4985099436919353,
        "agreeableness": 0.6330354368919671,
        "neuroticism": 0.5743818152856973
    },
    "jonlooney": {
        "openness": 0.8132660732895522,
        "conscientiousness": 0.6324521116612196,
        "extraversion": 0.4688059945818279,
        "agreeableness": 0.6583709404780502,
        "neuroticism": 0.5428100207637376
    },
    "iyn": {
        "openness": 0.8233180059704837,
        "conscientiousness": 0.577575450880666,
        "extraversion": 0.4454988865474021,
        "agreeableness": 0.6578822366944879,
        "neuroticism": 0.497406757793471
    },
    "anoother": {
        "openness": 0.8094797888618888,
        "conscientiousness": 0.5799271563627687,
        "extraversion": 0.46757782700913875,
        "agreeableness": 0.6142261801395278,
        "neuroticism": 0.44510059935642615
    },
    "asandvig": {
        "openness": 0.8369527204211346,
        "conscientiousness": 0.5600265382833769,
        "extraversion": 0.5153127160509109,
        "agreeableness": 0.6279637256022261,
        "neuroticism": 0.4292995401362915
    },
    "ngoonee": {
        "openness": 0.8023683744874761,
        "conscientiousness": 0.5669671224062818,
        "extraversion": 0.4729163454159383,
        "agreeableness": 0.74760926582048,
        "neuroticism": 0.43962936424162447
    },
    "bharel": {
        "openness": 0.8157408762202331,
        "conscientiousness": 0.5914857833731347,
        "extraversion": 0.5117054197062028,
        "agreeableness": 0.6061920882295766,
        "neuroticism": 0.5282591903580519
    },
    "MortalCatalyst": {
        "openness": 0.7269951104641383,
        "conscientiousness": 0.6025949310906011,
        "extraversion": 0.5151688533359928,
        "agreeableness": 0.6852464561591761,
        "neuroticism": 0.37866890577227225
    }
}