{
    "ghost": {
        "openness": 0.8169997968457465,
        "conscientiousness": 0.5582257889952438,
        "extraversion": 0.4621311621505199,
        "agreeableness": 0.5820694945668297,
        "neuroticism": 0.5069580009320376
    },
    "akac": {
        "openness": 0.783885755460657,
        "conscientiousness": 0.6111587137009703,
        "extraversion": 0.4915668359872025,
        "agreeableness": 0.5898818736506515,
        "neuroticism": 0.5413129667946942
    },
    "jgale": {
        "openness": 0.7875377880468122,
        "conscientiousness": 0.545876282363839,
        "extraversion": 0.4234900493284134,
        "agreeableness": 0.5776906734053938,
        "neuroticism": 0.4464114650118515
    },
    "jamesandres": {
        "openness": 0.8153131570580665,
        "conscientiousness": 0.5832147404855847,
        "extraversion": 0.5027847463596653,
        "agreeableness": 0.6090924926552576,
        "neuroticism": 0.47894758203238796
    }
}