{
    "mattetti": {
        "openness": 0.8114954348962358,
        "conscientiousness": 0.5924543339201169,
        "extraversion": 0.5271903939147587,
        "agreeableness": 0.6582174782216189,
        "neuroticism": 0.5324190170741999
    },
    "kamui": {
        "openness": 0.8222672140111669,
        "conscientiousness": 0.5763526949889959,
        "extraversion": 0.49535689006130096,
        "agreeableness": 0.6450875309424695,
        "neuroticism": 0.5312288713040243
    },
    "pheino": {
        "openness": 0.7759830879460314,
        "conscientiousness": 0.5750064348909937,
        "extraversion": 0.4939857140240773,
        "agreeableness": 0.6323489638863826,
        "neuroticism": 0.5496221370203423
    },
    "jarias": {
        "openness": 0.8297851060903274,
        "conscientiousness": 0.5461479857339846,
        "extraversion": 0.5154715650461301,
        "agreeableness": 0.6655431496931954,
        "neuroticism": 0.47739354031638526
    }
}