{
    "mattetti": {
        "openness": 0.799908955132409,
        "conscientiousness": 0.6328095867034592,
        "extraversion": 0.5064721009611477,
        "agreeableness": 0.6731397231668733,
        "neuroticism": 0.5450115940399143
    },
    "epinault": {
        "openness": 0.8218441556265781,
        "conscientiousness": 0.6163034381674054,
        "extraversion": 0.5245097357800911,
        "agreeableness": 0.6178907538830978,
        "neuroticism": 0.5468424143904984
    }
}