{
    "maximebf": {
        "openness": 0.8097859857390575,
        "conscientiousness": 0.6204069695908621,
        "extraversion": 0.49164964973055547,
        "agreeableness": 0.6528383185880771,
        "neuroticism": 0.5392511979059709
    },
    "barryvdh": {
        "openness": 0.8254941144998708,
        "conscientiousness": 0.6111961798879387,
        "extraversion": 0.4844451572904258,
        "agreeableness": 0.6511366392023916,
        "neuroticism": 0.5324306807620101
    },
    "JohnMaguire": {
        "openness": 0.7451285020921131,
        "conscientiousness": 0.5911616712380429,
        "extraversion": 0.4688513358654083,
        "agreeableness": 0.6640780467983128,
        "neuroticism": 0.46978036416422003
    },
    "GrahamCampbell": {
        "openness": 0.8067803978341557,
        "conscientiousness": 0.6082227326592924,
        "extraversion": 0.4372919528037721,
        "agreeableness": 0.6474148735617881,
        "neuroticism": 0.5065428020106126
    },
    "ghost": {
        "openness": 0.7938405662018315,
        "conscientiousness": 0.5821438788078261,
        "extraversion": 0.506079933931142,
        "agreeableness": 0.6085839170771287,
        "neuroticism": 0.5505320556385002
    },
    "joshuajabbour": {
        "openness": 0.811331273755326,
        "conscientiousness": 0.574031438664251,
        "extraversion": 0.46668758507061303,
        "agreeableness": 0.632851015931827,
        "neuroticism": 0.517079912758916
    },
    "geekwright": {
        "openness": 0.8462411746140235,
        "conscientiousness": 0.5741381794447528,
        "extraversion": 0.46719397396314033,
        "agreeableness": 0.6222652746705655,
        "neuroticism": 0.5038251320153986
    },
    "mnpenner": {
        "openness": 0.7893977122029124,
        "conscientiousness": 0.5413841783516771,
        "extraversion": 0.4481272880899928,
        "agreeableness": 0.643999938867627,
        "neuroticism": 0.4614003457063641
    },
    "linaspasv": {
        "openness": 0.8162182008192813,
        "conscientiousness": 0.6239242384322515,
        "extraversion": 0.48147760172419085,
        "agreeableness": 0.6479324458548493,
        "neuroticism": 0.4895802610535376
    },
    "rhukster": {
        "openness": 0.8530730992209007,
        "conscientiousness": 0.6254781792449962,
        "extraversion": 0.5121253219655186,
        "agreeableness": 0.658210961399899,
        "neuroticism": 0.5219085671505667
    },
    "bobd91": {
        "openness": 0.800993367358077,
        "conscientiousness": 0.5881185284648092,
        "extraversion": 0.4656356509559767,
        "agreeableness": 0.6257106140435948,
        "neuroticism": 0.48542655309616334
    },
    "Basje": {
        "openness": 0.8090315985638593,
        "conscientiousness": 0.5998731767899601,
        "extraversion": 0.5197589748353001,
        "agreeableness": 0.6798037138275183,
        "neuroticism": 0.4599513653388958
    },
    "sername8": {
        "openness": 0.7466352651388524,
        "conscientiousness": 0.5770663829768733,
        "extraversion": 0.47624182702199563,
        "agreeableness": 0.659434241993105,
        "neuroticism": 0.40732975596556087
    },
    "james-johnston-thumbtack": {
        "openness": 0.815469294810133,
        "conscientiousness": 0.5797428748817494,
        "extraversion": 0.4860719340021372,
        "agreeableness": 0.6395478426708836,
        "neuroticism": 0.5168522190315854
    },
    "losttheplot": {
        "openness": 0.8146117574341929,
        "conscientiousness": 0.56863934116895,
        "extraversion": 0.503123869192157,
        "agreeableness": 0.6455675506886829,
        "neuroticism": 0.4881316769406282
    },
    "jamiehd": {
        "openness": 0.8126379508555308,
        "conscientiousness": 0.5983898680427504,
        "extraversion": 0.4239219105077737,
        "agreeableness": 0.66539795477989,
        "neuroticism": 0.5019341480654758
    },
    "fabswt": {
        "openness": 0.7954183800118889,
        "conscientiousness": 0.5752032733828412,
        "extraversion": 0.47147545398383783,
        "agreeableness": 0.6017062319576734,
        "neuroticism": 0.5104603832373313
    },
    "tburry": {
        "openness": 0.8310629129018454,
        "conscientiousness": 0.5567195559601832,
        "extraversion": 0.48067329041398504,
        "agreeableness": 0.6432294446435707,
        "neuroticism": 0.47109036410124216
    }
}