{
    "maxwellito": {
        "openness": 0.8046323414112482,
        "conscientiousness": 0.601389057008736,
        "extraversion": 0.4633904267904133,
        "agreeableness": 0.6463612911958747,
        "neuroticism": 0.519273286889312
    },
    "flyingfisch": {
        "openness": 0.7768588085490743,
        "conscientiousness": 0.5793950632094983,
        "extraversion": 0.4578251331991232,
        "agreeableness": 0.6245874484625203,
        "neuroticism": 0.5145253355607654
    },
    "jolic": {
        "openness": 0.8267238614546321,
        "conscientiousness": 0.5707049906860077,
        "extraversion": 0.48152596272213527,
        "agreeableness": 0.6081928217907409,
        "neuroticism": 0.4971688372135201
    },
    "mg": {
        "openness": 0.8036041394149885,
        "conscientiousness": 0.6274002633645553,
        "extraversion": 0.4702953603018669,
        "agreeableness": 0.6195745567725883,
        "neuroticism": 0.5561163506455358
    },
    "csgruenebe": {
        "openness": 0.8062900401739204,
        "conscientiousness": 0.6330651778012321,
        "extraversion": 0.49426320646502947,
        "agreeableness": 0.6238852355978215,
        "neuroticism": 0.5194663664651951
    },
    "morgangiraud": {
        "openness": 0.7952148144467551,
        "conscientiousness": 0.5972896638960417,
        "extraversion": 0.4474368485521121,
        "agreeableness": 0.6135934107875489,
        "neuroticism": 0.4849355154091539
    },
    "ghost": {
        "openness": 0.8047349768671441,
        "conscientiousness": 0.5788525819275162,
        "extraversion": 0.4530497847281396,
        "agreeableness": 0.626858449680116,
        "neuroticism": 0.5332509205329301
    },
    "termoplus": {
        "openness": 0.7785548044239753,
        "conscientiousness": 0.6365513059819764,
        "extraversion": 0.4258444984529187,
        "agreeableness": 0.721190150848311,
        "neuroticism": 0.503469896554573
    },
    "monkeehub": {
        "openness": 0.7943314928025621,
        "conscientiousness": 0.6327560171032255,
        "extraversion": 0.5411107895665968,
        "agreeableness": 0.6751462744458282,
        "neuroticism": 0.5463040771790467
    },
    "Nerdissimo": {
        "openness": 0.7539544632040786,
        "conscientiousness": 0.6213425670704831,
        "extraversion": 0.4947662370277879,
        "agreeableness": 0.7929977964872288,
        "neuroticism": 0.4844257543690624
    },
    "christ0ph3r": {
        "openness": 0.7865441303719611,
        "conscientiousness": 0.5350592521206868,
        "extraversion": 0.4186400710087855,
        "agreeableness": 0.640804725532664,
        "neuroticism": 0.4342504312179671
    },
    "PeterWooster": {
        "openness": 0.7928924805379,
        "conscientiousness": 0.5822798605846664,
        "extraversion": 0.472101610137871,
        "agreeableness": 0.5874867319846364,
        "neuroticism": 0.4516680334259313
    },
    "bahamadon": {
        "openness": 0.8602439002721616,
        "conscientiousness": 0.6187116508263993,
        "extraversion": 0.4856042776585633,
        "agreeableness": 0.6643637826487774,
        "neuroticism": 0.5018666918825929
    },
    "SmartArtsStudio": {
        "openness": 0.8435942534813258,
        "conscientiousness": 0.5881131498095421,
        "extraversion": 0.4709463209415793,
        "agreeableness": 0.5841982315581181,
        "neuroticism": 0.5209735798184068
    },
    "jeffceriello": {
        "openness": 0.8167473112223489,
        "conscientiousness": 0.5860637082900431,
        "extraversion": 0.4641919734209957,
        "agreeableness": 0.6211953194645081,
        "neuroticism": 0.49286601264562013
    },
    "jimshell": {
        "openness": 0.8105376152026051,
        "conscientiousness": 0.598528512611475,
        "extraversion": 0.48652369872509177,
        "agreeableness": 0.6372679344121428,
        "neuroticism": 0.5091625734327749
    },
    "KrishnaPG": {
        "openness": 0.8148399707957178,
        "conscientiousness": 0.5823853842436533,
        "extraversion": 0.4770666643856366,
        "agreeableness": 0.5781252114162101,
        "neuroticism": 0.5328035268637468
    },
    "StoneCypher": {
        "openness": 0.7862078995712434,
        "conscientiousness": 0.5022856381425611,
        "extraversion": 0.45839805919102694,
        "agreeableness": 0.6448383934225826,
        "neuroticism": 0.4234448566399387
    },
    "sbastias": {
        "openness": 0.7967672210119985,
        "conscientiousness": 0.6005070135979204,
        "extraversion": 0.49260694175863695,
        "agreeableness": 0.6033399268909753,
        "neuroticism": 0.5216230364586114
    },
    "ch0wner": {
        "openness": 0.716867142581473,
        "conscientiousness": 0.6184178138540054,
        "extraversion": 0.4726526962512687,
        "agreeableness": 0.6929965221274972,
        "neuroticism": 0.48640212718190545
    },
    "codebymikey": {
        "openness": 0.7679159978159188,
        "conscientiousness": 0.6097557129328278,
        "extraversion": 0.4951363023264828,
        "agreeableness": 0.6712950655141539,
        "neuroticism": 0.4847887155901736
    },
    "rotellanomala": {
        "openness": 0.7955795673076452,
        "conscientiousness": 0.6082075510602185,
        "extraversion": 0.5309788584908388,
        "agreeableness": 0.676531663261734,
        "neuroticism": 0.5029082221725116
    }
}