{
    "mcamara": {
        "openness": 0.8098680270979024,
        "conscientiousness": 0.6757846664209916,
        "extraversion": 0.4941187331908981,
        "agreeableness": 0.685653330463611,
        "neuroticism": 0.5605652898211316
    },
    "sangar82": {
        "openness": 0.7855405330206295,
        "conscientiousness": 0.5479930853770584,
        "extraversion": 0.4713671941252931,
        "agreeableness": 0.603963149256165,
        "neuroticism": 0.4249905956092057
    },
    "closca": {
        "openness": 0.8021435184039515,
        "conscientiousness": 0.6006055210966893,
        "extraversion": 0.47749809673041654,
        "agreeableness": 0.5813796785369694,
        "neuroticism": 0.5369175662243013
    },
    "SergeyMiracle": {
        "openness": 0.7745182084411767,
        "conscientiousness": 0.5761692060108703,
        "extraversion": 0.4873193119161421,
        "agreeableness": 0.6250384009889101,
        "neuroticism": 0.47954089261597166
    },
    "drewjw81": {
        "openness": 0.8016806946940226,
        "conscientiousness": 0.6062217297513123,
        "extraversion": 0.49760018748118373,
        "agreeableness": 0.6434236057503788,
        "neuroticism": 0.5126913280542814
    },
    "jaumesala": {
        "openness": 0.786403071315291,
        "conscientiousness": 0.5906959091340601,
        "extraversion": 0.5101848443169852,
        "agreeableness": 0.6196614070485693,
        "neuroticism": 0.5141204482676369
    },
    "nikosv": {
        "openness": 0.8254897466834452,
        "conscientiousness": 0.5395392927932912,
        "extraversion": 0.45363476683121295,
        "agreeableness": 0.5948226249622464,
        "neuroticism": 0.4925139913707144
    },
    "dedurus": {
        "openness": 0.7812641999913076,
        "conscientiousness": 0.6089952418956338,
        "extraversion": 0.4985468971116672,
        "agreeableness": 0.6393344526180662,
        "neuroticism": 0.4925182835280463
    },
    "fisharebest": {
        "openness": 0.8240967910815074,
        "conscientiousness": 0.5827071018759296,
        "extraversion": 0.4798023307639284,
        "agreeableness": 0.6019910585546921,
        "neuroticism": 0.4998458007688701
    },
    "ghost": {
        "openness": 0.7670710222879555,
        "conscientiousness": 0.5692744570775807,
        "extraversion": 0.48754663315218294,
        "agreeableness": 0.6136076933758313,
        "neuroticism": 0.46405058844964864
    },
    "Sparo": {
        "openness": 0.8071447828343241,
        "conscientiousness": 0.5856088694835745,
        "extraversion": 0.46463300963862025,
        "agreeableness": 0.603896313336829,
        "neuroticism": 0.5251233932268304
    },
    "brwnll": {
        "openness": 0.8305107221053064,
        "conscientiousness": 0.5979744311219053,
        "extraversion": 0.5261399072375492,
        "agreeableness": 0.6153621645893081,
        "neuroticism": 0.5400797925470242
    },
    "nWidart": {
        "openness": 0.790607986572316,
        "conscientiousness": 0.5572664166004927,
        "extraversion": 0.42342022712367683,
        "agreeableness": 0.6391001197967463,
        "neuroticism": 0.4648340692520678
    },
    "goranata": {
        "openness": 0.8183260604668582,
        "conscientiousness": 0.6081250080087129,
        "extraversion": 0.42314422845111604,
        "agreeableness": 0.6078048463183725,
        "neuroticism": 0.5339419743987228
    },
    "arcanedev-maroc": {
        "openness": 0.794637367104534,
        "conscientiousness": 0.6290144673540874,
        "extraversion": 0.5162705317164212,
        "agreeableness": 0.6515871271069487,
        "neuroticism": 0.524750743757309
    },
    "sweet-greg": {
        "openness": 0.7634388947767731,
        "conscientiousness": 0.5543264706651037,
        "extraversion": 0.5151972747051662,
        "agreeableness": 0.6479161006532507,
        "neuroticism": 0.4276174667306323
    },
    "Thomas-Jensen": {
        "openness": 0.810515037534577,
        "conscientiousness": 0.6156692189631038,
        "extraversion": 0.47326518128158584,
        "agreeableness": 0.6344573720819505,
        "neuroticism": 0.5262828109829005
    },
    "dvlpp": {
        "openness": 0.7968426243988431,
        "conscientiousness": 0.5528022620248478,
        "extraversion": 0.452377482946668,
        "agreeableness": 0.6381525762565508,
        "neuroticism": 0.39316635579948994
    },
    "mkwsra": {
        "openness": 0.7928416755214783,
        "conscientiousness": 0.5848732166179383,
        "extraversion": 0.48796796808167464,
        "agreeableness": 0.6551150746791214,
        "neuroticism": 0.4620087368658089
    },
    "MarcGuay": {
        "openness": 0.8211036974853569,
        "conscientiousness": 0.5974905188064834,
        "extraversion": 0.46864292157087784,
        "agreeableness": 0.6068213317448883,
        "neuroticism": 0.49003795337724154
    },
    "illuminate3": {
        "openness": 0.7923675046643621,
        "conscientiousness": 0.5690520834792546,
        "extraversion": 0.46497601914300307,
        "agreeableness": 0.6103819648208435,
        "neuroticism": 0.45320113441537224
    },
    "MarcGaumont": {
        "openness": 0.7626986672836111,
        "conscientiousness": 0.5994034291917251,
        "extraversion": 0.4725433391133529,
        "agreeableness": 0.6484638923529131,
        "neuroticism": 0.4650286583502171
    },
    "neysi": {
        "openness": 0.7360614082633616,
        "conscientiousness": 0.569191997764279,
        "extraversion": 0.49488873007533496,
        "agreeableness": 0.6601820841058901,
        "neuroticism": 0.4348905633744819
    },
    "simplenotezy": {
        "openness": 0.7589763465189069,
        "conscientiousness": 0.58475823993357,
        "extraversion": 0.4629441885470701,
        "agreeableness": 0.6204247482467765,
        "neuroticism": 0.4316651500062356
    },
    "kazak71": {
        "openness": 0.8191861851423944,
        "conscientiousness": 0.6353019089626265,
        "extraversion": 0.5226455067914001,
        "agreeableness": 0.675212829367188,
        "neuroticism": 0.5192475129319627
    },
    "rtucek": {
        "openness": 0.8139974988379194,
        "conscientiousness": 0.5992034855658399,
        "extraversion": 0.4901187980765578,
        "agreeableness": 0.6213618213246852,
        "neuroticism": 0.5290364306432463
    },
    "gjportegies": {
        "openness": 0.7564308084544655,
        "conscientiousness": 0.6059133234821336,
        "extraversion": 0.4749884797966831,
        "agreeableness": 0.6354691589667961,
        "neuroticism": 0.5028792675013886
    },
    "Propaganistas": {
        "openness": 0.7632390818056868,
        "conscientiousness": 0.5824501851774389,
        "extraversion": 0.4672980666584381,
        "agreeableness": 0.6233941268408029,
        "neuroticism": 0.4736993030184029
    },
    "ndberg": {
        "openness": 0.827196972484251,
        "conscientiousness": 0.6184464531085954,
        "extraversion": 0.5450813435106131,
        "agreeableness": 0.7123534250956809,
        "neuroticism": 0.526941113841165
    },
    "datashaman": {
        "openness": 0.8177952610739808,
        "conscientiousness": 0.6019661810285147,
        "extraversion": 0.5307005310947058,
        "agreeableness": 0.6352615838441522,
        "neuroticism": 0.5036347003375026
    },
    "samfrjn11": {
        "openness": 0.8360863881697637,
        "conscientiousness": 0.6077930846586732,
        "extraversion": 0.5404283427620403,
        "agreeableness": 0.6288163737596183,
        "neuroticism": 0.4670089992908061
    },
    "mtx-z": {
        "openness": 0.8453961651512722,
        "conscientiousness": 0.58942296577295,
        "extraversion": 0.5499188843563805,
        "agreeableness": 0.6447704242296111,
        "neuroticism": 0.48258012716897314
    },
    "ctf0": {
        "openness": 0.7865437086424322,
        "conscientiousness": 0.6090670454865562,