{
    "Mechazawa": {
        "openness": 0.8105406168136279,
        "conscientiousness": 0.5459958420012362,
        "extraversion": 0.474748434659636,
        "agreeableness": 0.6059386443634986,
        "neuroticism": 0.48630702681754984
    },
    "ylluminarious": {
        "openness": 0.7855093055435531,
        "conscientiousness": 0.589952809177625,
        "extraversion": 0.4972079399561078,
        "agreeableness": 0.705695930438228,
        "neuroticism": 0.46758809121989925
    },
    "DaanBiesterbos": {
        "openness": 0.8151283708575419,
        "conscientiousness": 0.6447042328017498,
        "extraversion": 0.5793233065196879,
        "agreeableness": 0.7106593377266808,
        "neuroticism": 0.5353845339600511
    }
}