{
    "mhagger": {
        "openness": 0.8172036381448571,
        "conscientiousness": 0.6275148372243013,
        "extraversion": 0.4673293213596214,
        "agreeableness": 0.638941779411906,
        "neuroticism": 0.5318137128446083
    },
    "knirch": {
        "openness": 0.7882273936768375,
        "conscientiousness": 0.5956950498223498,
        "extraversion": 0.4472097298081852,
        "agreeableness": 0.6697549446174768,
        "neuroticism": 0.5505194011459619
    },
    "waldyrious": {
        "openness": 0.831236823659474,
        "conscientiousness": 0.6067644168896718,
        "extraversion": 0.4659298527836372,
        "agreeableness": 0.6942110947653963,
        "neuroticism": 0.5096427526460797
    },
    "jherland": {
        "openness": 0.8209915331113491,
        "conscientiousness": 0.6064984270023012,
        "extraversion": 0.4641800539623367,
        "agreeableness": 0.6192922103459101,
        "neuroticism": 0.5167841128810877
    },
    "jdelStrother": {
        "openness": 0.8122357463253878,
        "conscientiousness": 0.5357914599579398,
        "extraversion": 0.4312190188977304,
        "agreeableness": 0.6845804576644163,
        "neuroticism": 0.4875822077480375
    },
    "myint": {
        "openness": 0.7937646735123792,
        "conscientiousness": 0.5409189826109122,
        "extraversion": 0.4651963509586503,
        "agreeableness": 0.6187848502423167,
        "neuroticism": 0.5036680952086933
    },
    "muff1nman": {
        "openness": 0.7738140306786113,
        "conscientiousness": 0.639025096384275,
        "extraversion": 0.43873833683345925,
        "agreeableness": 0.670507757139067,
        "neuroticism": 0.5517252765690676
    },
    "dwijnand": {
        "openness": 0.8187663389235817,
        "conscientiousness": 0.6423293148734921,
        "extraversion": 0.5053351866355696,
        "agreeableness": 0.6496014229088877,
        "neuroticism": 0.5246227412466968
    },
    "eddyp": {
        "openness": 0.8205430465426563,
        "conscientiousness": 0.6076533848365884,
        "extraversion": 0.45961574607311645,
        "agreeableness": 0.6132652844479344,
        "neuroticism": 0.5195642977625736
    },
    "jyasskin": {
        "openness": 0.7610860441252757,
        "conscientiousness": 0.5699910445369274,
        "extraversion": 0.45551741263871837,
        "agreeableness": 0.6406901416444845,
        "neuroticism": 0.4741296741925668
    },
    "blitz": {
        "openness": 0.7873809277897933,
        "conscientiousness": 0.5774849050160119,
        "extraversion": 0.3992097678944528,
        "agreeableness": 0.6511382758298134,
        "neuroticism": 0.4884997519848417
    },
    "magthe": {
        "openness": 0.72221473984449,
        "conscientiousness": 0.6288537689250816,
        "extraversion": 0.47944733368011,
        "agreeableness": 0.7058876108568175,
        "neuroticism": 0.4739113011101914
    },
    "lucaswerkmeister": {
        "openness": 0.8067962124457789,
        "conscientiousness": 0.6022250618966355,
        "extraversion": 0.4941953599373925,
        "agreeableness": 0.6257892285542255,
        "neuroticism": 0.5374980506958863
    },
    "talios": {
        "openness": 0.8313508203155517,
        "conscientiousness": 0.5806291090104682,
        "extraversion": 0.5224954777336159,
        "agreeableness": 0.6997965054172943,
        "neuroticism": 0.4692621256472678
    },
    "dleen": {
        "openness": 0.8095005984273773,
        "conscientiousness": 0.6200186669461001,
        "extraversion": 0.4629564969913687,
        "agreeableness": 0.6608865986418273,
        "neuroticism": 0.5141048678098479
    },
    "johnkeeping": {
        "openness": 0.828420497515139,
        "conscientiousness": 0.6123183679447713,
        "extraversion": 0.45771587533118485,
        "agreeableness": 0.6392065896757102,
        "neuroticism": 0.5048888969363635
    },
    "Nephyrin": {
        "openness": 0.7790771168233749,
        "conscientiousness": 0.6183361625582173,
        "extraversion": 0.456385483355832,
        "agreeableness": 0.6095796725151115,
        "neuroticism": 0.48924403519439164
    },
    "davidchisnall": {
        "openness": 0.8023240134909566,
        "conscientiousness": 0.5871970811755909,
        "extraversion": 0.44502761950257946,
        "agreeableness": 0.6060345975772078,
        "neuroticism": 0.4808015694856924
    },
    "Stunner": {
        "openness": 0.7713683215643338,
        "conscientiousness": 0.5815642760607137,
        "extraversion": 0.4863702451746413,
        "agreeableness": 0.6453670813694634,
        "neuroticism": 0.4856140226679615
    },
    "rulatir": {
        "openness": 0.8356808368790599,
        "conscientiousness": 0.6635273345259276,
        "extraversion": 0.49948690661142997,
        "agreeableness": 0.6670354399223173,
        "neuroticism": 0.5862997380382543
    },
    "USBhost": {
        "openness": 0.7106766962305736,
        "conscientiousness": 0.6124994095737878,
        "extraversion": 0.4609028820044317,
        "agreeableness": 0.6380462216449583,
        "neuroticism": 0.5028603841779946
    },
    "orao": {
        "openness": 0.7862242001648492,
        "conscientiousness": 0.6424802406303608,
        "extraversion": 0.4404878217943057,
        "agreeableness": 0.6391656195649698,
        "neuroticism": 0.5226916161659722
    },
    "dueringa": {
        "openness": 0.718980993268696,
        "conscientiousness": 0.6233689575589704,
        "extraversion": 0.5084086588248086,
        "agreeableness": 0.7055617188321467,
        "neuroticism": 0.48703943794824783
    }
}