{
    "MichaelDrogalis": {
        "openness": 0.8027134043675239,
        "conscientiousness": 0.6358735306567723,
        "extraversion": 0.4986287431412466,
        "agreeableness": 0.7297703212243141,
        "neuroticism": 0.5097589598027396
    },
    "dparis": {
        "openness": 0.8353673074320416,
        "conscientiousness": 0.5877839909198272,
        "extraversion": 0.4767752034078293,
        "agreeableness": 0.6609411798404892,
        "neuroticism": 0.5098013269147835
    },
    "johnworth": {
        "openness": 0.8226905730468862,
        "conscientiousness": 0.5555170870405669,
        "extraversion": 0.4514711384458965,
        "agreeableness": 0.5941699488572448,
        "neuroticism": 0.47293195513780795
    },
    "lkrubner": {
        "openness": 0.7796752309590096,
        "conscientiousness": 0.5676793064613777,
        "extraversion": 0.5538681876317283,
        "agreeableness": 0.5943266941825132,
        "neuroticism": 0.4538259365004019
    }
}