{
    "mikepenz": {
        "openness": 0.8208439414939007,
        "conscientiousness": 0.6313594072526993,
        "extraversion": 0.4777010813331524,
        "agreeableness": 0.6420347790894212,
        "neuroticism": 0.530038382821872
    },
    "gpulido": {
        "openness": 0.7817517706560984,
        "conscientiousness": 0.5218788860474967,
        "extraversion": 0.4306330711680656,
        "agreeableness": 0.5760068587398074,
        "neuroticism": 0.43949185382498834
    },
    "alorma": {
        "openness": 0.7936281059977057,
        "conscientiousness": 0.5752840665355187,
        "extraversion": 0.5318892380007417,
        "agreeableness": 0.6854575506147428,
        "neuroticism": 0.3821243443123189
    },
    "Brian-McBride": {
        "openness": 0.8046722819142665,
        "conscientiousness": 0.5992275628839074,
        "extraversion": 0.5383442648479984,
        "agreeableness": 0.7030335833456269,
        "neuroticism": 0.4516578222628837
    },
    "seba123neo": {
        "openness": 0.826632891493015,
        "conscientiousness": 0.6028820707676308,
        "extraversion": 0.4780654580125121,
        "agreeableness": 0.6132745748659612,
        "neuroticism": 0.5277989561465457
    },
    "wKovacs64": {
        "openness": 0.8138544730627637,
        "conscientiousness": 0.6101457610118538,
        "extraversion": 0.49232039305720693,
        "agreeableness": 0.7460346064767484,
        "neuroticism": 0.5228478412577524
    },
    "clement9527": {
        "openness": 0.8418867882146067,
        "conscientiousness": 0.6198719282551379,
        "extraversion": 0.44316724656764467,
        "agreeableness": 0.6367330950615332,
        "neuroticism": 0.5105886358430076
    },
    "waninkoko": {
        "openness": 0.8226928488420536,
        "conscientiousness": 0.5814290626408574,
        "extraversion": 0.4588052967926449,
        "agreeableness": 0.5954307055138408,
        "neuroticism": 0.46989753584137084
    },
    "ghost": {
        "openness": 0.7298485241751341,
        "conscientiousness": 0.5857263175405854,
        "extraversion": 0.4791149488593472,
        "agreeableness": 0.6729629464076275,
        "neuroticism": 0.467424236220036
    },
    "javiersantos": {
        "openness": 0.8150164516914569,
        "conscientiousness": 0.566000986017022,
        "extraversion": 0.40711593496299026,
        "agreeableness": 0.589988958765598,
        "neuroticism": 0.4790283228852686
    },
    "AngleV": {
        "openness": 0.8078061069185203,
        "conscientiousness": 0.5924822468499239,
        "extraversion": 0.4890589607614837,
        "agreeableness": 0.6366386447708822,
        "neuroticism": 0.4826552957290608
    },
    "androideveloper": {
        "openness": 0.7323703113792007,
        "conscientiousness": 0.5897099408454455,
        "extraversion": 0.4565468578876165,
        "agreeableness": 0.6627538812570264,
        "neuroticism": 0.4743901556798612
    },
    "mtrakal": {
        "openness": 0.7898832164256728,
        "conscientiousness": 0.5835257353682295,
        "extraversion": 0.5142839336134041,
        "agreeableness": 0.6450534421679724,
        "neuroticism": 0.4456797111648305
    },
    "sytolk": {
        "openness": 0.7584720502972511,
        "conscientiousness": 0.5700757322239489,
        "extraversion": 0.45533874100265154,
        "agreeableness": 0.6407322397072978,
        "neuroticism": 0.39601897199850844
    },
    "Rainer-Lang": {
        "openness": 0.8238541911652837,
        "conscientiousness": 0.6074031787482452,
        "extraversion": 0.5229268082559442,
        "agreeableness": 0.6491642060874556,
        "neuroticism": 0.4851379566110848
    },
    "AAverin": {
        "openness": 0.8393946030815624,
        "conscientiousness": 0.5778288025372869,
        "extraversion": 0.5048018279893675,
        "agreeableness": 0.6318924920332671,
        "neuroticism": 0.49129620036463323
    },
    "MFlisar": {
        "openness": 0.8446422842849003,
        "conscientiousness": 0.5933780386640661,
        "extraversion": 0.4752626140100151,
        "agreeableness": 0.6284278417575819,
        "neuroticism": 0.5201324009806089
    },
    "kuno": {
        "openness": 0.7897917411599531,
        "conscientiousness": 0.6061628692351659,
        "extraversion": 0.5329868554974552,
        "agreeableness": 0.6783496797002992,
        "neuroticism": 0.45016754157182504
    },
    "athasamid": {
        "openness": 0.7251688252266916,
        "conscientiousness": 0.5999420725448456,
        "extraversion": 0.4840288207929217,
        "agreeableness": 0.7004052540568098,
        "neuroticism": 0.41571004297639463
    },
    "Tolriq": {
        "openness": 0.8383889783790703,
        "conscientiousness": 0.5939039350082151,
        "extraversion": 0.47741925103013744,
        "agreeableness": 0.6354458838910837,
        "neuroticism": 0.5236027133328673
    },
    "rpgdev": {
        "openness": 0.8180514586948285,
        "conscientiousness": 0.5839242369080471,
        "extraversion": 0.4431130726043009,
        "agreeableness": 0.5941613086015228,
        "neuroticism": 0.5248406468438349
    },
    "NovaViper": {
        "openness": 0.7647031115496362,
        "conscientiousness": 0.5604150646113785,
        "extraversion": 0.48478988400905737,
        "agreeableness": 0.6273361095316917,
        "neuroticism": 0.46078229506354007
    },
    "bschwind": {
        "openness": 0.827853671111339,
        "conscientiousness": 0.5922771146861987,
        "extraversion": 0.47987449460864773,
        "agreeableness": 0.6289406984207973,
        "neuroticism": 0.4808134818475415
    },
    "cristian1703": {
        "openness": 0.8013305169489504,
        "conscientiousness": 0.5450606819559312,
        "extraversion": 0.4644947256109007,
        "agreeableness": 0.6083218397323684,
        "neuroticism": 0.4474034957909815
    },
    "zTrap": {
        "openness": 0.785836110846013,
        "conscientiousness": 0.6371898271664733,
        "extraversion": 0.49307769590651723,
        "agreeableness": 0.6717747724103007,
        "neuroticism": 0.5001171398506135
    },
    "DrFornax": {
        "openness": 0.7512825674517778,
        "conscientiousness": 0.5953657725045719,
        "extraversion": 0.531420643221562,
        "agreeableness": 0.6901447724423386,
        "neuroticism": 0.49244630746100304
    },
    "hurshi": {
        "openness": 0.7441358468769256,
        "conscientiousness": 0.591219847516115,
        "extraversion": 0.4968791934116501,
        "agreeableness": 0.6848082376604201,
        "neuroticism": 0.4650258222369845
    },
    "sirs-rsml": {
        "openness": 0.7536853978150534,
        "conscientiousness": 0.6090450310111786,
        "extraversion": 0.5008650620988858,
        "agreeableness": 0.7039867452766064,
        "neuroticism": 0.4104500710768976
    },
    "juanm4": {
        "openness": 0.7630400587646687,
        "conscientiousness": 0.5814544424314413,
        "extraversion": 0.44196682170196444,
        "agreeableness": 0.6516218893312883,
        "neuroticism": 0.42477577973789404
    },
    "mithrilstar": {
        "openness": 0.7714271724139409,
        "conscientiousness": 0.5835666060272607,
        "extraversion": 0.4822711732940875,
        "agreeableness": 0.6450505299931615,
        "neuroticism": 0.42380255254796667
    }
}