{
    "millermedeiros": {
        "openness": 0.7937959871770875,
        "conscientiousness": 0.5820766149771066,
        "extraversion": 0.43626120435453697,
        "agreeableness": 0.6039890147448036,
        "neuroticism": 0.5144675088689482
    },
    "r4j4h": {
        "openness": 0.820680081550276,
        "conscientiousness": 0.6249723819029699,
        "extraversion": 0.4946414874543364,
        "agreeableness": 0.6740842034953122,
        "neuroticism": 0.5246248744246509
    },
    "sompylasar": {
        "openness": 0.8205320398731709,
        "conscientiousness": 0.6336595526236637,
        "extraversion": 0.4342555855853305,
        "agreeableness": 0.5697977026660357,
        "neuroticism": 0.5238288042464949
    },
    "Hypercubed": {
        "openness": 0.8123161232124376,
        "conscientiousness": 0.5560810198631545,
        "extraversion": 0.43272413310070074,
        "agreeableness": 0.6461142490492062,
        "neuroticism": 0.4854231448925587
    },
    "mhofman": {
        "openness": 0.7950770790120215,
        "conscientiousness": 0.6134725663595165,
        "extraversion": 0.43403506644008133,
        "agreeableness": 0.6045773715695213,
        "neuroticism": 0.5420825185360509
    }
}