{
    "mizzy": {
        "openness": 0.7906161778962734,
        "conscientiousness": 0.6530467962464538,
        "extraversion": 0.4613741084245385,
        "agreeableness": 0.6865116977917277,
        "neuroticism": 0.5430936003934902
    },
    "studio3104": {
        "openness": 0.7902240623205503,
        "conscientiousness": 0.6173338805627233,
        "extraversion": 0.5162598844287156,
        "agreeableness": 0.6976341660727801,
        "neuroticism": 0.5278418460427189
    },
    "raphink": {
        "openness": 0.8159893397846752,
        "conscientiousness": 0.6470386450650569,
        "extraversion": 0.4962679928006353,
        "agreeableness": 0.6603287051508431,
        "neuroticism": 0.5255020057400821
    },
    "ftnk": {
        "openness": 0.7958782037710627,
        "conscientiousness": 0.6034718572963488,
        "extraversion": 0.5198145500198331,
        "agreeableness": 0.6364174874350964,
        "neuroticism": 0.49480362531930333
    },
    "kenjiskywalker": {
        "openness": 0.7983256145708559,
        "conscientiousness": 0.6027355921130004,
        "extraversion": 0.5083738463104243,
        "agreeableness": 0.6818285115469963,
        "neuroticism": 0.47023438691922015
    },
    "takatoshi-maeda": {
        "openness": 0.7757933701773684,
        "conscientiousness": 0.6318171123253702,
        "extraversion": 0.4362461377362498,
        "agreeableness": 0.6675203457624928,
        "neuroticism": 0.5189849695457431
    },
    "smontanari": {
        "openness": 0.7944089419327683,
        "conscientiousness": 0.5976152387076068,
        "extraversion": 0.4917694397628173,
        "agreeableness": 0.6257586905441717,
        "neuroticism": 0.5071096617591065
    },
    "SnehaM": {
        "openness": 0.8222796494393567,
        "conscientiousness": 0.6330624911647007,
        "extraversion": 0.49150921380447754,
        "agreeableness": 0.6411022635952114,
        "neuroticism": 0.5510176831383077
    },
    "aschmidt75": {
        "openness": 0.805454234297247,
        "conscientiousness": 0.6194104043289761,
        "extraversion": 0.5043369038873242,
        "agreeableness": 0.6721640200451,
        "neuroticism": 0.5125886146381442
    },
    "Mahito": {
        "openness": 0.724297088782823,
        "conscientiousness": 0.5970089374434142,
        "extraversion": 0.4684399944367467,
        "agreeableness": 0.6656308841057985,
        "neuroticism": 0.41301017690130154
    },
    "ryandoyle": {
        "openness": 0.7498133396638992,
        "conscientiousness": 0.5751162043797766,
        "extraversion": 0.45268472927567993,
        "agreeableness": 0.6083817454542183,
        "neuroticism": 0.5281799861171932
    }
}