{
    "MojoJolo": {
        "openness": 0.8360141056986449,
        "conscientiousness": 0.649131490820058,
        "extraversion": 0.4921853462126995,
        "agreeableness": 0.6779800890831518,
        "neuroticism": 0.534265459703623
    }
}