{
    "bkeepers": {
        "openness": 0.8508867724001747,
        "conscientiousness": 0.5852197282183319,
        "extraversion": 0.5386717732446041,
        "agreeableness": 0.6600038097288614,
        "neuroticism": 0.44272982152644413
    },
    "technoweenie": {
        "openness": 0.8000474583442514,
        "conscientiousness": 0.6037163778666261,
        "extraversion": 0.4826393075531073,
        "agreeableness": 0.6085458384727198,
        "neuroticism": 0.544715105091303
    },
    "rtomayko": {
        "openness": 0.8233336306839999,
        "conscientiousness": 0.5841280551571849,
        "extraversion": 0.5063908943059456,
        "agreeableness": 0.6527062147585274,
        "neuroticism": 0.5002857181487693
    },
    "bobbywilson0": {
        "openness": 0.8165595772698909,
        "conscientiousness": 0.606779492286572,
        "extraversion": 0.4668133530153625,
        "agreeableness": 0.6498709561241476,
        "neuroticism": 0.526149633245847
    },
    "schleyfox": {
        "openness": 0.881171111461725,
        "conscientiousness": 0.5963320314057566,
        "extraversion": 0.47757803691977135,
        "agreeableness": 0.5953098833989863,
        "neuroticism": 0.5064428012383844
    },
    "kelvinst": {
        "openness": 0.8308179672392889,
        "conscientiousness": 0.5997943043892935,
        "extraversion": 0.4679396117124053,
        "agreeableness": 0.629394487630976,
        "neuroticism": 0.4858781451758517
    },
    "masukomi": {
        "openness": 0.8107907281185333,
        "conscientiousness": 0.6024443849927814,
        "extraversion": 0.5731870251736726,
        "agreeableness": 0.6968272512659744,
        "neuroticism": 0.5442864804229406
    },
    "gamemachine": {
        "openness": 0.7624109636706193,
        "conscientiousness": 0.6169480976299083,
        "extraversion": 0.5013265316483186,
        "agreeableness": 0.7182953404371331,
        "neuroticism": 0.46838649497576507
    },
    "nickh": {
        "openness": 0.7621849985425277,
        "conscientiousness": 0.599626343374136,
        "extraversion": 0.472101544713116,
        "agreeableness": 0.6495978780631263,
        "neuroticism": 0.48605762971600625
    }
}