{
    "scotthernandez": {
        "openness": 0.8588644755047872,
        "conscientiousness": 0.6297695906321101,
        "extraversion": 0.497359692469876,
        "agreeableness": 0.6464161539710924,
        "neuroticism": 0.5306545203596672
    },
    "trishagee": {
        "openness": 0.8169765130391492,
        "conscientiousness": 0.606971736507794,
        "extraversion": 0.46725916642014037,
        "agreeableness": 0.6340727778768276,
        "neuroticism": 0.5010387547278039
    },
    "koen-serry": {
        "openness": 0.8215895061624435,
        "conscientiousness": 0.5801148293529134,
        "extraversion": 0.4316822116672958,
        "agreeableness": 0.6473131203444049,
        "neuroticism": 0.4955087397598663
    },
    "nzrgit": {
        "openness": 0.8116407822228257,
        "conscientiousness": 0.6793711187507194,
        "extraversion": 0.4800110466198937,
        "agreeableness": 0.733875938989653,
        "neuroticism": 0.5495606664496295
    },
    "jyemin": {
        "openness": 0.8159764074993157,
        "conscientiousness": 0.6164119011436386,
        "extraversion": 0.4817710830696932,
        "agreeableness": 0.6335622215801637,
        "neuroticism": 0.5168703948338456
    },
    "greenlaw110": {
        "openness": 0.8040423194659552,
        "conscientiousness": 0.6019335740037967,
        "extraversion": 0.46207933793255895,
        "agreeableness": 0.6532701582116482,
        "neuroticism": 0.546287324786606
    },
    "havocp": {
        "openness": 0.8146148351310241,
        "conscientiousness": 0.5550977408029834,
        "extraversion": 0.43371915630812874,
        "agreeableness": 0.6071993881943349,
        "neuroticism": 0.48067997645270344
    },
    "trnl": {
        "openness": 0.7807612731213364,
        "conscientiousness": 0.584239453355322,
        "extraversion": 0.42980214173863296,
        "agreeableness": 0.6287220489745254,
        "neuroticism": 0.48351956544746866
    },
    "juanlmelo": {
        "openness": 0.7761538811788822,
        "conscientiousness": 0.609885405313688,
        "extraversion": 0.4402935717975339,
        "agreeableness": 0.6253629253931254,
        "neuroticism": 0.46120447462984404
    },
    "rozza": {
        "openness": 0.8068428203777505,
        "conscientiousness": 0.6349449095460422,
        "extraversion": 0.48715960812990994,
        "agreeableness": 0.6445457847658675,
        "neuroticism": 0.5197977610243909
    },
    "craiggwilson": {
        "openness": 0.8356039729958921,
        "conscientiousness": 0.5833056078863252,
        "extraversion": 0.4764872932673754,
        "agreeableness": 0.625894525522068,
        "neuroticism": 0.506594550334476
    },
    "evanchooly": {
        "openness": 0.7993604357004813,
        "conscientiousness": 0.5790878240856793,
        "extraversion": 0.47898993451445093,
        "agreeableness": 0.6377661431479296,
        "neuroticism": 0.5089116526836457
    },
    "st-h": {
        "openness": 0.8492792577718438,
        "conscientiousness": 0.6083931099007379,
        "extraversion": 0.46729922937364676,
        "agreeableness": 0.6505583385268963,
        "neuroticism": 0.5287473402695386
    },
    "romario13": {
        "openness": 0.7774645183012221,
        "conscientiousness": 0.5515160730162135,
        "extraversion": 0.4820376473704127,
        "agreeableness": 0.6096361357739788,
        "neuroticism": 0.42862747461104855
    },
    "joankaradimov": {
        "openness": 0.8420688357125291,
        "conscientiousness": 0.5813429641519406,
        "extraversion": 0.4600776390817777,
        "agreeableness": 0.5839309364227796,
        "neuroticism": 0.5184574152555482
    },
    "fhassak": {
        "openness": 0.767592585690569,
        "conscientiousness": 0.5593238065705654,
        "extraversion": 0.4678431137368598,
        "agreeableness": 0.6002444563827569,
        "neuroticism": 0.4542412320161689
    }
}