{
    "rmcardle": {
        "openness": 0.8094707969376651,
        "conscientiousness": 0.6534044150998857,
        "extraversion": 0.5063118200035348,
        "agreeableness": 0.6742584384734994,
        "neuroticism": 0.5080553716191495
    },
    "crusader9": {
        "openness": 0.7619530634279345,
        "conscientiousness": 0.6071699657684415,
        "extraversion": 0.5045454063631525,
        "agreeableness": 0.6927594549294228,
        "neuroticism": 0.45778700920697607
    },
    "ghost": {
        "openness": 0.7907618855684502,
        "conscientiousness": 0.609358119184057,
        "extraversion": 0.5036527426957691,
        "agreeableness": 0.6536479001750273,
        "neuroticism": 0.5239345910257344
    },
    "sirrus": {
        "openness": 0.7811044554094864,
        "conscientiousness": 0.5894596427415231,
        "extraversion": 0.44746330661734646,
        "agreeableness": 0.6099346321649897,
        "neuroticism": 0.4992980852729314
    },
    "nmat": {
        "openness": 0.8056879516140775,
        "conscientiousness": 0.619988341246788,
        "extraversion": 0.47224826102068684,
        "agreeableness": 0.6677253587388224,
        "neuroticism": 0.5199677483881501
    },
    "Silent-Joker": {
        "openness": 0.799782365297796,
        "conscientiousness": 0.6587145091573904,
        "extraversion": 0.4273049362021455,
        "agreeableness": 0.6740000384128026,
        "neuroticism": 0.5699906307328042
    },
    "reggie-regg": {
        "openness": 0.7769791736757515,
        "conscientiousness": 0.5727452325092813,
        "extraversion": 0.5009859694714716,
        "agreeableness": 0.6435907003694623,
        "neuroticism": 0.5136989854279337
    },
    "kmscode": {
        "openness": 0.7999498095364934,
        "conscientiousness": 0.6104503177994413,
        "extraversion": 0.4769662478067861,
        "agreeableness": 0.6204045620550944,
        "neuroticism": 0.5194487881052541
    },
    "sparerd": {
        "openness": 0.8082154214036915,
        "conscientiousness": 0.6201973114645619,
        "extraversion": 0.4670610020358325,
        "agreeableness": 0.6299474628215972,
        "neuroticism": 0.5266423728435773
    },
    "benwa": {
        "openness": 0.8036651318125334,
        "conscientiousness": 0.6079935039149922,
        "extraversion": 0.4734258101732929,
        "agreeableness": 0.6515410129850541,
        "neuroticism": 0.5382685687262558
    },
    "jotatsu": {
        "openness": 0.7832014950642622,
        "conscientiousness": 0.5820890596605999,
        "extraversion": 0.4630744529615958,
        "agreeableness": 0.5810093446520033,
        "neuroticism": 0.47368806698570526
    },
    "jcefoli": {
        "openness": 0.8051325037808073,
        "conscientiousness": 0.5769864884198935,
        "extraversion": 0.4599021859349046,
        "agreeableness": 0.6315208483463411,
        "neuroticism": 0.5339592265213255
    },
    "igor2x": {
        "openness": 0.8168806545286138,
        "conscientiousness": 0.5870453024794274,
        "extraversion": 0.4799918705988889,
        "agreeableness": 0.5985562353734437,
        "neuroticism": 0.4949073359525018
    },
    "pedro2555": {
        "openness": 0.8079933382858968,
        "conscientiousness": 0.6091721431606945,
        "extraversion": 0.4757818191849098,
        "agreeableness": 0.6478341060639725,
        "neuroticism": 0.5235183764425754
    },
    "mjmooney": {
        "openness": 0.8166649355900273,
        "conscientiousness": 0.6104491604290272,
        "extraversion": 0.5168672059063442,
        "agreeableness": 0.6635241281969648,
        "neuroticism": 0.49083946855751653
    },
    "Kvarkas": {
        "openness": 0.8050388709178524,
        "conscientiousness": 0.6735860887260331,
        "extraversion": 0.5067901531706336,
        "agreeableness": 0.7092864576815812,
        "neuroticism": 0.5413531378340798
    },
    "bluikko": {
        "openness": 0.8143110133552564,
        "conscientiousness": 0.5896017331776056,
        "extraversion": 0.4974814591664549,
        "agreeableness": 0.6522562216907373,
        "neuroticism": 0.5010095184126271
    },
    "Benchwork": {
        "openness": 0.8079152562821021,
        "conscientiousness": 0.6465317376510912,
        "extraversion": 0.5208985374297901,
        "agreeableness": 0.6705472493786158,
        "neuroticism": 0.5533989915558857
    },
    "sutty550e": {
        "openness": 0.8008223423856891,
        "conscientiousness": 0.5890190080872587,
        "extraversion": 0.4289102006289135,
        "agreeableness": 0.6284717362594725,
        "neuroticism": 0.48725177637146183
    },
    "countchappy": {
        "openness": 0.7821280109986564,
        "conscientiousness": 0.6342035670648635,
        "extraversion": 0.4710187434341378,
        "agreeableness": 0.6874460498152613,
        "neuroticism": 0.5080011360572355
    },
    "rhardy613": {
        "openness": 0.7873729662762217,
        "conscientiousness": 0.5971411506848356,
        "extraversion": 0.48443047039990866,
        "agreeableness": 0.6333897308573986,
        "neuroticism": 0.5134399639049156
    },
    "farosch": {
        "openness": 0.8054353923181777,
        "conscientiousness": 0.6052203343934248,
        "extraversion": 0.4788566564171669,
        "agreeableness": 0.6425584537318941,
        "neuroticism": 0.4968868512549372
    },
    "aplocher": {
        "openness": 0.8256518414605661,
        "conscientiousness": 0.6060570316404513,
        "extraversion": 0.4940810885341624,
        "agreeableness": 0.6558320129365023,
        "neuroticism": 0.5160454909033731
    },
    "TheLeftMoose": {
        "openness": 0.794192123409289,
        "conscientiousness": 0.6349739894408513,
        "extraversion": 0.5625213280033766,
        "agreeableness": 0.6754617643618509,
        "neuroticism": 0.5613659528869195
    },
    "LIyoai": {
        "openness": 0.8098259801074138,
        "conscientiousness": 0.5961883826835482,
        "extraversion": 0.4491320660572823,
        "agreeableness": 0.6079867167010953,
        "neuroticism": 0.5343879526858836
    },
    "vargasjj": {
        "openness": 0.7815460416163333,
        "conscientiousness": 0.5508391061097693,
        "extraversion": 0.5097540244057177,
        "agreeableness": 0.596040094275331,
        "neuroticism": 0.48195378105930575
    },
    "ravirxz": {
        "openness": 0.7888532259345206,
        "conscientiousness": 0.630365123109278,
        "extraversion": 0.5277762995640249,
        "agreeableness": 0.6753810507249627,
        "neuroticism": 0.5198605764977775
    },
    "Clickbaitcake": {
        "openness": 0.82311470250704,
        "conscientiousness": 0.6536627026535019,
        "extraversion": 0.5436803572482065,
        "agreeableness": 0.6408390921498626,
        "neuroticism": 0.5436804640549082
    },
    "johnwc": {
        "openness": 0.8092853619882463,
        "conscientiousness": 0.602499493092095,
        "extraversion": 0.49969493322154857,
        "agreeableness": 0.6305515853048036,
        "neuroticism": 0.5043821565894064
    },
    "ConnorLinfoot": {
        "openness": 0.7531256561557609,
        "conscientiousness": 0.42287076403893975,
        "extraversion": 0.435651202970847,
        "agreeableness": 0.6194839751478342,
        "neuroticism": 0.24283028662599243
    },
    "cagosti": {
        "openness": 0.8100105833392386,
        "conscientiousness": 0.626897689146049,
        "extraversion": 0.5650966949279931,
        "agreeableness": 0.6607648344458035,
        "neuroticism": 0.5379422374673721
    },
    "lars18th": {
        "openness": 0.802940817314918,
        "conscientiousness": 0.6273492280066088,
        "extraversion": 0.5401057956922339,
        "agreeableness": 0.6399137476951683,
        "neuroticism": 0.5819979741875796
    },
    "tommybuck": {
        "openness": 0.7566498914525437,
        "conscientiousness": 0.5451359326121338,
        "extraversion": 0.4712746462362621,