{
    "dscho": {
        "openness": 0.7986973749295859,
        "conscientiousness": 0.6376462483996554,
        "extraversion": 0.475729143775817,
        "agreeableness": 0.670899304827438,
        "neuroticism": 0.5405816711872123
    },
    "kusma": {
        "openness": 0.7903026799448232,
        "conscientiousness": 0.5821900101027394,
        "extraversion": 0.4406130705844086,
        "agreeableness": 0.6138720509024131,
        "neuroticism": 0.5204298538860761
    },
    "sschuberth": {
        "openness": 0.8171110005570827,
        "conscientiousness": 0.6181949911548104,
        "extraversion": 0.4695113606277712,
        "agreeableness": 0.6291946317183142,
        "neuroticism": 0.53678375961562
    },
    "cup": {
        "openness": 0.8043682864664277,
        "conscientiousness": 0.6088984360658506,
        "extraversion": 0.5052236729739283,
        "agreeableness": 0.6817362344633673,
        "neuroticism": 0.514448504150119
    },
    "patthoyts": {
        "openness": 0.8008521748848594,
        "conscientiousness": 0.6195293516163703,
        "extraversion": 0.43688717820780704,
        "agreeableness": 0.593582698922619,
        "neuroticism": 0.5383179372488904
    },
    "orefalo": {
        "openness": 0.8096194026904987,
        "conscientiousness": 0.6180283610811222,
        "extraversion": 0.43284198905836035,
        "agreeableness": 0.5898479796081386,
        "neuroticism": 0.5574744314013884
    },
    "hvoigt": {
        "openness": 0.8065376128610382,
        "conscientiousness": 0.6564016807345676,
        "extraversion": 0.4720255936078034,
        "agreeableness": 0.6531451483203295,
        "neuroticism": 0.555433740008595
    },
    "lygstate": {
        "openness": 0.6929448382645318,
        "conscientiousness": 0.6042508279141519,
        "extraversion": 0.5166315259110555,
        "agreeableness": 0.7112618918135696,
        "neuroticism": 0.45986385470916086
    },
    "pleriche": {
        "openness": 0.792471589656268,
        "conscientiousness": 0.6317019792751699,
        "extraversion": 0.4341560818932789,
        "agreeableness": 0.5996516482570429,
        "neuroticism": 0.5589030442859174
    },
    "ciaranj": {
        "openness": 0.7968452570898075,
        "conscientiousness": 0.5250811214505055,
        "extraversion": 0.4296978259555644,
        "agreeableness": 0.6549353102841972,
        "neuroticism": 0.44261781999101035
    },
    "aroben": {
        "openness": 0.8174630064635644,
        "conscientiousness": 0.5569191043404944,
        "extraversion": 0.49847876378989725,
        "agreeableness": 0.5997104508097805,
        "neuroticism": 0.4971357252934075
    },
    "a-iv": {
        "openness": 0.7221638113728883,
        "conscientiousness": 0.6146215861651791,
        "extraversion": 0.4797666200032681,
        "agreeableness": 0.681605967396258,
        "neuroticism": 0.5079433170024609
    },
    "t-b": {
        "openness": 0.7937023343443331,
        "conscientiousness": 0.6029199861822566,
        "extraversion": 0.461942731387902,
        "agreeableness": 0.612343417217907,
        "neuroticism": 0.5109910527259273
    },
    "mikofski": {
        "openness": 0.766092853276545,
        "conscientiousness": 0.6234576464083988,
        "extraversion": 0.46333310161792807,
        "agreeableness": 0.6493700877933126,
        "neuroticism": 0.5291995367725368
    },
    "patrik-gornicz": {
        "openness": 0.8221888698552664,
        "conscientiousness": 0.5940237135264087,
        "extraversion": 0.45277771895548347,
        "agreeableness": 0.6259139503676112,
        "neuroticism": 0.4843226676714726
    },
    "csware": {
        "openness": 0.8152863883457767,
        "conscientiousness": 0.5973421881403285,
        "extraversion": 0.4550950599325012,
        "agreeableness": 0.6215279988729225,
        "neuroticism": 0.5217935491743722
    },
    "kblees": {
        "openness": 0.7937493470326864,
        "conscientiousness": 0.6284672679256831,
        "extraversion": 0.4691599984943641,
        "agreeableness": 0.6089746025643422,
        "neuroticism": 0.568069643084093
    },
    "aberumen": {
        "openness": 0.7305876542873754,
        "conscientiousness": 0.5908619455380288,
        "extraversion": 0.42473739846737063,
        "agreeableness": 0.6174090405709161,
        "neuroticism": 0.49157393404556066
    },
    "nitram509": {
        "openness": 0.7841822780988427,
        "conscientiousness": 0.6031839240532202,
        "extraversion": 0.4276529273257266,
        "agreeableness": 0.598954076555353,
        "neuroticism": 0.5112771157221009
    },
    "maoueh": {
        "openness": 0.7776008771193131,
        "conscientiousness": 0.6299444194617516,
        "extraversion": 0.40479805840036176,
        "agreeableness": 0.641079999783452,
        "neuroticism": 0.5139713986718188
    },
    "shiftkey": {
        "openness": 0.8004076866761642,
        "conscientiousness": 0.5733169951641184,
        "extraversion": 0.5268945025061115,
        "agreeableness": 0.6149794988005131,
        "neuroticism": 0.5297397160059355
    },
    "dolmen": {
        "openness": 0.794526279882205,
        "conscientiousness": 0.6203273590732321,
        "extraversion": 0.5228521906676489,
        "agreeableness": 0.6524473711079017,
        "neuroticism": 0.4929630167494313
    },
    "johnstevenson": {
        "openness": 0.8329414239969305,
        "conscientiousness": 0.6196286456188035,
        "extraversion": 0.4657736571468778,
        "agreeableness": 0.6147717827731359,
        "neuroticism": 0.5520954104556652
    },
    "paulcbetts": {
        "openness": 0.8060826170108554,
        "conscientiousness": 0.5852090202680459,
        "extraversion": 0.4606217792912935,
        "agreeableness": 0.6425654934783562,
        "neuroticism": 0.5005660733796546
    },
    "BaconRanch": {
        "openness": 0.8344211749010609,
        "conscientiousness": 0.6313244487681943,
        "extraversion": 0.4882363067972706,
        "agreeableness": 0.6453406472286821,
        "neuroticism": 0.5362715702004524
    },
    "aivus": {
        "openness": 0.7189246328773632,
        "conscientiousness": 0.6058413992227968,
        "extraversion": 0.4747266263473954,
        "agreeableness": 0.6739334338740945,
        "neuroticism": 0.49195189166573566
    },
    "imz": {
        "openness": 0.8178921727691673,
        "conscientiousness": 0.5816531288579623,
        "extraversion": 0.4350222360346008,
        "agreeableness": 0.6227067290971549,
        "neuroticism": 0.49140270322845103
    },
    "rcdailey": {
        "openness": 0.8034621150262413,
        "conscientiousness": 0.6105894357874215,
        "extraversion": 0.5126974346566199,
        "agreeableness": 0.7013966067717119,
        "neuroticism": 0.5020255607844293
    },
    "yammelvin": {
        "openness": 0.7133557048492437,
        "conscientiousness": 0.5946758713459236,
        "extraversion": 0.4763400008337383,
        "agreeableness": 0.6822056750432646,
        "neuroticism": 0.4694261125258049
    },
    "bernardpaulus": {
        "openness": 0.7525468472144019,
        "conscientiousness": 0.6049266054866843,
        "extraversion": 0.4579695661866635,
        "agreeableness": 0.6284140890322881,
        "neuroticism": 0.520739407458236
    },
    "ctrueden": {
        "openness": 0.8157467658746305,
        "conscientiousness": 0.5943558354032367,
        "extraversion": 0.4997942699213641,
        "agreeableness": 0.6730387076248159,
        "neuroticism": 0.4995461555777309
    },
    "silverkorn": {
        "openness": 0.8100676216087099,
        "conscientiousness": 0.6278355195587263,
        "extraversion": 0.48441793910831116,
        "agreeableness": 0.6457767310404762,
        "neuroticism": 0.5360462991492466
    },
    "antoncl": {
        "openness": 0.8575279779723173,
        "conscientiousness": 0.6076903233350841,
        "extraversion": 0.4661123924188514,