{
    "tonybajan": {
        "openness": 0.8242051247440421,
        "conscientiousness": 0.6019303315858849,
        "extraversion": 0.48793537509967855,
        "agreeableness": 0.6294902190237919,
        "neuroticism": 0.47435247764097543
    },
    "kollhof": {
        "openness": 0.8130771219375172,
        "conscientiousness": 0.6109271944102452,
        "extraversion": 0.4881682387972037,
        "agreeableness": 0.6218206482334243,
        "neuroticism": 0.5272901683490075
    },
    "junkafarian": {
        "openness": 0.8059021908758441,
        "conscientiousness": 0.5945379419007071,
        "extraversion": 0.47973803782997415,
        "agreeableness": 0.6503728019241422,
        "neuroticism": 0.49289917704369235
    },
    "davidszotten": {
        "openness": 0.8103980461645824,
        "conscientiousness": 0.6025605205371932,
        "extraversion": 0.4810516786243547,
        "agreeableness": 0.6580109384836118,
        "neuroticism": 0.5051514046925061
    },
    "mattbennett": {
        "openness": 0.8124680607857465,
        "conscientiousness": 0.5996797355799474,
        "extraversion": 0.4892613695594572,
        "agreeableness": 0.6348397564394039,
        "neuroticism": 0.5070819897989388
    },
    "noisyboiler": {
        "openness": 0.8254017281334051,
        "conscientiousness": 0.6184757798106898,
        "extraversion": 0.4768292241814239,
        "agreeableness": 0.6382370388781646,
        "neuroticism": 0.5133135059293776
    },
    "shauns": {
        "openness": 0.8246657091304413,
        "conscientiousness": 0.6121236440793274,
        "extraversion": 0.47983987718762733,
        "agreeableness": 0.6482977259354743,
        "neuroticism": 0.5039562425542096
    },
    "jessepollak": {
        "openness": 0.7875541881695021,
        "conscientiousness": 0.6032290976397081,
        "extraversion": 0.5382205832978235,
        "agreeableness": 0.6663774146381357,
        "neuroticism": 0.5196915601611272
    },
    "kooba": {
        "openness": 0.8128462903338999,
        "conscientiousness": 0.6192476388453015,
        "extraversion": 0.5135247834317463,
        "agreeableness": 0.6663241860321771,
        "neuroticism": 0.4963062077302274
    },
    "rejoc": {
        "openness": 0.8227385195185732,
        "conscientiousness": 0.6213882366890084,
        "extraversion": 0.46018471295991237,
        "agreeableness": 0.6227703842311936,
        "neuroticism": 0.549035959183639
    },
    "ayoshi": {
        "openness": 0.7979963628346319,
        "conscientiousness": 0.6159079381988298,
        "extraversion": 0.4592493655752156,
        "agreeableness": 0.6238261933815132,
        "neuroticism": 0.45492301576843397
    },
    "astawiarski": {
        "openness": 0.8096013835674651,
        "conscientiousness": 0.626649452735711,
        "extraversion": 0.5030608237341503,
        "agreeableness": 0.6471242696685179,
        "neuroticism": 0.49038459924506966
    },
    "iky": {
        "openness": 0.8147477760341907,
        "conscientiousness": 0.5936852161258435,
        "extraversion": 0.4868695433215281,
        "agreeableness": 0.5942920229103479,
        "neuroticism": 0.47838031396640246
    },
    "noizex": {
        "openness": 0.7584535067731261,
        "conscientiousness": 0.5820367298050345,
        "extraversion": 0.46561137638163114,
        "agreeableness": 0.63906093719225,
        "neuroticism": 0.4957583013465972
    },
    "daviskirk": {
        "openness": 0.8054392044430679,
        "conscientiousness": 0.5703624721467593,
        "extraversion": 0.4346670450613762,
        "agreeableness": 0.6157780751151678,
        "neuroticism": 0.47385605882061144
    },
    "bweaver-cxp": {
        "openness": 0.7869177071094432,
        "conscientiousness": 0.5731113266176392,
        "extraversion": 0.47067944002337475,
        "agreeableness": 0.5904489903997674,
        "neuroticism": 0.4887932634712572
    },
    "izmailoff": {
        "openness": 0.7692826187532203,
        "conscientiousness": 0.6070541804892365,
        "extraversion": 0.5248060877257391,
        "agreeableness": 0.6414011283582479,
        "neuroticism": 0.49614556914451513
    },
    "manfred-chebli": {
        "openness": 0.7451279771710331,
        "conscientiousness": 0.5958061559916709,
        "extraversion": 0.510112578297092,
        "agreeableness": 0.6659839509310873,
        "neuroticism": 0.4619127040055483
    },
    "xqliang": {
        "openness": 0.7887797911950912,
        "conscientiousness": 0.6074100497702764,
        "extraversion": 0.5068983772798094,
        "agreeableness": 0.6625826352013569,
        "neuroticism": 0.5093101230140678
    },
    "levchik": {
        "openness": 0.7616857457397431,
        "conscientiousness": 0.5699074520590065,
        "extraversion": 0.48037424137634943,
        "agreeableness": 0.6500744895752708,
        "neuroticism": 0.44650568219219366
    },
    "alexander-mayr": {
        "openness": 0.7171781513678668,
        "conscientiousness": 0.6090965745182808,
        "extraversion": 0.4978386042178285,
        "agreeableness": 0.6911615161470344,
        "neuroticism": 0.45917538071124925
    },
    "mikegreen7892003": {
        "openness": 0.7938567278764124,
        "conscientiousness": 0.5979677934542592,
        "extraversion": 0.5586306139020307,
        "agreeableness": 0.6690029678374891,
        "neuroticism": 0.48641663490248827
    },
    "ornoone": {
        "openness": 0.7749890793433699,
        "conscientiousness": 0.635724150173307,
        "extraversion": 0.45459643237054437,
        "agreeableness": 0.6686749398520635,
        "neuroticism": 0.5086568406140004
    },
    "geoffjukes": {
        "openness": 0.8351401811368143,
        "conscientiousness": 0.6171955405216107,
        "extraversion": 0.49998689865256496,
        "agreeableness": 0.7049853158386921,
        "neuroticism": 0.5353712507585008
    },
    "bobh66": {
        "openness": 0.8185653554021523,
        "conscientiousness": 0.605586876020305,
        "extraversion": 0.47819714228220345,
        "agreeableness": 0.6564635103406837,
        "neuroticism": 0.5086433817929734
    },
    "alexeysofin": {
        "openness": 0.7829395608197884,
        "conscientiousness": 0.5700404802209349,
        "extraversion": 0.48510302038247494,
        "agreeableness": 0.6251475993963826,
        "neuroticism": 0.4799550796192286
    },
    "s-maj": {
        "openness": 0.8018144489227993,
        "conscientiousness": 0.5916419357676445,
        "extraversion": 0.46014274411881473,
        "agreeableness": 0.6147437089087027,
        "neuroticism": 0.4366310905255225
    },
    "cblegare": {
        "openness": 0.8305619289663053,
        "conscientiousness": 0.6156178029938038,
        "extraversion": 0.4655952696474439,
        "agreeableness": 0.6696564368776786,
        "neuroticism": 0.48292401087346604
    },
    "derekjanni": {
        "openness": 0.7687532059688257,
        "conscientiousness": 0.6524400044749927,
        "extraversion": 0.5154605110122606,
        "agreeableness": 0.6503878724330245,
        "neuroticism": 0.5451731293724433
    }
}