{
    "nana-4": {
        "openness": 0.8268623006969167,
        "conscientiousness": 0.6042135265119373,
        "extraversion": 0.5019751438776896,
        "agreeableness": 0.6452205839509657,
        "neuroticism": 0.5053485829850238
    },
    "sevachka": {
        "openness": 0.8009919401627411,
        "conscientiousness": 0.5992685359807176,
        "extraversion": 0.4510335918642844,
        "agreeableness": 0.6721989807733721,
        "neuroticism": 0.5077365195024122
    },
    "cthbleachbit": {
        "openness": 0.8234935148386751,
        "conscientiousness": 0.5757775872997896,
        "extraversion": 0.5018053693533998,
        "agreeableness": 0.5962905877867636,
        "neuroticism": 0.5010352565051281
    },
    "lokesh-krishna": {
        "openness": 0.8504975378742669,
        "conscientiousness": 0.6130326511800583,
        "extraversion": 0.5707011906430646,
        "agreeableness": 0.6783866379268808,
        "neuroticism": 0.5150316336069665
    },
    "actionless": {
        "openness": 0.8373121622008548,
        "conscientiousness": 0.6043613884205755,
        "extraversion": 0.4937011177596439,
        "agreeableness": 0.6376199762733287,
        "neuroticism": 0.49531519785717276
    },
    "DarthWound": {
        "openness": 0.8405808234102408,
        "conscientiousness": 0.6033924040475727,
        "extraversion": 0.5157239329131095,
        "agreeableness": 0.6772794496856818,
        "neuroticism": 0.48806262474408263
    },
    "igor-dyatlov": {
        "openness": 0.7837501548894508,
        "conscientiousness": 0.5818991560775473,
        "extraversion": 0.48512842366736875,
        "agreeableness": 0.6082265038593859,
        "neuroticism": 0.48665034632050974
    },
    "USBA": {
        "openness": 0.8419247470938456,
        "conscientiousness": 0.5932222575171151,
        "extraversion": 0.5723433393000565,
        "agreeableness": 0.6942430821809458,
        "neuroticism": 0.46113053491141615
    },
    "nicman23": {
        "openness": 0.7963807362408876,
        "conscientiousness": 0.5988016920937435,
        "extraversion": 0.5328521571150774,
        "agreeableness": 0.6837929116657597,
        "neuroticism": 0.4508525416807605
    },
    "Scindix": {
        "openness": 0.833553987818703,
        "conscientiousness": 0.5927693681846364,
        "extraversion": 0.45532117774089054,
        "agreeableness": 0.5889390424747357,
        "neuroticism": 0.5286086529490233
    },
    "jgato": {
        "openness": 0.8190434404704467,
        "conscientiousness": 0.5663042073529816,
        "extraversion": 0.48302519815547657,
        "agreeableness": 0.602468426238943,
        "neuroticism": 0.4901708162406182
    },
    "adalvigi": {
        "openness": 0.8141971391888919,
        "conscientiousness": 0.560157761352808,
        "extraversion": 0.4402365148278563,
        "agreeableness": 0.5852591925596615,
        "neuroticism": 0.5053478508620552
    },
    "fossfreedom": {
        "openness": 0.8181634013939506,
        "conscientiousness": 0.660960670675452,
        "extraversion": 0.4960814861437548,
        "agreeableness": 0.6722273972319426,
        "neuroticism": 0.5159244174606787
    },
    "TechnoSparks": {
        "openness": 0.8404428706140034,
        "conscientiousness": 0.6130317971650964,
        "extraversion": 0.5111653315444301,
        "agreeableness": 0.6974694385137405,
        "neuroticism": 0.48872624394910114
    },
    "nioncode": {
        "openness": 0.7732281408590932,
        "conscientiousness": 0.6000049756834724,
        "extraversion": 0.44503865761088296,
        "agreeableness": 0.6467417047238568,
        "neuroticism": 0.5020655227702455
    },
    "varlesh": {
        "openness": 0.8084386295011157,
        "conscientiousness": 0.589214757200604,
        "extraversion": 0.5337868649240837,
        "agreeableness": 0.6531751435135965,
        "neuroticism": 0.44708834603912095
    },
    "isaagar": {
        "openness": 0.8001216604930251,
        "conscientiousness": 0.6324805796378908,
        "extraversion": 0.4572962721149857,
        "agreeableness": 0.6623135307114103,
        "neuroticism": 0.49576504182891656
    },
    "n3oxmind": {
        "openness": 0.8285707803122657,
        "conscientiousness": 0.6106508267166083,
        "extraversion": 0.5143757149548325,
        "agreeableness": 0.6314968717784637,
        "neuroticism": 0.5101447279951217
    },
    "rudrab": {
        "openness": 0.7998449503768102,
        "conscientiousness": 0.5754344327780334,
        "extraversion": 0.4975841803567212,
        "agreeableness": 0.6647081229460479,
        "neuroticism": 0.4894662384153877
    },
    "moriel5": {
        "openness": 0.7889550016356627,
        "conscientiousness": 0.5685705292322787,
        "extraversion": 0.4423866233161724,
        "agreeableness": 0.6595285889424624,
        "neuroticism": 0.46065966238375655
    },
    "svnset": {
        "openness": 0.8452175300121788,
        "conscientiousness": 0.6464784962750678,
        "extraversion": 0.5022846552863889,
        "agreeableness": 0.6505212610596505,
        "neuroticism": 0.5244730932661976
    },
    "smurphos": {
        "openness": 0.8584186156216338,
        "conscientiousness": 0.6169439204866857,
        "extraversion": 0.5252175137784545,
        "agreeableness": 0.6224004891702075,
        "neuroticism": 0.5070578938133642
    },
    "PJSingh5000": {
        "openness": 0.8152633254125826,
        "conscientiousness": 0.5833540892169177,
        "extraversion": 0.5110568313624572,
        "agreeableness": 0.6036800670064282,
        "neuroticism": 0.5275907058861246
    },
    "darcn181": {
        "openness": 0.8540003130525893,
        "conscientiousness": 0.6229702899088463,
        "extraversion": 0.5258346977103754,
        "agreeableness": 0.630784650921858,
        "neuroticism": 0.5255571489458501
    },
    "oct2pus": {
        "openness": 0.7819862202073179,
        "conscientiousness": 0.5927598969647128,
        "extraversion": 0.5355564516661107,
        "agreeableness": 0.6557188916763909,
        "neuroticism": 0.4366649670910045
    },
    "gnunn1": {
        "openness": 0.8588403408653725,
        "conscientiousness": 0.612202322818925,
        "extraversion": 0.5441541117952599,
        "agreeableness": 0.6461789357008819,
        "neuroticism": 0.5198226063341889
    },
    "tliron": {
        "openness": 0.8480894883815877,
        "conscientiousness": 0.5649035096857055,
        "extraversion": 0.4841935119825491,
        "agreeableness": 0.6530557811049029,
        "neuroticism": 0.47424028652415573
    }
}