{
    "nefarius": {
        "openness": 0.7933638304121526,
        "conscientiousness": 0.5980656192726362,
        "extraversion": 0.4478639482546689,
        "agreeableness": 0.6129207967576467,
        "neuroticism": 0.5293244728042497
    },
    "rkubes": {
        "openness": 0.7914801459718612,
        "conscientiousness": 0.6074759235274267,
        "extraversion": 0.42859502391678167,
        "agreeableness": 0.5881511278844089,
        "neuroticism": 0.555911360299861
    },
    "CookiePLMonster": {
        "openness": 0.7843772091352045,
        "conscientiousness": 0.5547436604759144,
        "extraversion": 0.4172333731167727,
        "agreeableness": 0.5977399806522066,
        "neuroticism": 0.4442874127624369
    },
    "mirh": {
        "openness": 0.7895166852137236,
        "conscientiousness": 0.5744855150706151,
        "extraversion": 0.4587723428428906,
        "agreeableness": 0.6284169342845146,
        "neuroticism": 0.5083589366393829
    },
    "sylveon": {
        "openness": 0.7820294594643563,
        "conscientiousness": 0.6146543532688755,
        "extraversion": 0.4835657388619782,
        "agreeableness": 0.5814199383560286,
        "neuroticism": 0.5793537045067452
    },
    "Jan200101": {
        "openness": 0.7785726607098251,
        "conscientiousness": 0.6371951430255227,
        "extraversion": 0.4483039487321575,
        "agreeableness": 0.6099086593665256,
        "neuroticism": 0.5764412359840592
    },
    "nileplumb": {
        "openness": 0.7675770049437307,
        "conscientiousness": 0.5684269666970292,
        "extraversion": 0.4804398590484457,
        "agreeableness": 0.6079465596043978,
        "neuroticism": 0.49782398891198276
    },
    "kq01526": {
        "openness": 0.8060986512803685,
        "conscientiousness": 0.5730772686275742,
        "extraversion": 0.46211398405719584,
        "agreeableness": 0.586920719203212,
        "neuroticism": 0.5458821029648513
    },
    "theycallmeshua": {
        "openness": 0.7490265988778527,
        "conscientiousness": 0.6410944033476571,
        "extraversion": 0.43717562380859487,
        "agreeableness": 0.6081732126905828,
        "neuroticism": 0.5635516401320324
    },
    "ghost": {
        "openness": 0.787444078480586,
        "conscientiousness": 0.6020349160222448,
        "extraversion": 0.43034297128300397,
        "agreeableness": 0.5789878790103652,
        "neuroticism": 0.5470322161937763
    },
    "CalculatorJones": {
        "openness": 0.764167667948265,
        "conscientiousness": 0.6390589218607949,
        "extraversion": 0.5301594944158985,
        "agreeableness": 0.6252359867932059,
        "neuroticism": 0.5971010359015858
    },
    "Ichigo07": {
        "openness": 0.7597116985108441,
        "conscientiousness": 0.5628904371538402,
        "extraversion": 0.41325404943774624,
        "agreeableness": 0.5862582199479608,
        "neuroticism": 0.5324175358746143
    },
    "Zareli": {
        "openness": 0.7832037525410178,
        "conscientiousness": 0.5622794022940357,
        "extraversion": 0.4051383692674225,
        "agreeableness": 0.5464068507997923,
        "neuroticism": 0.49166604583008466
    },
    "luzair": {
        "openness": 0.7634328078629401,
        "conscientiousness": 0.5932459698358257,
        "extraversion": 0.5097074724830561,
        "agreeableness": 0.6127268742667618,
        "neuroticism": 0.5417289390592679
    },
    "aking4125": {
        "openness": 0.7542676083032596,
        "conscientiousness": 0.5911962201750325,
        "extraversion": 0.44018379936738894,
        "agreeableness": 0.5730625094275682,
        "neuroticism": 0.5282336640603689
    },
    "CriusMacOldenly": {
        "openness": 0.7724196656115907,
        "conscientiousness": 0.6313368300105171,
        "extraversion": 0.4502892041320006,
        "agreeableness": 0.6311384947684897,
        "neuroticism": 0.5788594381941649
    },
    "mikegonzalez2k": {
        "openness": 0.7801133004689604,
        "conscientiousness": 0.5859053701440409,
        "extraversion": 0.40778991826443,
        "agreeableness": 0.5735201224963027,
        "neuroticism": 0.5341426824678304
    },
    "JamEnergy": {
        "openness": 0.7920464389501508,
        "conscientiousness": 0.5988778288950105,
        "extraversion": 0.46509095276224,
        "agreeableness": 0.6697339644067469,
        "neuroticism": 0.5259252765832465
    },
    "trigrab": {
        "openness": 0.7673178518030472,
        "conscientiousness": 0.5972815726812076,
        "extraversion": 0.392892838984614,
        "agreeableness": 0.5944723216835819,
        "neuroticism": 0.54826407364546
    },
    "candycinema": {
        "openness": 0.79233654643251,
        "conscientiousness": 0.575679103337942,
        "extraversion": 0.43071928007833676,
        "agreeableness": 0.5426660507578718,
        "neuroticism": 0.5414459944865166
    },
    "Hoshiyuu": {
        "openness": 0.8206990241652425,
        "conscientiousness": 0.5997594144290337,
        "extraversion": 0.4427761057672944,
        "agreeableness": 0.5785864098374052,
        "neuroticism": 0.5274493346915269
    },
    "thecrazy": {
        "openness": 0.7747068516806956,
        "conscientiousness": 0.5525096249481154,
        "extraversion": 0.4952186601849068,
        "agreeableness": 0.6230801646573758,
        "neuroticism": 0.4729496676475745
    },
    "Zivnarb": {
        "openness": 0.7735319525591696,
        "conscientiousness": 0.546510811026603,
        "extraversion": 0.4095578745209312,
        "agreeableness": 0.5831153502068338,
        "neuroticism": 0.5234117925102931
    },
    "phatchman": {
        "openness": 0.7352669426182794,
        "conscientiousness": 0.5921624040436712,
        "extraversion": 0.5015264784301319,
        "agreeableness": 0.6880414081233373,
        "neuroticism": 0.4729872732741085
    },
    "ZeekDaGeek": {
        "openness": 0.7969783314077805,
        "conscientiousness": 0.583966683317138,
        "extraversion": 0.4732269035845822,
        "agreeableness": 0.6022451066663277,
        "neuroticism": 0.5673525410667744
    },
    "r4tzt4r": {
        "openness": 0.7761071147901507,
        "conscientiousness": 0.6540563220949199,
        "extraversion": 0.41311570088362937,
        "agreeableness": 0.6202812068151236,
        "neuroticism": 0.5857812645211542
    },
    "boskio": {
        "openness": 0.7527996169809074,
        "conscientiousness": 0.531407148638326,
        "extraversion": 0.33816737245666617,
        "agreeableness": 0.5986370123842797,
        "neuroticism": 0.4565281683619028
    },
    "mclang": {
        "openness": 0.7198486471616211,
        "conscientiousness": 0.5908812024401675,
        "extraversion": 0.4881627574459351,
        "agreeableness": 0.6865782665397651,
        "neuroticism": 0.46793432276945746
    },
    "shauleiz": {
        "openness": 0.8127556247438227,
        "conscientiousness": 0.5717393565003543,
        "extraversion": 0.4548599971928743,
        "agreeableness": 0.5987339544085704,
        "neuroticism": 0.4979290000684662
    },
    "alvarosg": {
        "openness": 0.7667802433739099,
        "conscientiousness": 0.6419920799785759,
        "extraversion": 0.4084552144791483,
        "agreeableness": 0.6147583574737323,
        "neuroticism": 0.6162817622516196
    },
    "j0shg": {
        "openness": 0.8141799144845079,
        "conscientiousness": 0.6370187113119782,
        "extraversion": 0.4944766708010269,
        "agreeableness": 0.641994364775394,
        "neuroticism": 0.5429517368123304
    },
    "cysap1321": {
        "openness": 0.747990911011744,
        "conscientiousness": 0.6209200145306504,
        "extraversion": 0.4103185591357091,
        "agreeableness": 0.5868975353596779,
        "neuroticism": 0.5977280648580602
    },
    "redeven": {
        "openness": 0.7418520456065159,
        "conscientiousness": 0.523800590030318,