{
    "jedireza": {
        "openness": 0.8072889433018038,
        "conscientiousness": 0.6147720359915352,
        "extraversion": 0.467852343762663,
        "agreeableness": 0.6159479425191454,
        "neuroticism": 0.5186770289240547
    },
    "dherman": {
        "openness": 0.7966603667302654,
        "conscientiousness": 0.5997764146826337,
        "extraversion": 0.4580443795375352,
        "agreeableness": 0.6463642767814394,
        "neuroticism": 0.49200547609650835
    },
    "bnoordhuis": {
        "openness": 0.824486392059279,
        "conscientiousness": 0.5789091809866498,
        "extraversion": 0.4603471994197059,
        "agreeableness": 0.6167574388387332,
        "neuroticism": 0.5202487910040714
    },
    "nixpulvis": {
        "openness": 0.8030844776708796,
        "conscientiousness": 0.5037642135735255,
        "extraversion": 0.4335474587086562,
        "agreeableness": 0.6433573866040851,
        "neuroticism": 0.43724294144007564
    },
    "kjvalencik": {
        "openness": 0.8118195754334403,
        "conscientiousness": 0.6084036609233151,
        "extraversion": 0.48400591971049994,
        "agreeableness": 0.624956980064975,
        "neuroticism": 0.5274955889636184
    },
    "tmcw": {
        "openness": 0.7974119927367984,
        "conscientiousness": 0.6023931482488899,
        "extraversion": 0.44913690529941575,
        "agreeableness": 0.657942047377747,
        "neuroticism": 0.4526727963025987
    },
    "ffflorian": {
        "openness": 0.7972731852873071,
        "conscientiousness": 0.570772129132176,
        "extraversion": 0.4560461884707674,
        "agreeableness": 0.6137957400480494,
        "neuroticism": 0.49640367420810316
    },
    "opensourcegeek": {
        "openness": 0.7667479903992903,
        "conscientiousness": 0.5855649130331275,
        "extraversion": 0.44263847810102264,
        "agreeableness": 0.6074986442633648,
        "neuroticism": 0.4710920319959554
    },
    "brodeuralexis": {
        "openness": 0.7215759301417144,
        "conscientiousness": 0.6138280751340194,
        "extraversion": 0.4401894769951204,
        "agreeableness": 0.6434774161794516,
        "neuroticism": 0.4809173920635086
    },
    "zethra": {
        "openness": 0.7172835327627258,
        "conscientiousness": 0.637032551395442,
        "extraversion": 0.4197260549034884,
        "agreeableness": 0.6661871192280574,
        "neuroticism": 0.4673633891294675
    },
    "KenanSulayman": {
        "openness": 0.8095193674328628,
        "conscientiousness": 0.587907075154456,
        "extraversion": 0.48561514755518426,
        "agreeableness": 0.6305529087918309,
        "neuroticism": 0.46810219766401534
    },
    "brson": {
        "openness": 0.8242665278609757,
        "conscientiousness": 0.6055453605071305,
        "extraversion": 0.5170698788351762,
        "agreeableness": 0.6081953608136488,
        "neuroticism": 0.5196770737564912
    },
    "RReverser": {
        "openness": 0.8016409370191754,
        "conscientiousness": 0.596880106718054,
        "extraversion": 0.4475635744475286,
        "agreeableness": 0.6389798972646661,
        "neuroticism": 0.5152611575887106
    },
    "jugglingcats": {
        "openness": 0.7879223174412862,
        "conscientiousness": 0.550331075548267,
        "extraversion": 0.45013879791473044,
        "agreeableness": 0.59766701711424,
        "neuroticism": 0.4684978442711036
    },
    "JoeyAcc": {
        "openness": 0.7371917077139016,
        "conscientiousness": 0.597778907261575,
        "extraversion": 0.40021025552585066,
        "agreeableness": 0.6346980822606001,
        "neuroticism": 0.46055076742067586
    },
    "squiidz": {
        "openness": 0.7050674531530834,
        "conscientiousness": 0.6185836527887447,
        "extraversion": 0.45429502035255914,
        "agreeableness": 0.6364139151838819,
        "neuroticism": 0.48762689000229775
    },
    "amilajack": {
        "openness": 0.7998603289853891,
        "conscientiousness": 0.6793277065975348,
        "extraversion": 0.5183025034500697,
        "agreeableness": 0.674451125092423,
        "neuroticism": 0.5193450704775076
    },
    "matklad": {
        "openness": 0.8121996154269426,
        "conscientiousness": 0.5724759420877855,
        "extraversion": 0.49759885672216164,
        "agreeableness": 0.6652140256941006,
        "neuroticism": 0.4799631311380368
    },
    "maciejhirsz": {
        "openness": 0.7895561434133569,
        "conscientiousness": 0.623066967225713,
        "extraversion": 0.44932862706609256,
        "agreeableness": 0.6876206887449035,
        "neuroticism": 0.5296038750982726
    },
    "ctaggart": {
        "openness": 0.7725615767136624,
        "conscientiousness": 0.5759263346542168,
        "extraversion": 0.41794300602576195,
        "agreeableness": 0.6071147249360472,
        "neuroticism": 0.44351528205889124
    },
    "dfcarpenter": {
        "openness": 0.7292010897950816,
        "conscientiousness": 0.5948755003933575,
        "extraversion": 0.4194396738297069,
        "agreeableness": 0.6408113892595168,
        "neuroticism": 0.43114824460903833
    },
    "fasihrana": {
        "openness": 0.7834910205022775,
        "conscientiousness": 0.5856310789415131,
        "extraversion": 0.4498141688854629,
        "agreeableness": 0.6030324694609399,
        "neuroticism": 0.48304733002292843
    },
    "jjpe": {
        "openness": 0.7671965970847398,
        "conscientiousness": 0.6182008937539563,
        "extraversion": 0.4640736172641304,
        "agreeableness": 0.6308630491047991,
        "neuroticism": 0.49678546185378414
    },
    "AberrantWolf": {
        "openness": 0.7349676216370251,
        "conscientiousness": 0.6120347367168844,
        "extraversion": 0.4443833199239013,
        "agreeableness": 0.6464142298321645,
        "neuroticism": 0.4786069582907344
    },
    "dialogbox": {
        "openness": 0.6857979362635653,
        "conscientiousness": 0.637769255726474,
        "extraversion": 0.4418298921233909,
        "agreeableness": 0.6794921584355922,
        "neuroticism": 0.440166323621446
    },
    "PSeitz": {
        "openness": 0.7836406518851642,
        "conscientiousness": 0.5717550880321054,
        "extraversion": 0.49713039540977905,
        "agreeableness": 0.6275501282249394,
        "neuroticism": 0.48882741064553037
    },
    "timurista": {
        "openness": 0.7101004227357136,
        "conscientiousness": 0.6084693562848346,
        "extraversion": 0.43075876187515005,
        "agreeableness": 0.6414538272537809,
        "neuroticism": 0.4547521759206976
    }
}