{
    "allenxwang": {
        "openness": 0.8117465359190654,
        "conscientiousness": 0.6153329045115813,
        "extraversion": 0.4949209540160465,
        "agreeableness": 0.625077966970581,
        "neuroticism": 0.5184129338157779
    },
    "adriancole": {
        "openness": 0.8089556217800316,
        "conscientiousness": 0.5894843120133495,
        "extraversion": 0.5000089454763856,
        "agreeableness": 0.6490311896228838,
        "neuroticism": 0.46765398280035536
    },
    "cloudbees-pull-request-builder": {
        "openness": 0.860583496844504,
        "conscientiousness": 0.598481951963516,
        "extraversion": 0.5823555223996218,
        "agreeableness": 0.7290604760098968,
        "neuroticism": 0.515569566071965
    },
    "timmc": {
        "openness": 0.7953838197190831,
        "conscientiousness": 0.5909598061577807,
        "extraversion": 0.45364795364020094,
        "agreeableness": 0.6273779321219068,
        "neuroticism": 0.5012936292399703
    },
    "benjchristensen": {
        "openness": 0.7851814871536804,
        "conscientiousness": 0.5475780307404337,
        "extraversion": 0.4961597720106374,
        "agreeableness": 0.6291372348322849,
        "neuroticism": 0.4809474741691128
    },
    "dstengle": {
        "openness": 0.836081240826062,
        "conscientiousness": 0.5859003266295733,
        "extraversion": 0.46750092207791083,
        "agreeableness": 0.5928143490365645,
        "neuroticism": 0.48665088829401115
    },
    "NiteshKant": {
        "openness": 0.837945478295432,
        "conscientiousness": 0.6176561422016825,
        "extraversion": 0.4938841469472215,
        "agreeableness": 0.636010186422217,
        "neuroticism": 0.522348396235653
    },
    "mattnelson": {
        "openness": 0.8251865291102799,
        "conscientiousness": 0.603447371871535,
        "extraversion": 0.47027728959725296,
        "agreeableness": 0.5996834421079378,
        "neuroticism": 0.5088907504202057
    },
    "qiangdavidliu": {
        "openness": 0.8121195301501567,
        "conscientiousness": 0.60546466968309,
        "extraversion": 0.49186354078570915,
        "agreeableness": 0.6670647752489529,
        "neuroticism": 0.49201219650879
    },
    "khawes": {
        "openness": 0.8196859760766734,
        "conscientiousness": 0.617896795363545,
        "extraversion": 0.4931278400964414,
        "agreeableness": 0.6346802393930246,
        "neuroticism": 0.512461142533631
    },
    "aspyker": {
        "openness": 0.7901575435621007,
        "conscientiousness": 0.6176774020428648,
        "extraversion": 0.5019456824300843,
        "agreeableness": 0.6491266581112336,
        "neuroticism": 0.48886603172269594
    },
    "tbak": {
        "openness": 0.8343050881236601,
        "conscientiousness": 0.670506964130874,
        "extraversion": 0.49327217572824505,
        "agreeableness": 0.65120427585748,
        "neuroticism": 0.5490846307981812
    },
    "esigma5": {
        "openness": 0.8536778652255326,
        "conscientiousness": 0.6661103593278563,
        "extraversion": 0.5096910604843636,
        "agreeableness": 0.7078474157840726,
        "neuroticism": 0.5612724894330627
    },
    "dhawken": {
        "openness": 0.8360511340553946,
        "conscientiousness": 0.5938416033373168,
        "extraversion": 0.4821368331836654,
        "agreeableness": 0.6462301513950603,
        "neuroticism": 0.5142683910009622
    },
    "OskarKjellin": {
        "openness": 0.8160431965406583,
        "conscientiousness": 0.5984602868670945,
        "extraversion": 0.4440058074199102,
        "agreeableness": 0.6498372102880352,
        "neuroticism": 0.49068490433845857
    },
    "elandau": {
        "openness": 0.8131739005944734,
        "conscientiousness": 0.5716207096843021,
        "extraversion": 0.45606286841172333,
        "agreeableness": 0.619559418294058,
        "neuroticism": 0.47290830531130135
    },
    "rspieldenner": {
        "openness": 0.7906230416687968,
        "conscientiousness": 0.6221733705558167,
        "extraversion": 0.4939346503666008,
        "agreeableness": 0.5783389176902767,
        "neuroticism": 0.5279611910931196
    },
    "spencergibb": {
        "openness": 0.8368386458167419,
        "conscientiousness": 0.5635979219560715,
        "extraversion": 0.48568958909948734,
        "agreeableness": 0.5781547129601015,
        "neuroticism": 0.5059579937024287
    },
    "jjteo74": {
        "openness": 0.7710117730038556,
        "conscientiousness": 0.5796441929893534,
        "extraversion": 0.48917276435726864,
        "agreeableness": 0.6701959585328299,
        "neuroticism": 0.4127351852008586
    },
    "drtechniko": {
        "openness": 0.8185948814251702,
        "conscientiousness": 0.6514532229537812,
        "extraversion": 0.5204582082623355,
        "agreeableness": 0.639900606647807,
        "neuroticism": 0.5251156543872206
    },
    "diegopacheco": {
        "openness": 0.8265237723940634,
        "conscientiousness": 0.6604888890877874,
        "extraversion": 0.5400835279720947,
        "agreeableness": 0.7065552428292883,
        "neuroticism": 0.575839809653647
    },
    "hoaz": {
        "openness": 0.7728402398358841,
        "conscientiousness": 0.6272277365044442,
        "extraversion": 0.48877570335681925,
        "agreeableness": 0.6774268106252564,
        "neuroticism": 0.4816262849570977
    },
    "WreathCrystal": {
        "openness": 0.8170891110664843,
        "conscientiousness": 0.6170320009017247,
        "extraversion": 0.4374770377263679,
        "agreeableness": 0.5614386700145573,
        "neuroticism": 0.5303483979894612
    }
}