{
    "nicinabox": {
        "openness": 0.8130590140484765,
        "conscientiousness": 0.6184465366468038,
        "extraversion": 0.47870027870690873,
        "agreeableness": 0.6414210863097873,
        "neuroticism": 0.5230161644405286
    },
    "shobson": {
        "openness": 0.8182285743426467,
        "conscientiousness": 0.5961560270666131,
        "extraversion": 0.4539867597567419,
        "agreeableness": 0.5704503696941702,
        "neuroticism": 0.5295779099989247
    },
    "fabyeah": {
        "openness": 0.7910571922922789,
        "conscientiousness": 0.5558004490947412,
        "extraversion": 0.4489919896946715,
        "agreeableness": 0.5710878088852818,
        "neuroticism": 0.4658252058849536
    },
    "flayks": {
        "openness": 0.7855960791728189,
        "conscientiousness": 0.6118193631844211,
        "extraversion": 0.5511179895574525,
        "agreeableness": 0.6489539691755193,
        "neuroticism": 0.501403270569159
    },
    "randalldon": {
        "openness": 0.8280742533474987,
        "conscientiousness": 0.5865808757996998,
        "extraversion": 0.4783242676156931,
        "agreeableness": 0.6327394486680031,
        "neuroticism": 0.49462697985508325
    },
    "gnrocks": {
        "openness": 0.8127791218603378,
        "conscientiousness": 0.6553450114496961,
        "extraversion": 0.48935122684507915,
        "agreeableness": 0.6449802291839669,
        "neuroticism": 0.5941537666211579
    },
    "alhoseany": {
        "openness": 0.7939540712538286,
        "conscientiousness": 0.5817145017703654,
        "extraversion": 0.44597238367239506,
        "agreeableness": 0.5907971990538363,
        "neuroticism": 0.468515498281116
    },
    "christian70": {
        "openness": 0.85308064168783,
        "conscientiousness": 0.6119797211283577,
        "extraversion": 0.4743839804842368,
        "agreeableness": 0.6682996747352172,
        "neuroticism": 0.5461493914153256
    },
    "oohtruck": {
        "openness": 0.8047742807186411,
        "conscientiousness": 0.5967769237983465,
        "extraversion": 0.4651338973957215,
        "agreeableness": 0.6944758232910885,
        "neuroticism": 0.46379713963790686
    },
    "ghost": {
        "openness": 0.8196960545226645,
        "conscientiousness": 0.5921685225283053,
        "extraversion": 0.4905327263576811,
        "agreeableness": 0.6314260966208718,
        "neuroticism": 0.4945155799981522
    },
    "Prokophs": {
        "openness": 0.7360619937999189,
        "conscientiousness": 0.5603824193955406,
        "extraversion": 0.48981084813019793,
        "agreeableness": 0.6599399581554611,
        "neuroticism": 0.36224555278852133
    },
    "ahmadajmi": {
        "openness": 0.8251323386529439,
        "conscientiousness": 0.5758216409985262,
        "extraversion": 0.46438466564611375,
        "agreeableness": 0.6274313928407163,
        "neuroticism": 0.42168918200840205
    },
    "frodoschering": {
        "openness": 0.843063309311321,
        "conscientiousness": 0.6201700371185601,
        "extraversion": 0.49056502467801744,
        "agreeableness": 0.6175017046838435,
        "neuroticism": 0.5620016536980472
    },
    "brendenpalmer": {
        "openness": 0.808434205736223,
        "conscientiousness": 0.6376264307195119,
        "extraversion": 0.43334947745238417,
        "agreeableness": 0.6673588153417798,
        "neuroticism": 0.5265381890936774
    },
    "Third-Hyperion": {
        "openness": 0.800352720402251,
        "conscientiousness": 0.636317686650566,
        "extraversion": 0.5044926734572233,
        "agreeableness": 0.6364817183900586,
        "neuroticism": 0.5909450145744543
    },
    "ergec": {
        "openness": 0.8013470463563864,
        "conscientiousness": 0.6313660165345819,
        "extraversion": 0.48540327435299585,
        "agreeableness": 0.632195412651953,
        "neuroticism": 0.5269833617067317
    },
    "drivebass": {
        "openness": 0.8278454827307847,
        "conscientiousness": 0.6279252567988284,
        "extraversion": 0.5106899181159418,
        "agreeableness": 0.633890201958698,
        "neuroticism": 0.5108358331431345
    },
    "enrikpavdeja": {
        "openness": 0.8148862827815536,
        "conscientiousness": 0.6250626889894478,
        "extraversion": 0.49279509239796765,
        "agreeableness": 0.6983967573663473,
        "neuroticism": 0.5043388431177412
    },
    "s-a-s-k-i-a": {
        "openness": 0.7919504033323446,
        "conscientiousness": 0.5435610868058681,
        "extraversion": 0.5111892267480702,
        "agreeableness": 0.6704997593503812,
        "neuroticism": 0.465272102134879
    },
    "pixelman": {
        "openness": 0.8037650766493943,
        "conscientiousness": 0.5839542425472376,
        "extraversion": 0.4622598805247254,
        "agreeableness": 0.6065577828924178,
        "neuroticism": 0.5365277535972386
    },
    "cadengrant": {
        "openness": 0.7912961228201651,
        "conscientiousness": 0.5860607212805817,
        "extraversion": 0.5766423881023521,
        "agreeableness": 0.7020648683441694,
        "neuroticism": 0.5020017162907137
    },
    "bytoz": {
        "openness": 0.7798460517278706,
        "conscientiousness": 0.5985697898660954,
        "extraversion": 0.5032919496234397,
        "agreeableness": 0.6342603128226421,
        "neuroticism": 0.5020660948129481
    },
    "makingthingswork": {
        "openness": 0.8106006503749025,
        "conscientiousness": 0.5208829546244742,
        "extraversion": 0.4547591258234869,
        "agreeableness": 0.6049011398480673,
        "neuroticism": 0.4536768851479934
    },
    "jaybabani": {
        "openness": 0.8495594398886578,
        "conscientiousness": 0.6024541006700447,
        "extraversion": 0.5264902175625266,
        "agreeableness": 0.616869017403255,
        "neuroticism": 0.5021985557573581
    },
    "simplenotezy": {
        "openness": 0.7071492568294511,
        "conscientiousness": 0.556414411249371,
        "extraversion": 0.49573538233643943,
        "agreeableness": 0.6704648688854207,
        "neuroticism": 0.294166344310943
    },
    "WAMH": {
        "openness": 0.7867051409654361,
        "conscientiousness": 0.5977095258440753,
        "extraversion": 0.4776982749462144,
        "agreeableness": 0.6138396948383387,
        "neuroticism": 0.48162473031695
    },
    "Goardo-43": {
        "openness": 0.7899693331310221,
        "conscientiousness": 0.6225865645859886,
        "extraversion": 0.4725623624711022,
        "agreeableness": 0.7076961995005159,
        "neuroticism": 0.4957604977693236
    },
    "magic-77": {
        "openness": 0.7806999550930654,
        "conscientiousness": 0.6057417623676654,
        "extraversion": 0.508724544755123,
        "agreeableness": 0.6113941085837156,
        "neuroticism": 0.47235778880450374
    },
    "rowild": {
        "openness": 0.8279713612980342,
        "conscientiousness": 0.5606388827426749,
        "extraversion": 0.4689367261015844,
        "agreeableness": 0.6150792835740002,
        "neuroticism": 0.4269171619666168
    },
    "ghostrydr": {
        "openness": 0.8240280504375038,
        "conscientiousness": 0.5777356462621539,
        "extraversion": 0.5081151505568213,
        "agreeableness": 0.5905543981919966,
        "neuroticism": 0.5039234242159906
    },
    "ianhobbs": {
        "openness": 0.8263298325880175,
        "conscientiousness": 0.6313048158157497,
        "extraversion": 0.48440420297512815,
        "agreeableness": 0.6105811749071401,
        "neuroticism": 0.5164270572311528
    }
}