{
    "nicoulaj": {
        "openness": 0.8230118445000119,
        "conscientiousness": 0.5991901030903081,
        "extraversion": 0.4628034957167836,
        "agreeableness": 0.5854140547118721,
        "neuroticism": 0.47821184415066187
    },
    "todofixthis": {
        "openness": 0.76286213257861,
        "conscientiousness": 0.5634557403946145,
        "extraversion": 0.5464719195006733,
        "agreeableness": 0.6818394286394002,
        "neuroticism": 0.3434719718427871
    },
    "ammachado": {
        "openness": 0.7086864269377495,
        "conscientiousness": 0.5754667957993899,
        "extraversion": 0.49728929133402133,
        "agreeableness": 0.7007901448574658,
        "neuroticism": 0.3886823924214535
    },
    "ziggystar": {
        "openness": 0.7103764189178035,
        "conscientiousness": 0.5760259252593045,
        "extraversion": 0.49725925425312245,
        "agreeableness": 0.6998854948751809,
        "neuroticism": 0.3939603498506234
    },
    "nicolas-zozol": {
        "openness": 0.6903684017370426,
        "conscientiousness": 0.5672310123371299,
        "extraversion": 0.48769246661037235,
        "agreeableness": 0.686211594244704,
        "neuroticism": 0.3810949930431499
    },
    "vsch": {
        "openness": 0.8325043735046492,
        "conscientiousness": 0.594171785228164,
        "extraversion": 0.48245491864144896,
        "agreeableness": 0.5850336950824804,
        "neuroticism": 0.526862691245505
    },
    "davemerrill": {
        "openness": 0.8153502507821159,
        "conscientiousness": 0.5882102796654715,
        "extraversion": 0.4590635463482149,
        "agreeableness": 0.697708178033781,
        "neuroticism": 0.4910156511033603
    },
    "JaSpr": {
        "openness": 0.8003754769690211,
        "conscientiousness": 0.6399011538584967,
        "extraversion": 0.4658727701470711,
        "agreeableness": 0.668265702053059,
        "neuroticism": 0.5531746412489958
    },
    "viktort": {
        "openness": 0.7136818914040113,
        "conscientiousness": 0.5769243788886683,
        "extraversion": 0.4691131700696236,
        "agreeableness": 0.6840516838942714,
        "neuroticism": 0.4044655171145528
    },
    "joshco": {
        "openness": 0.7194172592672843,
        "conscientiousness": 0.5714158871617839,
        "extraversion": 0.49985100552256756,
        "agreeableness": 0.6949026288322808,
        "neuroticism": 0.3891462065147714
    },
    "acdvorak": {
        "openness": 0.6950566724156593,
        "conscientiousness": 0.5667479233458752,
        "extraversion": 0.48292468106639724,
        "agreeableness": 0.68500046873746,
        "neuroticism": 0.3869764345201668
    },
    "POPSuL": {
        "openness": 0.7169710787687497,
        "conscientiousness": 0.5777404722868513,
        "extraversion": 0.5060830253875985,
        "agreeableness": 0.6999988298618927,
        "neuroticism": 0.3967607969656229
    },
    "blackfyre": {
        "openness": 0.707368809960107,
        "conscientiousness": 0.5801347760654708,
        "extraversion": 0.5023614491347144,
        "agreeableness": 0.7046085439117223,
        "neuroticism": 0.3983522047156068
    },
    "moderndeveloperllc": {
        "openness": 0.7112255124059943,
        "conscientiousness": 0.5817493878876745,
        "extraversion": 0.5059394981285802,
        "agreeableness": 0.7079568955927168,
        "neuroticism": 0.3977649308162702
    },
    "cobhimself": {
        "openness": 0.7112888633123892,
        "conscientiousness": 0.5821791485778751,
        "extraversion": 0.5082673612606564,
        "agreeableness": 0.7087690830727247,
        "neuroticism": 0.3964466134625264
    },
    "hakre": {
        "openness": 0.8294192624741135,
        "conscientiousness": 0.6169680017153407,
        "extraversion": 0.48204971432203847,
        "agreeableness": 0.6274489317900631,
        "neuroticism": 0.5164149272327856
    },
    "mnahkies": {
        "openness": 0.7113279150000803,
        "conscientiousness": 0.5764567668175731,
        "extraversion": 0.49657341368690855,
        "agreeableness": 0.6985102419947858,
        "neuroticism": 0.40178698627859644
    },
    "grbspltt": {
        "openness": 0.7113249954864798,
        "conscientiousness": 0.5758702669222199,
        "extraversion": 0.49601587370720746,
        "agreeableness": 0.6976765123071553,
        "neuroticism": 0.4024536699784016
    }
}