{
    "njdehoog": {
        "openness": 0.826797477549286,
        "conscientiousness": 0.6190192535132674,
        "extraversion": 0.4835096665634683,
        "agreeableness": 0.6564704591557415,
        "neuroticism": 0.5136415545685995
    },
    "KrauseFx": {
        "openness": 0.757042667927952,
        "conscientiousness": 0.6819027697610653,
        "extraversion": 0.42774018207071085,
        "agreeableness": 0.7115560842839036,
        "neuroticism": 0.5583707694935295
    },
    "ddaddy": {
        "openness": 0.8195424027247609,
        "conscientiousness": 0.6148757794364741,
        "extraversion": 0.442698182033443,
        "agreeableness": 0.6102823992032851,
        "neuroticism": 0.5302567646656978
    },
    "sambudda": {
        "openness": 0.7459662189263404,
        "conscientiousness": 0.5597980075433634,
        "extraversion": 0.4636620324064301,
        "agreeableness": 0.6714984596194608,
        "neuroticism": 0.3331566392164874
    },
    "rvi": {
        "openness": 0.7769550831646498,
        "conscientiousness": 0.6166257124531748,
        "extraversion": 0.5151733654452738,
        "agreeableness": 0.6670879044862003,
        "neuroticism": 0.49674207526418246
    },
    "fingerco": {
        "openness": 0.8319530369250743,
        "conscientiousness": 0.6182842646180512,
        "extraversion": 0.45184216373516917,
        "agreeableness": 0.6105054037137909,
        "neuroticism": 0.5087051110417221
    },
    "jonathantrevor": {
        "openness": 0.8264219638762906,
        "conscientiousness": 0.5593792280336176,
        "extraversion": 0.47334543477796315,
        "agreeableness": 0.6249482063008702,
        "neuroticism": 0.47383499940168855
    },
    "loicgriffie": {
        "openness": 0.7947918744978321,
        "conscientiousness": 0.6280387688746646,
        "extraversion": 0.4150566824706198,
        "agreeableness": 0.580883422750466,
        "neuroticism": 0.5810289837806448
    }
}