{
    "ansjsun": {
        "openness": 0.7947530144679746,
        "conscientiousness": 0.604093880727905,
        "extraversion": 0.532049751192122,
        "agreeableness": 0.6444204305256858,
        "neuroticism": 0.5613289490780151
    },
    "nl19856": {
        "openness": 0.7093350611229269,
        "conscientiousness": 0.5688341888380013,
        "extraversion": 0.4966421249058476,
        "agreeableness": 0.6755910481083097,
        "neuroticism": 0.43037431469470555
    },
    "daledude": {
        "openness": 0.8147130641111167,
        "conscientiousness": 0.6029741156446188,
        "extraversion": 0.4866563882540083,
        "agreeableness": 0.6784472205152439,
        "neuroticism": 0.5373983482845631
    },
    "phani546": {
        "openness": 0.6926199141377807,
        "conscientiousness": 0.5532154964106795,
        "extraversion": 0.48604789323134395,
        "agreeableness": 0.6838009166424167,
        "neuroticism": 0.3809577733596792
    },
    "omershelef": {
        "openness": 0.8212207736780925,
        "conscientiousness": 0.6286572800916815,
        "extraversion": 0.5165513632404427,
        "agreeableness": 0.6329605244250924,
        "neuroticism": 0.5733399185160543
    },
    "allwefantasy": {
        "openness": 0.80482179513848,
        "conscientiousness": 0.6044355617973302,
        "extraversion": 0.5109875031238087,
        "agreeableness": 0.6400292276930712,
        "neuroticism": 0.5079892541265904
    },
    "ashclegit": {
        "openness": 0.7320318130563288,
        "conscientiousness": 0.5770523278246852,
        "extraversion": 0.4713546851632149,
        "agreeableness": 0.6316287754403848,
        "neuroticism": 0.40729246842592626
    },
    "eliranmoyal": {
        "openness": 0.8165526965167874,
        "conscientiousness": 0.6456998925558178,
        "extraversion": 0.5152445673972339,
        "agreeableness": 0.6543719505288568,
        "neuroticism": 0.5613839447936726
    },
    "jstortz": {
        "openness": 0.8468535938888607,
        "conscientiousness": 0.7101220472884422,
        "extraversion": 0.5684427783749941,
        "agreeableness": 0.7083668960231227,
        "neuroticism": 0.5734858220390261
    },
    "jheimbouch": {
        "openness": 0.8009955799864998,
        "conscientiousness": 0.6773794385898035,
        "extraversion": 0.5012651317988698,
        "agreeableness": 0.6752425679955936,
        "neuroticism": 0.5453750333581574
    },
    "yongkyun": {
        "openness": 0.8171544840570025,
        "conscientiousness": 0.6196061121937584,
        "extraversion": 0.5324586535512525,
        "agreeableness": 0.6333327122600816,
        "neuroticism": 0.49195173411678617
    },
    "kyunam": {
        "openness": 0.8496264078105848,
        "conscientiousness": 0.6601210985147473,
        "extraversion": 0.5553314687439179,
        "agreeableness": 0.7100796202125945,
        "neuroticism": 0.6001276612741628
    },
    "satapsa": {
        "openness": 0.7745319006607417,
        "conscientiousness": 0.625563559895104,
        "extraversion": 0.4782892520534996,
        "agreeableness": 0.6166150827229425,
        "neuroticism": 0.5196193162190359
    },
    "ottboy4": {
        "openness": 0.8200432109835893,
        "conscientiousness": 0.6386562055028235,
        "extraversion": 0.5327589552600703,
        "agreeableness": 0.6663508544852516,
        "neuroticism": 0.5242390064082524
    },
    "ighack": {
        "openness": 0.7516673640730264,
        "conscientiousness": 0.5863018052859769,
        "extraversion": 0.5070829865075348,
        "agreeableness": 0.6632058610052242,
        "neuroticism": 0.47158469714850904
    },
    "shi-yuan": {
        "openness": 0.7939743931290593,
        "conscientiousness": 0.6045358810436771,
        "extraversion": 0.5239739461047015,
        "agreeableness": 0.6775222533770863,
        "neuroticism": 0.5111816257867046
    },
    "javadevmtl": {
        "openness": 0.8039866463431254,
        "conscientiousness": 0.6620680539746404,
        "extraversion": 0.5168797415335543,
        "agreeableness": 0.6648561955292591,
        "neuroticism": 0.540124315567516
    },
    "Selvinaz1984": {
        "openness": 0.7195090270839775,
        "conscientiousness": 0.5325314012571787,
        "extraversion": 0.4738348688995147,
        "agreeableness": 0.6416207345386963,
        "neuroticism": 0.39958145527740824
    },
    "chenyg0911": {
        "openness": 0.7932027500696955,
        "conscientiousness": 0.5928159945445535,
        "extraversion": 0.5761211656900485,
        "agreeableness": 0.6569766588824044,
        "neuroticism": 0.5282686015360308
    },
    "gigouni": {
        "openness": 0.803475739959637,
        "conscientiousness": 0.5781809147945293,
        "extraversion": 0.5314783730297489,
        "agreeableness": 0.6531591610859464,
        "neuroticism": 0.4929636164974752
    },
    "srijiths": {
        "openness": 0.8351420576585706,
        "conscientiousness": 0.5686039356989807,
        "extraversion": 0.5663912288751352,
        "agreeableness": 0.6403236540136322,
        "neuroticism": 0.4943954150135018
    },
    "phingocchi": {
        "openness": 0.7874185984709693,
        "conscientiousness": 0.6409743011329851,
        "extraversion": 0.5138611562726298,
        "agreeableness": 0.7069908422982479,
        "neuroticism": 0.5716109341431337
    },
    "sivadas": {
        "openness": 0.7049189547941468,
        "conscientiousness": 0.5716149231433102,
        "extraversion": 0.4929823991526519,
        "agreeableness": 0.6777608462244692,
        "neuroticism": 0.42281716689899795
    },
    "Jacky0312": {
        "openness": 0.7425372326422187,
        "conscientiousness": 0.543171961921958,
        "extraversion": 0.4554329666908335,
        "agreeableness": 0.6392520727298028,
        "neuroticism": 0.4188092847289352
    },
    "xForMe": {
        "openness": 0.7362093601047507,
        "conscientiousness": 0.6052601051377329,
        "extraversion": 0.44177636225797023,
        "agreeableness": 0.680965302088842,
        "neuroticism": 0.40966644694700594
    },
    "zhaolihe": {
        "openness": 0.7764765773014097,
        "conscientiousness": 0.5930304162627869,
        "extraversion": 0.4637037231152674,
        "agreeableness": 0.6750086475979586,
        "neuroticism": 0.504121517709696
    },
    "elyday": {
        "openness": 0.8731950053805387,
        "conscientiousness": 0.5996098093782775,
        "extraversion": 0.5586624471017818,
        "agreeableness": 0.7211251621359401,
        "neuroticism": 0.5367950378225009
    },
    "CharanSahaj": {
        "openness": 0.7902756667753457,
        "conscientiousness": 0.6460165663274061,
        "extraversion": 0.5505756973023527,
        "agreeableness": 0.687114623336083,
        "neuroticism": 0.5059988686198436
    },
    "1011641270": {
        "openness": 0.7622693467755266,
        "conscientiousness": 0.6512045668249732,
        "extraversion": 0.4927849018786232,
        "agreeableness": 0.7020110456444498,
        "neuroticism": 0.5417827255344934
    },
    "jaminlai": {
        "openness": 0.7050277611766209,
        "conscientiousness": 0.5629721340327065,
        "extraversion": 0.48665975977986686,
        "agreeableness": 0.6602253876443307,
        "neuroticism": 0.41774036314611485
    },
    "vichWei": {
        "openness": 0.7162199024628774,
        "conscientiousness": 0.5755632763546856,
        "extraversion": 0.4725384968994234,
        "agreeableness": 0.6711958498053897,
        "neuroticism": 0.4042418854279019
    },
    "xiangHannibal": {
        "openness": 0.7517070830870766,
        "conscientiousness": 0.5672428801910279,
        "extraversion": 0.5001012932179363,
        "agreeableness": 0.6524186713543415,
        "neuroticism": 0.47156217029250125
    },
    "ggzone": {
        "openness": 0.745842059361362,
        "conscientiousness": 0.6182215013204533,