{
    "chriso": {
        "openness": 0.7917369881858703,
        "conscientiousness": 0.5960874140901484,
        "extraversion": 0.4672665468885898,
        "agreeableness": 0.6274722480860899,
        "neuroticism": 0.5209495176879055
    },
    "hemanth": {
        "openness": 0.7691791046693851,
        "conscientiousness": 0.5709468919418222,
        "extraversion": 0.48264240807549225,
        "agreeableness": 0.6837279624203373,
        "neuroticism": 0.41444146903580825
    },
    "madhums": {
        "openness": 0.7708949704429131,
        "conscientiousness": 0.5781647036611084,
        "extraversion": 0.4611799196006482,
        "agreeableness": 0.6200772542399005,
        "neuroticism": 0.46930839109851097
    },
    "gabrielstuff": {
        "openness": 0.7774510259006331,
        "conscientiousness": 0.6097714033926374,
        "extraversion": 0.5414901976045831,
        "agreeableness": 0.6740572340420824,
        "neuroticism": 0.4622577871246816
    },
    "rvanrooy": {
        "openness": 0.769255342349067,
        "conscientiousness": 0.6401139694657793,
        "extraversion": 0.48973086380115366,
        "agreeableness": 0.6701986380872988,
        "neuroticism": 0.568333747348684
    },
    "pbowyer": {
        "openness": 0.7723165769150225,
        "conscientiousness": 0.5758624594059124,
        "extraversion": 0.47526763384377674,
        "agreeableness": 0.651337721467347,
        "neuroticism": 0.43668650097120043
    },
    "st3phan": {
        "openness": 0.734592065893348,
        "conscientiousness": 0.5711635599801539,
        "extraversion": 0.5211801908939575,
        "agreeableness": 0.6710481684293026,
        "neuroticism": 0.49482420736857047
    },
    "amih": {
        "openness": 0.7297207280370697,
        "conscientiousness": 0.5696809473755163,
        "extraversion": 0.444697270454422,
        "agreeableness": 0.6676900564656856,
        "neuroticism": 0.397642566239633
    },
    "zazabe": {
        "openness": 0.7907411621200399,
        "conscientiousness": 0.620538215787501,
        "extraversion": 0.4787582063326398,
        "agreeableness": 0.6530683262325792,
        "neuroticism": 0.5352754146477839
    },
    "rowdyrabbit": {
        "openness": 0.7589873083198289,
        "conscientiousness": 0.5905644942364585,
        "extraversion": 0.45770163767933164,
        "agreeableness": 0.64781940116459,
        "neuroticism": 0.4919078442668623
    },
    "jpgninja": {
        "openness": 0.7442998861867267,
        "conscientiousness": 0.5719355738520903,
        "extraversion": 0.4718980101619187,
        "agreeableness": 0.6695483342470252,
        "neuroticism": 0.3738826378110858
    },
    "soccer10man": {
        "openness": 0.7287286731403276,
        "conscientiousness": 0.5961796733812409,
        "extraversion": 0.43500903679330827,
        "agreeableness": 0.6719688478652464,
        "neuroticism": 0.4314947774673972
    }
}