{
    "soffes": {
        "openness": 0.7936661351195893,
        "conscientiousness": 0.6869298874578713,
        "extraversion": 0.5266164644067556,
        "agreeableness": 0.752248063062481,
        "neuroticism": 0.557086708067624
    }
}