{
    "mwidmann": {
        "openness": 0.8418536372213341,
        "conscientiousness": 0.6104771427705223,
        "extraversion": 0.5119389516680662,
        "agreeableness": 0.6537156715481844,
        "neuroticism": 0.5320605141285663
    },
    "gregwebs": {
        "openness": 0.8102926032629858,
        "conscientiousness": 0.5731412686929166,
        "extraversion": 0.4846100728803795,
        "agreeableness": 0.6154785533309266,
        "neuroticism": 0.48894943138393787
    },
    "zachwise": {
        "openness": 0.7956716369910918,
        "conscientiousness": 0.6320294130823749,
        "extraversion": 0.46482064011383295,
        "agreeableness": 0.6905388149183146,
        "neuroticism": 0.5131725953698619
    },
    "JoeGermuska": {
        "openness": 0.8236708729145749,
        "conscientiousness": 0.6482040702838381,
        "extraversion": 0.5033823693989612,
        "agreeableness": 0.6837276515835373,
        "neuroticism": 0.5421931889995979
    },
    "defbyte": {
        "openness": 0.8079622893270378,
        "conscientiousness": 0.6329597787264097,
        "extraversion": 0.48104148050239004,
        "agreeableness": 0.6989450161397958,
        "neuroticism": 0.49417616096988104
    }
}