{
    "oakes": {
        "openness": 0.8182881094050877,
        "conscientiousness": 0.6039238591983029,
        "extraversion": 0.4665184732283615,
        "agreeableness": 0.6378074282819992,
        "neuroticism": 0.5187854755352195
    },
    "Misophistful": {
        "openness": 0.7603346431127886,
        "conscientiousness": 0.5520426205838335,
        "extraversion": 0.4325428643365347,
        "agreeableness": 0.5911937486109374,
        "neuroticism": 0.4087734953464254
    },
    "anthgur": {
        "openness": 0.8310184933247563,
        "conscientiousness": 0.6037238019920759,
        "extraversion": 0.4522355096287993,
        "agreeableness": 0.6244620703315337,
        "neuroticism": 0.521577773307477
    },
    "patrickmcelwee": {
        "openness": 0.7279922069370358,
        "conscientiousness": 0.6119082705175388,
        "extraversion": 0.49215917286740923,
        "agreeableness": 0.6832472395754147,
        "neuroticism": 0.4682468414342906
    },
    "ysmolsky": {
        "openness": 0.8412914989997164,
        "conscientiousness": 0.6005522835004994,
        "extraversion": 0.47737776213259275,
        "agreeableness": 0.602567149200836,
        "neuroticism": 0.458830971834122
    },
    "dparis": {
        "openness": 0.8639325619335855,
        "conscientiousness": 0.5878715257874312,
        "extraversion": 0.4827714466932539,
        "agreeableness": 0.6336710583618129,
        "neuroticism": 0.4766711877501982
    },
    "DjebbZ": {
        "openness": 0.7994761700115695,
        "conscientiousness": 0.642082240499682,
        "extraversion": 0.4293984368324335,
        "agreeableness": 0.6271580611939505,
        "neuroticism": 0.5504762850834775
    },
    "joshuafcole": {
        "openness": 0.8213106679144141,
        "conscientiousness": 0.5445493916239199,
        "extraversion": 0.4731652577522096,
        "agreeableness": 0.611472593037294,
        "neuroticism": 0.45490950968096483
    },
    "brycecovert": {
        "openness": 0.7860730597060178,
        "conscientiousness": 0.5646380953517125,
        "extraversion": 0.537775175656438,
        "agreeableness": 0.682812252560859,
        "neuroticism": 0.5045806002943425
    },
    "floybix": {
        "openness": 0.8216656608095597,
        "conscientiousness": 0.5457647099161377,
        "extraversion": 0.4530406022324755,
        "agreeableness": 0.6463123433419096,
        "neuroticism": 0.49275326713502116
    },
    "MasterMastic": {
        "openness": 0.8241772028038388,
        "conscientiousness": 0.5524844003914112,
        "extraversion": 0.45620287473784105,
        "agreeableness": 0.69440625763068,
        "neuroticism": 0.4661780186194997
    }
}