{
    "oklai": {
        "openness": 0.7980042825857726,
        "conscientiousness": 0.6126086986387091,
        "extraversion": 0.49722171340870325,
        "agreeableness": 0.6219320031598623,
        "neuroticism": 0.5347446065608312
    },
    "sheabunge": {
        "openness": 0.858946561772058,
        "conscientiousness": 0.6104532899092895,
        "extraversion": 0.5486870886319217,
        "agreeableness": 0.6399839872461601,
        "neuroticism": 0.5493191949135289
    },
    "zaygraveyard": {
        "openness": 0.8096138434238229,
        "conscientiousness": 0.6181390328356448,
        "extraversion": 0.4569968484945536,
        "agreeableness": 0.648776398932517,
        "neuroticism": 0.5291522128305441
    },
    "dannystyleart": {
        "openness": 0.8070195579629021,
        "conscientiousness": 0.564106964882338,
        "extraversion": 0.46797706865406313,
        "agreeableness": 0.6498148902454203,
        "neuroticism": 0.4380781722600867
    },
    "bachy": {
        "openness": 0.8098691046989079,
        "conscientiousness": 0.6044222909812926,
        "extraversion": 0.4293231747092471,
        "agreeableness": 0.6529157349064698,
        "neuroticism": 0.4785174823109851
    },
    "julmot": {
        "openness": 0.7948898040296959,
        "conscientiousness": 0.6209161585545848,
        "extraversion": 0.4445716442270703,
        "agreeableness": 0.6251089145674139,
        "neuroticism": 0.5016916314825652
    },
    "chadarsenault": {
        "openness": 0.8095608193412996,
        "conscientiousness": 0.5653115154340629,
        "extraversion": 0.4472478410858279,
        "agreeableness": 0.5961951990713181,
        "neuroticism": 0.4482100922390818
    },
    "JohannesFerner": {
        "openness": 0.7884713443354884,
        "conscientiousness": 0.5916554112104008,
        "extraversion": 0.5176757196842449,
        "agreeableness": 0.6538260839124558,
        "neuroticism": 0.5155485654862271
    },
    "johholl": {
        "openness": 0.7723091574537366,
        "conscientiousness": 0.6147221529469686,
        "extraversion": 0.5661675593511415,
        "agreeableness": 0.6930151171330431,
        "neuroticism": 0.4644098357357892
    },
    "englishextra": {
        "openness": 0.8631104822794197,
        "conscientiousness": 0.619358456677844,
        "extraversion": 0.4580094081070485,
        "agreeableness": 0.6261352201784476,
        "neuroticism": 0.5416551115094084
    },
    "PhilipsEkuma": {
        "openness": 0.7942070688525061,
        "conscientiousness": 0.6233565506310529,
        "extraversion": 0.4934654822112434,
        "agreeableness": 0.6194363420683878,
        "neuroticism": 0.5623266517088467
    },
    "Grahamhoare": {
        "openness": 0.8131160842017582,
        "conscientiousness": 0.6248250993804625,
        "extraversion": 0.4440198273901315,
        "agreeableness": 0.6353580064911765,
        "neuroticism": 0.5163729054402404
    },
    "dougcassidy": {
        "openness": 0.8342126566769766,
        "conscientiousness": 0.56837016535409,
        "extraversion": 0.4852705019008472,
        "agreeableness": 0.5971921634041729,
        "neuroticism": 0.4910035053961199
    },
    "jawadcode": {
        "openness": 0.7820015832800149,
        "conscientiousness": 0.6024951566376292,
        "extraversion": 0.560316766249639,
        "agreeableness": 0.6750708671973145,
        "neuroticism": 0.4852951444382493
    },
    "blinkuz": {
        "openness": 0.8144223213251273,
        "conscientiousness": 0.6052935706121797,
        "extraversion": 0.4276404922068268,
        "agreeableness": 0.6336004409494933,
        "neuroticism": 0.5006643280061311
    },
    "MobsMao": {
        "openness": 0.7120679046324214,
        "conscientiousness": 0.6202978491487974,
        "extraversion": 0.5050197964518668,
        "agreeableness": 0.7023843558685483,
        "neuroticism": 0.43825063047321927
    },
    "ArizonaInkStudios": {
        "openness": 0.8084917737007234,
        "conscientiousness": 0.6005827786288332,
        "extraversion": 0.39679817329089856,
        "agreeableness": 0.6486242982507404,
        "neuroticism": 0.49605747707515296
    },
    "labradorconnect": {
        "openness": 0.8496239466713353,
        "conscientiousness": 0.6367988044985389,
        "extraversion": 0.5613382679892416,
        "agreeableness": 0.6483279395380764,
        "neuroticism": 0.5344499800249085
    },
    "lduhaut": {
        "openness": 0.7933618678213012,
        "conscientiousness": 0.589641176471435,
        "extraversion": 0.4326376375279076,
        "agreeableness": 0.6116699755447353,
        "neuroticism": 0.49656804142576216
    },
    "deluigiluca": {
        "openness": 0.8091546335736676,
        "conscientiousness": 0.5720136271232972,
        "extraversion": 0.5043902711113251,
        "agreeableness": 0.6612735789863607,
        "neuroticism": 0.49991937282984034
    },
    "cfuj": {
        "openness": 0.8391546429609067,
        "conscientiousness": 0.5920407729921001,
        "extraversion": 0.5129480771785293,
        "agreeableness": 0.6172659280359178,
        "neuroticism": 0.5121187310617569
    }
}