{
    "oliviertassinari": {
        "openness": 0.8141464448210434,
        "conscientiousness": 0.6209501678565368,
        "extraversion": 0.48942503317451447,
        "agreeableness": 0.6479754809035072,
        "neuroticism": 0.5284753708083806
    },
    "jardakotesovec": {
        "openness": 0.8069034157761296,
        "conscientiousness": 0.6108196721358511,
        "extraversion": 0.4379427327038693,
        "agreeableness": 0.6722046753573632,
        "neuroticism": 0.5230205301383368
    },
    "funkyeah": {
        "openness": 0.7959403964051687,
        "conscientiousness": 0.6026948748033363,
        "extraversion": 0.4358518566277314,
        "agreeableness": 0.6217743553318,
        "neuroticism": 0.5039646443735464
    },
    "nimahkh": {
        "openness": 0.8087780053104215,
        "conscientiousness": 0.6111282883589169,
        "extraversion": 0.5027927434991208,
        "agreeableness": 0.6719364633634796,
        "neuroticism": 0.48059350333216483
    },
    "jasan-s": {
        "openness": 0.8002652588749362,
        "conscientiousness": 0.5910704412984257,
        "extraversion": 0.5522248233052351,
        "agreeableness": 0.6323114139978686,
        "neuroticism": 0.5113280232377253
    },
    "ashl1": {
        "openness": 0.8098897701511397,
        "conscientiousness": 0.5714239272938296,
        "extraversion": 0.5112988594125457,
        "agreeableness": 0.6300448282685287,
        "neuroticism": 0.49452008538102166
    },
    "steezeburger": {
        "openness": 0.7904523993675103,
        "conscientiousness": 0.5768583872287903,
        "extraversion": 0.4645550517692014,
        "agreeableness": 0.6436861745173081,
        "neuroticism": 0.46598373934467696
    },
    "Nopik": {
        "openness": 0.8259267285240781,
        "conscientiousness": 0.6144573931508923,
        "extraversion": 0.5036325496052267,
        "agreeableness": 0.6650162798159704,
        "neuroticism": 0.524275855675319
    },
    "yoadsn": {
        "openness": 0.8135778151004288,
        "conscientiousness": 0.6128495452000199,
        "extraversion": 0.4613470153588563,
        "agreeableness": 0.6359817222322616,
        "neuroticism": 0.5131479514474362
    },
    "damusnet": {
        "openness": 0.825546434395104,
        "conscientiousness": 0.648355890064926,
        "extraversion": 0.496981198502358,
        "agreeableness": 0.6794852015090661,
        "neuroticism": 0.5405896817310634
    },
    "robrkerr": {
        "openness": 0.8313734944412225,
        "conscientiousness": 0.5798850664110287,
        "extraversion": 0.5030887140443452,
        "agreeableness": 0.6903399515594487,
        "neuroticism": 0.46119715364550007
    },
    "ofirpeer": {
        "openness": 0.821306844169994,
        "conscientiousness": 0.5619718175110544,
        "extraversion": 0.4538281987027504,
        "agreeableness": 0.6668203209619767,
        "neuroticism": 0.4997371731353666
    },
    "wieseljonas": {
        "openness": 0.7963155056185083,
        "conscientiousness": 0.5758103795410032,
        "extraversion": 0.5217745195878684,
        "agreeableness": 0.6606584006506823,
        "neuroticism": 0.42874251797340884
    },
    "christianeide": {
        "openness": 0.7889737194313925,
        "conscientiousness": 0.5786322085870469,
        "extraversion": 0.46236368118522175,
        "agreeableness": 0.6215570625597562,
        "neuroticism": 0.46671399775831607
    },
    "kunal-arora": {
        "openness": 0.7732302195851645,
        "conscientiousness": 0.5327645429103808,
        "extraversion": 0.4898548064279397,
        "agreeableness": 0.6450624925474506,
        "neuroticism": 0.4178962152900231
    },
    "Schlesiger": {
        "openness": 0.7977814705476189,
        "conscientiousness": 0.5295832616844898,
        "extraversion": 0.43579674080009384,
        "agreeableness": 0.6500321077263387,
        "neuroticism": 0.40854149977770726
    },
    "platonish": {
        "openness": 0.7894395515102954,
        "conscientiousness": 0.580286558824994,
        "extraversion": 0.47911533919130056,
        "agreeableness": 0.6383771744793247,
        "neuroticism": 0.46280060380077404
    },
    "bmueller-sykes": {
        "openness": 0.7762212585098964,
        "conscientiousness": 0.5405519076113483,
        "extraversion": 0.47448169969671544,
        "agreeableness": 0.6017862008051498,
        "neuroticism": 0.44589408005507053
    },
    "gaearon": {
        "openness": 0.7808591058088951,
        "conscientiousness": 0.5670906376948921,
        "extraversion": 0.42455767092535596,
        "agreeableness": 0.6159976801121084,
        "neuroticism": 0.49978829392299845
    }
}