{
    "qdot": {
        "openness": 0.7822431278932618,
        "conscientiousness": 0.6174164777964019,
        "extraversion": 0.47193444520927574,
        "agreeableness": 0.6615533274880075,
        "neuroticism": 0.49883155201521956
    },
    "JoshBlake": {
        "openness": 0.829226839817546,
        "conscientiousness": 0.5903156812132698,
        "extraversion": 0.487163911200887,
        "agreeableness": 0.6119497429754588,
        "neuroticism": 0.5101253490605546
    },
    "zarvox": {
        "openness": 0.7970986750480716,
        "conscientiousness": 0.5920455860792724,
        "extraversion": 0.4585292994808008,
        "agreeableness": 0.6188159448150587,
        "neuroticism": 0.5153666441948627
    },
    "ofTheo": {
        "openness": 0.7752120380868049,
        "conscientiousness": 0.5965209064465098,
        "extraversion": 0.4368358011290767,
        "agreeableness": 0.590768806656358,
        "neuroticism": 0.5233222092255759
    },
    "dsvensson": {
        "openness": 0.7328098900086435,
        "conscientiousness": 0.5967519955865557,
        "extraversion": 0.4491846780139247,
        "agreeableness": 0.6853455683720457,
        "neuroticism": 0.43860332906413046
    },
    "mrenouf": {
        "openness": 0.8190837200155776,
        "conscientiousness": 0.5559076202885445,
        "extraversion": 0.471024665559574,
        "agreeableness": 0.6050629159834554,
        "neuroticism": 0.46059601414230555
    },
    "marcan": {
        "openness": 0.7986138633066598,
        "conscientiousness": 0.603417782566871,
        "extraversion": 0.4828024437377948,
        "agreeableness": 0.6047683076073527,
        "neuroticism": 0.5130373969667219
    },
    "piedar": {
        "openness": 0.7830659421381035,
        "conscientiousness": 0.5843921278894117,
        "extraversion": 0.43153926076499677,
        "agreeableness": 0.5983209472032871,
        "neuroticism": 0.5135740207128996
    },
    "wandroid": {
        "openness": 0.7936936458214744,
        "conscientiousness": 0.5918362635753652,
        "extraversion": 0.4359519013975054,
        "agreeableness": 0.5807148223880993,
        "neuroticism": 0.5102811103866173
    },
    "bwhite": {
        "openness": 0.7925959283210771,
        "conscientiousness": 0.5828370789613576,
        "extraversion": 0.45987052573428056,
        "agreeableness": 0.6232548355822729,
        "neuroticism": 0.479777594674788
    },
    "J-G-R": {
        "openness": 0.73987204051499,
        "conscientiousness": 0.5725109086409836,
        "extraversion": 0.39760494435655314,
        "agreeableness": 0.6375670759295476,
        "neuroticism": 0.4833357512887536
    },
    "ghost": {
        "openness": 0.7527171168429497,
        "conscientiousness": 0.5996858391771778,
        "extraversion": 0.4883194043281466,
        "agreeableness": 0.6508344756159397,
        "neuroticism": 0.5330421424564866
    },
    "xamox": {
        "openness": 0.7678937853567408,
        "conscientiousness": 0.5261973578003339,
        "extraversion": 0.41218736773877096,
        "agreeableness": 0.5947685169969026,
        "neuroticism": 0.45074520431889575
    },
    "MrApplejuice": {
        "openness": 0.8098357499252583,
        "conscientiousness": 0.5788014807876305,
        "extraversion": 0.42077293809495,
        "agreeableness": 0.5920512433586715,
        "neuroticism": 0.5023920234554389
    },
    "nneonneo": {
        "openness": 0.7792278805165411,
        "conscientiousness": 0.5902073550565896,
        "extraversion": 0.4813540334832044,
        "agreeableness": 0.6402348921178518,
        "neuroticism": 0.5189189688766376
    },
    "danomatika": {
        "openness": 0.7977270377499396,
        "conscientiousness": 0.5865975900228099,
        "extraversion": 0.44911080433146977,
        "agreeableness": 0.5792490008358662,
        "neuroticism": 0.5201683452924639
    },
    "radarsat1": {
        "openness": 0.793425857937793,
        "conscientiousness": 0.5292916227269031,
        "extraversion": 0.4106851320482118,
        "agreeableness": 0.5898176158130273,
        "neuroticism": 0.44837401225550644
    },
    "bigorangemachine": {
        "openness": 0.7771066931825644,
        "conscientiousness": 0.6304714907667197,
        "extraversion": 0.5203095354257772,
        "agreeableness": 0.6639476551475757,
        "neuroticism": 0.5150981315781389
    },
    "jfalkner": {
        "openness": 0.757302506909729,
        "conscientiousness": 0.58048531343583,
        "extraversion": 0.4966035219347447,
        "agreeableness": 0.6884306272839926,
        "neuroticism": 0.39246011624558896
    },
    "mchiareli": {
        "openness": 0.756302666441188,
        "conscientiousness": 0.5788674080009346,
        "extraversion": 0.49689532420009336,
        "agreeableness": 0.6883986275397991,
        "neuroticism": 0.3933084315381171
    },
    "dxli": {
        "openness": 0.7670362841221696,
        "conscientiousness": 0.6034709171307655,
        "extraversion": 0.4592331843362374,
        "agreeableness": 0.6276542589934693,
        "neuroticism": 0.4719880396903423
    },
    "Exomene": {
        "openness": 0.7481803334155059,
        "conscientiousness": 0.586232746156339,
        "extraversion": 0.4680754687870154,
        "agreeableness": 0.6401443476370408,
        "neuroticism": 0.4425597725665664
    },
    "dudefellah": {
        "openness": 0.7637590444299078,
        "conscientiousness": 0.5238623803853963,
        "extraversion": 0.42274707269099193,
        "agreeableness": 0.6167830229566029,
        "neuroticism": 0.42702675929482714
    },
    "zanemcca": {
        "openness": 0.7398944691174825,
        "conscientiousness": 0.5658411983794464,
        "extraversion": 0.4654933606879489,
        "agreeableness": 0.6300740767737012,
        "neuroticism": 0.4763140771023166
    },
    "karlun": {
        "openness": 0.7971555238231629,
        "conscientiousness": 0.5596481315172083,
        "extraversion": 0.4559689049482557,
        "agreeableness": 0.5925576179728498,
        "neuroticism": 0.4864596758931006
    },
    "wizgrav": {
        "openness": 0.8028434084891021,
        "conscientiousness": 0.6130274716968942,
        "extraversion": 0.4608403299501991,
        "agreeableness": 0.6125239313687768,
        "neuroticism": 0.5367766361998467
    },
    "xxorde": {
        "openness": 0.7762494489433354,
        "conscientiousness": 0.5871260220796185,
        "extraversion": 0.46905021263363406,
        "agreeableness": 0.5879913808044428,
        "neuroticism": 0.5446501393128524
    },
    "petergreis": {
        "openness": 0.713279090577435,
        "conscientiousness": 0.6280587891094671,
        "extraversion": 0.49494693542845153,
        "agreeableness": 0.6963908454480431,
        "neuroticism": 0.4487533228589665
    },
    "willkelleher": {
        "openness": 0.7491002529661587,
        "conscientiousness": 0.6028601108389773,
        "extraversion": 0.47134193614840636,
        "agreeableness": 0.6543869551769708,
        "neuroticism": 0.480442332791906
    },
    "cliff76": {
        "openness": 0.8022637764043924,
        "conscientiousness": 0.5653559351026654,
        "extraversion": 0.45699123844437994,
        "agreeableness": 0.6101093588067213,
        "neuroticism": 0.4904587287591974
    },
    "andremedeiros": {
        "openness": 0.7461204076831132,
        "conscientiousness": 0.6043852525405842,
        "extraversion": 0.45427622320007804,
        "agreeableness": 0.6003289954702722,
        "neuroticism": 0.5298511146101941
    },
    "sameershah21": {
        "openness": 0.7434054172566364,
        "conscientiousness": 0.5990599894938277,
        "extraversion": 0.46093404562744206,
        "agreeableness": 0.6906574518849768,
        "neuroticism": 0.4886063193223993
    },
    "soni991": {
        "openness": 0.748745670444058,
        "conscientiousness": 0.5742017483371589,
        "extraversion": 0.43106500671875203,