{
    "andersevenrud": {
        "openness": 0.8025532422166626,
        "conscientiousness": 0.6027954092847397,
        "extraversion": 0.4657865330140919,
        "agreeableness": 0.6249411536297296,
        "neuroticism": 0.5136552291587309
    },
    "luveti": {
        "openness": 0.7901832771412688,
        "conscientiousness": 0.6167832657365702,
        "extraversion": 0.459713303259283,
        "agreeableness": 0.6569680530896607,
        "neuroticism": 0.5187970882742886
    },
    "junland": {
        "openness": 0.8134968878916156,
        "conscientiousness": 0.595029320931494,
        "extraversion": 0.4476965863658958,
        "agreeableness": 0.6258954325526597,
        "neuroticism": 0.5202919580281838
    },
    "RyanRiffle": {
        "openness": 0.8077589825341687,
        "conscientiousness": 0.5945337126142788,
        "extraversion": 0.46398698874517225,
        "agreeableness": 0.6280902564073243,
        "neuroticism": 0.5163449854877986
    },
    "MrSchism": {
        "openness": 0.8166299235335748,
        "conscientiousness": 0.5846769307339142,
        "extraversion": 0.4568418018666805,
        "agreeableness": 0.6246726668225853,
        "neuroticism": 0.5188338108649494
    },
    "eraffaelli": {
        "openness": 0.7822514333351954,
        "conscientiousness": 0.6349530689920413,
        "extraversion": 0.44297005240600074,
        "agreeableness": 0.7080270399390896,
        "neuroticism": 0.5190315427680013
    },
    "marktopper": {
        "openness": 0.750177065430743,
        "conscientiousness": 0.5656147925553352,
        "extraversion": 0.4857637299177494,
        "agreeableness": 0.6615462615559442,
        "neuroticism": 0.36757696511997445
    },
    "filips123": {
        "openness": 0.8345697948886575,
        "conscientiousness": 0.6171953855509316,
        "extraversion": 0.5009398559944875,
        "agreeableness": 0.6460190922761285,
        "neuroticism": 0.5160048946920631
    },
    "SpaceboyRoss01": {
        "openness": 0.7906521504603335,
        "conscientiousness": 0.5718123750937896,
        "extraversion": 0.446013269802677,
        "agreeableness": 0.6108858654106091,
        "neuroticism": 0.500038146004306
    },
    "CtrlC-Root": {
        "openness": 0.812143075558898,
        "conscientiousness": 0.5658814421045624,
        "extraversion": 0.4431391800385148,
        "agreeableness": 0.6763316421514383,
        "neuroticism": 0.4869519987766966
    },
    "christopherdumas": {
        "openness": 0.8251928609941317,
        "conscientiousness": 0.602864125186317,
        "extraversion": 0.5056587364220742,
        "agreeableness": 0.7091906266006045,
        "neuroticism": 0.5111077970900872
    },
    "taigrr": {
        "openness": 0.769265060039699,
        "conscientiousness": 0.5879160738685284,
        "extraversion": 0.4276966466248132,
        "agreeableness": 0.5935220478097948,
        "neuroticism": 0.5071634708457528
    },
    "livep2000": {
        "openness": 0.790318456311361,
        "conscientiousness": 0.622041371473954,
        "extraversion": 0.43807243678715857,
        "agreeableness": 0.5885900003528833,
        "neuroticism": 0.5421607255955335
    },
    "khoaakt": {
        "openness": 0.7542918931091571,
        "conscientiousness": 0.59374789838689,
        "extraversion": 0.4110691389549843,
        "agreeableness": 0.6142357421504392,
        "neuroticism": 0.547104903350936
    },
    "rubengc": {
        "openness": 0.8104697063945193,
        "conscientiousness": 0.6072670127571336,
        "extraversion": 0.4838893630274364,
        "agreeableness": 0.5955430391273733,
        "neuroticism": 0.5378915481872597
    },
    "IngwiePhoenix": {
        "openness": 0.7647076626197984,
        "conscientiousness": 0.5867675913528982,
        "extraversion": 0.42651775048029195,
        "agreeableness": 0.600451244080448,
        "neuroticism": 0.51459554266432
    },
    "RickGlimmer": {
        "openness": 0.8157708734323036,
        "conscientiousness": 0.6110352866726892,
        "extraversion": 0.44833913350907073,
        "agreeableness": 0.5981359204300203,
        "neuroticism": 0.5358023595745043
    },
    "NikosEfthias": {
        "openness": 0.7364371589293542,
        "conscientiousness": 0.6129062145476146,
        "extraversion": 0.5131577322146941,
        "agreeableness": 0.6775886027486993,
        "neuroticism": 0.49270521960615643
    },
    "butlerpaul": {
        "openness": 0.7551006215006456,
        "conscientiousness": 0.5812680951193306,
        "extraversion": 0.46345778139900445,
        "agreeableness": 0.6123628044683462,
        "neuroticism": 0.545743944929069
    },
    "piranna": {
        "openness": 0.8128874957695914,
        "conscientiousness": 0.6310912455287114,
        "extraversion": 0.48010461789841186,
        "agreeableness": 0.6227971016637945,
        "neuroticism": 0.5450055032183873
    },
    "rodrigoselau": {
        "openness": 0.7577757940713719,
        "conscientiousness": 0.5618324535654569,
        "extraversion": 0.46305368086903276,
        "agreeableness": 0.6276556062408388,
        "neuroticism": 0.43979550875632045
    },
    "TRoskop": {
        "openness": 0.7864853971186015,
        "conscientiousness": 0.6289054295051664,
        "extraversion": 0.4498182880050975,
        "agreeableness": 0.6436786538985281,
        "neuroticism": 0.5491557296143464
    },
    "NoNameProvided": {
        "openness": 0.7795049308317984,
        "conscientiousness": 0.6028528199355563,
        "extraversion": 0.46203847446232216,
        "agreeableness": 0.620336805066127,
        "neuroticism": 0.5659433758129464
    },
    "Corak667": {
        "openness": 0.7839694738529988,
        "conscientiousness": 0.5596182600572237,
        "extraversion": 0.4841908644997063,
        "agreeableness": 0.6159834521746088,
        "neuroticism": 0.4994762713970946
    },
    "vlotho": {
        "openness": 0.7964232524038255,
        "conscientiousness": 0.594483718574895,
        "extraversion": 0.462350825642991,
        "agreeableness": 0.5974039453098676,
        "neuroticism": 0.5612867963655548
    },
    "webmst": {
        "openness": 0.767904995049589,
        "conscientiousness": 0.5535800987198006,
        "extraversion": 0.44135267517833765,
        "agreeableness": 0.5835221252270943,
        "neuroticism": 0.4918907414183641
    },
    "ghost": {
        "openness": 0.7876727277212068,
        "conscientiousness": 0.5846217833244066,
        "extraversion": 0.4456922734193294,
        "agreeableness": 0.6905845986079984,
        "neuroticism": 0.49698756452958776
    },
    "Liam1947": {
        "openness": 0.7800846752754236,
        "conscientiousness": 0.6257520766422787,
        "extraversion": 0.5252627131986578,
        "agreeableness": 0.6660465060252909,
        "neuroticism": 0.538429812292392
    },
    "sophana": {
        "openness": 0.7378027696857361,
        "conscientiousness": 0.5366455324968652,
        "extraversion": 0.4108580383137945,
        "agreeableness": 0.5799692298074677,
        "neuroticism": 0.49194262743956674
    },
    "shorero": {
        "openness": 0.8106860238526111,
        "conscientiousness": 0.5895443743933905,
        "extraversion": 0.4428948329260585,
        "agreeableness": 0.5605558489851346,
        "neuroticism": 0.5504212900855938
    },
    "petrk94": {
        "openness": 0.7391417618594693,
        "conscientiousness": 0.575053819088342,
        "extraversion": 0.4243050090077946,
        "agreeableness": 0.5566208977556035,
        "neuroticism": 0.5195555038418032
    },
    "alimohamad": {
        "openness": 0.7561722057133857,
        "conscientiousness": 0.590945973561667,
        "extraversion": 0.46311647305158865,
        "agreeableness": 0.6667725141967159,
        "neuroticism": 0.39903821794848787
    },
    "DremOSDeveloperTeam": {
        "openness": 0.8026333655710953,
        "conscientiousness": 0.653248003762608,