{
    "owner888": {
        "openness": 0.7589198436321106,
        "conscientiousness": 0.602431630481062,
        "extraversion": 0.4888326143910838,
        "agreeableness": 0.6696923028237827,
        "neuroticism": 0.49645018884589587
    }
}