{
    "p-e-w": {
        "openness": 0.8245102634682244,
        "conscientiousness": 0.6060190738293947,
        "extraversion": 0.4658818196039225,
        "agreeableness": 0.6414928400947395,
        "neuroticism": 0.4999668622016573
    },
    "nashley": {
        "openness": 0.7995987289811817,
        "conscientiousness": 0.615192181954966,
        "extraversion": 0.47413206691371834,
        "agreeableness": 0.6497586270206834,
        "neuroticism": 0.5230615795317654
    },
    "arkocal": {
        "openness": 0.8456892257891657,
        "conscientiousness": 0.5810246807230396,
        "extraversion": 0.4528563600703247,
        "agreeableness": 0.6303074595783464,
        "neuroticism": 0.503025341042653
    },
    "ghost": {
        "openness": 0.7860781575766445,
        "conscientiousness": 0.5748510744185373,
        "extraversion": 0.4259580592505051,
        "agreeableness": 0.6188092883154747,
        "neuroticism": 0.4947838808033734
    },
    "keithlayne": {
        "openness": 0.7963857762926075,
        "conscientiousness": 0.5839758710238154,
        "extraversion": 0.4347996612242545,
        "agreeableness": 0.6369427062047528,
        "neuroticism": 0.4597112877444812
    },
    "tom95": {
        "openness": 0.8056393848521661,
        "conscientiousness": 0.6166708866704671,
        "extraversion": 0.4797693327829248,
        "agreeableness": 0.6770919549214406,
        "neuroticism": 0.5174872713740721
    },
    "shellkr": {
        "openness": 0.795309400398597,
        "conscientiousness": 0.5878352288028251,
        "extraversion": 0.44358936265446025,
        "agreeableness": 0.6101253874313022,
        "neuroticism": 0.49056127897855006
    },
    "detiber": {
        "openness": 0.7942442224929381,
        "conscientiousness": 0.5643158213699196,
        "extraversion": 0.4473509483265622,
        "agreeableness": 0.6085080320307285,
        "neuroticism": 0.48636077878799633
    },
    "lwandrebeck": {
        "openness": 0.731932455218869,
        "conscientiousness": 0.6183980602806808,
        "extraversion": 0.4803689853936053,
        "agreeableness": 0.6581005681922556,
        "neuroticism": 0.4796792085151041
    },
    "Lasall": {
        "openness": 0.7904961779664176,
        "conscientiousness": 0.6105856118644554,
        "extraversion": 0.4621645860261099,
        "agreeableness": 0.6407456891017342,
        "neuroticism": 0.5067339129672088
    },
    "xdef": {
        "openness": 0.7971621641429701,
        "conscientiousness": 0.5947393979459755,
        "extraversion": 0.5047732000580603,
        "agreeableness": 0.6870859842357177,
        "neuroticism": 0.4190046662422676
    },
    "texnoid": {
        "openness": 0.7770581331945513,
        "conscientiousness": 0.6057222182876313,
        "extraversion": 0.5138410419673717,
        "agreeableness": 0.7107979016966328,
        "neuroticism": 0.5032165692215755
    },
    "norpol": {
        "openness": 0.7554371304020163,
        "conscientiousness": 0.6175970720268819,
        "extraversion": 0.4841463201142714,
        "agreeableness": 0.6614597687252541,
        "neuroticism": 0.46267245402069535
    },
    "versable": {
        "openness": 0.7708481120865033,
        "conscientiousness": 0.6369221734333909,
        "extraversion": 0.463147709509218,
        "agreeableness": 0.6002359705219018,
        "neuroticism": 0.5492790570641815
    },
    "ferki": {
        "openness": 0.8379388161129805,
        "conscientiousness": 0.6176561423404411,
        "extraversion": 0.4742184222235488,
        "agreeableness": 0.6386065011424509,
        "neuroticism": 0.5207824078975252
    },
    "Globegitter": {
        "openness": 0.7856747585639181,
        "conscientiousness": 0.6822464664262721,
        "extraversion": 0.494166911295658,
        "agreeableness": 0.7348242417169112,
        "neuroticism": 0.5154113728951873
    },
    "cstrahan": {
        "openness": 0.7898651071914338,
        "conscientiousness": 0.6127092680480969,
        "extraversion": 0.5031021211320437,
        "agreeableness": 0.6588019729401955,
        "neuroticism": 0.5107042066104033
    },
    "qinfeng": {
        "openness": 0.7980477961707595,
        "conscientiousness": 0.5927227040030479,
        "extraversion": 0.5079227010860414,
        "agreeableness": 0.6239045559133998,
        "neuroticism": 0.5002481649708326
    },
    "aurium": {
        "openness": 0.7354945158590187,
        "conscientiousness": 0.5634776840396669,
        "extraversion": 0.4334150679638459,
        "agreeableness": 0.6057245924740612,
        "neuroticism": 0.4754976927191299
    },
    "K1-K1": {
        "openness": 0.749081617663469,
        "conscientiousness": 0.5711381805618502,
        "extraversion": 0.4525316484059055,
        "agreeableness": 0.6094412493476549,
        "neuroticism": 0.4863448042505365
    },
    "steveno": {
        "openness": 0.7782552347283644,
        "conscientiousness": 0.6133599095171973,
        "extraversion": 0.49139484881305484,
        "agreeableness": 0.6386391715678974,
        "neuroticism": 0.5225848155539247
    },
    "Z-Shang": {
        "openness": 0.7530928559032656,
        "conscientiousness": 0.5958387856990705,
        "extraversion": 0.5186895624264022,
        "agreeableness": 0.6826662817164788,
        "neuroticism": 0.4769159709788324
    },
    "fredmo": {
        "openness": 0.721635503327722,
        "conscientiousness": 0.6120766579469091,
        "extraversion": 0.4992629561544584,
        "agreeableness": 0.7000998619609166,
        "neuroticism": 0.4406008739547319
    },
    "sgnn7": {
        "openness": 0.7047339620930897,
        "conscientiousness": 0.6033337623259669,
        "extraversion": 0.5090580343082172,
        "agreeableness": 0.6541381831967491,
        "neuroticism": 0.5051393208152699
    },
    "Blue-Dog-Archolite": {
        "openness": 0.783946859680559,
        "conscientiousness": 0.6129135385193333,
        "extraversion": 0.5142790606291792,
        "agreeableness": 0.7096143713647103,
        "neuroticism": 0.5126931090266361
    },
    "White-Wolf": {
        "openness": 0.7503559712595316,
        "conscientiousness": 0.5907213809161008,
        "extraversion": 0.4382834819235607,
        "agreeableness": 0.6475047542267738,
        "neuroticism": 0.45104495515676246
    },
    "artmartz": {
        "openness": 0.7903829236161998,
        "conscientiousness": 0.609746886098131,
        "extraversion": 0.47991830565882987,
        "agreeableness": 0.6280511984505708,
        "neuroticism": 0.5091722621934072
    },
    "lantw44": {
        "openness": 0.7606164586845817,
        "conscientiousness": 0.5637971713508977,
        "extraversion": 0.4727169637204225,
        "agreeableness": 0.5866793463946087,
        "neuroticism": 0.48085381694822793
    },
    "preachermanx": {
        "openness": 0.745855198367131,
        "conscientiousness": 0.5575810699531834,
        "extraversion": 0.4974333057909138,
        "agreeableness": 0.6477639293111004,
        "neuroticism": 0.4376767196699981
    },
    "CurtisLeeBolin": {
        "openness": 0.7688151879585926,
        "conscientiousness": 0.5771421728194164,
        "extraversion": 0.43066737910730307,
        "agreeableness": 0.6161956544852396,
        "neuroticism": 0.491201504521395
    },
    "chrstphrchvz": {
        "openness": 0.7980715549936889,
        "conscientiousness": 0.5569868602692646,
        "extraversion": 0.4646755362166293,
        "agreeableness": 0.5785586933000191,
        "neuroticism": 0.4508981247966325
    },
    "onli": {
        "openness": 0.8235015305379293,
        "conscientiousness": 0.5747682288535223,
        "extraversion": 0.43755880796219193,
        "agreeableness": 0.6436304468799056,
        "neuroticism": 0.4873310575705898
    },
    "CJD14": {
        "openness": 0.7950524030231135,
        "conscientiousness": 0.6002781544364246,
        "extraversion": 0.4993289967744289,