{
    "PaulLeCam": {
        "openness": 0.8304001744130461,
        "conscientiousness": 0.6333833873031439,
        "extraversion": 0.4903253473781708,
        "agreeableness": 0.6610695438927727,
        "neuroticism": 0.5358433971530581
    },
    "luqmaan": {
        "openness": 0.7955199051162676,
        "conscientiousness": 0.5452313766840207,
        "extraversion": 0.5218992332519253,
        "agreeableness": 0.6434302422202622,
        "neuroticism": 0.45813472133410554
    },
    "Oustad": {
        "openness": 0.8303505169010432,
        "conscientiousness": 0.6040492238847945,
        "extraversion": 0.4739161733084959,
        "agreeableness": 0.6084256854946228,
        "neuroticism": 0.543742388639502
    },
    "Frikki": {
        "openness": 0.8270772050199707,
        "conscientiousness": 0.6068210002190416,
        "extraversion": 0.4717870251434514,
        "agreeableness": 0.6364364618404124,
        "neuroticism": 0.5351073609178506
    },
    "troutowicz": {
        "openness": 0.8166846000627257,
        "conscientiousness": 0.5916435475346277,
        "extraversion": 0.4601320478145825,
        "agreeableness": 0.6220645937335769,
        "neuroticism": 0.4968140633683468
    },
    "YUzhva": {
        "openness": 0.8182463255266991,
        "conscientiousness": 0.5839078917823236,
        "extraversion": 0.5114559276521471,
        "agreeableness": 0.6321263241475217,
        "neuroticism": 0.48564208368128126
    },
    "jgimbel": {
        "openness": 0.823161726184714,
        "conscientiousness": 0.6170529795930799,
        "extraversion": 0.515051080122359,
        "agreeableness": 0.6057547078156567,
        "neuroticism": 0.5246320142162826
    },
    "stereobooster": {
        "openness": 0.7902018997132223,
        "conscientiousness": 0.5636613561149917,
        "extraversion": 0.4811636907188337,
        "agreeableness": 0.6027259480400429,
        "neuroticism": 0.4574895112275723
    },
    "baziz": {
        "openness": 0.7885250067227266,
        "conscientiousness": 0.5801191913918674,
        "extraversion": 0.45839060143845833,
        "agreeableness": 0.6210412067988395,
        "neuroticism": 0.4692280043175151
    },
    "gambit3": {
        "openness": 0.8234705875733203,
        "conscientiousness": 0.5940816243295922,
        "extraversion": 0.48060258804609735,
        "agreeableness": 0.6331858081408308,
        "neuroticism": 0.49508258154952967
    },
    "uniphil": {
        "openness": 0.8259416095888714,
        "conscientiousness": 0.6394550370279759,
        "extraversion": 0.5237410506470657,
        "agreeableness": 0.6115078746808665,
        "neuroticism": 0.5701003544024277
    },
    "yantakus": {
        "openness": 0.776644286057496,
        "conscientiousness": 0.5816120968958018,
        "extraversion": 0.48563830957365217,
        "agreeableness": 0.642632994272188,
        "neuroticism": 0.4262798545131756
    },
    "jonboiser": {
        "openness": 0.8364766378796503,
        "conscientiousness": 0.6032672903831718,
        "extraversion": 0.4830008843262066,
        "agreeableness": 0.637962131834752,
        "neuroticism": 0.4957421927302395
    },
    "Benvorth": {
        "openness": 0.7715408152326068,
        "conscientiousness": 0.5902748050800264,
        "extraversion": 0.47973278810222486,
        "agreeableness": 0.6359264168738555,
        "neuroticism": 0.4332306818083559
    },
    "seclace": {
        "openness": 0.7976228499659318,
        "conscientiousness": 0.5997538807862044,
        "extraversion": 0.4991124306446373,
        "agreeableness": 0.6513841640194178,
        "neuroticism": 0.4409195722578806
    },
    "chriswiggins": {
        "openness": 0.8154632766198376,
        "conscientiousness": 0.6175234354330036,
        "extraversion": 0.5168722034532287,
        "agreeableness": 0.7025734800128434,
        "neuroticism": 0.5035674149479206
    },
    "Jcummings81": {
        "openness": 0.8172384256896102,
        "conscientiousness": 0.5919859835538303,
        "extraversion": 0.5308218375009404,
        "agreeableness": 0.6346149694784518,
        "neuroticism": 0.5199887897352582
    },
    "pke": {
        "openness": 0.8050411945147623,
        "conscientiousness": 0.6024458654681715,
        "extraversion": 0.47560823771027017,
        "agreeableness": 0.5798455740245233,
        "neuroticism": 0.5057681017821622
    },
    "benzen": {
        "openness": 0.8106018391585992,
        "conscientiousness": 0.6069395900197787,
        "extraversion": 0.48446266906123747,
        "agreeableness": 0.6379041853983713,
        "neuroticism": 0.49844084126418453
    },
    "bigsassy": {
        "openness": 0.8005727755472352,
        "conscientiousness": 0.5917123240269413,
        "extraversion": 0.4969065047420808,
        "agreeableness": 0.636006777680153,
        "neuroticism": 0.48639119368485956
    },
    "boromisp": {
        "openness": 0.8682971955614914,
        "conscientiousness": 0.6145103239469456,
        "extraversion": 0.46326704218819703,
        "agreeableness": 0.5948490706166583,
        "neuroticism": 0.48876001871027347
    },
    "awe2m2n2s": {
        "openness": 0.776435881754187,
        "conscientiousness": 0.5919023344601777,
        "extraversion": 0.4850358452932006,
        "agreeableness": 0.6535819854487073,
        "neuroticism": 0.4870586418615026
    },
    "bshenk": {
        "openness": 0.7790181829220224,
        "conscientiousness": 0.5951294918608059,
        "extraversion": 0.5052386295676398,
        "agreeableness": 0.6600517531282313,
        "neuroticism": 0.46229730687775505
    },
    "dopeboy": {
        "openness": 0.7798026012693391,
        "conscientiousness": 0.5861635929789965,
        "extraversion": 0.48498564337870453,
        "agreeableness": 0.6352302323040941,
        "neuroticism": 0.4682713372153103
    },
    "kachkaev": {
        "openness": 0.857283727142123,
        "conscientiousness": 0.6231256253534747,
        "extraversion": 0.4594130355625445,
        "agreeableness": 0.6262018928403095,
        "neuroticism": 0.4987576924205612
    },
    "rjdestigter": {
        "openness": 0.8356891940165124,
        "conscientiousness": 0.5720737530681015,
        "extraversion": 0.48744008115859205,
        "agreeableness": 0.6434168838037111,
        "neuroticism": 0.4726427771663473
    },
    "mdfischer": {
        "openness": 0.8283979710748339,
        "conscientiousness": 0.5571085667838218,
        "extraversion": 0.42761288799267483,
        "agreeableness": 0.5497894863190222,
        "neuroticism": 0.4388577274638308
    },
    "knackjason": {
        "openness": 0.8041302425553188,
        "conscientiousness": 0.589665673937081,
        "extraversion": 0.47875578093740134,
        "agreeableness": 0.6468999685357755,
        "neuroticism": 0.4413657138219057
    },
    "jbccollins": {
        "openness": 0.836022998753646,
        "conscientiousness": 0.5868567806441453,
        "extraversion": 0.4747053106231412,
        "agreeableness": 0.6201722560338613,
        "neuroticism": 0.4782322107059986
    },
    "Shadowman4205": {
        "openness": 0.7929870698149808,
        "conscientiousness": 0.5573442690347523,
        "extraversion": 0.4650774772580135,
        "agreeableness": 0.6485068188996654,
        "neuroticism": 0.467023228731117
    },
    "awjreynolds": {
        "openness": 0.8231357300981409,
        "conscientiousness": 0.5767320852167414,
        "extraversion": 0.5209712133170434,
        "agreeableness": 0.6687046661096856,
        "neuroticism": 0.46357429472663814
    },
    "draganSm": {
        "openness": 0.7626653573676264,
        "conscientiousness": 0.5857410881887434,
        "extraversion": 0.4821713944639261,
        "agreeableness": 0.6389802046407135,
        "neuroticism": 0.44302151244700716
    },
    "alexrussell": {
        "openness": 0.8426214101887953,
        "conscientiousness": 0.5939850382847632,