{
    "pedrovgs": {
        "openness": 0.7993547001907152,
        "conscientiousness": 0.6435334815394929,
        "extraversion": 0.5277343567961758,
        "agreeableness": 0.6501877928825064,
        "neuroticism": 0.5347249160236944
    },
    "ppamorim": {
        "openness": 0.7961234461420374,
        "conscientiousness": 0.6082881713160585,
        "extraversion": 0.45617519465704864,
        "agreeableness": 0.6143673809275481,
        "neuroticism": 0.5175290738922397
    },
    "manpreetsinghsodhi": {
        "openness": 0.828260727262794,
        "conscientiousness": 0.6157503943246143,
        "extraversion": 0.5070350188909959,
        "agreeableness": 0.6796864292794358,
        "neuroticism": 0.4312510878543081
    },
    "Fiddl3": {
        "openness": 0.7872216298105401,
        "conscientiousness": 0.5651192036939986,
        "extraversion": 0.48343199762243283,
        "agreeableness": 0.6296982149987174,
        "neuroticism": 0.4576779028482977
    },
    "Amritpal33": {
        "openness": 0.7473333792071062,
        "conscientiousness": 0.5834563909199784,
        "extraversion": 0.488441470652654,
        "agreeableness": 0.6689393988837347,
        "neuroticism": 0.4667091063753177
    },
    "frakc": {
        "openness": 0.7971020264059433,
        "conscientiousness": 0.5447202258284827,
        "extraversion": 0.5014150642111683,
        "agreeableness": 0.6226980374156472,
        "neuroticism": 0.44820510537134706
    },
    "tuncaulubilge": {
        "openness": 0.7920958792098071,
        "conscientiousness": 0.5293526900337898,
        "extraversion": 0.5057292168101829,
        "agreeableness": 0.5896239912862158,
        "neuroticism": 0.436249733796578
    },
    "DuongNTdev": {
        "openness": 0.7834206083711995,
        "conscientiousness": 0.569188362341072,
        "extraversion": 0.5218843710033956,
        "agreeableness": 0.6585513913846874,
        "neuroticism": 0.46334395242237664
    },
    "DawinderGill": {
        "openness": 0.8077138812504187,
        "conscientiousness": 0.6669547874083845,
        "extraversion": 0.5710038116179031,
        "agreeableness": 0.7035390055203244,
        "neuroticism": 0.5416296654242018
    },
    "adesueb": {
        "openness": 0.7684093255111425,
        "conscientiousness": 0.5845422800989309,
        "extraversion": 0.5502177080331675,
        "agreeableness": 0.6870742675503028,
        "neuroticism": 0.49370145585417646
    }
}