{
    "phw": {
        "openness": 0.8150907112736137,
        "conscientiousness": 0.6175711563521774,
        "extraversion": 0.454536994745566,
        "agreeableness": 0.6260703999361458,
        "neuroticism": 0.514028207576413
    },
    "cedlemo": {
        "openness": 0.7729186834647778,
        "conscientiousness": 0.5831920825162975,
        "extraversion": 0.46897644221401613,
        "agreeableness": 0.6361569790915311,
        "neuroticism": 0.49087384965486125
    },
    "SalahAdDin": {
        "openness": 0.7354076592131016,
        "conscientiousness": 0.5785282620552289,
        "extraversion": 0.4427458050911642,
        "agreeableness": 0.6442795153921863,
        "neuroticism": 0.43424115278021413
    },
    "strixaluco": {
        "openness": 0.7441123548896044,
        "conscientiousness": 0.5905380495692863,
        "extraversion": 0.44471050539547746,
        "agreeableness": 0.6574086959204268,
        "neuroticism": 0.4592871735579006
    },
    "mbnoimi": {
        "openness": 0.7275248338821946,
        "conscientiousness": 0.6132737140090763,
        "extraversion": 0.46081414522761605,
        "agreeableness": 0.6625127851823056,
        "neuroticism": 0.4193067684666848
    },
    "fbruetting": {
        "openness": 0.7923262131796176,
        "conscientiousness": 0.582883068892516,
        "extraversion": 0.4745991212444811,
        "agreeableness": 0.6118924532428953,
        "neuroticism": 0.4947283821335087
    },
    "probonopd": {
        "openness": 0.7722142451043397,
        "conscientiousness": 0.5600979720802975,
        "extraversion": 0.5024443889259319,
        "agreeableness": 0.626134397561949,
        "neuroticism": 0.4657359311830653
    },
    "Shnifty": {
        "openness": 0.7084373824970733,
        "conscientiousness": 0.6048394233832082,
        "extraversion": 0.42749588981290143,
        "agreeableness": 0.6784737594339236,
        "neuroticism": 0.41190018547135576
    },
    "anavarre": {
        "openness": 0.7628698941238198,
        "conscientiousness": 0.6176720907502424,
        "extraversion": 0.44096383378139353,
        "agreeableness": 0.6321819264396995,
        "neuroticism": 0.4985132317218178
    },
    "Ads20000": {
        "openness": 0.7986450154662579,
        "conscientiousness": 0.5755333540380895,
        "extraversion": 0.43999267084502575,
        "agreeableness": 0.6238058346567759,
        "neuroticism": 0.49628187636125004
    },
    "mohamedsakhri": {
        "openness": 0.8118287212665237,
        "conscientiousness": 0.6067998313973957,
        "extraversion": 0.45921166271249464,
        "agreeableness": 0.6471046820446398,
        "neuroticism": 0.5132280350672829
    },
    "khurshid-alam": {
        "openness": 0.7726282123791592,
        "conscientiousness": 0.6254329106701353,
        "extraversion": 0.4581489766327955,
        "agreeableness": 0.6278472688269682,
        "neuroticism": 0.526876251630687
    },
    "orschiro": {
        "openness": 0.7689865142809736,
        "conscientiousness": 0.6161185687635881,
        "extraversion": 0.48940237279163534,
        "agreeableness": 0.6512438467870952,
        "neuroticism": 0.47940460621715936
    },
    "pharaone": {
        "openness": 0.8282055096029666,
        "conscientiousness": 0.6465658354058311,
        "extraversion": 0.6182386931225815,
        "agreeableness": 0.727263724163134,
        "neuroticism": 0.5317438031130447
    },
    "Nevax07": {
        "openness": 0.7403184842497755,
        "conscientiousness": 0.6088299311198533,
        "extraversion": 0.48026136258751373,
        "agreeableness": 0.7185881067915524,
        "neuroticism": 0.41983087917021805
    },
    "ArsenArsen": {
        "openness": 0.8125577247427644,
        "conscientiousness": 0.5733275806643252,
        "extraversion": 0.4736315629137707,
        "agreeableness": 0.6565587101895427,
        "neuroticism": 0.48075915989043827
    },
    "hosiet": {
        "openness": 0.7953773363011605,
        "conscientiousness": 0.6155823354779322,
        "extraversion": 0.45152426373259824,
        "agreeableness": 0.6028725741684443,
        "neuroticism": 0.4768151889198969
    },
    "linuxundich": {
        "openness": 0.7143397363401421,
        "conscientiousness": 0.616779496200559,
        "extraversion": 0.502805831481776,
        "agreeableness": 0.6690712380594854,
        "neuroticism": 0.5295547592702637
    },
    "ponsfrilus": {
        "openness": 0.7514136173216808,
        "conscientiousness": 0.5972741316583269,
        "extraversion": 0.45491691333370765,
        "agreeableness": 0.6565214799272492,
        "neuroticism": 0.48992551513832705
    },
    "xereda": {
        "openness": 0.7345475132388006,
        "conscientiousness": 0.5995043035442085,
        "extraversion": 0.4560479868204227,
        "agreeableness": 0.6622139151131248,
        "neuroticism": 0.47829386425801435
    },
    "popey": {
        "openness": 0.7931279582843912,
        "conscientiousness": 0.6322089231388639,
        "extraversion": 0.4060838922851976,
        "agreeableness": 0.6472321741012519,
        "neuroticism": 0.537468845968687
    },
    "niemeyer": {
        "openness": 0.8267681035401919,
        "conscientiousness": 0.6233487588343848,
        "extraversion": 0.5265678543480309,
        "agreeableness": 0.6108281889812934,
        "neuroticism": 0.49382238759851604
    },
    "gort818": {
        "openness": 0.7890225904121675,
        "conscientiousness": 0.6167817144753949,
        "extraversion": 0.47332969713138295,
        "agreeableness": 0.6404961127761952,
        "neuroticism": 0.5164527459656699
    },
    "rajinder-yadav": {
        "openness": 0.6988949204542395,
        "conscientiousness": 0.6140428508985595,
        "extraversion": 0.4503155673442232,
        "agreeableness": 0.6379807426842249,
        "neuroticism": 0.5351370660496407
    },
    "ghost": {
        "openness": 0.7456822812263992,
        "conscientiousness": 0.6014071556298444,
        "extraversion": 0.46651678993535994,
        "agreeableness": 0.6873503724075544,
        "neuroticism": 0.43320001570553385
    },
    "seanh": {
        "openness": 0.802531599540936,
        "conscientiousness": 0.5840349813191601,
        "extraversion": 0.44988899356078016,
        "agreeableness": 0.6167738575913747,
        "neuroticism": 0.5019961996976374
    },
    "teletrail": {
        "openness": 0.7338006540558689,
        "conscientiousness": 0.593661817578895,
        "extraversion": 0.45833780575669636,
        "agreeableness": 0.6716502630060839,
        "neuroticism": 0.4664705812169475
    },
    "palyla": {
        "openness": 0.7343339806097225,
        "conscientiousness": 0.5922670898833564,
        "extraversion": 0.45499215430090384,
        "agreeableness": 0.6714534417649519,
        "neuroticism": 0.4598313434359189
    },
    "Moini": {
        "openness": 0.8025086848762619,
        "conscientiousness": 0.5997522676308535,
        "extraversion": 0.45889154375832897,
        "agreeableness": 0.6712270903859825,
        "neuroticism": 0.4961610732587275
    },
    "sQVe": {
        "openness": 0.7691371132057702,
        "conscientiousness": 0.5818251650681503,
        "extraversion": 0.4527249934097535,
        "agreeableness": 0.6308335912557312,
        "neuroticism": 0.48041467597535725
    },
    "psychon": {
        "openness": 0.8253976433294525,
        "conscientiousness": 0.5733127583414752,
        "extraversion": 0.4461112044639915,
        "agreeableness": 0.6347125403748866,
        "neuroticism": 0.4721444995445677
    },
    "azzamsa": {
        "openness": 0.7782941071109892,
        "conscientiousness": 0.5996359051696277,
        "extraversion": 0.45061153351311706,
        "agreeableness": 0.6253724699257883,
        "neuroticism": 0.49683454586880216
    },
    "ktsaou": {
        "openness": 0.7467925048689144,
        "conscientiousness": 0.5892608741955697,