{
    "everslick": {
        "openness": 0.8127760275422612,
        "conscientiousness": 0.6306948495641481,
        "extraversion": 0.5390142534506892,
        "agreeableness": 0.6953388900096634,
        "neuroticism": 0.5144424571096674
    },
    "gilbitron": {
        "openness": 0.8185866542552845,
        "conscientiousness": 0.6206057055225446,
        "extraversion": 0.475433156992738,
        "agreeableness": 0.68249271623753,
        "neuroticism": 0.5086235776252364
    },
    "yckart": {
        "openness": 0.754066381693989,
        "conscientiousness": 0.5891773534430311,
        "extraversion": 0.48105638762448727,
        "agreeableness": 0.6493269574492644,
        "neuroticism": 0.5205588814334846
    },
    "mathroc": {
        "openness": 0.8472584876179043,
        "conscientiousness": 0.6231152554738061,
        "extraversion": 0.51959529322037,
        "agreeableness": 0.6703536163847337,
        "neuroticism": 0.5576465604965164
    },
    "Frodox": {
        "openness": 0.8283801512710786,
        "conscientiousness": 0.6261290149127801,
        "extraversion": 0.5124834080024212,
        "agreeableness": 0.6701714191382062,
        "neuroticism": 0.5260983958493601
    },
    "ghost": {
        "openness": 0.8393983595619378,
        "conscientiousness": 0.6343674147683065,
        "extraversion": 0.49267625643304414,
        "agreeableness": 0.6523461784951945,
        "neuroticism": 0.5419142754199735
    },
    "james2doyle": {
        "openness": 0.8465148284129596,
        "conscientiousness": 0.6034659388981857,
        "extraversion": 0.5055102771351757,
        "agreeableness": 0.6458244551303924,
        "neuroticism": 0.5108607521545537
    },
    "Snip1": {
        "openness": 0.8217782380025427,
        "conscientiousness": 0.5728364710661232,
        "extraversion": 0.5121772183493678,
        "agreeableness": 0.6699370569714177,
        "neuroticism": 0.4673367284981134
    },
    "abely": {
        "openness": 0.7791443758508361,
        "conscientiousness": 0.5779567408588615,
        "extraversion": 0.4760827685188069,
        "agreeableness": 0.6376270132970627,
        "neuroticism": 0.48023976921313755
    },
    "MaxGfeller": {
        "openness": 0.7837702642115267,
        "conscientiousness": 0.5754098153713836,
        "extraversion": 0.45954813967735775,
        "agreeableness": 0.616100472507271,
        "neuroticism": 0.5183678597842372
    },
    "PhrozenByte": {
        "openness": 0.8188235290680952,
        "conscientiousness": 0.6021149313882501,
        "extraversion": 0.5069024922937789,
        "agreeableness": 0.6388164829624184,
        "neuroticism": 0.5149400762738882
    },
    "dav-m85": {
        "openness": 0.8190160284240982,
        "conscientiousness": 0.5991499207011722,
        "extraversion": 0.49248932275986057,
        "agreeableness": 0.6211977852860844,
        "neuroticism": 0.5241994680246808
    },
    "theshka": {
        "openness": 0.82450973723231,
        "conscientiousness": 0.6182382157958531,
        "extraversion": 0.4971479529011156,
        "agreeableness": 0.6309892816879219,
        "neuroticism": 0.5338868361293758
    },
    "NeoBlack": {
        "openness": 0.8423512778216524,
        "conscientiousness": 0.665837338830918,
        "extraversion": 0.5107974249893603,
        "agreeableness": 0.6222522722273943,
        "neuroticism": 0.5734456197827528
    },
    "shawnsandy": {
        "openness": 0.8335778498843833,
        "conscientiousness": 0.6395175758192831,
        "extraversion": 0.49859506317294855,
        "agreeableness": 0.6221270501891603,
        "neuroticism": 0.5612158709698812
    },
    "shoostar": {
        "openness": 0.8312969020875622,
        "conscientiousness": 0.6572991755198291,
        "extraversion": 0.5616134110214136,
        "agreeableness": 0.6901537551801216,
        "neuroticism": 0.5514249633108113
    },
    "bricebou": {
        "openness": 0.8033159555610004,
        "conscientiousness": 0.5981728866684106,
        "extraversion": 0.5175565551521051,
        "agreeableness": 0.6375945793978187,
        "neuroticism": 0.5021869069454133
    },
    "tyeeman": {
        "openness": 0.8344078875899439,
        "conscientiousness": 0.622155061519758,
        "extraversion": 0.5010057707899539,
        "agreeableness": 0.6832081272401402,
        "neuroticism": 0.5069618504476714
    },
    "Shamazo": {
        "openness": 0.818220309205901,
        "conscientiousness": 0.6342365901399185,
        "extraversion": 0.4786792178156467,
        "agreeableness": 0.6590329781912216,
        "neuroticism": 0.5559656531474102
    },
    "hampton444": {
        "openness": 0.8097933755066709,
        "conscientiousness": 0.6084052284668869,
        "extraversion": 0.48557380042841203,
        "agreeableness": 0.640306387579048,
        "neuroticism": 0.5285009883547904
    },
    "eschwartz": {
        "openness": 0.8473662387542682,
        "conscientiousness": 0.595236574887319,
        "extraversion": 0.5372721727008303,
        "agreeableness": 0.663281889813488,
        "neuroticism": 0.48453594161118596
    },
    "mistergraphx": {
        "openness": 0.8260710415214366,
        "conscientiousness": 0.6008778627873389,
        "extraversion": 0.49809136548475597,
        "agreeableness": 0.5828991582234516,
        "neuroticism": 0.5274805336651189
    },
    "STOWouters": {
        "openness": 0.8395592753565174,
        "conscientiousness": 0.6216776595250817,
        "extraversion": 0.4799749369153219,
        "agreeableness": 0.6726949126827328,
        "neuroticism": 0.5247021534552627
    },
    "zenimot": {
        "openness": 0.8039241619087345,
        "conscientiousness": 0.6282153286455754,
        "extraversion": 0.5577957580766456,
        "agreeableness": 0.6294335047380037,
        "neuroticism": 0.5874489825321995
    },
    "dkyme": {
        "openness": 0.7890456930621108,
        "conscientiousness": 0.5974962656334537,
        "extraversion": 0.46513931943316095,
        "agreeableness": 0.627805979316658,
        "neuroticism": 0.5045347665068629
    },
    "ciolben": {
        "openness": 0.8251534607122349,
        "conscientiousness": 0.6026442040230178,
        "extraversion": 0.4879679034742288,
        "agreeableness": 0.6508799581649767,
        "neuroticism": 0.49983933558340954
    },
    "PhoenixPeca": {
        "openness": 0.8302532278113455,
        "conscientiousness": 0.60016513963903,
        "extraversion": 0.5120866785920862,
        "agreeableness": 0.6767358430244862,
        "neuroticism": 0.5464246239906075
    },
    "coofercat": {
        "openness": 0.8355191487226592,
        "conscientiousness": 0.6068531435002468,
        "extraversion": 0.45433304251435863,
        "agreeableness": 0.644175493096761,
        "neuroticism": 0.5222082168962145
    },
    "dmelo": {
        "openness": 0.8080829359329869,
        "conscientiousness": 0.6211388940274382,
        "extraversion": 0.486223051720728,
        "agreeableness": 0.6274822367733607,
        "neuroticism": 0.5207008239861365
    },
    "johnnywon": {
        "openness": 0.8054730038946127,
        "conscientiousness": 0.6114165628728041,
        "extraversion": 0.4853483320826192,
        "agreeableness": 0.5778146475796933,
        "neuroticism": 0.5329345716744964
    },
    "Lesik": {
        "openness": 0.7947421603454325,
        "conscientiousness": 0.5741833280970787,
        "extraversion": 0.4328622746733757,
        "agreeableness": 0.6215575269583556,
        "neuroticism": 0.5157960223429633
    },
    "marcus-at-localhorst": {
        "openness": 0.8147277093438081,
        "conscientiousness": 0.6033031671553083,
        "extraversion": 0.5142749930953754,
        "agreeableness": 0.6295421354099576,
        "neuroticism": 0.545415272193883
    },
    "Lomanic": {
        "openness": 0.7958220003446269,
        "conscientiousness": 0.5874943502706502,
        "extraversion": 0.45596691349466645,