{
    "niyanchun": {
        "openness": 0.6670508418503615,
        "conscientiousness": 0.5867939203175319,
        "extraversion": 0.4940784712685486,
        "agreeableness": 0.6968802962565435,
        "neuroticism": 0.3920784831006248
    }
}