{
    "postwait": {
        "openness": 0.7969110944695664,
        "conscientiousness": 0.6227580153561635,
        "extraversion": 0.47627332872530614,
        "agreeableness": 0.6190521776146696,
        "neuroticism": 0.514516528874892
    },
    "michaelklishin": {
        "openness": 0.8139868048259161,
        "conscientiousness": 0.5583512136833878,
        "extraversion": 0.533022084759851,
        "agreeableness": 0.6668320084436586,
        "neuroticism": 0.45156867367670017
    },
    "kulpreet": {
        "openness": 0.7883611392833566,
        "conscientiousness": 0.5693197848032433,
        "extraversion": 0.4816430106713154,
        "agreeableness": 0.6495822729731026,
        "neuroticism": 0.4655471252302076
    },
    "bkw": {
        "openness": 0.8036718130772235,
        "conscientiousness": 0.6052889970181651,
        "extraversion": 0.49815176906247005,
        "agreeableness": 0.6595776108679239,
        "neuroticism": 0.48508603057161037
    },
    "squaremo": {
        "openness": 0.8148653389603763,
        "conscientiousness": 0.5838107734101144,
        "extraversion": 0.46836089950361004,
        "agreeableness": 0.617434669011997,
        "neuroticism": 0.4861239958773971
    },
    "dimik": {
        "openness": 0.7386445256267153,
        "conscientiousness": 0.5388618952833,
        "extraversion": 0.48979650884821724,
        "agreeableness": 0.6503274601687635,
        "neuroticism": 0.3745880199793943
    },
    "rbochenski": {
        "openness": 0.7799108433897919,
        "conscientiousness": 0.5502897650842167,
        "extraversion": 0.529105679721806,
        "agreeableness": 0.6477908632057229,
        "neuroticism": 0.352884772037263
    },
    "ivolo": {
        "openness": 0.7683883717212002,
        "conscientiousness": 0.6041600615390071,
        "extraversion": 0.49955477722498953,
        "agreeableness": 0.6706296695684818,
        "neuroticism": 0.5166027023639943
    },
    "ashwinphatak": {
        "openness": 0.7595944792749086,
        "conscientiousness": 0.5130035526710328,
        "extraversion": 0.46751827955741737,
        "agreeableness": 0.6251032513877259,
        "neuroticism": 0.43808982313687495
    },
    "majek": {
        "openness": 0.765819650839104,
        "conscientiousness": 0.6064377892342565,
        "extraversion": 0.4895589570886819,
        "agreeableness": 0.6309309611189504,
        "neuroticism": 0.48117175762600206
    },
    "japj": {
        "openness": 0.794106052269844,
        "conscientiousness": 0.5814401027658327,
        "extraversion": 0.48793225377863014,
        "agreeableness": 0.6244138853676118,
        "neuroticism": 0.4730683224456006
    },
    "kevinlieb": {
        "openness": 0.7595285467740905,
        "conscientiousness": 0.47551301107962096,
        "extraversion": 0.4931105251090448,
        "agreeableness": 0.6209595814893969,
        "neuroticism": 0.37240180021039976
    },
    "glenjamin": {
        "openness": 0.794336251927192,
        "conscientiousness": 0.56285828408448,
        "extraversion": 0.5135686709080671,
        "agreeableness": 0.6277835431752146,
        "neuroticism": 0.5049953117169246
    },
    "fordox31": {
        "openness": 0.804097381292155,
        "conscientiousness": 0.6595151454469574,
        "extraversion": 0.4976064579633973,
        "agreeableness": 0.6866773834145934,
        "neuroticism": 0.5486781139330268
    },
    "mateodelnorte": {
        "openness": 0.7950167767754763,
        "conscientiousness": 0.6150531977671923,
        "extraversion": 0.5422340352613728,
        "agreeableness": 0.6934625372915815,
        "neuroticism": 0.5513121789948408
    },
    "skrat": {
        "openness": 0.7873066407393039,
        "conscientiousness": 0.5527730200352284,
        "extraversion": 0.49336738794601753,
        "agreeableness": 0.6191804272612835,
        "neuroticism": 0.47100295865264996
    },
    "funston": {
        "openness": 0.7829339363409454,
        "conscientiousness": 0.5753275979857592,
        "extraversion": 0.49335150526266364,
        "agreeableness": 0.6396030079101056,
        "neuroticism": 0.49204201630957933
    },
    "gwilym": {
        "openness": 0.7615153922113099,
        "conscientiousness": 0.4865909866886964,
        "extraversion": 0.4421626381548166,
        "agreeableness": 0.6223538971865455,
        "neuroticism": 0.35956682432377934
    },
    "esk525": {
        "openness": 0.7587446342612876,
        "conscientiousness": 0.5414061057335263,
        "extraversion": 0.46953080036999084,
        "agreeableness": 0.5990631297303834,
        "neuroticism": 0.4679805573996306
    },
    "jamescarr": {
        "openness": 0.8322372747587766,
        "conscientiousness": 0.6186081716509743,
        "extraversion": 0.47297537276604085,
        "agreeableness": 0.592704769499266,
        "neuroticism": 0.5204639340606072
    },
    "ahildoer": {
        "openness": 0.8104889331037228,
        "conscientiousness": 0.5994381715467255,
        "extraversion": 0.46937842320749473,
        "agreeableness": 0.6013665946033766,
        "neuroticism": 0.5211917472744307
    },
    "jgato": {
        "openness": 0.8015766140238029,
        "conscientiousness": 0.5716052768227083,
        "extraversion": 0.5042929175307517,
        "agreeableness": 0.6290303951819372,
        "neuroticism": 0.4886188080589586
    },
    "thomas-riccardi": {
        "openness": 0.8314489456923144,
        "conscientiousness": 0.5894103251347487,
        "extraversion": 0.49153198964424905,
        "agreeableness": 0.6437408052530087,
        "neuroticism": 0.5233945602947492
    },
    "bergman": {
        "openness": 0.7311272229635948,
        "conscientiousness": 0.5468234223969151,
        "extraversion": 0.4335770992779675,
        "agreeableness": 0.6444282474230838,
        "neuroticism": 0.41597708349378193
    },
    "zuk": {
        "openness": 0.7751828524218886,
        "conscientiousness": 0.5993334786894134,
        "extraversion": 0.5155129983700739,
        "agreeableness": 0.6646872779107134,
        "neuroticism": 0.5521296482457712
    },
    "humanchimp": {
        "openness": 0.8240466799994929,
        "conscientiousness": 0.5733316590654117,
        "extraversion": 0.4473088140402295,
        "agreeableness": 0.6722389068846213,
        "neuroticism": 0.4622097891610689
    },
    "FGRibreau": {
        "openness": 0.7554311894493442,
        "conscientiousness": 0.5661282678986705,
        "extraversion": 0.4247410119746507,
        "agreeableness": 0.6400326982744865,
        "neuroticism": 0.4417471720576478
    },
    "michaelplaing": {
        "openness": 0.7924422760029567,
        "conscientiousness": 0.5740838075807886,
        "extraversion": 0.5241163938938179,
        "agreeableness": 0.6216957738710175,
        "neuroticism": 0.4841916532025601
    },
    "sbellone": {
        "openness": 0.7783761279755961,
        "conscientiousness": 0.5816394406133061,
        "extraversion": 0.4957628300856378,
        "agreeableness": 0.6518268294853842,
        "neuroticism": 0.49836205477932294
    },
    "naholyr": {
        "openness": 0.7942402872789873,
        "conscientiousness": 0.5609278178175889,
        "extraversion": 0.44823143051041453,
        "agreeableness": 0.688401546239509,
        "neuroticism": 0.46639652562191747
    },
    "jameskeane": {
        "openness": 0.7919840077902294,
        "conscientiousness": 0.5833262886526936,
        "extraversion": 0.5007485499513968,
        "agreeableness": 0.6474377644002758,
        "neuroticism": 0.4481089567637426
    },
    "cmoesel": {
        "openness": 0.8117579944764256,
        "conscientiousness": 0.6003072418333506,
        "extraversion": 0.4320457211950395,
        "agreeableness": 0.6713571509963934,
        "neuroticism": 0.484241833837052
    },
    "bakkerthehacker": {
        "openness": 0.8433850368649902,
        "conscientiousness": 0.6041068140921038,