{
    "mattt": {
        "openness": 0.8067685493961505,
        "conscientiousness": 0.5965420657620175,
        "extraversion": 0.4560815154652855,
        "agreeableness": 0.6277716331655083,
        "neuroticism": 0.5171683637879797
    },
    "thaJeztah": {
        "openness": 0.8231282036306163,
        "conscientiousness": 0.5934320753350217,
        "extraversion": 0.46958498396087905,
        "agreeableness": 0.6304740867773599,
        "neuroticism": 0.529331215552444
    },
    "es6Test": {
        "openness": 0.7788774913174218,
        "conscientiousness": 0.5806709386146724,
        "extraversion": 0.44515488868953523,
        "agreeableness": 0.6022260432619049,
        "neuroticism": 0.5234259164239317
    },
    "jbarbosat": {
        "openness": 0.781097540860052,
        "conscientiousness": 0.5803511011377891,
        "extraversion": 0.45220518942552224,
        "agreeableness": 0.6266161442587455,
        "neuroticism": 0.4973533970089478
    },
    "ottob": {
        "openness": 0.7829336316781134,
        "conscientiousness": 0.5996222809669499,
        "extraversion": 0.468837486921337,
        "agreeableness": 0.6346467202359773,
        "neuroticism": 0.49184670107768647
    },
    "jakob": {
        "openness": 0.8041120370185474,
        "conscientiousness": 0.6044666851469669,
        "extraversion": 0.48107725550246444,
        "agreeableness": 0.6140886997562355,
        "neuroticism": 0.5492731619166824
    },
    "mokolabs": {
        "openness": 0.7631422817544511,
        "conscientiousness": 0.5566670001548811,
        "extraversion": 0.4374355866073347,
        "agreeableness": 0.5572947036339593,
        "neuroticism": 0.5222641662752366
    },
    "mdespuits": {
        "openness": 0.7654542736074935,
        "conscientiousness": 0.5303994261318067,
        "extraversion": 0.4045676371264691,
        "agreeableness": 0.6605471330439606,
        "neuroticism": 0.4233376301460633
    },
    "fabianoalmeida": {
        "openness": 0.7518512996504924,
        "conscientiousness": 0.5521220248800458,
        "extraversion": 0.48159446026649577,
        "agreeableness": 0.6168655078838126,
        "neuroticism": 0.47530105921310034
    },
    "carande": {
        "openness": 0.8035393974753224,
        "conscientiousness": 0.5678779415264377,
        "extraversion": 0.44397569790803953,
        "agreeableness": 0.6176061453490028,
        "neuroticism": 0.4681474246385661
    },
    "nicerobot": {
        "openness": 0.7885815400102075,
        "conscientiousness": 0.5875695888403518,
        "extraversion": 0.48529124267973806,
        "agreeableness": 0.6106720330647943,
        "neuroticism": 0.48150622931959175
    },
    "pda": {
        "openness": 0.7553431936296712,
        "conscientiousness": 0.5653949835136723,
        "extraversion": 0.4488847114220684,
        "agreeableness": 0.641181311536198,
        "neuroticism": 0.3886431777047348
    },
    "mrmurphy": {
        "openness": 0.8073318855588616,
        "conscientiousness": 0.5774813000772953,
        "extraversion": 0.5183532842930771,
        "agreeableness": 0.62028708298638,
        "neuroticism": 0.5072281627130558
    },
    "Jacob640": {
        "openness": 0.8128979449756263,
        "conscientiousness": 0.6324953611274421,
        "extraversion": 0.46142777375151944,
        "agreeableness": 0.6302243371109685,
        "neuroticism": 0.567405981087885
    },
    "jaimeiniesta": {
        "openness": 0.7442793989671899,
        "conscientiousness": 0.6021103833401575,
        "extraversion": 0.450160364307426,
        "agreeableness": 0.6597440173729379,
        "neuroticism": 0.43015269908342446
    },
    "liyanage": {
        "openness": 0.7920719137722185,
        "conscientiousness": 0.5583279693048858,
        "extraversion": 0.4625016162147866,
        "agreeableness": 0.6089946811376272,
        "neuroticism": 0.5133063408137166
    },
    "tsibley": {
        "openness": 0.7931795796138048,
        "conscientiousness": 0.59622686074507,
        "extraversion": 0.45313306328677255,
        "agreeableness": 0.6435750481482772,
        "neuroticism": 0.4831077226377975
    },
    "jordan5k": {
        "openness": 0.7734910103085763,
        "conscientiousness": 0.5787592518969316,
        "extraversion": 0.40768413666196796,
        "agreeableness": 0.6053276878570638,
        "neuroticism": 0.4599367609065872
    },
    "chrispysoft": {
        "openness": 0.7930958416692424,
        "conscientiousness": 0.6302518763886652,
        "extraversion": 0.47969777717905615,
        "agreeableness": 0.6158305883603536,
        "neuroticism": 0.5944525171488685
    },
    "tbussmann": {
        "openness": 0.8059946724617512,
        "conscientiousness": 0.6104390984999983,
        "extraversion": 0.46445538244369206,
        "agreeableness": 0.6152813391924019,
        "neuroticism": 0.5344221422519445
    },
    "HerbertKoelman": {
        "openness": 0.8083970037623646,
        "conscientiousness": 0.6192552626991649,
        "extraversion": 0.5297133585333704,
        "agreeableness": 0.682789555201791,
        "neuroticism": 0.540137019075738
    },
    "klouie93": {
        "openness": 0.7535809015928971,
        "conscientiousness": 0.5598438847425307,
        "extraversion": 0.4366805419068145,
        "agreeableness": 0.6335237406286979,
        "neuroticism": 0.3813346054288476
    },
    "JerryBlack": {
        "openness": 0.7515162784480685,
        "conscientiousness": 0.6104255038707949,
        "extraversion": 0.433433903189995,
        "agreeableness": 0.5867181166955879,
        "neuroticism": 0.5419022708965281
    },
    "nelsnelson": {
        "openness": 0.8029037121078016,
        "conscientiousness": 0.6098182266217643,
        "extraversion": 0.46980136771425896,
        "agreeableness": 0.5937240743170449,
        "neuroticism": 0.5680114946397382
    },
    "chriszrc": {
        "openness": 0.7939652539139652,
        "conscientiousness": 0.5797690324763451,
        "extraversion": 0.48997298794616856,
        "agreeableness": 0.6204355744740337,
        "neuroticism": 0.5100892891950907
    },
    "JerrySievert": {
        "openness": 0.7861339508442202,
        "conscientiousness": 0.5720397000324654,
        "extraversion": 0.37736784204241314,
        "agreeableness": 0.6364739515222807,
        "neuroticism": 0.4732586567905356
    },
    "jonathansimmons": {
        "openness": 0.7808914060860249,
        "conscientiousness": 0.583505358016161,
        "extraversion": 0.4636461008980759,
        "agreeableness": 0.610625877693111,
        "neuroticism": 0.5277299384906954
    },
    "odupuy": {
        "openness": 0.7924670938387267,
        "conscientiousness": 0.6281123838139397,
        "extraversion": 0.4846160886436509,
        "agreeableness": 0.5832906004289229,
        "neuroticism": 0.5275608768018105
    },
    "JamesChevalier": {
        "openness": 0.8067229921601482,
        "conscientiousness": 0.6210847734197924,
        "extraversion": 0.43059081041309666,
        "agreeableness": 0.6139741027588905,
        "neuroticism": 0.5323048599435305
    },
    "luminousbeam": {
        "openness": 0.798210548641565,
        "conscientiousness": 0.5747157682459052,
        "extraversion": 0.4980088033227613,
        "agreeableness": 0.611425980362494,
        "neuroticism": 0.5353859935909188
    },
    "mietennet": {
        "openness": 0.6743786714445658,
        "conscientiousness": 0.6307727588115604,
        "extraversion": 0.4602216942653274,
        "agreeableness": 0.683150171653784,
        "neuroticism": 0.5220786171788503
    },
    "alvinkatojr": {
        "openness": 0.8129843374144256,
        "conscientiousness": 0.5941731745874314,
        "extraversion": 0.40486578452519956,
        "agreeableness": 0.6101209446560728,
        "neuroticism": 0.47570927234639704
    },
    "zsiegel92": {
        "openness": 0.8131487324160038,
        "conscientiousness": 0.5944253450848204,