{
    "asottile": {
        "openness": 0.7941688239248701,
        "conscientiousness": 0.6025861783919718,
        "extraversion": 0.4587518420686305,
        "agreeableness": 0.6229602499855622,
        "neuroticism": 0.5188532113079063
    },
    "Dinoshauer": {
        "openness": 0.7625920545785101,
        "conscientiousness": 0.613925066639444,
        "extraversion": 0.47896423097750024,
        "agreeableness": 0.6690166072989634,
        "neuroticism": 0.5047835415713133
    },
    "bukzor": {
        "openness": 0.7893499434669891,
        "conscientiousness": 0.5896774797156721,
        "extraversion": 0.4985195643835924,
        "agreeableness": 0.6251326413985289,
        "neuroticism": 0.5166917710836343
    },
    "coveralls": {
        "openness": 0.7131805677290849,
        "conscientiousness": 0.6230924371063927,
        "extraversion": 0.5124296776909044,
        "agreeableness": 0.7049734076023068,
        "neuroticism": 0.4957700240998921
    },
    "caffodian": {
        "openness": 0.7966108263362875,
        "conscientiousness": 0.5358631234026519,
        "extraversion": 0.4120809830296505,
        "agreeableness": 0.6059484611659836,
        "neuroticism": 0.43703317284193893
    },
    "gretel": {
        "openness": 0.8089550925735516,
        "conscientiousness": 0.6268702482339344,
        "extraversion": 0.4934129873514429,
        "agreeableness": 0.6858579348612385,
        "neuroticism": 0.5568576567367371
    },
    "quentindemetz": {
        "openness": 0.771783241239985,
        "conscientiousness": 0.6344508894078288,
        "extraversion": 0.4703319290976582,
        "agreeableness": 0.6385988292449047,
        "neuroticism": 0.5582046457762899
    },
    "guykisel": {
        "openness": 0.8080012191623442,
        "conscientiousness": 0.5906822597678908,
        "extraversion": 0.46066091869390097,
        "agreeableness": 0.6474962599656774,
        "neuroticism": 0.5328168850627927
    },
    "Lucas-C": {
        "openness": 0.8021609698012118,
        "conscientiousness": 0.6057816514288753,
        "extraversion": 0.463627675552863,
        "agreeableness": 0.6462347777227329,
        "neuroticism": 0.517835687700931
    },
    "ssbarnea": {
        "openness": 0.8053712233779713,
        "conscientiousness": 0.6072624413544667,
        "extraversion": 0.4435740837179112,
        "agreeableness": 0.6373440861174994,
        "neuroticism": 0.5295560010627303
    },
    "alex-hutton": {
        "openness": 0.813760887357281,
        "conscientiousness": 0.592761336849702,
        "extraversion": 0.47553955635781386,
        "agreeableness": 0.6523675478549784,
        "neuroticism": 0.5101652866758524
    },
    "awebdeveloper": {
        "openness": 0.8169057147688585,
        "conscientiousness": 0.6451422664148769,
        "extraversion": 0.4673518627780022,
        "agreeableness": 0.690261232015019,
        "neuroticism": 0.54232105806221
    },
    "elaichi": {
        "openness": 0.8244699766870328,
        "conscientiousness": 0.5630022521604044,
        "extraversion": 0.48608044256183836,
        "agreeableness": 0.6257592648367917,
        "neuroticism": 0.48672186818547963
    },
    "AvdN": {
        "openness": 0.8011007386899766,
        "conscientiousness": 0.5676343293152393,
        "extraversion": 0.48193820786416075,
        "agreeableness": 0.6140630823929508,
        "neuroticism": 0.493527992888137
    },
    "matthayes": {
        "openness": 0.7959669704840417,
        "conscientiousness": 0.648416609607854,
        "extraversion": 0.460215399575293,
        "agreeableness": 0.6281368576765193,
        "neuroticism": 0.6041523960711743
    },
    "chriskuehl": {
        "openness": 0.8131159871836058,
        "conscientiousness": 0.5833367057328875,
        "extraversion": 0.4563327597374067,
        "agreeableness": 0.6226239512111065,
        "neuroticism": 0.5109901142663666
    },
    "barrysteyn": {
        "openness": 0.8001669394571064,
        "conscientiousness": 0.6443289527763625,
        "extraversion": 0.4218354404992115,
        "agreeableness": 0.6575758048510055,
        "neuroticism": 0.49474050108771256
    },
    "tdeo": {
        "openness": 0.8084743838634241,
        "conscientiousness": 0.5986678207882002,
        "extraversion": 0.4982832587043388,
        "agreeableness": 0.634297068294584,
        "neuroticism": 0.5452842245601678
    },
    "sanmai-NL": {
        "openness": 0.8248743552040042,
        "conscientiousness": 0.5880142545942997,
        "extraversion": 0.5143176460588943,
        "agreeableness": 0.6270470156505119,
        "neuroticism": 0.5390543919449191
    },
    "webknjaz": {
        "openness": 0.7558658924312588,
        "conscientiousness": 0.6134509713015589,
        "extraversion": 0.4661999341396644,
        "agreeableness": 0.6083932475040821,
        "neuroticism": 0.5520966091179285
    },
    "shaleh": {
        "openness": 0.8402898132829781,
        "conscientiousness": 0.6299375943147099,
        "extraversion": 0.4953480966477955,
        "agreeableness": 0.6273989515104113,
        "neuroticism": 0.5814346943068256
    },
    "laurentsigal": {
        "openness": 0.8289630158011103,
        "conscientiousness": 0.6263912076231635,
        "extraversion": 0.46741485281878686,
        "agreeableness": 0.6136084529599848,
        "neuroticism": 0.5798209830718809
    },
    "sverhagen": {
        "openness": 0.7843786708075626,
        "conscientiousness": 0.5901480008888866,
        "extraversion": 0.48836252199334146,
        "agreeableness": 0.6278338119398656,
        "neuroticism": 0.5475944371014323
    },
    "revolter": {
        "openness": 0.7482097651256567,
        "conscientiousness": 0.6202342336514223,
        "extraversion": 0.46031041991534244,
        "agreeableness": 0.6626872634537347,
        "neuroticism": 0.4866691915275402
    },
    "magicmark": {
        "openness": 0.8058852628418387,
        "conscientiousness": 0.5886577590027665,
        "extraversion": 0.4585181035615289,
        "agreeableness": 0.6997804942102896,
        "neuroticism": 0.5090266730045399
    },
    "amcgregor": {
        "openness": 0.7910797432001876,
        "conscientiousness": 0.5934516926815122,
        "extraversion": 0.4461829786660158,
        "agreeableness": 0.5966928581493032,
        "neuroticism": 0.5212312738056132
    },
    "rlinke": {
        "openness": 0.7653851635731659,
        "conscientiousness": 0.6266755480065276,
        "extraversion": 0.508601517790298,
        "agreeableness": 0.6722955139228627,
        "neuroticism": 0.5664262105212352
    },
    "snakescott": {
        "openness": 0.8000624082271267,
        "conscientiousness": 0.6334724001504777,
        "extraversion": 0.4826746556660239,
        "agreeableness": 0.676972446665638,
        "neuroticism": 0.5299538619227908
    },
    "samskiter": {
        "openness": 0.7549813590847496,
        "conscientiousness": 0.6060082785044407,
        "extraversion": 0.43956290419696553,
        "agreeableness": 0.6106921420143714,
        "neuroticism": 0.5662288300454543
    },
    "philipgian": {
        "openness": 0.830748318925961,
        "conscientiousness": 0.6317906294869547,
        "extraversion": 0.46244278601104255,
        "agreeableness": 0.6338498768296927,
        "neuroticism": 0.5613342202698892
    },
    "melezhik": {
        "openness": 0.802953466537628,
        "conscientiousness": 0.6132159463040949,
        "extraversion": 0.5202411674572622,
        "agreeableness": 0.6773445065091335,
        "neuroticism": 0.5331467804600057
    },
    "lopopolo": {
        "openness": 0.8341549596926494,
        "conscientiousness": 0.6048447640888613,
        "extraversion": 0.501338851554631,
        "agreeableness": 0.6544464148787313,
        "neuroticism": 0.5512657166408528
    },
    "Alain1405": {
        "openness": 0.7679308678233776,
        "conscientiousness": 0.6140412130347784,