{
    "nitrada": {
        "openness": 0.8331953355732977,
        "conscientiousness": 0.6349583582452611,
        "extraversion": 0.49982266323481894,
        "agreeableness": 0.66915445840295,
        "neuroticism": 0.5263253200890126
    },
    "lukasondrej": {
        "openness": 0.8453255037608906,
        "conscientiousness": 0.6388221253553437,
        "extraversion": 0.4926985687884943,
        "agreeableness": 0.6766758903246679,
        "neuroticism": 0.5367528419771397
    },
    "daniloq": {
        "openness": 0.7895825868532634,
        "conscientiousness": 0.5771500152387972,
        "extraversion": 0.5691358965905118,
        "agreeableness": 0.7269874720913759,
        "neuroticism": 0.41392051968447124
    },
    "leffi7": {
        "openness": 0.8256938198556011,
        "conscientiousness": 0.6469970341528761,
        "extraversion": 0.5821633683376002,
        "agreeableness": 0.653751175635834,
        "neuroticism": 0.5522226190199903
    },
    "skipjack": {
        "openness": 0.8503686303971901,
        "conscientiousness": 0.5851711361281855,
        "extraversion": 0.49904451988830456,
        "agreeableness": 0.7196773505352013,
        "neuroticism": 0.46849646367258113
    },
    "russgoodman": {
        "openness": 0.8527328652662302,
        "conscientiousness": 0.6024698204314479,
        "extraversion": 0.46793665650037525,
        "agreeableness": 0.6122083653801133,
        "neuroticism": 0.5241411398913056
    },
    "andyra": {
        "openness": 0.8270365798546252,
        "conscientiousness": 0.5507595859656571,
        "extraversion": 0.4444504508796313,
        "agreeableness": 0.6121011005729124,
        "neuroticism": 0.455936578371473
    }
}