{
    "schacon": {
        "openness": 0.8324922300400122,
        "conscientiousness": 0.6051665558057521,
        "extraversion": 0.4498770140544453,
        "agreeableness": 0.6683911393228358,
        "neuroticism": 0.484503137986129
    },
    "GArik": {
        "openness": 0.8248741082872686,
        "conscientiousness": 0.6247816108912341,
        "extraversion": 0.481985973156431,
        "agreeableness": 0.6165783741651385,
        "neuroticism": 0.5393004292326032
    },
    "jnavila": {
        "openness": 0.8224546655782177,
        "conscientiousness": 0.6528598774248019,
        "extraversion": 0.5326345413828146,
        "agreeableness": 0.6656458819367949,
        "neuroticism": 0.5299314932056349
    },
    "GerHobbelt": {
        "openness": 0.8032275550927643,
        "conscientiousness": 0.6220176937729117,
        "extraversion": 0.4506577470149541,
        "agreeableness": 0.6139727508067829,
        "neuroticism": 0.5979392104643871
    },
    "vcpp": {
        "openness": 0.7406203406568854,
        "conscientiousness": 0.6088327079853986,
        "extraversion": 0.4599685055044998,
        "agreeableness": 0.6677217438865852,
        "neuroticism": 0.5016659048500758
    },
    "sitaramc": {
        "openness": 0.8092144677777455,
        "conscientiousness": 0.6181829481474205,
        "extraversion": 0.5075070067079307,
        "agreeableness": 0.637121739463423,
        "neuroticism": 0.4974285229871654
    },
    "Jokcy": {
        "openness": 0.7352603100067395,
        "conscientiousness": 0.6083845456137764,
        "extraversion": 0.4818631726268782,
        "agreeableness": 0.6728676434662322,
        "neuroticism": 0.4605764243987116
    },
    "pepr": {
        "openness": 0.8134788681013161,
        "conscientiousness": 0.6346130846504286,
        "extraversion": 0.5472458691812413,
        "agreeableness": 0.6669931613931903,
        "neuroticism": 0.5475361320444274
    },
    "PhiLhoSoft": {
        "openness": 0.7848542698002708,
        "conscientiousness": 0.6135340795547616,
        "extraversion": 0.5316043978421766,
        "agreeableness": 0.6665218922348585,
        "neuroticism": 0.4560071890516558
    },
    "dawncold": {
        "openness": 0.8060385265355555,
        "conscientiousness": 0.6206583175958659,
        "extraversion": 0.5125058262092181,
        "agreeableness": 0.6548597330155337,
        "neuroticism": 0.5534507555325378
    },
    "lbfalcons": {
        "openness": 0.79687938539152,
        "conscientiousness": 0.5881744643506966,
        "extraversion": 0.5498426259630607,
        "agreeableness": 0.6216775349023774,
        "neuroticism": 0.5226522252770459
    },
    "harupong": {
        "openness": 0.7816819635420137,
        "conscientiousness": 0.6992968283137535,
        "extraversion": 0.5147943497614209,
        "agreeableness": 0.7553946857245116,
        "neuroticism": 0.5486194724340989
    },
    "daftano": {
        "openness": 0.7913605675214309,
        "conscientiousness": 0.6168192907860042,
        "extraversion": 0.4205818683057091,
        "agreeableness": 0.618543011758635,
        "neuroticism": 0.5155197016714805
    },
    "Cpt-xx": {
        "openness": 0.8285734131199859,
        "conscientiousness": 0.6072043168869957,
        "extraversion": 0.5037002963798559,
        "agreeableness": 0.6537123518737804,
        "neuroticism": 0.48171182771915294
    },
    "nobozo": {
        "openness": 0.8233265439706569,
        "conscientiousness": 0.6310448780143789,
        "extraversion": 0.44156546255222756,
        "agreeableness": 0.6359729179250531,
        "neuroticism": 0.48264214337369693
    },
    "nicesw123": {
        "openness": 0.760654440043236,
        "conscientiousness": 0.6700697301276067,
        "extraversion": 0.5251391019460668,
        "agreeableness": 0.6503202282047396,
        "neuroticism": 0.544099399771329
    },
    "YueLinHo": {
        "openness": 0.7860932152619806,
        "conscientiousness": 0.6288076795380866,
        "extraversion": 0.46714254590573306,
        "agreeableness": 0.7174883520029777,
        "neuroticism": 0.4794073356904185
    },
    "andrewsilber": {
        "openness": 0.8216688279123029,
        "conscientiousness": 0.590049156101598,
        "extraversion": 0.5218381568266364,
        "agreeableness": 0.688300761837578,
        "neuroticism": 0.4995257140398448
    }
}