{
    "puffnfresh": {
        "openness": 0.7860959992364402,
        "conscientiousness": 0.5907486806109357,
        "extraversion": 0.45357053621087173,
        "agreeableness": 0.6656124054347213,
        "neuroticism": 0.5029950520695832
    },
    "paulmillr": {
        "openness": 0.8033967948657625,
        "conscientiousness": 0.5483281054618758,
        "extraversion": 0.4538104624185136,
        "agreeableness": 0.6352054662061077,
        "neuroticism": 0.45009008971778053
    },
    "esehara": {
        "openness": 0.7983881589062081,
        "conscientiousness": 0.5682085388496487,
        "extraversion": 0.4118094846141881,
        "agreeableness": 0.6216925534045807,
        "neuroticism": 0.5033058061682582
    },
    "rtfeldman": {
        "openness": 0.8233003046982547,
        "conscientiousness": 0.5672530612390742,
        "extraversion": 0.4767870453166338,
        "agreeableness": 0.6381700224250627,
        "neuroticism": 0.4787469387360007
    },
    "jameshfisher": {
        "openness": 0.8055187571923662,
        "conscientiousness": 0.5879393323171439,
        "extraversion": 0.4613357887359816,
        "agreeableness": 0.6144344600448348,
        "neuroticism": 0.49994681685937475
    },
    "joneshf": {
        "openness": 0.8104534613756359,
        "conscientiousness": 0.5775330874644459,
        "extraversion": 0.4688123484002821,
        "agreeableness": 0.655546292997297,
        "neuroticism": 0.49406938137603507
    },
    "piranha": {
        "openness": 0.8141600863975497,
        "conscientiousness": 0.5680900544461885,
        "extraversion": 0.4426908216894768,
        "agreeableness": 0.6823425836749637,
        "neuroticism": 0.43259900869680046
    },
    "alsonkemp": {
        "openness": 0.8236500715885823,
        "conscientiousness": 0.5323681884339955,
        "extraversion": 0.4551071544634274,
        "agreeableness": 0.6344525915881076,
        "neuroticism": 0.48210390499283806
    },
    "kasperlanger": {
        "openness": 0.7595453672475692,
        "conscientiousness": 0.6444492062512179,
        "extraversion": 0.43756444778341697,
        "agreeableness": 0.6749271890041371,
        "neuroticism": 0.504033142614878
    },
    "kmarekspartz": {
        "openness": 0.7645476276507333,
        "conscientiousness": 0.6073486781816111,
        "extraversion": 0.4355878173077624,
        "agreeableness": 0.6782019352241797,
        "neuroticism": 0.5092462330634776
    },
    "taku0": {
        "openness": 0.8185350543479153,
        "conscientiousness": 0.615209242605847,
        "extraversion": 0.49515092750873235,
        "agreeableness": 0.6416113673726596,
        "neuroticism": 0.5175971923526784
    },
    "nickmeharry": {
        "openness": 0.7957965459686658,
        "conscientiousness": 0.62996267637723,
        "extraversion": 0.45053935704181824,
        "agreeableness": 0.6281055040251207,
        "neuroticism": 0.5304247627100457
    }
}