{
    "pwittchen": {
        "openness": 0.8115510936486613,
        "conscientiousness": 0.6317366293245475,
        "extraversion": 0.4992608587887662,
        "agreeableness": 0.6650371330040099,
        "neuroticism": 0.527663625161462
    },
    "tamsir": {
        "openness": 0.7583923706863526,
        "conscientiousness": 0.5905551934637516,
        "extraversion": 0.49444682202076995,
        "agreeableness": 0.676729504854904,
        "neuroticism": 0.4651824805886249
    },
    "carstenbaumhoegger": {
        "openness": 0.7948598278732366,
        "conscientiousness": 0.5630047511897353,
        "extraversion": 0.5131164067148403,
        "agreeableness": 0.6528977606317183,
        "neuroticism": 0.5035989323485328
    },
    "epicstar": {
        "openness": 0.8034503243918619,
        "conscientiousness": 0.6031909856181742,
        "extraversion": 0.46375390051682785,
        "agreeableness": 0.6057491293070472,
        "neuroticism": 0.54677022194601
    },
    "Kisty": {
        "openness": 0.7802888707073101,
        "conscientiousness": 0.5952460586669212,
        "extraversion": 0.49074857188307397,
        "agreeableness": 0.6604948545751881,
        "neuroticism": 0.5091519276233188
    },
    "codecov-io": {
        "openness": 0.78421283569802,
        "conscientiousness": 0.6092005525545143,
        "extraversion": 0.49731248277655454,
        "agreeableness": 0.7319697323364793,
        "neuroticism": 0.4901451813103984
    },
    "consp1racy": {
        "openness": 0.8094793767394507,
        "conscientiousness": 0.5696277006369177,
        "extraversion": 0.518507422919287,
        "agreeableness": 0.6248234796019956,
        "neuroticism": 0.5390782010092113
    },
    "juanmendez": {
        "openness": 0.8133266826430885,
        "conscientiousness": 0.5557566378153458,
        "extraversion": 0.5029266766250277,
        "agreeableness": 0.6474641786009341,
        "neuroticism": 0.474101245921724
    },
    "dmbee": {
        "openness": 0.7272250157961774,
        "conscientiousness": 0.5821820083378746,
        "extraversion": 0.493586480650644,
        "agreeableness": 0.6933853451866361,
        "neuroticism": 0.4268904788371935
    },
    "aldocano": {
        "openness": 0.8099949252908369,
        "conscientiousness": 0.5861551365149544,
        "extraversion": 0.47700843427571826,
        "agreeableness": 0.6333087300617547,
        "neuroticism": 0.5236337050626566
    },
    "Zulqurnain": {
        "openness": 0.7994251096726698,
        "conscientiousness": 0.5821352722834944,
        "extraversion": 0.46060501871397325,
        "agreeableness": 0.6262977736612372,
        "neuroticism": 0.5156383332528854
    }
}