{
    "mkuklis": {
        "openness": 0.8036703742554826,
        "conscientiousness": 0.6731790874073781,
        "extraversion": 0.49687370314371193,
        "agreeableness": 0.7252249397385697,
        "neuroticism": 0.5361215360391334
    }
}