{
    "michaelklishin": {
        "openness": 0.8090987461321015,
        "conscientiousness": 0.6183240687219272,
        "extraversion": 0.5103064171843864,
        "agreeableness": 0.6436678797159721,
        "neuroticism": 0.5076654113813373
    },
    "simonmacmullen": {
        "openness": 0.8100528214615373,
        "conscientiousness": 0.5803305414183203,
        "extraversion": 0.4693037613074294,
        "agreeableness": 0.6481341932914779,
        "neuroticism": 0.4713855445311459
    },
    "hairyhum": {
        "openness": 0.8086806692712493,
        "conscientiousness": 0.5923113984746502,
        "extraversion": 0.48817632553108137,
        "agreeableness": 0.6053316370944715,
        "neuroticism": 0.5009549210905063
    },
    "CVTJNII": {
        "openness": 0.8050106808269072,
        "conscientiousness": 0.6137181609526644,
        "extraversion": 0.5141675482912196,
        "agreeableness": 0.6331637664234218,
        "neuroticism": 0.505505148834563
    },
    "arobson": {
        "openness": 0.818781384785193,
        "conscientiousness": 0.5836691475350514,
        "extraversion": 0.5311153948165106,
        "agreeableness": 0.6618224100403888,
        "neuroticism": 0.4798368128344866
    },
    "dumbbell": {
        "openness": 0.7903736098883088,
        "conscientiousness": 0.6035360875329733,
        "extraversion": 0.4688399474721835,
        "agreeableness": 0.5924706776072355,
        "neuroticism": 0.5147444562559522
    },
    "lemenkov": {
        "openness": 0.7787924251022512,
        "conscientiousness": 0.600790277884278,
        "extraversion": 0.4667000616278041,
        "agreeableness": 0.6705515431965758,
        "neuroticism": 0.4756945826585347
    },
    "jnordberg": {
        "openness": 0.7587439405917126,
        "conscientiousness": 0.5974239153186789,
        "extraversion": 0.4985540929857221,
        "agreeableness": 0.6629088210930278,
        "neuroticism": 0.4541493563877137
    },
    "geekpete": {
        "openness": 0.7992835441743613,
        "conscientiousness": 0.6085285430867206,
        "extraversion": 0.5038583219484082,
        "agreeableness": 0.6173295834305199,
        "neuroticism": 0.5321539827728469
    },
    "jeckersb": {
        "openness": 0.8042747717318504,
        "conscientiousness": 0.6045239892930481,
        "extraversion": 0.47078008043887043,
        "agreeableness": 0.5834166247121032,
        "neuroticism": 0.5308519222834908
    },
    "binarin": {
        "openness": 0.8062845825800773,
        "conscientiousness": 0.5808448153202901,
        "extraversion": 0.4752911571014965,
        "agreeableness": 0.6220648491788314,
        "neuroticism": 0.47286280498090205
    },
    "alexethomas": {
        "openness": 0.7882337473713528,
        "conscientiousness": 0.6095381653045431,
        "extraversion": 0.47991344730849617,
        "agreeableness": 0.6584051643783404,
        "neuroticism": 0.48772218580583393
    },
    "ash-owl": {
        "openness": 0.7992883577440814,
        "conscientiousness": 0.6051407650822683,
        "extraversion": 0.47792631590542817,
        "agreeableness": 0.6356881865670544,
        "neuroticism": 0.5204018968237658
    },
    "videlalvaro": {
        "openness": 0.8071181626202186,
        "conscientiousness": 0.6087464336907269,
        "extraversion": 0.4960290542306537,
        "agreeableness": 0.6217167495112592,
        "neuroticism": 0.5173183797753678
    },
    "carlhoerberg": {
        "openness": 0.7348134655974681,
        "conscientiousness": 0.5677624196450876,
        "extraversion": 0.4824589129376751,
        "agreeableness": 0.6285928226045906,
        "neuroticism": 0.4539003122937353
    },
    "Ayanda-D": {
        "openness": 0.8161206294667547,
        "conscientiousness": 0.6074459563655257,
        "extraversion": 0.4987311809068059,
        "agreeableness": 0.6321639173078055,
        "neuroticism": 0.49097970222824716
    },
    "gerhard": {
        "openness": 0.7577489011452126,
        "conscientiousness": 0.605568455734056,
        "extraversion": 0.4772449869705952,
        "agreeableness": 0.5972189300633833,
        "neuroticism": 0.4859862593145462
    },
    "PritamUpadhyay": {
        "openness": 0.7904352645035182,
        "conscientiousness": 0.5959510689966155,
        "extraversion": 0.5042469432621155,
        "agreeableness": 0.6678971041461281,
        "neuroticism": 0.4738139349050728
    },
    "dcorbacho": {
        "openness": 0.8081911333192411,
        "conscientiousness": 0.599072018356396,
        "extraversion": 0.48450295487748446,
        "agreeableness": 0.58996335404256,
        "neuroticism": 0.49680699796404415
    },
    "johnfoldager": {
        "openness": 0.7627108221637129,
        "conscientiousness": 0.5864303932051443,
        "extraversion": 0.4923211755140531,
        "agreeableness": 0.6215801947674907,
        "neuroticism": 0.5025304308971807
    },
    "michaelplaing": {
        "openness": 0.8141409884830257,
        "conscientiousness": 0.6051898881130219,
        "extraversion": 0.5507589824503893,
        "agreeableness": 0.6565480350088972,
        "neuroticism": 0.5046923750532173
    },
    "noahhaon": {
        "openness": 0.8080992596483115,
        "conscientiousness": 0.6278036341536348,
        "extraversion": 0.48753728881483394,
        "agreeableness": 0.6458879616643234,
        "neuroticism": 0.5016960464988974
    },
    "RonTsai": {
        "openness": 0.7569567101624369,
        "conscientiousness": 0.6424246468532658,
        "extraversion": 0.4936058125176744,
        "agreeableness": 0.660938823515866,
        "neuroticism": 0.49651630634535665
    },
    "Gsantomaggio": {
        "openness": 0.7780032978396643,
        "conscientiousness": 0.6002732246708746,
        "extraversion": 0.4674694748609505,
        "agreeableness": 0.591400176804613,
        "neuroticism": 0.5135366302817428
    },
    "jakauppila": {
        "openness": 0.8132603601428684,
        "conscientiousness": 0.6115234162513389,
        "extraversion": 0.4823627151219164,
        "agreeableness": 0.6452250623620197,
        "neuroticism": 0.516378492902654
    },
    "rjrizzuto": {
        "openness": 0.7730007385200096,
        "conscientiousness": 0.5754133732169273,
        "extraversion": 0.510713185526564,
        "agreeableness": 0.6313240427820989,
        "neuroticism": 0.49023816110085494
    },
    "codingconcepts": {
        "openness": 0.7885075458980385,
        "conscientiousness": 0.6031187524596261,
        "extraversion": 0.4614444395527275,
        "agreeableness": 0.6530154906778574,
        "neuroticism": 0.5124678517908294
    },
    "bogdando": {
        "openness": 0.8053623991428512,
        "conscientiousness": 0.6513461817693719,
        "extraversion": 0.4619444484371576,
        "agreeableness": 0.6784765050936197,
        "neuroticism": 0.49884783065010074
    },
    "tiredpixel": {
        "openness": 0.7459117338183971,
        "conscientiousness": 0.6163886008856218,
        "extraversion": 0.4898672696356317,
        "agreeableness": 0.6985275611129836,
        "neuroticism": 0.46283008538069015
    },
    "pdoreau": {
        "openness": 0.7868492406385207,
        "conscientiousness": 0.6004444468600294,
        "extraversion": 0.49512673509219146,
        "agreeableness": 0.6704328707343534,
        "neuroticism": 0.47318779692754376
    },
    "gmr": {
        "openness": 0.7885514077565161,
        "conscientiousness": 0.5863875709442321,
        "extraversion": 0.4922423539741385,
        "agreeableness": 0.5909066746935148,
        "neuroticism": 0.501953834767584
    },
    "tonal": {
        "openness": 0.7127190961904023,
        "conscientiousness": 0.5878898456694652,
        "extraversion": 0.46888803939948126,
        "agreeableness": 0.6649770976162245,
        "neuroticism": 0.4286147201891315
    },
    "priviterag": {
        "openness": 0.7570606389374128,
        "conscientiousness": 0.6002831193964437,