{
    "dhh": {
        "openness": 0.8104082712667945,
        "conscientiousness": 0.604798896380015,
        "extraversion": 0.5192825440836528,
        "agreeableness": 0.6500754565691561,
        "neuroticism": 0.520438323193434
    },
    "carlosantoniodasilva": {
        "openness": 0.8009638000552024,
        "conscientiousness": 0.6505912541412272,
        "extraversion": 0.4911553816306526,
        "agreeableness": 0.7121616273333448,
        "neuroticism": 0.5289919545770123
    },
    "orend": {
        "openness": 0.8204825023635505,
        "conscientiousness": 0.595796321645879,
        "extraversion": 0.4648519773733552,
        "agreeableness": 0.6184574960433806,
        "neuroticism": 0.4972644443635287
    },
    "rafaelfranca": {
        "openness": 0.8017514707576402,
        "conscientiousness": 0.6424199710248556,
        "extraversion": 0.5133802532391889,
        "agreeableness": 0.657431759377288,
        "neuroticism": 0.5529878890677673
    },
    "nvloff": {
        "openness": 0.8276449251067601,
        "conscientiousness": 0.6576457187704374,
        "extraversion": 0.4818985384541341,
        "agreeableness": 0.6453457761277687,
        "neuroticism": 0.5114500103015612
    },
    "svoop": {
        "openness": 0.8158218898889307,
        "conscientiousness": 0.5943089564872642,
        "extraversion": 0.5473738476017624,
        "agreeableness": 0.664241779317184,
        "neuroticism": 0.48889595985758094
    },
    "ollym": {
        "openness": 0.8003750478114295,
        "conscientiousness": 0.5624471007063594,
        "extraversion": 0.48020139234784975,
        "agreeableness": 0.6100897012569461,
        "neuroticism": 0.5026866978066975
    },
    "garysweaver": {
        "openness": 0.795746256332184,
        "conscientiousness": 0.6573642578425315,
        "extraversion": 0.4783825897271047,
        "agreeableness": 0.6725027147934268,
        "neuroticism": 0.5543817613950881
    },
    "bemurphy": {
        "openness": 0.8239223044675555,
        "conscientiousness": 0.5892734763418501,
        "extraversion": 0.5018865869348561,
        "agreeableness": 0.6602777747725153,
        "neuroticism": 0.5210764137905901
    },
    "reggieb": {
        "openness": 0.8075484445749759,
        "conscientiousness": 0.6023306603226262,
        "extraversion": 0.4646280209524367,
        "agreeableness": 0.6210099014614601,
        "neuroticism": 0.5017419906297744
    },
    "thomasfedb": {
        "openness": 0.8402269204393802,
        "conscientiousness": 0.6113630613681935,
        "extraversion": 0.5199296123765487,
        "agreeableness": 0.685603254599944,
        "neuroticism": 0.5124649371394574
    },
    "fxn": {
        "openness": 0.8404561640338932,
        "conscientiousness": 0.6362029238535202,
        "extraversion": 0.5095411313479394,
        "agreeableness": 0.6620651836818848,
        "neuroticism": 0.5380150984635772
    },
    "HurricaneJames": {
        "openness": 0.8269562396739721,
        "conscientiousness": 0.5945631732691038,
        "extraversion": 0.48676389043147056,
        "agreeableness": 0.6171725570268178,
        "neuroticism": 0.5298259052400411
    },
    "stouset": {
        "openness": 0.8491794992244247,
        "conscientiousness": 0.5802403570157155,
        "extraversion": 0.47880722261212494,
        "agreeableness": 0.6293802726128341,
        "neuroticism": 0.4923229874856146
    },
    "aspiers": {
        "openness": 0.806744169325275,
        "conscientiousness": 0.5964842660428759,
        "extraversion": 0.4500059130122933,
        "agreeableness": 0.639347760229911,
        "neuroticism": 0.5102796772698901
    },
    "d-Pixie": {
        "openness": 0.8286719690271327,
        "conscientiousness": 0.6176246616911384,
        "extraversion": 0.46030014016870757,
        "agreeableness": 0.6097142242485387,
        "neuroticism": 0.5193419787809049
    },
    "thelucid": {
        "openness": 0.8444628720216877,
        "conscientiousness": 0.5715291307969912,
        "extraversion": 0.48120711705097097,
        "agreeableness": 0.6798534109156968,
        "neuroticism": 0.4814576226417807
    },
    "bds": {
        "openness": 0.7816980159039226,
        "conscientiousness": 0.5758565272340564,
        "extraversion": 0.49019013730919625,
        "agreeableness": 0.663228347192704,
        "neuroticism": 0.5099784310958553
    }
}