{
    "rap2hpoutre": {
        "openness": 0.7977032723342786,
        "conscientiousness": 0.6637030167693757,
        "extraversion": 0.49770702834192626,
        "agreeableness": 0.7196953325344935,
        "neuroticism": 0.5499401904590213
    },
    "ChristopherDosin": {
        "openness": 0.7605188099244421,
        "conscientiousness": 0.6179453473956205,
        "extraversion": 0.5020619771672278,
        "agreeableness": 0.6593740020562944,
        "neuroticism": 0.508302047914116
    },
    "RobinHoutevelts": {
        "openness": 0.825356073813109,
        "conscientiousness": 0.6152306776183195,
        "extraversion": 0.4807418100493599,
        "agreeableness": 0.6273051133899152,
        "neuroticism": 0.5416714652518435
    },
    "judgej": {
        "openness": 0.822454455597924,
        "conscientiousness": 0.6375476825250286,
        "extraversion": 0.5010775019011098,
        "agreeableness": 0.6426733315243941,
        "neuroticism": 0.5359741850244999
    },
    "yajra": {
        "openness": 0.7532833581170466,
        "conscientiousness": 0.6095370654518947,
        "extraversion": 0.5165188009935282,
        "agreeableness": 0.6517272454715554,
        "neuroticism": 0.5708436343641614
    },
    "ahuggins": {
        "openness": 0.8420773731321661,
        "conscientiousness": 0.6376080746137965,
        "extraversion": 0.49951637689650047,
        "agreeableness": 0.7012691908281092,
        "neuroticism": 0.5377086201707005
    },
    "akoepcke": {
        "openness": 0.797673107027877,
        "conscientiousness": 0.5761136615918295,
        "extraversion": 0.4161738872055806,
        "agreeableness": 0.6047399014788059,
        "neuroticism": 0.48926314509756474
    },
    "elminson": {
        "openness": 0.8138981568665854,
        "conscientiousness": 0.6662216671300207,
        "extraversion": 0.5180545295285492,
        "agreeableness": 0.6453206482732269,
        "neuroticism": 0.5603911377697953
    }
}