{
    "rasmusbergpalm": {
        "openness": 0.7970292677301374,
        "conscientiousness": 0.6276675770921231,
        "extraversion": 0.4983832284871499,
        "agreeableness": 0.6563532296365666,
        "neuroticism": 0.5121412231054112
    },
    "carlcotner": {
        "openness": 0.7544875877273935,
        "conscientiousness": 0.6425329733233701,
        "extraversion": 0.48288965448622917,
        "agreeableness": 0.6859290477856197,
        "neuroticism": 0.49325316840370625
    },
    "beamandrew": {
        "openness": 0.7973717222768026,
        "conscientiousness": 0.6064509992000219,
        "extraversion": 0.4789628125901395,
        "agreeableness": 0.6302331258985382,
        "neuroticism": 0.4604115230857957
    },
    "gallamine": {
        "openness": 0.7844255691387659,
        "conscientiousness": 0.6135254821406532,
        "extraversion": 0.5262570346372208,
        "agreeableness": 0.6720353265503325,
        "neuroticism": 0.5284051933315749
    },
    "marcofraccaro": {
        "openness": 0.760288225418806,
        "conscientiousness": 0.6356071494651804,
        "extraversion": 0.47535788674977253,
        "agreeableness": 0.6181954259064855,
        "neuroticism": 0.4731008046928201
    },
    "albertoandreottiATgmail": {
        "openness": 0.7820303763454319,
        "conscientiousness": 0.6155045859235657,
        "extraversion": 0.5190523006565534,
        "agreeableness": 0.6333277122205894,
        "neuroticism": 0.5160564803554021
    },
    "skaae": {
        "openness": 0.7845771918740795,
        "conscientiousness": 0.6088390981100908,
        "extraversion": 0.4781050643810021,
        "agreeableness": 0.6237275740103703,
        "neuroticism": 0.48364398870305214
    },
    "RemonComputer": {
        "openness": 0.7446239970171504,
        "conscientiousness": 0.5929244021439072,
        "extraversion": 0.47775329820461393,
        "agreeableness": 0.6559578173393961,
        "neuroticism": 0.4410681634035394
    },
    "marcospaulo18": {
        "openness": 0.7885832964119508,
        "conscientiousness": 0.6168193098869228,
        "extraversion": 0.4949652948380123,
        "agreeableness": 0.6439010588562006,
        "neuroticism": 0.48379979608007273
    },
    "Krzysiaczek99": {
        "openness": 0.7669609263416669,
        "conscientiousness": 0.5855066015159476,
        "extraversion": 0.4526319912230179,
        "agreeableness": 0.6248603649261025,
        "neuroticism": 0.42374874538616225
    },
    "taygunk": {
        "openness": 0.821351718680393,
        "conscientiousness": 0.6178844959269764,
        "extraversion": 0.4896824841522023,
        "agreeableness": 0.6116869105491973,
        "neuroticism": 0.4962179006183386
    },
    "tambetm": {
        "openness": 0.8099187638836212,
        "conscientiousness": 0.6486342720404639,
        "extraversion": 0.5091564888802261,
        "agreeableness": 0.6388725530166952,
        "neuroticism": 0.5098838339870151
    },
    "datanewb": {
        "openness": 0.8119447310357251,
        "conscientiousness": 0.6283520696088195,
        "extraversion": 0.5022937223831782,
        "agreeableness": 0.6009869038080483,
        "neuroticism": 0.5302176172943094
    },
    "wajihullahbaig": {
        "openness": 0.8153787205926227,
        "conscientiousness": 0.6583033189179851,
        "extraversion": 0.49050118300027606,
        "agreeableness": 0.6385699971208467,
        "neuroticism": 0.532242959417841
    },
    "oxinabox": {
        "openness": 0.821035343280619,
        "conscientiousness": 0.6051258831126153,
        "extraversion": 0.4900045670072565,
        "agreeableness": 0.6077696446532181,
        "neuroticism": 0.4503783962029598
    }
}