{
    "paramaggarwal": {
        "openness": 0.8170960863978786,
        "conscientiousness": 0.6403738528446058,
        "extraversion": 0.5208375781115742,
        "agreeableness": 0.6735053927368434,
        "neuroticism": 0.5467427495251473
    },
    "Pomax": {
        "openness": 0.8218972148821649,
        "conscientiousness": 0.5692604006392917,
        "extraversion": 0.49645375654772644,
        "agreeableness": 0.6238621036480383,
        "neuroticism": 0.4838138299919936
    },
    "okonet": {
        "openness": 0.8172061263594439,
        "conscientiousness": 0.6386643496003944,
        "extraversion": 0.4824092615875387,
        "agreeableness": 0.664173907483556,
        "neuroticism": 0.5173097956568218
    },
    "nickhudkins": {
        "openness": 0.867673938363658,
        "conscientiousness": 0.6532310490990761,
        "extraversion": 0.5361364085233281,
        "agreeableness": 0.6900624917161915,
        "neuroticism": 0.5540324100850786
    },
    "robmclarty": {
        "openness": 0.8547418099668107,
        "conscientiousness": 0.5365143505274926,
        "extraversion": 0.4907501868245412,
        "agreeableness": 0.6065376515321673,
        "neuroticism": 0.4890261409028418
    },
    "tkiethanom": {
        "openness": 0.8236454436853866,
        "conscientiousness": 0.5678026638985745,
        "extraversion": 0.4139675032679867,
        "agreeableness": 0.5981384011773085,
        "neuroticism": 0.5041421178397087
    },
    "marnusw": {
        "openness": 0.819983431801596,
        "conscientiousness": 0.6099284689130383,
        "extraversion": 0.4881400779580479,
        "agreeableness": 0.6537742211544179,
        "neuroticism": 0.512518500631519
    },
    "akkie": {
        "openness": 0.8314528294667162,
        "conscientiousness": 0.6179296475100531,
        "extraversion": 0.48067607479852414,
        "agreeableness": 0.6525225373654859,
        "neuroticism": 0.5117716230691924
    },
    "mwolson": {
        "openness": 0.8106695529264534,
        "conscientiousness": 0.6215458620516977,
        "extraversion": 0.46973215746199914,
        "agreeableness": 0.6288133915920218,
        "neuroticism": 0.5309697690764486
    },
    "rolandjitsu": {
        "openness": 0.8181615678946483,
        "conscientiousness": 0.6147167404231931,
        "extraversion": 0.47792321760484535,
        "agreeableness": 0.6506252949807274,
        "neuroticism": 0.5150302709673462
    },
    "anomaly44": {
        "openness": 0.822168500287747,
        "conscientiousness": 0.5761858698690137,
        "extraversion": 0.4941650916107263,
        "agreeableness": 0.6408214525966488,
        "neuroticism": 0.4645954050647876
    },
    "MichaelLeeHobbs": {
        "openness": 0.8313593770885448,
        "conscientiousness": 0.6087661980528967,
        "extraversion": 0.5061518536594335,
        "agreeableness": 0.6674711277012384,
        "neuroticism": 0.5084357861514667
    },
    "bfwg": {
        "openness": 0.7870302899571717,
        "conscientiousness": 0.571278259089146,
        "extraversion": 0.4401800981396433,
        "agreeableness": 0.5956132200052737,
        "neuroticism": 0.48945263704478736
    },
    "Nodman": {
        "openness": 0.8147554477379756,
        "conscientiousness": 0.5838864821939277,
        "extraversion": 0.49458041646811235,
        "agreeableness": 0.6800051406285121,
        "neuroticism": 0.4975309823136547
    },
    "Tushant": {
        "openness": 0.8140984947484798,
        "conscientiousness": 0.6194157643718499,
        "extraversion": 0.43899981728353527,
        "agreeableness": 0.6683477564424009,
        "neuroticism": 0.5155354962266668
    },
    "heshamelmasry77": {
        "openness": 0.7559590256099982,
        "conscientiousness": 0.5746449729996186,
        "extraversion": 0.44275391692248717,
        "agreeableness": 0.6563895763131067,
        "neuroticism": 0.464361901521383
    },
    "ihgrant": {
        "openness": 0.7965206509225838,
        "conscientiousness": 0.6554515534141778,
        "extraversion": 0.4798704420492969,
        "agreeableness": 0.6357228229741229,
        "neuroticism": 0.5758047922447972
    },
    "tmarshall": {
        "openness": 0.8160400782643102,
        "conscientiousness": 0.6464481693944895,
        "extraversion": 0.45667189588774926,
        "agreeableness": 0.6453183238803296,
        "neuroticism": 0.5052270111982338
    },
    "oyeanuj": {
        "openness": 0.837427173423108,
        "conscientiousness": 0.6258381354533834,
        "extraversion": 0.49101494322211264,
        "agreeableness": 0.6537566575838738,
        "neuroticism": 0.5304567172696121
    },
    "mrichmond": {
        "openness": 0.7766567801881744,
        "conscientiousness": 0.5549259312599756,
        "extraversion": 0.5313370556155357,
        "agreeableness": 0.6005168728275687,
        "neuroticism": 0.47280729454461545
    },
    "sandysaders": {
        "openness": 0.773899503116628,
        "conscientiousness": 0.5961289803577869,
        "extraversion": 0.46844903158196194,
        "agreeableness": 0.6579519675479945,
        "neuroticism": 0.48173106819138506
    },
    "vladshcherbin": {
        "openness": 0.801916743806539,
        "conscientiousness": 0.6129746626574174,
        "extraversion": 0.521544555077516,
        "agreeableness": 0.61719934615879,
        "neuroticism": 0.5288565147108659
    },
    "josh18": {
        "openness": 0.8214206990066657,
        "conscientiousness": 0.6070808525109972,
        "extraversion": 0.5055448551419011,
        "agreeableness": 0.638314965039078,
        "neuroticism": 0.5293055520245671
    },
    "rxmarbles": {
        "openness": 0.81529171313552,
        "conscientiousness": 0.6371083350055465,
        "extraversion": 0.4827124089140824,
        "agreeableness": 0.6769242589765265,
        "neuroticism": 0.5305229964506667
    },
    "stale[bot]": {
        "openness": 0.8023386325054607,
        "conscientiousness": 0.6254534242021065,
        "extraversion": 0.46492900917496327,
        "agreeableness": 0.6806937208870605,
        "neuroticism": 0.44397515610825367
    },
    "quarklemotion": {
        "openness": 0.805432636243204,
        "conscientiousness": 0.5917606137269067,
        "extraversion": 0.4450585586995718,
        "agreeableness": 0.5907788065130071,
        "neuroticism": 0.5126064412824373
    },
    "caseychoiniere": {
        "openness": 0.82939756866577,
        "conscientiousness": 0.5682241917127503,
        "extraversion": 0.4551961823150247,
        "agreeableness": 0.5931629476849475,
        "neuroticism": 0.5078675210253438
    },
    "barmaglot92": {
        "openness": 0.7766275252963595,
        "conscientiousness": 0.5868423413079779,
        "extraversion": 0.4104771986179733,
        "agreeableness": 0.6402630911030536,
        "neuroticism": 0.43388860477670477
    },
    "anuragCES": {
        "openness": 0.8131635127274582,
        "conscientiousness": 0.7233557606973383,
        "extraversion": 0.5554089397831294,
        "agreeableness": 0.7847217040133664,
        "neuroticism": 0.5567143171934821
    },
    "aymericbouzy": {
        "openness": 0.8231025288867145,
        "conscientiousness": 0.5948238848263788,
        "extraversion": 0.4996038330550171,
        "agreeableness": 0.7370341512156513,
        "neuroticism": 0.47506307791869745
    },
    "id0Sch": {
        "openness": 0.799050554352621,
        "conscientiousness": 0.597629733156501,
        "extraversion": 0.5011694824127021,
        "agreeableness": 0.6142732847628238,
        "neuroticism": 0.5060857297089325
    },
    "GuillaumeCisco": {
        "openness": 0.8439355518784858,
        "conscientiousness": 0.6433380600758494,
        "extraversion": 0.4764963663364434,
        "agreeableness": 0.6322364782699587,
        "neuroticism": 0.5704610685948182
    },
    "seenickcode": {
        "openness": 0.8137206324611664,
        "conscientiousness": 0.5944096006350565,