{
    "rgrove": {
        "openness": 0.8239516202769185,
        "conscientiousness": 0.5808942944425962,
        "extraversion": 0.49449000175337776,
        "agreeableness": 0.6566163419603197,
        "neuroticism": 0.513737598368534
    }
}