{
    "Rich-Harris": {
        "openness": 0.8135453260000628,
        "conscientiousness": 0.5789140585138225,
        "extraversion": 0.4440635458204104,
        "agreeableness": 0.6310406436439087,
        "neuroticism": 0.48906559097851876
    },
    "sithmel": {
        "openness": 0.7983931227049227,
        "conscientiousness": 0.6133543782559735,
        "extraversion": 0.444703737107663,
        "agreeableness": 0.6269296327305665,
        "neuroticism": 0.5165247041746925
    },
    "williammalo": {
        "openness": 0.8149742354076474,
        "conscientiousness": 0.5797360982245108,
        "extraversion": 0.5327764741787213,
        "agreeableness": 0.6401383124236402,
        "neuroticism": 0.46031114706975745
    },
    "DDKnoll": {
        "openness": 0.8349970485222258,
        "conscientiousness": 0.6043487081909859,
        "extraversion": 0.4695099032014678,
        "agreeableness": 0.618234942930759,
        "neuroticism": 0.5117036225237411
    },
    "Martin-Pitt": {
        "openness": 0.8082107519489244,
        "conscientiousness": 0.6225327647408473,
        "extraversion": 0.46284018748055145,
        "agreeableness": 0.6034708345859414,
        "neuroticism": 0.5222342744564228
    }
}