{
    "RichardKnop": {
        "openness": 0.7950624309422398,
        "conscientiousness": 0.6271306267521521,
        "extraversion": 0.47141566993973905,
        "agreeableness": 0.6534248845633566,
        "neuroticism": 0.49589482833980825
    },
    "balzaczyy": {
        "openness": 0.7939887573178812,
        "conscientiousness": 0.6034365628079924,
        "extraversion": 0.4224757769880133,
        "agreeableness": 0.6187755067872702,
        "neuroticism": 0.5211164288935352
    },
    "requilence": {
        "openness": 0.756871744903835,
        "conscientiousness": 0.5988311261894386,
        "extraversion": 0.4145403901304101,
        "agreeableness": 0.6427670358478255,
        "neuroticism": 0.4481624391991572
    },
    "owenhaynes": {
        "openness": 0.7822124960358424,
        "conscientiousness": 0.6314642445796612,
        "extraversion": 0.4953097357769574,
        "agreeableness": 0.6262771845891664,
        "neuroticism": 0.5305462014688698
    },
    "Blogoslov": {
        "openness": 0.8060702178092987,
        "conscientiousness": 0.6484058563426469,
        "extraversion": 0.5113352758074956,
        "agreeableness": 0.6567223680483705,
        "neuroticism": 0.49567757611262797
    },
    "seonixx": {
        "openness": 0.8291239415769944,
        "conscientiousness": 0.5651626053630933,
        "extraversion": 0.5465147004791593,
        "agreeableness": 0.6721777162149027,
        "neuroticism": 0.48974119705494257
    },
    "codepushr": {
        "openness": 0.7700908284962664,
        "conscientiousness": 0.5706996844180248,
        "extraversion": 0.44643733628938753,
        "agreeableness": 0.6169363718305365,
        "neuroticism": 0.45632882765343785
    },
    "paulm17": {
        "openness": 0.7621284843385564,
        "conscientiousness": 0.5904270543479057,
        "extraversion": 0.44376543787987865,
        "agreeableness": 0.6155465293453692,
        "neuroticism": 0.4818089242808158
    },
    "codecov-io": {
        "openness": 0.7690538625089308,
        "conscientiousness": 0.6134935533756006,
        "extraversion": 0.4703217526397189,
        "agreeableness": 0.7255762628963062,
        "neuroticism": 0.4983488652192023
    },
    "Rio": {
        "openness": 0.8163963092707979,
        "conscientiousness": 0.6246305648905855,
        "extraversion": 0.4801972495052152,
        "agreeableness": 0.658340307610566,
        "neuroticism": 0.5048418384840202
    },
    "surendratiwari3": {
        "openness": 0.7117610869317924,
        "conscientiousness": 0.5995985541206773,
        "extraversion": 0.4742012981154389,
        "agreeableness": 0.6748512154538989,
        "neuroticism": 0.4293701659679984
    },
    "SurendraPlivo": {
        "openness": 0.754939879077356,
        "conscientiousness": 0.5778565317522693,
        "extraversion": 0.533065176368626,
        "agreeableness": 0.638165392953664,
        "neuroticism": 0.45675116882956457
    },
    "rakeshbala": {
        "openness": 0.8200496724408379,
        "conscientiousness": 0.568579177847767,
        "extraversion": 0.4929644610139247,
        "agreeableness": 0.6248022436435621,
        "neuroticism": 0.47489919157812976
    },
    "RainbowMango": {
        "openness": 0.7305814772147187,
        "conscientiousness": 0.5515752889624091,
        "extraversion": 0.47862202066351234,
        "agreeableness": 0.6154369237501758,
        "neuroticism": 0.5069170874276812
    },
    "WillAbides": {
        "openness": 0.7963088031842421,
        "conscientiousness": 0.6004416458494871,
        "extraversion": 0.47208344035609473,
        "agreeableness": 0.6612879010425905,
        "neuroticism": 0.4875705418286962
    },
    "steven-zou": {
        "openness": 0.7184551411618175,
        "conscientiousness": 0.6383710539004329,
        "extraversion": 0.41986043066556067,
        "agreeableness": 0.6476770402276059,
        "neuroticism": 0.49570577962353046
    },
    "bseenu": {
        "openness": 0.7828892079629257,
        "conscientiousness": 0.5996182980789322,
        "extraversion": 0.4998719208896373,
        "agreeableness": 0.6290340153771047,
        "neuroticism": 0.45966682702233563
    },
    "georgekarrv": {
        "openness": 0.7477732831546915,
        "conscientiousness": 0.6042197443957877,
        "extraversion": 0.471190620312807,
        "agreeableness": 0.6065921841019364,
        "neuroticism": 0.468843790533932
    },
    "codecov[bot]": {
        "openness": 0.7806723796352955,
        "conscientiousness": 0.6089507277644842,
        "extraversion": 0.4784359473469094,
        "agreeableness": 0.7333440436366497,
        "neuroticism": 0.4929538794369203
    },
    "eldad87": {
        "openness": 0.7912376174661266,
        "conscientiousness": 0.6553200830119826,
        "extraversion": 0.492916977876859,
        "agreeableness": 0.619233316242966,
        "neuroticism": 0.5649644074720364
    },
    "ljesparis": {
        "openness": 0.7068201706707842,
        "conscientiousness": 0.5842082822023427,
        "extraversion": 0.48589544318994365,
        "agreeableness": 0.6609363624146349,
        "neuroticism": 0.4504041280574689
    },
    "eldadvcita": {
        "openness": 0.7481330896283847,
        "conscientiousness": 0.6223409673915785,
        "extraversion": 0.4478684130954056,
        "agreeableness": 0.6684851405449311,
        "neuroticism": 0.44771944306791644
    },
    "gow": {
        "openness": 0.8175227442363768,
        "conscientiousness": 0.6170091162916836,
        "extraversion": 0.43561205184977314,
        "agreeableness": 0.6204968165717355,
        "neuroticism": 0.5008807364396016
    }
}