{
    "solnic": {
        "openness": 0.818665355765387,
        "conscientiousness": 0.610379824165542,
        "extraversion": 0.4955960151151847,
        "agreeableness": 0.6599706716214544,
        "neuroticism": 0.5117180898492151
    },
    "limhoff-r7": {
        "openness": 0.7813273465828844,
        "conscientiousness": 0.5361309363233722,
        "extraversion": 0.4798679923420662,
        "agreeableness": 0.606761926969908,
        "neuroticism": 0.47048091054930186
    },
    "schmurfy": {
        "openness": 0.8265669814487366,
        "conscientiousness": 0.5833895071738869,
        "extraversion": 0.4889726867919883,
        "agreeableness": 0.6559443128416445,
        "neuroticism": 0.4650127964142583
    },
    "snusnu": {
        "openness": 0.8178839774337401,
        "conscientiousness": 0.5845335019487105,
        "extraversion": 0.5226369718767286,
        "agreeableness": 0.6587279460117084,
        "neuroticism": 0.47998785575579056
    },
    "dkubb": {
        "openness": 0.8238621643545843,
        "conscientiousness": 0.6349839168109387,
        "extraversion": 0.4797758400089505,
        "agreeableness": 0.6407406842075365,
        "neuroticism": 0.5242728180203211
    },
    "dnesteryuk": {
        "openness": 0.7982006991736537,
        "conscientiousness": 0.6025769225368799,
        "extraversion": 0.5081003545738179,
        "agreeableness": 0.6802542477403413,
        "neuroticism": 0.5373895874803998
    },
    "elskwid": {
        "openness": 0.8254699341633718,
        "conscientiousness": 0.6295597932814743,
        "extraversion": 0.5009995841409933,
        "agreeableness": 0.6873592252703404,
        "neuroticism": 0.5080597827536729
    },
    "chastell": {
        "openness": 0.815000230005831,
        "conscientiousness": 0.5924209036455447,
        "extraversion": 0.46349953878829175,
        "agreeableness": 0.7043546299220294,
        "neuroticism": 0.4746791435457608
    },
    "abernardes": {
        "openness": 0.8262520507911657,
        "conscientiousness": 0.6005795035076608,
        "extraversion": 0.4990843168474577,
        "agreeableness": 0.6921495880725503,
        "neuroticism": 0.5058047565693322
    },
    "soveran": {
        "openness": 0.8442790406634624,
        "conscientiousness": 0.6074159069623268,
        "extraversion": 0.5225106252964338,
        "agreeableness": 0.6942778555325745,
        "neuroticism": 0.516495898255965
    },
    "gotar": {
        "openness": 0.7805613948382016,
        "conscientiousness": 0.5938633237502821,
        "extraversion": 0.47297899040414865,
        "agreeableness": 0.63936423771498,
        "neuroticism": 0.5360849043002692
    },
    "adz": {
        "openness": 0.8274906222383402,
        "conscientiousness": 0.5933616207104407,
        "extraversion": 0.5326628679603667,
        "agreeableness": 0.6609620596059904,
        "neuroticism": 0.4804777891016124
    },
    "maetl": {
        "openness": 0.8517469759793633,
        "conscientiousness": 0.557851512173593,
        "extraversion": 0.49292396023580143,
        "agreeableness": 0.6203785796990672,
        "neuroticism": 0.47658058431231476
    },
    "kwando": {
        "openness": 0.8011620790413916,
        "conscientiousness": 0.5991985665269717,
        "extraversion": 0.5106991609446958,
        "agreeableness": 0.6448164523509369,
        "neuroticism": 0.528698735721546
    },
    "kchien": {
        "openness": 0.8237613503353103,
        "conscientiousness": 0.5947745944109664,
        "extraversion": 0.42431276831127046,
        "agreeableness": 0.6394060349075563,
        "neuroticism": 0.5399572456474575
    },
    "splattael": {
        "openness": 0.7773972330008649,
        "conscientiousness": 0.6234692709516994,
        "extraversion": 0.49077493243757625,
        "agreeableness": 0.6137132456253611,
        "neuroticism": 0.5263265167674815
    },
    "aflatter": {
        "openness": 0.8101192154986312,
        "conscientiousness": 0.5892994267255546,
        "extraversion": 0.4863567973852272,
        "agreeableness": 0.6479061200943552,
        "neuroticism": 0.5085005950937858
    },
    "cflipse": {
        "openness": 0.8336273509201493,
        "conscientiousness": 0.5838692640620428,
        "extraversion": 0.4791211206243469,
        "agreeableness": 0.6220642570300036,
        "neuroticism": 0.5123857340026485
    },
    "pdswan": {
        "openness": 0.823295405792029,
        "conscientiousness": 0.5995571029550608,
        "extraversion": 0.44392980898628465,
        "agreeableness": 0.6592399339589698,
        "neuroticism": 0.5061283991363539
    },
    "mjtko": {
        "openness": 0.8052079088818844,
        "conscientiousness": 0.5857117989011071,
        "extraversion": 0.43580674515086276,
        "agreeableness": 0.6524374369510234,
        "neuroticism": 0.45917549114123857
    },
    "AMHOL": {
        "openness": 0.810155754148492,
        "conscientiousness": 0.5861490391965982,
        "extraversion": 0.47887520442762044,
        "agreeableness": 0.6279584698551701,
        "neuroticism": 0.5134392434952628
    },
    "ginjo": {
        "openness": 0.8401629645499271,
        "conscientiousness": 0.6114281461042789,
        "extraversion": 0.5009691357509071,
        "agreeableness": 0.6253551642965158,
        "neuroticism": 0.497136960077614
    },
    "nepalez": {
        "openness": 0.8165779594484393,
        "conscientiousness": 0.5923772989251298,
        "extraversion": 0.4987770930853752,
        "agreeableness": 0.6279926341537886,
        "neuroticism": 0.5092106166300887
    },
    "c0": {
        "openness": 0.820021041377186,
        "conscientiousness": 0.5739832113286012,
        "extraversion": 0.4673509181816257,
        "agreeableness": 0.6350526576951826,
        "neuroticism": 0.4920997276939362
    },
    "flash-gordon": {
        "openness": 0.7914430114957723,
        "conscientiousness": 0.607498217308913,
        "extraversion": 0.46688337436405036,
        "agreeableness": 0.6500500309460602,
        "neuroticism": 0.49362999781331285
    },
    "pnomolos": {
        "openness": 0.8304139291230472,
        "conscientiousness": 0.6160565025804704,
        "extraversion": 0.5010836847896865,
        "agreeableness": 0.6434832913146635,
        "neuroticism": 0.526716720307178
    },
    "dekz": {
        "openness": 0.7958971542132789,
        "conscientiousness": 0.5499740240062497,
        "extraversion": 0.4546790686433583,
        "agreeableness": 0.6268271473301001,
        "neuroticism": 0.47669552471565146
    },
    "waiting-for-dev": {
        "openness": 0.8311503658235929,
        "conscientiousness": 0.590432125432348,
        "extraversion": 0.5110715628345223,
        "agreeableness": 0.6498264239345979,
        "neuroticism": 0.5221410039156795
    },
    "endash": {
        "openness": 0.8262775990876471,
        "conscientiousness": 0.5983809020439189,
        "extraversion": 0.4726074206203873,
        "agreeableness": 0.6128698034772356,
        "neuroticism": 0.531048467141635
    },
    "edwardlftam": {
        "openness": 0.8155541334878684,
        "conscientiousness": 0.5783241024665025,
        "extraversion": 0.5186825790209946,
        "agreeableness": 0.6542726408947457,
        "neuroticism": 0.5348225182982946
    },
    "timriley": {
        "openness": 0.776345939670558,
        "conscientiousness": 0.6215372251911782,
        "extraversion": 0.5297281724796968,
        "agreeableness": 0.6984443449124533,
        "neuroticism": 0.4982444287275727
    },
    "GustavoCaso": {
        "openness": 0.7932425692927397,
        "conscientiousness": 0.5932374263575966,
        "extraversion": 0.456508809712144,
        "agreeableness": 0.6179171940872039,
        "neuroticism": 0.5121160772362867
    },
    "graywolf": {
        "openness": 0.7979354405625261,
        "conscientiousness": 0.6203089807705117,
        "extraversion": 0.47774380245714776,