{
    "rsms": {
        "openness": 0.8139214093644441,
        "conscientiousness": 0.5970556020646105,
        "extraversion": 0.4908814671293983,
        "agreeableness": 0.6918509325995346,
        "neuroticism": 0.4986631352510288
    }
}