{
    "sachinchoolur": {
        "openness": 0.8022877135087938,
        "conscientiousness": 0.6342909069068516,
        "extraversion": 0.48737789050538166,
        "agreeableness": 0.662716580595059,
        "neuroticism": 0.5351924058414516
    },
    "tammo0": {
        "openness": 0.8120473350917932,
        "conscientiousness": 0.6156596596247345,
        "extraversion": 0.4928126033146769,
        "agreeableness": 0.6527165812492456,
        "neuroticism": 0.5126119492683359
    },
    "erbertian": {
        "openness": 0.803276422787193,
        "conscientiousness": 0.706010913153408,
        "extraversion": 0.523652885725653,
        "agreeableness": 0.7354004002414068,
        "neuroticism": 0.5891783536234185
    },
    "HybridSolutions": {
        "openness": 0.8130675476581645,
        "conscientiousness": 0.6393423839824309,
        "extraversion": 0.5146964681834147,
        "agreeableness": 0.6664764939757011,
        "neuroticism": 0.5343128019329714
    },
    "q2apro": {
        "openness": 0.7803101517944948,
        "conscientiousness": 0.5690080479559965,
        "extraversion": 0.433340508466316,
        "agreeableness": 0.5863061212517582,
        "neuroticism": 0.46228377129147014
    },
    "jochienabuurs": {
        "openness": 0.8498117713149898,
        "conscientiousness": 0.6009903759290315,
        "extraversion": 0.5083464985780759,
        "agreeableness": 0.6162911442389198,
        "neuroticism": 0.5217032148133378
    },
    "Omniferum": {
        "openness": 0.7600983783927385,
        "conscientiousness": 0.5501320813811654,
        "extraversion": 0.40362979405930616,
        "agreeableness": 0.5885042822579902,
        "neuroticism": 0.4899905054445509
    },
    "Maneface": {
        "openness": 0.7809444426620569,
        "conscientiousness": 0.6259969667078135,
        "extraversion": 0.5384205915699116,
        "agreeableness": 0.6794931992013402,
        "neuroticism": 0.5541813595136442
    },
    "koolleer": {
        "openness": 0.7297640246621109,
        "conscientiousness": 0.633334624348215,
        "extraversion": 0.47149255080771146,
        "agreeableness": 0.6678799153450727,
        "neuroticism": 0.4827632759519207
    },
    "elboletaire": {
        "openness": 0.8079205822573841,
        "conscientiousness": 0.6117003301597431,
        "extraversion": 0.5039674191816246,
        "agreeableness": 0.6490938930308383,
        "neuroticism": 0.5515279483020525
    },
    "vestaxpdx": {
        "openness": 0.7845687878739225,
        "conscientiousness": 0.6208168462732456,
        "extraversion": 0.43889993610210787,
        "agreeableness": 0.6151275829479803,
        "neuroticism": 0.5340750749019689
    },
    "bibi-babi": {
        "openness": 0.8183734412012662,
        "conscientiousness": 0.6070617156986392,
        "extraversion": 0.4836223090947289,
        "agreeableness": 0.6181797531802624,
        "neuroticism": 0.5376299851840507
    },
    "thdoan": {
        "openness": 0.7805586406033838,
        "conscientiousness": 0.5933708003578108,
        "extraversion": 0.49740873804072316,
        "agreeableness": 0.6377178093812109,
        "neuroticism": 0.5312968306274117
    },
    "a1studmuffin": {
        "openness": 0.8121095205973513,
        "conscientiousness": 0.5730508052277472,
        "extraversion": 0.4865250511279596,
        "agreeableness": 0.6284577535771572,
        "neuroticism": 0.5036061102653762
    },
    "kim0z": {
        "openness": 0.7857926697750934,
        "conscientiousness": 0.6198507638234986,
        "extraversion": 0.5192270072123505,
        "agreeableness": 0.6626369117725655,
        "neuroticism": 0.5069789546849217
    },
    "max-ci": {
        "openness": 0.7805175771086216,
        "conscientiousness": 0.605383135148005,
        "extraversion": 0.48165337141470843,
        "agreeableness": 0.5637369910421952,
        "neuroticism": 0.5493188551673952
    },
    "shamw4r": {
        "openness": 0.7519107941828052,
        "conscientiousness": 0.5811813681598199,
        "extraversion": 0.4253687804505862,
        "agreeableness": 0.6096991366461827,
        "neuroticism": 0.4405090741948693
    },
    "kursusHC": {
        "openness": 0.7930604122956888,
        "conscientiousness": 0.629292857468484,
        "extraversion": 0.4932354708404619,
        "agreeableness": 0.6442499780439113,
        "neuroticism": 0.5432840022737886
    },
    "abnersajr": {
        "openness": 0.8109339328313717,
        "conscientiousness": 0.6329984654854459,
        "extraversion": 0.5149944840444832,
        "agreeableness": 0.6443597513640433,
        "neuroticism": 0.5378464358885802
    },
    "donenvy": {
        "openness": 0.772647367809793,
        "conscientiousness": 0.6081843923633393,
        "extraversion": 0.44946374804995143,
        "agreeableness": 0.6158415347820932,
        "neuroticism": 0.5382884202529772
    },
    "Positic": {
        "openness": 0.7339149274115383,
        "conscientiousness": 0.594248071005857,
        "extraversion": 0.4926582439665207,
        "agreeableness": 0.6658366469083189,
        "neuroticism": 0.4471205963158551
    },
    "paaljoachim": {
        "openness": 0.8003605165730755,
        "conscientiousness": 0.6364184998493669,
        "extraversion": 0.4924397229794556,
        "agreeableness": 0.6573996062901579,
        "neuroticism": 0.5529070835758798
    },
    "basticom-internet": {
        "openness": 0.8105909670233563,
        "conscientiousness": 0.5667685869531753,
        "extraversion": 0.42329633593320304,
        "agreeableness": 0.5381075427239339,
        "neuroticism": 0.48822687870529974
    },
    "unitedworx": {
        "openness": 0.8021165801224183,
        "conscientiousness": 0.5857592246823136,
        "extraversion": 0.4416271868786624,
        "agreeableness": 0.6672833070512167,
        "neuroticism": 0.5170719161280178
    },
    "lisaschiffli": {
        "openness": 0.7694600638210234,
        "conscientiousness": 0.5795198416489044,
        "extraversion": 0.4150013983533517,
        "agreeableness": 0.54766439525261,
        "neuroticism": 0.5198890575967748
    },
    "jimblue": {
        "openness": 0.7457082219274259,
        "conscientiousness": 0.6021693462710298,
        "extraversion": 0.4659673838172777,
        "agreeableness": 0.6409353850754761,
        "neuroticism": 0.46700356923156244
    },
    "sugandhhgoyal": {
        "openness": 0.7081780585438795,
        "conscientiousness": 0.5635012751475887,
        "extraversion": 0.48243315146411975,
        "agreeableness": 0.6343906537055736,
        "neuroticism": 0.4422001703839843
    },
    "Anlaur": {
        "openness": 0.789735450261852,
        "conscientiousness": 0.5782876319106802,
        "extraversion": 0.5043004728063429,
        "agreeableness": 0.6527198244584254,
        "neuroticism": 0.4676778576858813
    },
    "CCCullens": {
        "openness": 0.778316637083455,
        "conscientiousness": 0.5960067651513377,
        "extraversion": 0.43317120688628874,
        "agreeableness": 0.5937823446863968,
        "neuroticism": 0.49845093093179305
    },
    "SlimSavernake": {
        "openness": 0.7357964249371999,
        "conscientiousness": 0.6433257686141477,
        "extraversion": 0.5085701829694607,
        "agreeableness": 0.7197363560872221,
        "neuroticism": 0.4812494542314171
    },
    "j0nr": {
        "openness": 0.8091488524994817,
        "conscientiousness": 0.5856321012015185,
        "extraversion": 0.5009933950007548,
        "agreeableness": 0.6669789420132819,
        "neuroticism": 0.5159150130539639
    },
    "pavlito": {
        "openness": 0.7235879649898173,
        "conscientiousness": 0.5909763498853661,
        "extraversion": 0.5221559611142729,
        "agreeableness": 0.7041416696802145,
        "neuroticism": 0.4543041433246543
    },
    "afshanaman": {
        "openness": 0.7595427833759074,
        "conscientiousness": 0.6008834031585175,