{
    "schneiderandre": {
        "openness": 0.8102688817621515,
        "conscientiousness": 0.6815142582524227,
        "extraversion": 0.5046348028537335,
        "agreeableness": 0.7123528135838239,
        "neuroticism": 0.5718207165704623
    }
}