{
    "scottyab": {
        "openness": 0.8027904795953883,
        "conscientiousness": 0.643680943572003,
        "extraversion": 0.5190665700165109,
        "agreeableness": 0.7012650584691211,
        "neuroticism": 0.5584446638960383
    },
    "Rahulgupta-cdnsol": {
        "openness": 0.7528520135874188,
        "conscientiousness": 0.5695931136860141,
        "extraversion": 0.4579053553192103,
        "agreeableness": 0.6547193059727241,
        "neuroticism": 0.36980472872054515
    }
}