{
    "redapple": {
        "openness": 0.8056397201194133,
        "conscientiousness": 0.5564435645191502,
        "extraversion": 0.46443898683332063,
        "agreeableness": 0.5890653034020333,
        "neuroticism": 0.43501639701479666
    },
    "eliasdorneles": {
        "openness": 0.8025917222993628,
        "conscientiousness": 0.6969163079864571,
        "extraversion": 0.5033450135101443,
        "agreeableness": 0.7092447451699246,
        "neuroticism": 0.5564434640778569
    }
}