{
    "joemcelroy": {
        "openness": 0.8092924609283739,
        "conscientiousness": 0.6561498378951058,
        "extraversion": 0.5059415831203938,
        "agreeableness": 0.6724891442028091,
        "neuroticism": 0.5273056029444816
    },
    "ssetem": {
        "openness": 0.809004225417329,
        "conscientiousness": 0.6415114584036291,
        "extraversion": 0.4927258548579293,
        "agreeableness": 0.6962024025043702,
        "neuroticism": 0.517496221654528
    },
    "thomasmodeneis": {
        "openness": 0.7942389404709528,
        "conscientiousness": 0.5383156353175235,
        "extraversion": 0.4909665983491208,
        "agreeableness": 0.6099527424839037,
        "neuroticism": 0.44970960283219913
    },
    "Jaikant": {
        "openness": 0.7593615709343925,
        "conscientiousness": 0.5816332623820873,
        "extraversion": 0.5042663877644663,
        "agreeableness": 0.63555687912084,
        "neuroticism": 0.4615060505022349
    },
    "chrisfinch": {
        "openness": 0.7898434808700183,
        "conscientiousness": 0.5757997276242318,
        "extraversion": 0.46948594874791244,
        "agreeableness": 0.6171836626982867,
        "neuroticism": 0.4589619708127858
    },
    "TheDolo": {
        "openness": 0.8193399988582535,
        "conscientiousness": 0.5907931320961682,
        "extraversion": 0.4537866543916646,
        "agreeableness": 0.6305851113205163,
        "neuroticism": 0.5214231884153517
    },
    "GregoryPotdevin": {
        "openness": 0.8284618709750631,
        "conscientiousness": 0.6049969030950842,
        "extraversion": 0.4878196804880641,
        "agreeableness": 0.610155321726609,
        "neuroticism": 0.5259344256675614
    },
    "xinghengwang": {
        "openness": 0.8179643384568278,
        "conscientiousness": 0.5808848489424994,
        "extraversion": 0.4731029143206844,
        "agreeableness": 0.6089549753876919,
        "neuroticism": 0.5198792707328217
    },
    "timmetj": {
        "openness": 0.7982662245049744,
        "conscientiousness": 0.6000213131441675,
        "extraversion": 0.48461214185964874,
        "agreeableness": 0.6316399522288791,
        "neuroticism": 0.5030986827870295
    },
    "CLAassistant": {
        "openness": 0.8099343596281541,
        "conscientiousness": 0.7368817912521678,
        "extraversion": 0.5160066359539097,
        "agreeableness": 0.7207315792272868,
        "neuroticism": 0.6075535638915512
    },
    "jpeyper": {
        "openness": 0.7842939548800308,
        "conscientiousness": 0.6104057289793905,
        "extraversion": 0.5582767237810475,
        "agreeableness": 0.6684926412760974,
        "neuroticism": 0.5129019861583977
    },
    "hkirsman": {
        "openness": 0.7864211795324142,
        "conscientiousness": 0.5680580622349353,
        "extraversion": 0.4496950327190805,
        "agreeableness": 0.5888899550441067,
        "neuroticism": 0.4739554605454219
    },
    "PAK90": {
        "openness": 0.839294450677646,
        "conscientiousness": 0.6093463620503908,
        "extraversion": 0.491756647096213,
        "agreeableness": 0.6405315322270415,
        "neuroticism": 0.5296758515006507
    },
    "timtutt": {
        "openness": 0.8313861943327571,
        "conscientiousness": 0.5773149946957588,
        "extraversion": 0.5232371272570464,
        "agreeableness": 0.6143888908033897,
        "neuroticism": 0.5225955661281679
    },
    "mledom": {
        "openness": 0.8242318908104502,
        "conscientiousness": 0.6069279478831714,
        "extraversion": 0.4861954833947682,
        "agreeableness": 0.5826544465687329,
        "neuroticism": 0.5430066136044012
    },
    "drewry": {
        "openness": 0.8187093228896354,
        "conscientiousness": 0.6501189023828027,
        "extraversion": 0.4937700221530733,
        "agreeableness": 0.6926176577065233,
        "neuroticism": 0.565465983453019
    },
    "nirchernia": {
        "openness": 0.8075428247570425,
        "conscientiousness": 0.5517577097024589,
        "extraversion": 0.4424929600925823,
        "agreeableness": 0.5893361018932166,
        "neuroticism": 0.47084329425040283
    },
    "SickSAMA": {
        "openness": 0.798417645365259,
        "conscientiousness": 0.5989232209327767,
        "extraversion": 0.5050520924203912,
        "agreeableness": 0.6585007148170289,
        "neuroticism": 0.46195362492354075
    },
    "nicolapagni": {
        "openness": 0.8479153142206501,
        "conscientiousness": 0.5963314774295992,
        "extraversion": 0.46380878226122113,
        "agreeableness": 0.6000156040618283,
        "neuroticism": 0.5236256880485708
    },
    "bcruddy": {
        "openness": 0.7873553358047175,
        "conscientiousness": 0.6467970383238202,
        "extraversion": 0.48054417711210495,
        "agreeableness": 0.6813424504302166,
        "neuroticism": 0.5058497219485947
    },
    "kud": {
        "openness": 0.8067472729724017,
        "conscientiousness": 0.5788042730507881,
        "extraversion": 0.46390635931020485,
        "agreeableness": 0.6568878947087049,
        "neuroticism": 0.509451839194363
    },
    "mbm-rafal": {
        "openness": 0.7832196737663415,
        "conscientiousness": 0.5670884120418853,
        "extraversion": 0.49909798274066147,
        "agreeableness": 0.6259139897427929,
        "neuroticism": 0.40549946251789165
    },
    "rohit-raj": {
        "openness": 0.8215348777693523,
        "conscientiousness": 0.5725925577368911,
        "extraversion": 0.44684253548527597,
        "agreeableness": 0.55815890019157,
        "neuroticism": 0.48612465980361175
    },
    "coveralls": {
        "openness": 0.7073923379040685,
        "conscientiousness": 0.6114454897913464,
        "extraversion": 0.5091932649556856,
        "agreeableness": 0.7107362498323158,
        "neuroticism": 0.46602651533270045
    },
    "arnvol": {
        "openness": 0.840836558228663,
        "conscientiousness": 0.577162835117502,
        "extraversion": 0.4614362423046122,
        "agreeableness": 0.6372263661082374,
        "neuroticism": 0.5025885185062795
    },
    "florianbepunkt": {
        "openness": 0.8201463369139399,
        "conscientiousness": 0.5743699006493942,
        "extraversion": 0.5246269428182007,
        "agreeableness": 0.6325132776160067,
        "neuroticism": 0.5189735076061975
    },
    "singingwolfboy": {
        "openness": 0.8034911420387684,
        "conscientiousness": 0.5950575806055067,
        "extraversion": 0.46932799506130196,
        "agreeableness": 0.6986756334047145,
        "neuroticism": 0.48582288918476624
    },
    "wagger301": {
        "openness": 0.7963445758736493,
        "conscientiousness": 0.5654099045497898,
        "extraversion": 0.5170303325560134,
        "agreeableness": 0.6428700714699069,
        "neuroticism": 0.37799429525880013
    },
    "jmrichardson": {
        "openness": 0.8013070387983937,
        "conscientiousness": 0.539217997729663,
        "extraversion": 0.4898448192158371,
        "agreeableness": 0.6060625701822812,
        "neuroticism": 0.43640465526135463
    },
    "richtera": {
        "openness": 0.7788139415798013,
        "conscientiousness": 0.5964843607214483,
        "extraversion": 0.4844127484127596,
        "agreeableness": 0.6236368041263789,
        "neuroticism": 0.5075380283599715
    },
    "Timothylawler": {
        "openness": 0.8129018261699699,
        "conscientiousness": 0.6231557696295187,
        "extraversion": 0.5376385750999806,
        "agreeableness": 0.6335570991939445,
        "neuroticism": 0.5255680038813074
    },
    "ab-mannan": {
        "openness": 0.8108669562561233,
        "conscientiousness": 0.5907447960470105,
        "extraversion": 0.4873578180499739,
        "agreeableness": 0.6761293968391251,
        "neuroticism": 0.48048194597717897
    },
    "24ma13wg": {
        "openness": 0.8142005855361035,
        "conscientiousness": 0.6006326057766364,