{
    "semperos": {
        "openness": 0.8025846367838213,
        "conscientiousness": 0.6358935574310147,
        "extraversion": 0.5029835805311991,
        "agreeableness": 0.6585485832073724,
        "neuroticism": 0.5176027816879627
    }
}