{
    "shazow": {
        "openness": 0.7903986032389507,
        "conscientiousness": 0.6191780249328032,
        "extraversion": 0.5108769628775276,
        "agreeableness": 0.6843015107451094,
        "neuroticism": 0.5192200690165515
    },
    "IQAndreas": {
        "openness": 0.8233749977787008,
        "conscientiousness": 0.6148257967542521,
        "extraversion": 0.5206576031921024,
        "agreeableness": 0.6787765080130344,
        "neuroticism": 0.5082485770338916
    },
    "ghost": {
        "openness": 0.7794580907901493,
        "conscientiousness": 0.5873156138844565,
        "extraversion": 0.4978579275214219,
        "agreeableness": 0.6716993657322297,
        "neuroticism": 0.5024976999926193
    },
    "wpovell": {
        "openness": 0.8051736695883441,
        "conscientiousness": 0.592103269699524,
        "extraversion": 0.4621686923606757,
        "agreeableness": 0.672461505407902,
        "neuroticism": 0.5142684151270714
    },
    "jazzychad": {
        "openness": 0.793067121125962,
        "conscientiousness": 0.6172898854707204,
        "extraversion": 0.4962577826664134,
        "agreeableness": 0.6368086428750339,
        "neuroticism": 0.5345916013295027
    },
    "peterhellberg": {
        "openness": 0.7925258469341872,
        "conscientiousness": 0.6442889864262082,
        "extraversion": 0.4720535589687087,
        "agreeableness": 0.6684786270251121,
        "neuroticism": 0.5492987034609409
    },
    "scrothers": {
        "openness": 0.8249035493438579,
        "conscientiousness": 0.6022666480467541,
        "extraversion": 0.49527525429542474,
        "agreeableness": 0.6453757237945535,
        "neuroticism": 0.49074190121438654
    },
    "mrfabbri": {
        "openness": 0.8215230523731498,
        "conscientiousness": 0.6154304990567758,
        "extraversion": 0.5082551000520784,
        "agreeableness": 0.6571603422743921,
        "neuroticism": 0.515625868793852
    },
    "deavmi": {
        "openness": 0.8125756346204006,
        "conscientiousness": 0.6244710541658458,
        "extraversion": 0.5189638174826908,
        "agreeableness": 0.6956746784298752,
        "neuroticism": 0.5014638733076847
    },
    "chexo3": {
        "openness": 0.7163251348323333,
        "conscientiousness": 0.5904178395742297,
        "extraversion": 0.5085428182555822,
        "agreeableness": 0.6437727144379707,
        "neuroticism": 0.4762265326239963
    },
    "smiller171": {
        "openness": 0.7776594227938495,
        "conscientiousness": 0.5954194416017542,
        "extraversion": 0.47450968577058095,
        "agreeableness": 0.583722201556417,
        "neuroticism": 0.47922440840052105
    },
    "Schezuk": {
        "openness": 0.7429454126775195,
        "conscientiousness": 0.5917053139195254,
        "extraversion": 0.5560881778703457,
        "agreeableness": 0.6835900689182595,
        "neuroticism": 0.5433216878269778
    },
    "packrobottom": {
        "openness": 0.7244899449303954,
        "conscientiousness": 0.550606220936324,
        "extraversion": 0.4414464132314574,
        "agreeableness": 0.6359174499110157,
        "neuroticism": 0.48371105286297655
    },
    "basdds": {
        "openness": 0.7280685417283078,
        "conscientiousness": 0.600919702894974,
        "extraversion": 0.46445111278527923,
        "agreeableness": 0.6378466387964867,
        "neuroticism": 0.4713332835365093
    },
    "jbenet": {
        "openness": 0.8460692560466617,
        "conscientiousness": 0.6171402258103733,
        "extraversion": 0.4691275903226855,
        "agreeableness": 0.6101073097177361,
        "neuroticism": 0.5342335311466149
    },
    "dmitshur": {
        "openness": 0.8048881639421503,
        "conscientiousness": 0.6060315482572475,
        "extraversion": 0.46430375025132337,
        "agreeableness": 0.6433415922592225,
        "neuroticism": 0.5180035344915425
    },
    "botto": {
        "openness": 0.7453633681731731,
        "conscientiousness": 0.5548862419317127,
        "extraversion": 0.5100471170635247,
        "agreeableness": 0.6272760827108734,
        "neuroticism": 0.4652061099013374
    },
    "sleibrock": {
        "openness": 0.7409776407424536,
        "conscientiousness": 0.5948284500752162,
        "extraversion": 0.5090632699681373,
        "agreeableness": 0.6327575103358816,
        "neuroticism": 0.522918224287602
    },
    "haikuginger": {
        "openness": 0.8363340837501774,
        "conscientiousness": 0.5663697148179554,
        "extraversion": 0.4395153264377235,
        "agreeableness": 0.6006659038833653,
        "neuroticism": 0.4612241256644022
    },
    "TheFonix": {
        "openness": 0.7288233212308683,
        "conscientiousness": 0.5773259684178851,
        "extraversion": 0.5309857136036062,
        "agreeableness": 0.6543749079406397,
        "neuroticism": 0.4909492637623617
    },
    "ograff": {
        "openness": 0.7007200469560705,
        "conscientiousness": 0.5985323402879275,
        "extraversion": 0.43487971994930635,
        "agreeableness": 0.6396003808663712,
        "neuroticism": 0.433989748799028
    },
    "za267": {
        "openness": 0.8142343511123056,
        "conscientiousness": 0.57222475921243,
        "extraversion": 0.4628754366230462,
        "agreeableness": 0.6656788304725396,
        "neuroticism": 0.5150931857311497
    },
    "Atheatos": {
        "openness": 0.826342607255156,
        "conscientiousness": 0.5841160857192689,
        "extraversion": 0.46581082149313147,
        "agreeableness": 0.6352525056896279,
        "neuroticism": 0.4932177926838752
    }
}