{
    "julien-f": {
        "openness": 0.811251813223412,
        "conscientiousness": 0.591186219204489,
        "extraversion": 0.4328585221694839,
        "agreeableness": 0.6391394220507416,
        "neuroticism": 0.5065798918942527
    },
    "sindresorhus": {
        "openness": 0.8135231257611387,
        "conscientiousness": 0.6171610724092728,
        "extraversion": 0.4697717342883443,
        "agreeableness": 0.6591882427304131,
        "neuroticism": 0.5174201437453776
    },
    "floatdrop": {
        "openness": 0.8015821542723139,
        "conscientiousness": 0.6071271488986457,
        "extraversion": 0.47927368067562537,
        "agreeableness": 0.6483471949356827,
        "neuroticism": 0.4915003608878136
    },
    "kevva": {
        "openness": 0.803472335841576,
        "conscientiousness": 0.5930614832454838,
        "extraversion": 0.44229160171404847,
        "agreeableness": 0.6378868731718517,
        "neuroticism": 0.5149824652834315
    },
    "stevenvachon": {
        "openness": 0.8199418721083462,
        "conscientiousness": 0.5857467874244884,
        "extraversion": 0.45831761862902476,
        "agreeableness": 0.6361497663526359,
        "neuroticism": 0.5221099521761576
    },
    "thisconnect": {
        "openness": 0.7804505436127325,
        "conscientiousness": 0.5981613061413664,
        "extraversion": 0.4989464612955288,
        "agreeableness": 0.639378001844,
        "neuroticism": 0.5264676387208274
    },
    "vadimdemedes": {
        "openness": 0.7955871446754014,
        "conscientiousness": 0.6253439358788436,
        "extraversion": 0.4842520288341794,
        "agreeableness": 0.6891485697835378,
        "neuroticism": 0.4979871048253024
    },
    "Jakobud": {
        "openness": 0.797154302346906,
        "conscientiousness": 0.5526449099333167,
        "extraversion": 0.5107594503281485,
        "agreeableness": 0.6766813695815095,
        "neuroticism": 0.5026798846870685
    },
    "alextes": {
        "openness": 0.8066236149624513,
        "conscientiousness": 0.5828359420341571,
        "extraversion": 0.4624330668517659,
        "agreeableness": 0.6532374281702997,
        "neuroticism": 0.48745044646253266
    },
    "felixfbecker": {
        "openness": 0.8129106385451518,
        "conscientiousness": 0.5892079837402172,
        "extraversion": 0.46655135591742797,
        "agreeableness": 0.5895106227712559,
        "neuroticism": 0.5438419535432993
    },
    "szmarczak": {
        "openness": 0.8061080899086805,
        "conscientiousness": 0.6023268872456451,
        "extraversion": 0.46922733293483515,
        "agreeableness": 0.6556628417789057,
        "neuroticism": 0.5191596066829157
    },
    "gajus": {
        "openness": 0.8352396792336283,
        "conscientiousness": 0.6130854276913542,
        "extraversion": 0.4969034661528243,
        "agreeableness": 0.6144589823688318,
        "neuroticism": 0.5305666137632782
    },
    "techniq": {
        "openness": 0.7613337557339014,
        "conscientiousness": 0.5449958276759125,
        "extraversion": 0.42388396477593204,
        "agreeableness": 0.6190477637235475,
        "neuroticism": 0.4709930204119562
    },
    "sholladay": {
        "openness": 0.8182724163847759,
        "conscientiousness": 0.5943749019250331,
        "extraversion": 0.4651752499154778,
        "agreeableness": 0.6274937472083064,
        "neuroticism": 0.49246460083241417
    },
    "sheakelly": {
        "openness": 0.8228596064558144,
        "conscientiousness": 0.638605033050667,
        "extraversion": 0.5230564096775943,
        "agreeableness": 0.6466334787465429,
        "neuroticism": 0.6014958936999706
    },
    "SamVerschueren": {
        "openness": 0.8314564443640788,
        "conscientiousness": 0.5814403856643495,
        "extraversion": 0.46892488952684225,
        "agreeableness": 0.6273277430500326,
        "neuroticism": 0.5048695224242128
    },
    "luanmuniz": {
        "openness": 0.7922425383618117,
        "conscientiousness": 0.6276337709652866,
        "extraversion": 0.4234449486857683,
        "agreeableness": 0.6169494052758746,
        "neuroticism": 0.529773727129366
    },
    "pietermees": {
        "openness": 0.8007573662172115,
        "conscientiousness": 0.5895895055334628,
        "extraversion": 0.48479274270053135,
        "agreeableness": 0.623721713067726,
        "neuroticism": 0.5132238547452637
    },
    "hisco": {
        "openness": 0.81228866069593,
        "conscientiousness": 0.6222962859917709,
        "extraversion": 0.485665022113974,
        "agreeableness": 0.6828686145950503,
        "neuroticism": 0.5584744885256311
    },
    "bisubus": {
        "openness": 0.8187051312039959,
        "conscientiousness": 0.5773829051303561,
        "extraversion": 0.44791819746570327,
        "agreeableness": 0.6580181552116477,
        "neuroticism": 0.47543870695452206
    },
    "MarkHerhold": {
        "openness": 0.8293275923936572,
        "conscientiousness": 0.5914305605620108,
        "extraversion": 0.5332098932297095,
        "agreeableness": 0.6510217683743381,
        "neuroticism": 0.49372055050602803
    },
    "ash0080": {
        "openness": 0.808189890782517,
        "conscientiousness": 0.5745390903463561,
        "extraversion": 0.46202614787752994,
        "agreeableness": 0.6191566915878028,
        "neuroticism": 0.49188523986114796
    },
    "reconbot": {
        "openness": 0.7956174717625605,
        "conscientiousness": 0.5985380278020147,
        "extraversion": 0.5295570580863137,
        "agreeableness": 0.6658928068055893,
        "neuroticism": 0.5111199146683404
    },
    "piranna": {
        "openness": 0.8337434654850882,
        "conscientiousness": 0.6172946641525394,
        "extraversion": 0.4457746637592049,
        "agreeableness": 0.6429105576206768,
        "neuroticism": 0.5257808774877614
    },
    "lukechilds": {
        "openness": 0.8089581484703221,
        "conscientiousness": 0.6093948455916353,
        "extraversion": 0.4674970533727594,
        "agreeableness": 0.644888674916498,
        "neuroticism": 0.5151487676393336
    },
    "jkeczan": {
        "openness": 0.773347455172445,
        "conscientiousness": 0.6056227720852295,
        "extraversion": 0.5187638214476165,
        "agreeableness": 0.6672162874081817,
        "neuroticism": 0.4970057829954868
    },
    "antony": {
        "openness": 0.8324573505034196,
        "conscientiousness": 0.5932175407118545,
        "extraversion": 0.465897180584921,
        "agreeableness": 0.6360507004805734,
        "neuroticism": 0.5326675648879327
    },
    "ghost": {
        "openness": 0.8082405172291077,
        "conscientiousness": 0.563964796229877,
        "extraversion": 0.4739942344257513,
        "agreeableness": 0.6171780911143078,
        "neuroticism": 0.5187225236734418
    },
    "djmadeira": {
        "openness": 0.8525874333874712,
        "conscientiousness": 0.6428704062926451,
        "extraversion": 0.5322655557826442,
        "agreeableness": 0.6518131202710804,
        "neuroticism": 0.5862484754641821
    },
    "framerate": {
        "openness": 0.8190548727661356,
        "conscientiousness": 0.6727552648626138,
        "extraversion": 0.488403740016635,
        "agreeableness": 0.7134891000715378,
        "neuroticism": 0.517892304743276
    },
    "timdp": {
        "openness": 0.8050982372348088,
        "conscientiousness": 0.5751095014927848,
        "extraversion": 0.4605081031814673,
        "agreeableness": 0.635105768873813,
        "neuroticism": 0.49807256913691406
    },
    "brandon93s": {
        "openness": 0.823170598052787,
        "conscientiousness": 0.6148446978815179,
        "extraversion": 0.4804752683385932,
        "agreeableness": 0.627191898926734,
        "neuroticism": 0.5150216387362935
    },
    "dertieran": {
        "openness": 0.8036152470903276,
        "conscientiousness": 0.560356561274696,