{
    "sj26": {
        "openness": 0.8072775704664026,
        "conscientiousness": 0.5937699385898239,
        "extraversion": 0.4960517160996084,
        "agreeableness": 0.6541726492417859,
        "neuroticism": 0.5041848174578091
    },
    "crucialwebstudio": {
        "openness": 0.8064959023812022,
        "conscientiousness": 0.5850289828112318,
        "extraversion": 0.520370921169554,
        "agreeableness": 0.7360834621034675,
        "neuroticism": 0.49940766210275167
    },
    "arussel": {
        "openness": 0.7899207342686655,
        "conscientiousness": 0.6268792734053978,
        "extraversion": 0.5444900361651631,
        "agreeableness": 0.7281378329124358,
        "neuroticism": 0.5348045053163859
    },
    "craigmcnamara": {
        "openness": 0.7711142249336898,
        "conscientiousness": 0.5897829565040449,
        "extraversion": 0.546120080143084,
        "agreeableness": 0.6401698786147993,
        "neuroticism": 0.527190505794974
    },
    "ghost": {
        "openness": 0.7727051298933129,
        "conscientiousness": 0.5836960991617213,
        "extraversion": 0.5007498405802107,
        "agreeableness": 0.6691560417607254,
        "neuroticism": 0.4944968555367151
    },
    "phillbaker": {
        "openness": 0.7579429650052608,
        "conscientiousness": 0.6613229058679709,
        "extraversion": 0.5463446218827603,
        "agreeableness": 0.7140615835532929,
        "neuroticism": 0.536941317724238
    },
    "mmrobins": {
        "openness": 0.7489164678196795,
        "conscientiousness": 0.6249108742704018,
        "extraversion": 0.5289006776188454,
        "agreeableness": 0.7235563522148022,
        "neuroticism": 0.4985906395126175
    },
    "amree": {
        "openness": 0.7500724572355078,
        "conscientiousness": 0.5894552313253248,
        "extraversion": 0.47954887050363426,
        "agreeableness": 0.6679852663560685,
        "neuroticism": 0.5035367401200866
    },
    "jondkinney": {
        "openness": 0.7971923746804671,
        "conscientiousness": 0.6497834192088834,
        "extraversion": 0.4254133594482276,
        "agreeableness": 0.6289604329330567,
        "neuroticism": 0.5216579503148104
    },
    "gondo": {
        "openness": 0.8009172925904601,
        "conscientiousness": 0.6181404494068645,
        "extraversion": 0.5292583366866189,
        "agreeableness": 0.6981854369650227,
        "neuroticism": 0.532709738387069
    },
    "smith": {
        "openness": 0.7925564268120606,
        "conscientiousness": 0.5615149443930155,
        "extraversion": 0.5251909473580794,
        "agreeableness": 0.681685324733742,
        "neuroticism": 0.5040241798525356
    },
    "dobermai": {
        "openness": 0.7634791068330433,
        "conscientiousness": 0.5359317929557862,
        "extraversion": 0.42313625408462574,
        "agreeableness": 0.6037224595667467,
        "neuroticism": 0.4713960119381388
    },
    "sancromeu": {
        "openness": 0.8571065874050832,
        "conscientiousness": 0.5929102543978384,
        "extraversion": 0.480484451375257,
        "agreeableness": 0.6251489402351735,
        "neuroticism": 0.48238335095061724
    },
    "sunilkr": {
        "openness": 0.7573667994543343,
        "conscientiousness": 0.5875901019588536,
        "extraversion": 0.46808107277789124,
        "agreeableness": 0.6435083368046203,
        "neuroticism": 0.5375093076472097
    },
    "Faison": {
        "openness": 0.777900460247872,
        "conscientiousness": 0.6066436710604636,
        "extraversion": 0.4508860895797505,
        "agreeableness": 0.6333907315740294,
        "neuroticism": 0.5449209945307303
    },
    "boxheed": {
        "openness": 0.7989532613288869,
        "conscientiousness": 0.5578750485449295,
        "extraversion": 0.3688421090509914,
        "agreeableness": 0.570028559273716,
        "neuroticism": 0.46810241415673143
    },
    "abrambailey": {
        "openness": 0.7530193166556446,
        "conscientiousness": 0.6028951982202828,
        "extraversion": 0.410952989898676,
        "agreeableness": 0.607604458531762,
        "neuroticism": 0.529445584932883
    },
    "bergerjac": {
        "openness": 0.8473666545545224,
        "conscientiousness": 0.6214002495920928,
        "extraversion": 0.5496263278928846,
        "agreeableness": 0.7121971356015455,
        "neuroticism": 0.5198963711006425
    },
    "jondoe1337": {
        "openness": 0.7773657344386712,
        "conscientiousness": 0.6221106042870943,
        "extraversion": 0.4918071994573685,
        "agreeableness": 0.6967455850408968,
        "neuroticism": 0.5050236600203142
    },
    "tobinibot": {
        "openness": 0.8038977143003067,
        "conscientiousness": 0.5984975732868678,
        "extraversion": 0.49457811936042906,
        "agreeableness": 0.6814019436436147,
        "neuroticism": 0.49519253501055305
    },
    "chrishough": {
        "openness": 0.8000532455589175,
        "conscientiousness": 0.6505027542533649,
        "extraversion": 0.5149842469450856,
        "agreeableness": 0.7117917811928106,
        "neuroticism": 0.5413007905274855
    },
    "marcosgdf": {
        "openness": 0.7813209426742078,
        "conscientiousness": 0.6193955306491227,
        "extraversion": 0.582826104977241,
        "agreeableness": 0.7346581550495621,
        "neuroticism": 0.5494651335163712
    },
    "danlo": {
        "openness": 0.7737168535503158,
        "conscientiousness": 0.5945318045508894,
        "extraversion": 0.496328000886122,
        "agreeableness": 0.6331466167564704,
        "neuroticism": 0.5454361845313256
    },
    "BrizzleRocker": {
        "openness": 0.7565579305456266,
        "conscientiousness": 0.6205343839944913,
        "extraversion": 0.5374394230495957,
        "agreeableness": 0.7221415389354291,
        "neuroticism": 0.5239072913949039
    },
    "eexit": {
        "openness": 0.7541143996372108,
        "conscientiousness": 0.600160051779707,
        "extraversion": 0.5336895874096946,
        "agreeableness": 0.7230870393629323,
        "neuroticism": 0.46594517207212127
    },
    "fero8": {
        "openness": 0.7794794200106788,
        "conscientiousness": 0.6038733894000602,
        "extraversion": 0.5570505688547943,
        "agreeableness": 0.7337064656162431,
        "neuroticism": 0.5033271318853567
    },
    "Erwane": {
        "openness": 0.811023408296393,
        "conscientiousness": 0.5439422487631168,
        "extraversion": 0.4836581284899943,
        "agreeableness": 0.6307212126669022,
        "neuroticism": 0.4500636866694252
    },
    "alexbowers": {
        "openness": 0.7828917988622196,
        "conscientiousness": 0.6005742904365066,
        "extraversion": 0.40689907873274034,
        "agreeableness": 0.6371752577626234,
        "neuroticism": 0.507428504093214
    },
    "JamesChevalier": {
        "openness": 0.799451994587964,
        "conscientiousness": 0.6202962691167916,
        "extraversion": 0.4261629447664155,
        "agreeableness": 0.635180853092768,
        "neuroticism": 0.5519732494542826
    },
    "daccle": {
        "openness": 0.7658450156898305,
        "conscientiousness": 0.6107169433648086,
        "extraversion": 0.5473730598325405,
        "agreeableness": 0.7284383859335642,
        "neuroticism": 0.4992391314397573
    },
    "liamjones": {
        "openness": 0.7644287194577625,
        "conscientiousness": 0.6070003153317703,
        "extraversion": 0.5228150809650952,
        "agreeableness": 0.6688135651457064,
        "neuroticism": 0.5485063492338158
    },
    "MacroMackie": {
        "openness": 0.802271545985737,
        "conscientiousness": 0.5918391072082564,
        "extraversion": 0.5445207308612646,
        "agreeableness": 0.6940829891570848,
        "neuroticism": 0.5001305457980387
    },
    "wadestuart": {
        "openness": 0.8280508378939143,
        "conscientiousness": 0.5801174953386978,
        "extraversion": 0.5021307691471755,