{
    "gergelyorosz": {
        "openness": 0.803859318251285,
        "conscientiousness": 0.651236673151509,
        "extraversion": 0.4952996418465052,
        "agreeableness": 0.6989792576072513,
        "neuroticism": 0.5134124663207654
    },
    "intonarumori": {
        "openness": 0.8136226893446085,
        "conscientiousness": 0.6409590356639121,
        "extraversion": 0.49370368403718723,
        "agreeableness": 0.6330951919067527,
        "neuroticism": 0.537445463818657
    },
    "k0nserv": {
        "openness": 0.814255479816233,
        "conscientiousness": 0.6249454850239919,
        "extraversion": 0.4969009354515901,
        "agreeableness": 0.6722769364703853,
        "neuroticism": 0.5111682791993613
    },
    "pichirichi": {
        "openness": 0.7943777432129443,
        "conscientiousness": 0.6104117982901436,
        "extraversion": 0.477916651854308,
        "agreeableness": 0.6105011299818841,
        "neuroticism": 0.5200259519029173
    },
    "kwstasna": {
        "openness": 0.8217201471215994,
        "conscientiousness": 0.608210608721835,
        "extraversion": 0.5317546461459443,
        "agreeableness": 0.6237509346355865,
        "neuroticism": 0.509537986691457
    },
    "bogren": {
        "openness": 0.7988599928132236,
        "conscientiousness": 0.6203359461007226,
        "extraversion": 0.4828504424814186,
        "agreeableness": 0.6219207116245169,
        "neuroticism": 0.5420002176727159
    },
    "freakdragon": {
        "openness": 0.7864126366561109,
        "conscientiousness": 0.5221975883238756,
        "extraversion": 0.4607119417292655,
        "agreeableness": 0.6553895719425148,
        "neuroticism": 0.3505466433346233
    },
    "Tom-Fox1": {
        "openness": 0.8146272514102938,
        "conscientiousness": 0.5912599628571891,
        "extraversion": 0.5176820805097408,
        "agreeableness": 0.6407937136893208,
        "neuroticism": 0.480362197790309
    }
}