{
    "evansolomon": {
        "openness": 0.808268666492405,
        "conscientiousness": 0.5704264780434433,
        "extraversion": 0.4668684992687188,
        "agreeableness": 0.6770331404317171,
        "neuroticism": 0.5043747662175728
    },
    "ccoenen": {
        "openness": 0.7260900197151433,
        "conscientiousness": 0.5715171619142617,
        "extraversion": 0.4586639350158644,
        "agreeableness": 0.6664714681726001,
        "neuroticism": 0.3682091002766082
    },
    "np0x": {
        "openness": 0.7028235084302616,
        "conscientiousness": 0.5909369379588517,
        "extraversion": 0.46882478848263465,
        "agreeableness": 0.6912163185331246,
        "neuroticism": 0.3398322497927027
    },
    "vanm": {
        "openness": 0.8101874395245546,
        "conscientiousness": 0.6055196873100498,
        "extraversion": 0.5024844305321945,
        "agreeableness": 0.6340109430471841,
        "neuroticism": 0.501584474799986
    },
    "l12s": {
        "openness": 0.8055774414365326,
        "conscientiousness": 0.6298173457594624,
        "extraversion": 0.505904019511166,
        "agreeableness": 0.6613840097445085,
        "neuroticism": 0.5279417421551298
    },
    "paulhammond": {
        "openness": 0.8214278174211881,
        "conscientiousness": 0.5988910754126673,
        "extraversion": 0.4965142700409374,
        "agreeableness": 0.6611819245969941,
        "neuroticism": 0.4968060650527599
    },
    "ekmartin": {
        "openness": 0.8108352032024895,
        "conscientiousness": 0.5775643538453565,
        "extraversion": 0.5086818085193773,
        "agreeableness": 0.6319955464841008,
        "neuroticism": 0.5194248292492794
    },
    "jvelliott": {
        "openness": 0.7907139893476489,
        "conscientiousness": 0.532614156030086,
        "extraversion": 0.48600716282947415,
        "agreeableness": 0.6373875020509668,
        "neuroticism": 0.42995065319241826
    },
    "aoberoi": {
        "openness": 0.8175493545649418,
        "conscientiousness": 0.6093813322685866,
        "extraversion": 0.4974577084671559,
        "agreeableness": 0.6482783404497509,
        "neuroticism": 0.5190455696247579
    },
    "DEGoodmanWilson": {
        "openness": 0.8112948734644259,
        "conscientiousness": 0.6349365950468528,
        "extraversion": 0.5028378504149961,
        "agreeableness": 0.6931740411588319,
        "neuroticism": 0.5077018822503626
    },
    "msabramo": {
        "openness": 0.7688082924920283,
        "conscientiousness": 0.5893509761257943,
        "extraversion": 0.5489725089386273,
        "agreeableness": 0.7235443313700536,
        "neuroticism": 0.48092721754947554
    },
    "kurisubrooks": {
        "openness": 0.7898974223897877,
        "conscientiousness": 0.606416675754366,
        "extraversion": 0.4467452839515602,
        "agreeableness": 0.6240035707220568,
        "neuroticism": 0.5446176101908886
    },
    "clavin": {
        "openness": 0.8251004571315507,
        "conscientiousness": 0.587136911544934,
        "extraversion": 0.48869025799547383,
        "agreeableness": 0.6238069175625409,
        "neuroticism": 0.5136357259138693
    },
    "NikolayS": {
        "openness": 0.7894209914314844,
        "conscientiousness": 0.5561559111858239,
        "extraversion": 0.4729990172504279,
        "agreeableness": 0.6522201901219664,
        "neuroticism": 0.4252753430873067
    },
    "mvaragnat": {
        "openness": 0.8023004797416529,
        "conscientiousness": 0.570241890080954,
        "extraversion": 0.43362136268509255,
        "agreeableness": 0.6312269417772605,
        "neuroticism": 0.5200372593027847
    },
    "brunosiqueira": {
        "openness": 0.8075964944639469,
        "conscientiousness": 0.6117801566611807,
        "extraversion": 0.5092956742423782,
        "agreeableness": 0.604489989167167,
        "neuroticism": 0.5643825718786902
    },
    "martindale": {
        "openness": 0.7745463463539003,
        "conscientiousness": 0.5060546842026766,
        "extraversion": 0.4571154667947137,
        "agreeableness": 0.6311000877957793,
        "neuroticism": 0.4122018272382666
    },
    "gregorskii": {
        "openness": 0.7898193561488696,
        "conscientiousness": 0.5426746696026175,
        "extraversion": 0.4825070845319845,
        "agreeableness": 0.6004654300138055,
        "neuroticism": 0.46631300062031544
    },
    "benzmuircroft": {
        "openness": 0.7459745976568465,
        "conscientiousness": 0.5309198870801981,
        "extraversion": 0.4696593117296551,
        "agreeableness": 0.6185717095304492,
        "neuroticism": 0.42086177357303683
    },
    "PaulAsjes": {
        "openness": 0.7941038457015784,
        "conscientiousness": 0.5795679681514284,
        "extraversion": 0.4720217166241071,
        "agreeableness": 0.6460081744822731,
        "neuroticism": 0.49141181647720245
    },
    "technicalpickles": {
        "openness": 0.815476927629975,
        "conscientiousness": 0.5798410512910183,
        "extraversion": 0.4679443604673756,
        "agreeableness": 0.6581238580625672,
        "neuroticism": 0.4935539525650277
    },
    "coveralls": {
        "openness": 0.706960505742483,
        "conscientiousness": 0.6196086405275789,
        "extraversion": 0.505135095353621,
        "agreeableness": 0.7045748127792639,
        "neuroticism": 0.4784213120680643
    },
    "codecov-io": {
        "openness": 0.8044639659223147,
        "conscientiousness": 0.6086652082433127,
        "extraversion": 0.5183188693730938,
        "agreeableness": 0.6951432141666931,
        "neuroticism": 0.49956467634450985
    },
    "mwildehahn": {
        "openness": 0.7965321438645808,
        "conscientiousness": 0.5602015866913174,
        "extraversion": 0.4776817364158846,
        "agreeableness": 0.6333323476661175,
        "neuroticism": 0.4748166064573912
    },
    "CharlieHess": {
        "openness": 0.8127177214734451,
        "conscientiousness": 0.6205738868649507,
        "extraversion": 0.46785511427259946,
        "agreeableness": 0.6239102454595895,
        "neuroticism": 0.49381296937576347
    },
    "twellspring": {
        "openness": 0.7457437630796804,
        "conscientiousness": 0.5647142992066343,
        "extraversion": 0.5009557076466987,
        "agreeableness": 0.6954402618849169,
        "neuroticism": 0.41743803196430307
    },
    "Roach": {
        "openness": 0.8249191241520385,
        "conscientiousness": 0.6503540300161504,
        "extraversion": 0.5065874647333632,
        "agreeableness": 0.6685652587777011,
        "neuroticism": 0.579897212641202
    },
    "dsimmons": {
        "openness": 0.8695305272217261,
        "conscientiousness": 0.6029667474618617,
        "extraversion": 0.5091602883938491,
        "agreeableness": 0.6903668783843897,
        "neuroticism": 0.5240497593963154
    },
    "bmajz": {
        "openness": 0.7344375647956644,
        "conscientiousness": 0.5939297451559824,
        "extraversion": 0.4224914906990843,
        "agreeableness": 0.6610731434867108,
        "neuroticism": 0.4440880884983354
    },
    "codecov[bot]": {
        "openness": 0.7888475326049567,
        "conscientiousness": 0.6094957007482584,
        "extraversion": 0.5030352875852252,
        "agreeableness": 0.7353018162768797,
        "neuroticism": 0.49724381152465325
    },
    "raoradica": {
        "openness": 0.8039299044268488,
        "conscientiousness": 0.5780091511377367,
        "extraversion": 0.5111672538288221,
        "agreeableness": 0.646750939139658,
        "neuroticism": 0.5049647685674727
    },
    "shanedewael": {
        "openness": 0.8292982036822333,
        "conscientiousness": 0.5636122891652503,
        "extraversion": 0.46144417451726205,
        "agreeableness": 0.6160615627741779,
        "neuroticism": 0.5003457051523226
    },
    "CLAassistant": {
        "openness": 0.8161882201315717,
        "conscientiousness": 0.719963481846484,