{
    "rauchg": {
        "openness": 0.8039055133880908,
        "conscientiousness": 0.6144847143511077,
        "extraversion": 0.5028626684991893,
        "agreeableness": 0.6441153455979202,
        "neuroticism": 0.5253123579156135
    },
    "kapouer": {
        "openness": 0.7911744017224762,
        "conscientiousness": 0.571182132322015,
        "extraversion": 0.4485743261021595,
        "agreeableness": 0.6260097223411218,
        "neuroticism": 0.4993086278129414
    },
    "nicokaiser": {
        "openness": 0.808759189761523,
        "conscientiousness": 0.5752531526798457,
        "extraversion": 0.5304489552757394,
        "agreeableness": 0.6437282508170772,
        "neuroticism": 0.4939139233627712
    },
    "3rd-Eden": {
        "openness": 0.8052000400626926,
        "conscientiousness": 0.6093098702787237,
        "extraversion": 0.5047689340120134,
        "agreeableness": 0.6403511764416425,
        "neuroticism": 0.524161064025654
    },
    "EugenDueck": {
        "openness": 0.8322603944728232,
        "conscientiousness": 0.5925294056225779,
        "extraversion": 0.5033044699496946,
        "agreeableness": 0.658033164116665,
        "neuroticism": 0.5067543335313902
    },
    "plievone": {
        "openness": 0.8199690421916824,
        "conscientiousness": 0.6178359133188922,
        "extraversion": 0.5057560422677506,
        "agreeableness": 0.6720277723421215,
        "neuroticism": 0.5291463514085274
    },
    "afshinm": {
        "openness": 0.8210158094189614,
        "conscientiousness": 0.6169115885506222,
        "extraversion": 0.48634625511390944,
        "agreeableness": 0.6620567274736923,
        "neuroticism": 0.49651330910535474
    },
    "cadorn": {
        "openness": 0.8056563889022261,
        "conscientiousness": 0.6150212001403059,
        "extraversion": 0.48421488722722333,
        "agreeableness": 0.6242794870203523,
        "neuroticism": 0.5304325229287132
    },
    "defunctzombie": {
        "openness": 0.8197236719169452,
        "conscientiousness": 0.6265204998547461,
        "extraversion": 0.4978357817920487,
        "agreeableness": 0.6331867806312128,
        "neuroticism": 0.5234753833120378
    },
    "thalesfsp": {
        "openness": 0.7897526014020922,
        "conscientiousness": 0.5727209358305836,
        "extraversion": 0.4509530361530655,
        "agreeableness": 0.7289040821621364,
        "neuroticism": 0.44468742003591594
    },
    "roamm": {
        "openness": 0.7857193165954313,
        "conscientiousness": 0.5635437730068426,
        "extraversion": 0.44532769536314615,
        "agreeableness": 0.6487748856020581,
        "neuroticism": 0.47205296884109826
    },
    "c4milo": {
        "openness": 0.8048148782894368,
        "conscientiousness": 0.6257253050903382,
        "extraversion": 0.5773150337717655,
        "agreeableness": 0.6921923206454415,
        "neuroticism": 0.5589641880919987
    },
    "konstantinzolotarev": {
        "openness": 0.8125337343474156,
        "conscientiousness": 0.5590663603867906,
        "extraversion": 0.5132280779468802,
        "agreeableness": 0.703709195925656,
        "neuroticism": 0.4759393974645947
    },
    "darrachequesne": {
        "openness": 0.7979553537927495,
        "conscientiousness": 0.6045590253509979,
        "extraversion": 0.4878043509799752,
        "agreeableness": 0.6879282886705114,
        "neuroticism": 0.5184883485941216
    },
    "rase-": {
        "openness": 0.8181181474496768,
        "conscientiousness": 0.6237101094412657,
        "extraversion": 0.5194438668574922,
        "agreeableness": 0.6885439612045412,
        "neuroticism": 0.5388258094298732
    },
    "mokesmokes": {
        "openness": 0.8106411951760806,
        "conscientiousness": 0.622535320298309,
        "extraversion": 0.5196474135142681,
        "agreeableness": 0.6314763034687996,
        "neuroticism": 0.5501313703139109
    },
    "lemonzi": {
        "openness": 0.8279329102476639,
        "conscientiousness": 0.6005819378362401,
        "extraversion": 0.5293241844787796,
        "agreeableness": 0.6141213803965504,
        "neuroticism": 0.5574527459640918
    },
    "laino": {
        "openness": 0.7775987608381646,
        "conscientiousness": 0.5983573876598806,
        "extraversion": 0.426882080446085,
        "agreeableness": 0.6463327863763351,
        "neuroticism": 0.5126077502402796
    },
    "lpinca": {
        "openness": 0.7787446826796123,
        "conscientiousness": 0.5698783624953996,
        "extraversion": 0.4297486866481284,
        "agreeableness": 0.595757327244099,
        "neuroticism": 0.4964546040716235
    },
    "verrier": {
        "openness": 0.7451522786887488,
        "conscientiousness": 0.5692818969214476,
        "extraversion": 0.48789265741663373,
        "agreeableness": 0.6664662964112236,
        "neuroticism": 0.4230564693165826
    },
    "timcosta": {
        "openness": 0.8254872265347712,
        "conscientiousness": 0.6256903920124124,
        "extraversion": 0.5210676284995506,
        "agreeableness": 0.6451694192401989,
        "neuroticism": 0.5238886479795286
    },
    "lcalvy": {
        "openness": 0.8050040565993832,
        "conscientiousness": 0.6185550712142932,
        "extraversion": 0.5808360896265106,
        "agreeableness": 0.6509861239116321,
        "neuroticism": 0.5240091188866173
    },
    "radicans": {
        "openness": 0.789821278644216,
        "conscientiousness": 0.6476367174588278,
        "extraversion": 0.5413953761894957,
        "agreeableness": 0.6722677789556817,
        "neuroticism": 0.5467475568333193
    },
    "nkzawa": {
        "openness": 0.796921374453647,
        "conscientiousness": 0.6121365963558858,
        "extraversion": 0.4474552601715503,
        "agreeableness": 0.6585892160716182,
        "neuroticism": 0.5349941267332085
    },
    "MiLk": {
        "openness": 0.8206243958502057,
        "conscientiousness": 0.6224493123437986,
        "extraversion": 0.4960114132636796,
        "agreeableness": 0.6013601685604848,
        "neuroticism": 0.565317939170543
    },
    "dirkmc": {
        "openness": 0.7980609343103325,
        "conscientiousness": 0.5945250924698899,
        "extraversion": 0.5081189816296212,
        "agreeableness": 0.6587482588867324,
        "neuroticism": 0.5104919333385656
    },
    "STRML": {
        "openness": 0.804670741338562,
        "conscientiousness": 0.5696218986132968,
        "extraversion": 0.4786575087845723,
        "agreeableness": 0.5998019919918481,
        "neuroticism": 0.5126844503388943
    },
    "posita": {
        "openness": 0.7288384547041804,
        "conscientiousness": 0.6140121389465213,
        "extraversion": 0.5085230974122995,
        "agreeableness": 0.7084794109178939,
        "neuroticism": 0.4886742148780871
    },
    "gsklee": {
        "openness": 0.7337898881478115,
        "conscientiousness": 0.5984197126313109,
        "extraversion": 0.453362949498719,
        "agreeableness": 0.6722683490618866,
        "neuroticism": 0.4240720620092522
    },
    "alexhultman": {
        "openness": 0.7830279801804434,
        "conscientiousness": 0.5675897600403184,
        "extraversion": 0.42189034555350946,
        "agreeableness": 0.5987885188247332,
        "neuroticism": 0.4833218178637022
    },
    "hairyhenderson": {
        "openness": 0.8102881614076431,
        "conscientiousness": 0.5747523519489798,
        "extraversion": 0.44813534046917314,
        "agreeableness": 0.6250651371019267,
        "neuroticism": 0.491337521905778
    },
    "Dynalon": {
        "openness": 0.8004335118711564,
        "conscientiousness": 0.6059909764941449,
        "extraversion": 0.4803476157162493,
        "agreeableness": 0.6043410946115204,
        "neuroticism": 0.5324486196612637
    },
    "dongmaster": {
        "openness": 0.76940309064184,
        "conscientiousness": 0.6026055511124514,
        "extraversion": 0.5148272758160627,