{
    "socketstream-owen": {
        "openness": 0.799300573454019,
        "conscientiousness": 0.6380610629529746,
        "extraversion": 0.49115365297672064,
        "agreeableness": 0.682634375144138,
        "neuroticism": 0.5254748656363166
    },
    "paulbjensen": {
        "openness": 0.79972263156482,
        "conscientiousness": 0.6171448939038925,
        "extraversion": 0.4808211908495941,
        "agreeableness": 0.6478103805008559,
        "neuroticism": 0.5279346471293646
    },
    "pusewicz": {
        "openness": 0.7697773057455582,
        "conscientiousness": 0.5843195476037929,
        "extraversion": 0.4944557614873966,
        "agreeableness": 0.6417891056797783,
        "neuroticism": 0.48096846657928394
    },
    "addyosmani": {
        "openness": 0.8057021043630919,
        "conscientiousness": 0.5937992514656393,
        "extraversion": 0.4539387648715698,
        "agreeableness": 0.6861350298110753,
        "neuroticism": 0.4714286826918951
    },
    "elisee": {
        "openness": 0.7954707368463716,
        "conscientiousness": 0.5932170718580814,
        "extraversion": 0.4316083793270814,
        "agreeableness": 0.6436924166084994,
        "neuroticism": 0.5034581977497761
    },
    "ggoodman": {
        "openness": 0.8108187263394009,
        "conscientiousness": 0.5709075639019923,
        "extraversion": 0.5173728932552268,
        "agreeableness": 0.6597149678480408,
        "neuroticism": 0.5212608738149763
    },
    "dlindahl": {
        "openness": 0.8159285580734799,
        "conscientiousness": 0.584183761789757,
        "extraversion": 0.4873603136321904,
        "agreeableness": 0.6577732283499409,
        "neuroticism": 0.5499524520762356
    },
    "andreyvit": {
        "openness": 0.8150948332768567,
        "conscientiousness": 0.6198871042816012,
        "extraversion": 0.44743635137267346,
        "agreeableness": 0.6074156381557115,
        "neuroticism": 0.48174708400274674
    },
    "colinsullivan": {
        "openness": 0.8220123903418692,
        "conscientiousness": 0.650088961016084,
        "extraversion": 0.578826397033382,
        "agreeableness": 0.7209744077718707,
        "neuroticism": 0.5254443923322936
    },
    "harlanji": {
        "openness": 0.8059728799808067,
        "conscientiousness": 0.582050754544852,
        "extraversion": 0.45133668406167854,
        "agreeableness": 0.632872029275344,
        "neuroticism": 0.47468968503277353
    },
    "igagen": {
        "openness": 0.787826147106063,
        "conscientiousness": 0.6543491654299247,
        "extraversion": 0.4769748320418883,
        "agreeableness": 0.7251698720563022,
        "neuroticism": 0.5012698237386911
    },
    "bminer": {
        "openness": 0.8162681178954466,
        "conscientiousness": 0.6222647478373486,
        "extraversion": 0.4429686778544262,
        "agreeableness": 0.7145311470619164,
        "neuroticism": 0.4877868281964703
    },
    "life0fun": {
        "openness": 0.7875428390864282,
        "conscientiousness": 0.5970254985811755,
        "extraversion": 0.4715812640743075,
        "agreeableness": 0.6739130764424709,
        "neuroticism": 0.4826101173289585
    },
    "nponeccop": {
        "openness": 0.7911165827750968,
        "conscientiousness": 0.591804777201036,
        "extraversion": 0.47414805000813354,
        "agreeableness": 0.6068318797619976,
        "neuroticism": 0.5005726147431753
    },
    "sberryman": {
        "openness": 0.8029247827235129,
        "conscientiousness": 0.6133777712435836,
        "extraversion": 0.4966414022832275,
        "agreeableness": 0.6442494554375179,
        "neuroticism": 0.5308483427530709
    },
    "owenb": {
        "openness": 0.796696432748473,
        "conscientiousness": 0.6277978176124485,
        "extraversion": 0.4873495712825957,
        "agreeableness": 0.6945868182279658,
        "neuroticism": 0.5133345771883124
    },
    "kyokpae": {
        "openness": 0.7979594367964873,
        "conscientiousness": 0.620759015177832,
        "extraversion": 0.5096617416781375,
        "agreeableness": 0.6620421434141658,
        "neuroticism": 0.49329884512732536
    },
    "rednaxus": {
        "openness": 0.8180348024108535,
        "conscientiousness": 0.5692496565246745,
        "extraversion": 0.4680691543773907,
        "agreeableness": 0.6561762026912051,
        "neuroticism": 0.45431255204624166
    },
    "aliasone": {
        "openness": 0.7886295319354132,
        "conscientiousness": 0.5386694525099971,
        "extraversion": 0.3713984933019506,
        "agreeableness": 0.6360756084986925,
        "neuroticism": 0.42110378670104837
    },
    "ghost": {
        "openness": 0.8009309382320706,
        "conscientiousness": 0.6293394812663152,
        "extraversion": 0.4756221036101457,
        "agreeableness": 0.6237102007454121,
        "neuroticism": 0.5349137399107452
    },
    "drosen0": {
        "openness": 0.8091145024386245,
        "conscientiousness": 0.5679721671253227,
        "extraversion": 0.41136764916799495,
        "agreeableness": 0.5724001137806064,
        "neuroticism": 0.484387711031876
    },
    "davej": {
        "openness": 0.7831344162052951,
        "conscientiousness": 0.5800729141491544,
        "extraversion": 0.39304805683276867,
        "agreeableness": 0.5756797617673678,
        "neuroticism": 0.5167952494498843
    },
    "haohello": {
        "openness": 0.8266814040041981,
        "conscientiousness": 0.6157241652909111,
        "extraversion": 0.49040887382781373,
        "agreeableness": 0.6157522484515494,
        "neuroticism": 0.5524059929688461
    },
    "gilbert": {
        "openness": 0.8238609054855381,
        "conscientiousness": 0.613689422239505,
        "extraversion": 0.46620326131614076,
        "agreeableness": 0.5859843301274135,
        "neuroticism": 0.5423059637030638
    },
    "arxpoetica": {
        "openness": 0.813578567166731,
        "conscientiousness": 0.5769461837341009,
        "extraversion": 0.47178930336356073,
        "agreeableness": 0.6654296475222403,
        "neuroticism": 0.46131755424008036
    },
    "drauschenbach": {
        "openness": 0.8167637813181381,
        "conscientiousness": 0.6060552749049644,
        "extraversion": 0.49984900732973925,
        "agreeableness": 0.6329182136010152,
        "neuroticism": 0.4989870749763362
    },
    "plievone": {
        "openness": 0.8325613310677087,
        "conscientiousness": 0.6129307383851844,
        "extraversion": 0.5022013904473782,
        "agreeableness": 0.6326363296586535,
        "neuroticism": 0.5397946217705171
    },
    "luksch": {
        "openness": 0.7820535724844307,
        "conscientiousness": 0.5927070859903463,
        "extraversion": 0.45944524602303205,
        "agreeableness": 0.6459351341368512,
        "neuroticism": 0.4647772722803014
    },
    "kulicuu": {
        "openness": 0.8047373553298806,
        "conscientiousness": 0.5885639860751167,
        "extraversion": 0.47821777540278965,
        "agreeableness": 0.6342043550538738,
        "neuroticism": 0.4764035000368191
    },
    "thepian": {
        "openness": 0.8192734770068677,
        "conscientiousness": 0.60816993883592,
        "extraversion": 0.47216214928655753,
        "agreeableness": 0.6244538868396053,
        "neuroticism": 0.5163620997599568
    },
    "jbremmer": {
        "openness": 0.7668670371828391,
        "conscientiousness": 0.5569197829021797,
        "extraversion": 0.47222737952999305,
        "agreeableness": 0.6339637877515937,
        "neuroticism": 0.4636424168424757
    },
    "wmulligan": {
        "openness": 0.8443640318397352,
        "conscientiousness": 0.6201162791964554,
        "extraversion": 0.43673851113822615,
        "agreeableness": 0.6365962817955285,
        "neuroticism": 0.5495617385484595
    },
    "sebv": {
        "openness": 0.792386978100939,
        "conscientiousness": 0.58356337858128,
        "extraversion": 0.5057810044507562,