{
    "soffes": {
        "openness": 0.8042367765870277,
        "conscientiousness": 0.611292608832708,
        "extraversion": 0.4867025096890183,
        "agreeableness": 0.6626420350790551,
        "neuroticism": 0.5055202210647991
    },
    "jilouc": {
        "openness": 0.7619377851010384,
        "conscientiousness": 0.61303061045928,
        "extraversion": 0.47344893358948725,
        "agreeableness": 0.6789609359521812,
        "neuroticism": 0.4634286878475453
    },
    "ma11hew28": {
        "openness": 0.813252305223653,
        "conscientiousness": 0.6415389839198614,
        "extraversion": 0.48047720945263644,
        "agreeableness": 0.6954097539045762,
        "neuroticism": 0.5492461286658403
    },
    "alloy": {
        "openness": 0.8264383821117807,
        "conscientiousness": 0.6132614686625153,
        "extraversion": 0.48088743565962666,
        "agreeableness": 0.664664088882641,
        "neuroticism": 0.5356290588531215
    },
    "webdevotion": {
        "openness": 0.8296527545017595,
        "conscientiousness": 0.5956027941616499,
        "extraversion": 0.4899269641749782,
        "agreeableness": 0.6310743341827847,
        "neuroticism": 0.5035358218336311
    },
    "elitalon": {
        "openness": 0.7905632792028405,
        "conscientiousness": 0.5376220743441348,
        "extraversion": 0.4568560126074356,
        "agreeableness": 0.6203146286930719,
        "neuroticism": 0.44628092634521277
    },
    "sethfri": {
        "openness": 0.7952943555300513,
        "conscientiousness": 0.5974911957149653,
        "extraversion": 0.5413210880824455,
        "agreeableness": 0.6805546169703417,
        "neuroticism": 0.520324159895144
    },
    "siuying": {
        "openness": 0.7122296621265711,
        "conscientiousness": 0.6166833927307394,
        "extraversion": 0.4737838580354914,
        "agreeableness": 0.6971997141538477,
        "neuroticism": 0.4435330231024507
    }
}