{
    "dnobori": {
        "openness": 0.819257702993776,
        "conscientiousness": 0.642574604192908,
        "extraversion": 0.5276120385553102,
        "agreeableness": 0.620772122053415,
        "neuroticism": 0.5837101037772416
    },
    "moatazelmasry2": {
        "openness": 0.8013421694298419,
        "conscientiousness": 0.6347205916324418,
        "extraversion": 0.5201286141183648,
        "agreeableness": 0.66007381561304,
        "neuroticism": 0.5274821406286734
    },
    "ksimonenko-zz": {
        "openness": 0.7787130823456022,
        "conscientiousness": 0.6279700258538233,
        "extraversion": 0.540860190623197,
        "agreeableness": 0.6530799604258581,
        "neuroticism": 0.5533631072583787
    },
    "paskal": {
        "openness": 0.786495213421519,
        "conscientiousness": 0.5875757966053634,
        "extraversion": 0.43543237559025866,
        "agreeableness": 0.6097329956514065,
        "neuroticism": 0.4869803879244025
    },
    "aenertia": {
        "openness": 0.807027768842624,
        "conscientiousness": 0.6408311877097259,
        "extraversion": 0.556665915366717,
        "agreeableness": 0.6314310421959969,
        "neuroticism": 0.5668223672398769
    },
    "vampywiz17": {
        "openness": 0.756931017121016,
        "conscientiousness": 0.5846324653041153,
        "extraversion": 0.43493000244216073,
        "agreeableness": 0.606940030747045,
        "neuroticism": 0.547352733552798
    },
    "macvk": {
        "openness": 0.7815485417879978,
        "conscientiousness": 0.6175004218862747,
        "extraversion": 0.5077944295716816,
        "agreeableness": 0.6092725328250217,
        "neuroticism": 0.5616207686116583
    },
    "chipitsine": {
        "openness": 0.7933927646676804,
        "conscientiousness": 0.6240476435009751,
        "extraversion": 0.4760835295067586,
        "agreeableness": 0.6658898374640769,
        "neuroticism": 0.5128062881396243
    },
    "ghost": {
        "openness": 0.7540812542697238,
        "conscientiousness": 0.6089845268551909,
        "extraversion": 0.47657472072465257,
        "agreeableness": 0.6540373465591682,
        "neuroticism": 0.5313046295750773
    },
    "tonychung00": {
        "openness": 0.7445615837980425,
        "conscientiousness": 0.5822834575357845,
        "extraversion": 0.4697625504632081,
        "agreeableness": 0.6543345268446044,
        "neuroticism": 0.4399449417114635
    },
    "davidebeatrici": {
        "openness": 0.8010312996668456,
        "conscientiousness": 0.6285633811357286,
        "extraversion": 0.4869101399967899,
        "agreeableness": 0.6322067277380667,
        "neuroticism": 0.5579125176507951
    },
    "fenice2": {
        "openness": 0.837142615281413,
        "conscientiousness": 0.6155307451069932,
        "extraversion": 0.5096857341092906,
        "agreeableness": 0.6498212260314773,
        "neuroticism": 0.5102989213917151
    },
    "meganerd": {
        "openness": 0.809225631516026,
        "conscientiousness": 0.6231920010877054,
        "extraversion": 0.530765238777191,
        "agreeableness": 0.643084370104854,
        "neuroticism": 0.5380878724496215
    },
    "jdstroy": {
        "openness": 0.7934316876095397,
        "conscientiousness": 0.5774517077288066,
        "extraversion": 0.507841547606905,
        "agreeableness": 0.5441015812315928,
        "neuroticism": 0.5675485254024438
    },
    "petergsnm": {
        "openness": 0.7803103748288878,
        "conscientiousness": 0.6182771773706505,
        "extraversion": 0.5338387123500451,
        "agreeableness": 0.6263258415006444,
        "neuroticism": 0.5754377925049581
    },
    "hsaito": {
        "openness": 0.7989865934626337,
        "conscientiousness": 0.5883944943236031,
        "extraversion": 0.483355893123556,
        "agreeableness": 0.6070452900943284,
        "neuroticism": 0.5473679314056061
    },
    "MtCedarNet": {
        "openness": 0.7616327791777413,
        "conscientiousness": 0.5993409927196438,
        "extraversion": 0.5167705243975349,
        "agreeableness": 0.5776800622214102,
        "neuroticism": 0.5954922553778956
    },
    "patrakov": {
        "openness": 0.8118579344231831,
        "conscientiousness": 0.6036127340588255,
        "extraversion": 0.5243857672143091,
        "agreeableness": 0.6009831842954295,
        "neuroticism": 0.5670790179337815
    },
    "NoahO": {
        "openness": 0.8125111584170129,
        "conscientiousness": 0.6171274776206577,
        "extraversion": 0.47621538239221783,
        "agreeableness": 0.608014704443874,
        "neuroticism": 0.5653193169319022
    },
    "BlackHoleFox": {
        "openness": 0.7802864564857471,
        "conscientiousness": 0.601567326030471,
        "extraversion": 0.4385641428499392,
        "agreeableness": 0.5846561096364369,
        "neuroticism": 0.536820515205471
    },
    "mproper": {
        "openness": 0.7783053051781379,
        "conscientiousness": 0.5767808886158936,
        "extraversion": 0.48595897205383093,
        "agreeableness": 0.6835469590691892,
        "neuroticism": 0.3730140227147414
    },
    "pedigree": {
        "openness": 0.7443371012873325,
        "conscientiousness": 0.5997304253785203,
        "extraversion": 0.49726076066765024,
        "agreeableness": 0.7067466792145631,
        "neuroticism": 0.36600281642735844
    },
    "qbeukes": {
        "openness": 0.8021412974044776,
        "conscientiousness": 0.6097366699034895,
        "extraversion": 0.5246292777604266,
        "agreeableness": 0.628036779462714,
        "neuroticism": 0.5469524258890516
    },
    "GildedHonour": {
        "openness": 0.8117674790931374,
        "conscientiousness": 0.5921815546964309,
        "extraversion": 0.48732228900508473,
        "agreeableness": 0.6047553644377677,
        "neuroticism": 0.5454780091426548
    },
    "paulmenzel": {
        "openness": 0.8146021671635169,
        "conscientiousness": 0.6242344825859,
        "extraversion": 0.5187319177637114,
        "agreeableness": 0.6577276541048989,
        "neuroticism": 0.5386128427500356
    },
    "muelli": {
        "openness": 0.8433158814652418,
        "conscientiousness": 0.5867154031400833,
        "extraversion": 0.4662792151173462,
        "agreeableness": 0.5894456840885662,
        "neuroticism": 0.531955821153505
    },
    "cmdwhoami": {
        "openness": 0.7462501764476095,
        "conscientiousness": 0.5617867417317436,
        "extraversion": 0.4955704107255868,
        "agreeableness": 0.5587298397834063,
        "neuroticism": 0.5234354818261361
    },
    "cm0x4D": {
        "openness": 0.7728154113916108,
        "conscientiousness": 0.5723407716810923,
        "extraversion": 0.4480147777841136,
        "agreeableness": 0.6153097654155614,
        "neuroticism": 0.43861398889002046
    },
    "SplatterPaw": {
        "openness": 0.784253774268689,
        "conscientiousness": 0.5915212412138416,
        "extraversion": 0.5008967910562055,
        "agreeableness": 0.5911382469108832,
        "neuroticism": 0.5074754268057602
    },
    "xortim": {
        "openness": 0.8365532225746015,
        "conscientiousness": 0.6186227842785548,
        "extraversion": 0.5197943667175046,
        "agreeableness": 0.6591914829951145,
        "neuroticism": 0.5124486778736461
    },
    "w1bsb": {
        "openness": 0.7860830141723107,
        "conscientiousness": 0.6229961931125996,
        "extraversion": 0.4235696489540975,
        "agreeableness": 0.648662024950436,
        "neuroticism": 0.5216260671235178
    },
    "maurerr": {
        "openness": 0.7809372045996471,
        "conscientiousness": 0.6261391062719979,
        "extraversion": 0.4965827699441667,
        "agreeableness": 0.5954495288197527,
        "neuroticism": 0.5766330977028029
    },
    "DDGo": {
        "openness": 0.7818642029435605,
        "conscientiousness": 0.5994765830347514,
        "extraversion": 0.4829708274206322,