{
    "toddtreece": {
        "openness": 0.7862149977878784,
        "conscientiousness": 0.6215225524142264,
        "extraversion": 0.4783257554592834,
        "agreeableness": 0.6464833431355547,
        "neuroticism": 0.5409335583723635
    },
    "MajicCat": {
        "openness": 0.8058183222899874,
        "conscientiousness": 0.6106325389847697,
        "extraversion": 0.4954865603601893,
        "agreeableness": 0.6103564331509194,
        "neuroticism": 0.5102289355709064
    },
    "brennen": {
        "openness": 0.8249931742004577,
        "conscientiousness": 0.6266958874717753,
        "extraversion": 0.5537753346511972,
        "agreeableness": 0.7196611792388673,
        "neuroticism": 0.5009080510797466
    },
    "bboyho": {
        "openness": 0.8082181900179974,
        "conscientiousness": 0.6322758233270152,
        "extraversion": 0.5044491248546156,
        "agreeableness": 0.6351632306873873,
        "neuroticism": 0.49582481975375786
    },
    "naikrovek": {
        "openness": 0.8105468026839466,
        "conscientiousness": 0.5673086486599178,
        "extraversion": 0.47615927621073967,
        "agreeableness": 0.6160465574602971,
        "neuroticism": 0.4826748882572639
    },
    "jbdatko": {
        "openness": 0.7929036672188553,
        "conscientiousness": 0.6092264602083661,
        "extraversion": 0.5312707594376025,
        "agreeableness": 0.6520484646074785,
        "neuroticism": 0.5524282545141206
    },
    "tryceattack": {
        "openness": 0.8114212698521633,
        "conscientiousness": 0.5847643045056611,
        "extraversion": 0.5025969072415393,
        "agreeableness": 0.7116410484442884,
        "neuroticism": 0.5001628465278367
    },
    "johncohn": {
        "openness": 0.773606931263311,
        "conscientiousness": 0.6157124265688518,
        "extraversion": 0.5354894467078999,
        "agreeableness": 0.6478119079384431,
        "neuroticism": 0.5453404978393597
    },
    "lectroidmarc": {
        "openness": 0.8005701531389446,
        "conscientiousness": 0.5851160851436626,
        "extraversion": 0.5074262702498168,
        "agreeableness": 0.6665218146947552,
        "neuroticism": 0.5351409775453357
    },
    "imp-guru": {
        "openness": 0.8233277036764446,
        "conscientiousness": 0.6318706727830123,
        "extraversion": 0.5128258232857479,
        "agreeableness": 0.693865883410231,
        "neuroticism": 0.5241887241555219
    },
    "liudr": {
        "openness": 0.8045885459371068,
        "conscientiousness": 0.613942095429045,
        "extraversion": 0.4926685027941807,
        "agreeableness": 0.6684137799677665,
        "neuroticism": 0.5249235627596207
    },
    "emcniece": {
        "openness": 0.7480774172085128,
        "conscientiousness": 0.5901243519373608,
        "extraversion": 0.45435359986834306,
        "agreeableness": 0.6545995794562204,
        "neuroticism": 0.4540687517578004
    },
    "B504now": {
        "openness": 0.7922532919930753,
        "conscientiousness": 0.6088064046031277,
        "extraversion": 0.5287846978129825,
        "agreeableness": 0.6511505534654998,
        "neuroticism": 0.4944698322678164
    },
    "ghost": {
        "openness": 0.7864343399294291,
        "conscientiousness": 0.6629602627846002,
        "extraversion": 0.4689075523430941,
        "agreeableness": 0.6965236046358294,
        "neuroticism": 0.5431022906672524
    },
    "piettetech": {
        "openness": 0.7825479499378725,
        "conscientiousness": 0.5989541227314258,
        "extraversion": 0.5604163851584736,
        "agreeableness": 0.6744482417831273,
        "neuroticism": 0.5062629211694394
    },
    "DanwithArduino": {
        "openness": 0.7846678946607388,
        "conscientiousness": 0.5859103456413299,
        "extraversion": 0.4787284134850328,
        "agreeableness": 0.6065639366684257,
        "neuroticism": 0.5309941183490541
    },
    "m4ddav3": {
        "openness": 0.7574026247825965,
        "conscientiousness": 0.5898793310669463,
        "extraversion": 0.512916435842333,
        "agreeableness": 0.6554841631964934,
        "neuroticism": 0.49623512790040525
    },
    "datacute": {
        "openness": 0.8169047288301986,
        "conscientiousness": 0.5880542408722994,
        "extraversion": 0.4639508263771577,
        "agreeableness": 0.5622260160337029,
        "neuroticism": 0.5094300512935876
    },
    "mperignon": {
        "openness": 0.8017132655781836,
        "conscientiousness": 0.6047417654772577,
        "extraversion": 0.47926061360130057,
        "agreeableness": 0.6281274439412692,
        "neuroticism": 0.5392101056652945
    },
    "astroeng": {
        "openness": 0.7907631061778585,
        "conscientiousness": 0.6045660121628846,
        "extraversion": 0.46388506380971756,
        "agreeableness": 0.6261306440711107,
        "neuroticism": 0.49310612550344285
    },
    "jmcgnh": {
        "openness": 0.7679857919915495,
        "conscientiousness": 0.560490727803439,
        "extraversion": 0.4713158142182218,
        "agreeableness": 0.6416877624066712,
        "neuroticism": 0.506157031145718
    }
}