{
    "petejkim": {
        "openness": 0.7843233999352693,
        "conscientiousness": 0.6123086558020359,
        "extraversion": 0.432343866518968,
        "agreeableness": 0.6398111483231671,
        "neuroticism": 0.4915636732225186
    },
    "jspahrsummers": {
        "openness": 0.8142638140698539,
        "conscientiousness": 0.6221146134069881,
        "extraversion": 0.462207309989912,
        "agreeableness": 0.6412048733510449,
        "neuroticism": 0.5272642445467794
    },
    "nerdyc": {
        "openness": 0.8003495761311747,
        "conscientiousness": 0.5981978928376264,
        "extraversion": 0.49749119337370634,
        "agreeableness": 0.6247257556259318,
        "neuroticism": 0.5029388021631482
    },
    "drouchy": {
        "openness": 0.7811653811903151,
        "conscientiousness": 0.5486465293313255,
        "extraversion": 0.4312519472848002,
        "agreeableness": 0.6046277718523267,
        "neuroticism": 0.44858274867785164
    },
    "orta": {
        "openness": 0.811303522874432,
        "conscientiousness": 0.5983224051607791,
        "extraversion": 0.4621279073622202,
        "agreeableness": 0.6304248861492475,
        "neuroticism": 0.48563689189681103
    },
    "ianmurrays": {
        "openness": 0.7894341941823845,
        "conscientiousness": 0.5720459137112814,
        "extraversion": 0.4989037568209682,
        "agreeableness": 0.5897555229836682,
        "neuroticism": 0.48828935183341937
    },
    "thalmicMark": {
        "openness": 0.7724087080471957,
        "conscientiousness": 0.601191838845083,
        "extraversion": 0.44168990582684603,
        "agreeableness": 0.609376091339976,
        "neuroticism": 0.4851753520469015
    },
    "vtsatskin": {
        "openness": 0.8258603694229233,
        "conscientiousness": 0.5638852352416781,
        "extraversion": 0.4597557454002228,
        "agreeableness": 0.5763329121838575,
        "neuroticism": 0.5422509526159652
    },
    "blakewatters": {
        "openness": 0.8059065111562158,
        "conscientiousness": 0.6165840080864742,
        "extraversion": 0.49589447388138086,
        "agreeableness": 0.6196682679426052,
        "neuroticism": 0.49964021563179684
    },
    "ghost": {
        "openness": 0.7690998112544007,
        "conscientiousness": 0.5944750775890796,
        "extraversion": 0.4369300911456133,
        "agreeableness": 0.5592457228019276,
        "neuroticism": 0.48435952943603766
    },
    "tonyarnold": {
        "openness": 0.7980414688502491,
        "conscientiousness": 0.6041634193242474,
        "extraversion": 0.43648063573183904,
        "agreeableness": 0.6136924175893459,
        "neuroticism": 0.47734425270589204
    },
    "gfontenot": {
        "openness": 0.798916054138262,
        "conscientiousness": 0.5756077267787515,
        "extraversion": 0.4220275880643964,
        "agreeableness": 0.6765041666217054,
        "neuroticism": 0.4592848040397244
    },
    "robb": {
        "openness": 0.8100511887020573,
        "conscientiousness": 0.5990358583539724,
        "extraversion": 0.4996912810314205,
        "agreeableness": 0.6740415165145983,
        "neuroticism": 0.5080540997979325
    },
    "mickeyreiss": {
        "openness": 0.7967321836638808,
        "conscientiousness": 0.6005684332193341,
        "extraversion": 0.4366358778543825,
        "agreeableness": 0.6302833047061058,
        "neuroticism": 0.42975673842651646
    },
    "bainfu": {
        "openness": 0.7334660535083876,
        "conscientiousness": 0.5541602495778059,
        "extraversion": 0.4144809378562775,
        "agreeableness": 0.6174090746832173,
        "neuroticism": 0.38785719230419324
    },
    "modocache": {
        "openness": 0.8138498673626119,
        "conscientiousness": 0.6096549034984646,
        "extraversion": 0.4655280365184775,
        "agreeableness": 0.6279471539532342,
        "neuroticism": 0.4995788091443088
    },
    "cyupa": {
        "openness": 0.7921353169424558,
        "conscientiousness": 0.6190480799245435,
        "extraversion": 0.4378547350752978,
        "agreeableness": 0.6023941685231621,
        "neuroticism": 0.5092314011573724
    },
    "AgileMantis": {
        "openness": 0.8567506491911973,
        "conscientiousness": 0.6175501871241418,
        "extraversion": 0.508012176611339,
        "agreeableness": 0.654966145775133,
        "neuroticism": 0.5017443086419309
    },
    "dbarden": {
        "openness": 0.8177897221549886,
        "conscientiousness": 0.6011088308631368,
        "extraversion": 0.40632986905104573,
        "agreeableness": 0.5663058583408017,
        "neuroticism": 0.48449289094898484
    },
    "paweldudek": {
        "openness": 0.7929147324032831,
        "conscientiousness": 0.5824183817841216,
        "extraversion": 0.46691198393283506,
        "agreeableness": 0.6473773938385785,
        "neuroticism": 0.454688406015632
    },
    "fatuhoku": {
        "openness": 0.789474803837651,
        "conscientiousness": 0.5752851741050842,
        "extraversion": 0.46038619716739293,
        "agreeableness": 0.6243303546020156,
        "neuroticism": 0.46683770848886064
    },
    "rbsgn": {
        "openness": 0.7834474657935909,
        "conscientiousness": 0.5808087929537122,
        "extraversion": 0.419253430533693,
        "agreeableness": 0.651394844550609,
        "neuroticism": 0.4823702500121794
    },
    "pk": {
        "openness": 0.8102945510462523,
        "conscientiousness": 0.6071202601716994,
        "extraversion": 0.4247162740837501,
        "agreeableness": 0.5874514788428357,
        "neuroticism": 0.5295609381594668
    },
    "StatusReport": {
        "openness": 0.7753231499835257,
        "conscientiousness": 0.6214116028577069,
        "extraversion": 0.44483516171876275,
        "agreeableness": 0.6566487452748191,
        "neuroticism": 0.4958083891999129
    },
    "delebedev": {
        "openness": 0.7651144057460917,
        "conscientiousness": 0.6018999441053704,
        "extraversion": 0.4520106837204061,
        "agreeableness": 0.5843934601174552,
        "neuroticism": 0.4495153714372133
    },
    "akashivskyy": {
        "openness": 0.7953163505841261,
        "conscientiousness": 0.6183761920779464,
        "extraversion": 0.5152590994688879,
        "agreeableness": 0.6629528196270114,
        "neuroticism": 0.5018834334966914
    },
    "slhodson969": {
        "openness": 0.7713377592384466,
        "conscientiousness": 0.5488383393660052,
        "extraversion": 0.45447027153553976,
        "agreeableness": 0.5898467988256029,
        "neuroticism": 0.4191671568810852
    },
    "J-Rojas": {
        "openness": 0.81659447733874,
        "conscientiousness": 0.6000935111093737,
        "extraversion": 0.5191759641516175,
        "agreeableness": 0.6144671486244975,
        "neuroticism": 0.49664067966797026
    },
    "lysannschlegel": {
        "openness": 0.7983124181027539,
        "conscientiousness": 0.6291288956533225,
        "extraversion": 0.46400373692421526,
        "agreeableness": 0.5785607150475374,
        "neuroticism": 0.4910360879071891
    },
    "wasnotrice": {
        "openness": 0.7979994534493967,
        "conscientiousness": 0.6039443022866906,
        "extraversion": 0.4155235246430489,
        "agreeableness": 0.6170930724111647,
        "neuroticism": 0.5115366639301431
    },
    "Goles": {
        "openness": 0.7773881033496515,
        "conscientiousness": 0.5851871556602548,
        "extraversion": 0.4360544143473864,
        "agreeableness": 0.6566650592005718,
        "neuroticism": 0.4878290155126537
    },
    "hyperspacemark": {
        "openness": 0.7900478105888524,
        "conscientiousness": 0.6274657059654306,
        "extraversion": 0.4019074734697867,
        "agreeableness": 0.5837545592323252,
        "neuroticism": 0.5546962074766841
    },
    "eunikolsky": {
        "openness": 0.7730306631161972,
        "conscientiousness": 0.5869831110118198,