{
    "danielnorberg": {
        "openness": 0.8019862716905364,
        "conscientiousness": 0.6115508405830848,
        "extraversion": 0.46840081678025886,
        "agreeableness": 0.6142984721543125,
        "neuroticism": 0.5330244269776865
    },
    "rohansingh": {
        "openness": 0.8030515909005524,
        "conscientiousness": 0.6073007232757616,
        "extraversion": 0.46386860731729274,
        "agreeableness": 0.6329044445737715,
        "neuroticism": 0.49483922610715503
    },
    "drewcsillag": {
        "openness": 0.8009992890477622,
        "conscientiousness": 0.5849204863032758,
        "extraversion": 0.47071726025951344,
        "agreeableness": 0.6265023249781748,
        "neuroticism": 0.49996324699498595
    },
    "ramonck": {
        "openness": 0.7186092321196271,
        "conscientiousness": 0.5879606949758586,
        "extraversion": 0.44471593595186815,
        "agreeableness": 0.635820573299896,
        "neuroticism": 0.48035621953264407
    },
    "rculbertson": {
        "openness": 0.7993494746460358,
        "conscientiousness": 0.6201847291627776,
        "extraversion": 0.4652228180439131,
        "agreeableness": 0.6478902832670703,
        "neuroticism": 0.5258070552040047
    },
    "davidxia": {
        "openness": 0.7474493039727681,
        "conscientiousness": 0.5816897909618142,
        "extraversion": 0.4576540263936567,
        "agreeableness": 0.6341393673890285,
        "neuroticism": 0.454023421334509
    },
    "mattnworb": {
        "openness": 0.803108193722383,
        "conscientiousness": 0.5841673577906299,
        "extraversion": 0.4760806662974383,
        "agreeableness": 0.6090625463112589,
        "neuroticism": 0.5072334970240788
    },
    "bismoy2013": {
        "openness": 0.7223713358405881,
        "conscientiousness": 0.5963163001043638,
        "extraversion": 0.42787702874495903,
        "agreeableness": 0.6349074783971242,
        "neuroticism": 0.4803475087550453
    },
    "mbruggmann": {
        "openness": 0.7625037798968416,
        "conscientiousness": 0.584622595080581,
        "extraversion": 0.45777174030689927,
        "agreeableness": 0.5711054403281333,
        "neuroticism": 0.5134892898342972
    },
    "carlanton": {
        "openness": 0.7755396354681398,
        "conscientiousness": 0.6220409271198868,
        "extraversion": 0.46362058184586685,
        "agreeableness": 0.610306609938882,
        "neuroticism": 0.502762807908523
    },
    "alejandrojnm": {
        "openness": 0.7777167434880187,
        "conscientiousness": 0.5947259911013982,
        "extraversion": 0.504270854318782,
        "agreeableness": 0.6735917049056037,
        "neuroticism": 0.4755709751530656
    },
    "jypma": {
        "openness": 0.8041014600003863,
        "conscientiousness": 0.5780592733413928,
        "extraversion": 0.504609705473551,
        "agreeableness": 0.6119972544888955,
        "neuroticism": 0.5392007048441932
    },
    "gimaker": {
        "openness": 0.8050578013297471,
        "conscientiousness": 0.5814904672004418,
        "extraversion": 0.4713655290954563,
        "agreeableness": 0.6251928500556079,
        "neuroticism": 0.4976708168059528
    },
    "codecov-io": {
        "openness": 0.8269490283173111,
        "conscientiousness": 0.6349137605097037,
        "extraversion": 0.5147437537188301,
        "agreeableness": 0.700516648404973,
        "neuroticism": 0.5240585296276421
    },
    "dligthart": {
        "openness": 0.6984201912984548,
        "conscientiousness": 0.622345417592953,
        "extraversion": 0.42927182955643806,
        "agreeableness": 0.6862341604488132,
        "neuroticism": 0.4467457835277141
    },
    "udomsak": {
        "openness": 0.7774239492323296,
        "conscientiousness": 0.6130634188400516,
        "extraversion": 0.5256390583975825,
        "agreeableness": 0.6212070621124697,
        "neuroticism": 0.5134744066596724
    },
    "piccobit": {
        "openness": 0.7102078984311223,
        "conscientiousness": 0.6102684114124728,
        "extraversion": 0.4743928802293613,
        "agreeableness": 0.6961252266645195,
        "neuroticism": 0.4206525040247838
    },
    "negz": {
        "openness": 0.8073560726332739,
        "conscientiousness": 0.5873291619157677,
        "extraversion": 0.45479501914428755,
        "agreeableness": 0.6350127801878178,
        "neuroticism": 0.476716166124901
    },
    "daenney": {
        "openness": 0.7666071180539829,
        "conscientiousness": 0.5326964239254798,
        "extraversion": 0.47087354783914925,
        "agreeableness": 0.6326825826120227,
        "neuroticism": 0.46165051737151297
    },
    "caipre": {
        "openness": 0.8402047223298412,
        "conscientiousness": 0.602902227137304,
        "extraversion": 0.5039438564041105,
        "agreeableness": 0.6432597694886055,
        "neuroticism": 0.5106878238267275
    }
}