{
    "krolow": {
        "openness": 0.8096273319106225,
        "conscientiousness": 0.6418140123507224,
        "extraversion": 0.47693152866954364,
        "agreeableness": 0.6881202117639919,
        "neuroticism": 0.5521872816276266
    },
    "maxcnunes": {
        "openness": 0.8146875707088381,
        "conscientiousness": 0.626182464760787,
        "extraversion": 0.47561559557571864,
        "agreeableness": 0.6396625023992938,
        "neuroticism": 0.5506021219658781
    },
    "BornaP": {
        "openness": 0.8141920215357532,
        "conscientiousness": 0.6209248415139554,
        "extraversion": 0.5081996153304417,
        "agreeableness": 0.6667048038452847,
        "neuroticism": 0.5248017581825986
    },
    "darkwisperer": {
        "openness": 0.8027925276827375,
        "conscientiousness": 0.6083265727278849,
        "extraversion": 0.4489813524924602,
        "agreeableness": 0.607952733429779,
        "neuroticism": 0.5027048836348589
    },
    "eMerzh": {
        "openness": 0.8198034179429994,
        "conscientiousness": 0.5923582144707783,
        "extraversion": 0.4891718818167565,
        "agreeableness": 0.6616749771705268,
        "neuroticism": 0.514096837856265
    },
    "radimsuckr": {
        "openness": 0.74173255512316,
        "conscientiousness": 0.55323652517779,
        "extraversion": 0.3890816819996725,
        "agreeableness": 0.5895129669657049,
        "neuroticism": 0.44824248214474316
    },
    "joeblew99": {
        "openness": 0.8306223943531492,
        "conscientiousness": 0.6264023832049828,
        "extraversion": 0.5494089822431234,
        "agreeableness": 0.6151932451879494,
        "neuroticism": 0.529509665472881
    },
    "s-kem": {
        "openness": 0.8158373239701435,
        "conscientiousness": 0.58217070066467,
        "extraversion": 0.46199599167889227,
        "agreeableness": 0.6202741419722362,
        "neuroticism": 0.5173512102811084
    },
    "ghedwards": {
        "openness": 0.7715478235389611,
        "conscientiousness": 0.596872868675473,
        "extraversion": 0.5163745784266279,
        "agreeableness": 0.6588469346964565,
        "neuroticism": 0.46553033711092917
    },
    "adifaidz": {
        "openness": 0.8074082149560935,
        "conscientiousness": 0.5816920893049523,
        "extraversion": 0.46126477931928644,
        "agreeableness": 0.5775155735536349,
        "neuroticism": 0.5350930560336817
    },
    "synle": {
        "openness": 0.8117787140169497,
        "conscientiousness": 0.6095923673352489,
        "extraversion": 0.4640149526244489,
        "agreeableness": 0.6080536142869792,
        "neuroticism": 0.5209951313420195
    },
    "tyx": {
        "openness": 0.7217195848028701,
        "conscientiousness": 0.575763595885321,
        "extraversion": 0.47405516480983706,
        "agreeableness": 0.6608305670143575,
        "neuroticism": 0.44805110037730894
    },
    "jleclanche": {
        "openness": 0.8064670984216445,
        "conscientiousness": 0.5418229552899381,
        "extraversion": 0.4587641779743831,
        "agreeableness": 0.6253427956685211,
        "neuroticism": 0.45827078035551627
    },
    "fire": {
        "openness": 0.7629572536536827,
        "conscientiousness": 0.6168777851197729,
        "extraversion": 0.4816493141226754,
        "agreeableness": 0.6072297300478595,
        "neuroticism": 0.5072188979487777
    },
    "barneydmedia": {
        "openness": 0.8086665168112952,
        "conscientiousness": 0.5972058894203528,
        "extraversion": 0.42923701070602194,
        "agreeableness": 0.6649117398115858,
        "neuroticism": 0.4902407953835491
    }
}