{
    "mbostock": {
        "openness": 0.8269014708814414,
        "conscientiousness": 0.6140327798098262,
        "extraversion": 0.4905303030035604,
        "agreeableness": 0.6731979977310862,
        "neuroticism": 0.5410395039555475
    },
    "jedsmallwood": {
        "openness": 0.829041783071677,
        "conscientiousness": 0.5692198339077609,
        "extraversion": 0.49286197618797956,
        "agreeableness": 0.649315151996963,
        "neuroticism": 0.4877039783346816
    },
    "RandomEtc": {
        "openness": 0.809027757585279,
        "conscientiousness": 0.5997138400538311,
        "extraversion": 0.4890186058307244,
        "agreeableness": 0.6597920809745372,
        "neuroticism": 0.4771779532115866
    },
    "Marsup": {
        "openness": 0.8005645892120239,
        "conscientiousness": 0.589697745856123,
        "extraversion": 0.4546191820474858,
        "agreeableness": 0.6547838522515387,
        "neuroticism": 0.4836963740162759
    },
    "hustonhoburg": {
        "openness": 0.7882643045941395,
        "conscientiousness": 0.6258404317541776,
        "extraversion": 0.5202772935265614,
        "agreeableness": 0.6535659797181258,
        "neuroticism": 0.5494370601137734
    },
    "ticean": {
        "openness": 0.8214949090917743,
        "conscientiousness": 0.5894778649975703,
        "extraversion": 0.5149001717110118,
        "agreeableness": 0.6811646077871705,
        "neuroticism": 0.45489930330971073
    }
}