{
    "ericelliott": {
        "openness": 0.8239905736934661,
        "conscientiousness": 0.5971369171486554,
        "extraversion": 0.48840931816941224,
        "agreeableness": 0.6269080598729295,
        "neuroticism": 0.5067315322826892
    },
    "Pickachu": {
        "openness": 0.8317182380037779,
        "conscientiousness": 0.5785728606985211,
        "extraversion": 0.5299948923980584,
        "agreeableness": 0.6479975630205816,
        "neuroticism": 0.504056347365049
    },
    "bitmage": {
        "openness": 0.802395633068852,
        "conscientiousness": 0.5278669391657479,
        "extraversion": 0.42586691786852693,
        "agreeableness": 0.6205882560301003,
        "neuroticism": 0.44212592079150315
    },
    "RainerAtSpirit": {
        "openness": 0.8013445533294025,
        "conscientiousness": 0.6125778953823025,
        "extraversion": 0.49003856890670383,
        "agreeableness": 0.6336116529691116,
        "neuroticism": 0.5645903319294415
    },
    "koresar": {
        "openness": 0.8073062199428517,
        "conscientiousness": 0.590870875639602,
        "extraversion": 0.4744044627883768,
        "agreeableness": 0.6272305092230155,
        "neuroticism": 0.493430357417452
    },
    "jtenner": {
        "openness": 0.8198759771691287,
        "conscientiousness": 0.5509175226466774,
        "extraversion": 0.4640232286380308,
        "agreeableness": 0.6153397005041619,
        "neuroticism": 0.47372899724487705
    },
    "foxaal": {
        "openness": 0.8478105177121236,
        "conscientiousness": 0.5575780066818956,
        "extraversion": 0.4840298560339097,
        "agreeableness": 0.5954271333134458,
        "neuroticism": 0.48877851570123754
    },
    "JosephClay": {
        "openness": 0.82453357038431,
        "conscientiousness": 0.5684411474959463,
        "extraversion": 0.4614615378681644,
        "agreeableness": 0.5866479130017139,
        "neuroticism": 0.48172069258981143
    },
    "FredyC": {
        "openness": 0.8207031590615655,
        "conscientiousness": 0.5788630558423264,
        "extraversion": 0.4532478008606489,
        "agreeableness": 0.6679699926245921,
        "neuroticism": 0.46476482541447683
    },
    "unstoppablecarl": {
        "openness": 0.8477610570943562,
        "conscientiousness": 0.6038869672494622,
        "extraversion": 0.48559356396670406,
        "agreeableness": 0.6503613880841287,
        "neuroticism": 0.5119596307321067
    },
    "sethlivingston": {
        "openness": 0.799588995126733,
        "conscientiousness": 0.6218723051179055,
        "extraversion": 0.47112546504099373,
        "agreeableness": 0.6520018068012423,
        "neuroticism": 0.49265087806316954
    },
    "troutowicz": {
        "openness": 0.8204923175712346,
        "conscientiousness": 0.5768399346817055,
        "extraversion": 0.4819987046425656,
        "agreeableness": 0.6199050138272357,
        "neuroticism": 0.4815509533647748
    },
    "boneskull": {
        "openness": 0.8126830567428873,
        "conscientiousness": 0.5262381110073155,
        "extraversion": 0.4423036525443496,
        "agreeableness": 0.6563546164520717,
        "neuroticism": 0.45371805270306
    },
    "lecstor": {
        "openness": 0.8011475039054277,
        "conscientiousness": 0.5279293490557575,
        "extraversion": 0.44982745647448774,
        "agreeableness": 0.6457329374159967,
        "neuroticism": 0.4409210325480737
    },
    "lwhorton": {
        "openness": 0.8146179470587074,
        "conscientiousness": 0.598818076861202,
        "extraversion": 0.4492310932449605,
        "agreeableness": 0.7127483342017535,
        "neuroticism": 0.4963267658952638
    },
    "nkbt": {
        "openness": 0.7877207836323424,
        "conscientiousness": 0.6393754576550347,
        "extraversion": 0.48355001334654923,
        "agreeableness": 0.6516643489378321,
        "neuroticism": 0.5335484987042132
    },
    "msageryd": {
        "openness": 0.7954379653531889,
        "conscientiousness": 0.5638764112936024,
        "extraversion": 0.4439552601243448,
        "agreeableness": 0.625718662769326,
        "neuroticism": 0.507551289555475
    },
    "tcrosen": {
        "openness": 0.7945358458405201,
        "conscientiousness": 0.5940900549712683,
        "extraversion": 0.5248219265841951,
        "agreeableness": 0.6600779432597961,
        "neuroticism": 0.5020190360160119
    },
    "nathanmarks": {
        "openness": 0.8087732160565586,
        "conscientiousness": 0.4703932178134902,
        "extraversion": 0.4466955174641202,
        "agreeableness": 0.5947727529092184,
        "neuroticism": 0.34965988982877777
    },
    "davewallace": {
        "openness": 0.8211179748977531,
        "conscientiousness": 0.5388721655677958,
        "extraversion": 0.45000684955933534,
        "agreeableness": 0.6467280369124315,
        "neuroticism": 0.44290132093976664
    },
    "acao": {
        "openness": 0.7882923941699601,
        "conscientiousness": 0.5564642099397964,
        "extraversion": 0.4871729530111655,
        "agreeableness": 0.6369946590232746,
        "neuroticism": 0.4521857942221558
    },
    "mdhooge": {
        "openness": 0.7806612914734183,
        "conscientiousness": 0.525305958858717,
        "extraversion": 0.46515031828952574,
        "agreeableness": 0.5763037701148759,
        "neuroticism": 0.48262732141196596
    },
    "harm-less": {
        "openness": 0.7976988458131409,
        "conscientiousness": 0.5270198015361012,
        "extraversion": 0.4330680086818786,
        "agreeableness": 0.6270700658081433,
        "neuroticism": 0.46133652508080525
    },
    "BerkeleyTrue": {
        "openness": 0.80688924802301,
        "conscientiousness": 0.5726821792580462,
        "extraversion": 0.4830266819327574,
        "agreeableness": 0.6179882033665105,
        "neuroticism": 0.5016640014947435
    },
    "mdix": {
        "openness": 0.8038468658217369,
        "conscientiousness": 0.5977315212998244,
        "extraversion": 0.4659264162419353,
        "agreeableness": 0.6229053708509826,
        "neuroticism": 0.5054727517015951
    },
    "lorenzofox3": {
        "openness": 0.8151584644142302,
        "conscientiousness": 0.6118710234127267,
        "extraversion": 0.5217243484197521,
        "agreeableness": 0.658182455333716,
        "neuroticism": 0.5039755154765004
    },
    "namirsab": {
        "openness": 0.8005251285045519,
        "conscientiousness": 0.5934762755273729,
        "extraversion": 0.5207656375978857,
        "agreeableness": 0.6833190381943249,
        "neuroticism": 0.5087192085498371
    },
    "hoschi": {
        "openness": 0.7468396689549206,
        "conscientiousness": 0.6201726180648377,
        "extraversion": 0.44882880552871673,
        "agreeableness": 0.631314560437447,
        "neuroticism": 0.5274909643832087
    },
    "Sigfried": {
        "openness": 0.8163658413924691,
        "conscientiousness": 0.5530990963279644,
        "extraversion": 0.49010281866295136,
        "agreeableness": 0.6378515684057757,
        "neuroticism": 0.4340769423020593
    },
    "gajewsk2": {
        "openness": 0.7819672370617085,
        "conscientiousness": 0.5707841411320748,
        "extraversion": 0.5016258824622817,
        "agreeableness": 0.6357574431836553,
        "neuroticism": 0.468227137413319
    },
    "Mika83AC": {
        "openness": 0.8078021861366708,
        "conscientiousness": 0.5835171352395286,
        "extraversion": 0.5155775987245697,
        "agreeableness": 0.6169859220689025,
        "neuroticism": 0.4750089245878242
    },
    "far-blue": {
        "openness": 0.8631927213820835,
        "conscientiousness": 0.6076094249549889,
        "extraversion": 0.5065856962967905,
        "agreeableness": 0.6367240032315913,
        "neuroticism": 0.5101211182500607
    },
    "eggyal": {
        "openness": 0.8575316894151952,
        "conscientiousness": 0.5622088080907051,