{
    "stig": {
        "openness": 0.717896989416068,
        "conscientiousness": 0.5865677122935722,
        "extraversion": 0.427767296170906,
        "agreeableness": 0.652563462844103,
        "neuroticism": 0.49589005982299816
    },
    "unknowndomain": {
        "openness": 0.8084750334376573,
        "conscientiousness": 0.6175644430854623,
        "extraversion": 0.43527567853303284,
        "agreeableness": 0.5902342884929219,
        "neuroticism": 0.5688099131137105
    },
    "stigi": {
        "openness": 0.8030714833518408,
        "conscientiousness": 0.5627478700489418,
        "extraversion": 0.46955254590035533,
        "agreeableness": 0.5988230148283471,
        "neuroticism": 0.50816108830221
    },
    "jasconius": {
        "openness": 0.8059347772411989,
        "conscientiousness": 0.5908072363105688,
        "extraversion": 0.3787905784682898,
        "agreeableness": 0.6112596880152428,
        "neuroticism": 0.4666768156653365
    },
    "kosta": {
        "openness": 0.8408281701262541,
        "conscientiousness": 0.5705636428791883,
        "extraversion": 0.48839566072640855,
        "agreeableness": 0.719806745465756,
        "neuroticism": 0.4952294290635745
    },
    "johnezang": {
        "openness": 0.838280126070161,
        "conscientiousness": 0.5848419678478686,
        "extraversion": 0.47101351341141806,
        "agreeableness": 0.609088939721778,
        "neuroticism": 0.514391013212098
    },
    "ghost": {
        "openness": 0.8064045249240895,
        "conscientiousness": 0.6536866017404924,
        "extraversion": 0.538433586618852,
        "agreeableness": 0.6762933427892459,
        "neuroticism": 0.5557473072077332
    },
    "jasoncolburne": {
        "openness": 0.8526186210884582,
        "conscientiousness": 0.6633888105126227,
        "extraversion": 0.5206829060414885,
        "agreeableness": 0.6753516047974106,
        "neuroticism": 0.5748708452493649
    },
    "bobmccune": {
        "openness": 0.824001690338624,
        "conscientiousness": 0.6056299278522683,
        "extraversion": 0.459878138661343,
        "agreeableness": 0.6635169006019226,
        "neuroticism": 0.5064344004922505
    },
    "russes": {
        "openness": 0.821955302648634,
        "conscientiousness": 0.63568262944642,
        "extraversion": 0.5159178401255865,
        "agreeableness": 0.6420197172755191,
        "neuroticism": 0.5742130919190207
    },
    "stevenreinisch": {
        "openness": 0.7791765600866861,
        "conscientiousness": 0.5489248874866631,
        "extraversion": 0.45951840624304596,
        "agreeableness": 0.6101347086850508,
        "neuroticism": 0.4824631040393001
    },
    "fluecke": {
        "openness": 0.8074466462604196,
        "conscientiousness": 0.5023815214183875,
        "extraversion": 0.43662949227031506,
        "agreeableness": 0.6075249628447352,
        "neuroticism": 0.4477397458848018
    },
    "smuffle": {
        "openness": 0.7857094213876591,
        "conscientiousness": 0.5615655784471937,
        "extraversion": 0.4157785863819397,
        "agreeableness": 0.6078581865249747,
        "neuroticism": 0.508710639588416
    },
    "kgn": {
        "openness": 0.8182686592697831,
        "conscientiousness": 0.5709804627500439,
        "extraversion": 0.4329588798260216,
        "agreeableness": 0.5729911430305901,
        "neuroticism": 0.4791077929101552
    },
    "spamboy": {
        "openness": 0.7425251696076653,
        "conscientiousness": 0.5209634531217991,
        "extraversion": 0.4605146542713822,
        "agreeableness": 0.6280423271776752,
        "neuroticism": 0.36406213979146673
    },
    "wgqzlj": {
        "openness": 0.6755448035003191,
        "conscientiousness": 0.5956245598980295,
        "extraversion": 0.5142114309724665,
        "agreeableness": 0.7102673997274904,
        "neuroticism": 0.44980406773001747
    },
    "funkyboy": {
        "openness": 0.8172658547706236,
        "conscientiousness": 0.568787896649924,
        "extraversion": 0.48153128295598996,
        "agreeableness": 0.6336848427965666,
        "neuroticism": 0.5582861625140876
    },
    "mgouw007": {
        "openness": 0.7603450326695688,
        "conscientiousness": 0.5663849992917804,
        "extraversion": 0.46172437074482925,
        "agreeableness": 0.6388221885127938,
        "neuroticism": 0.41637004403678035
    },
    "AlexanderMatveev": {
        "openness": 0.7522500392433379,
        "conscientiousness": 0.5231518247364071,
        "extraversion": 0.42836304979694784,
        "agreeableness": 0.6313623148692814,
        "neuroticism": 0.33981189145490703
    },
    "juhovh": {
        "openness": 0.8072440935996199,
        "conscientiousness": 0.5347946584290315,
        "extraversion": 0.4436094857768975,
        "agreeableness": 0.6540654267718145,
        "neuroticism": 0.44039373707645757
    },
    "ItalyPaleAle": {
        "openness": 0.7984720450426656,
        "conscientiousness": 0.5767587716432546,
        "extraversion": 0.43902519960992686,
        "agreeableness": 0.6120942182449683,
        "neuroticism": 0.5438694307289581
    },
    "MedmaGit": {
        "openness": 0.775072053911207,
        "conscientiousness": 0.5855605994435623,
        "extraversion": 0.467996253993834,
        "agreeableness": 0.6470464559994786,
        "neuroticism": 0.4352205037143444
    },
    "Fchaubard": {
        "openness": 0.7793194349165108,
        "conscientiousness": 0.6375603115007639,
        "extraversion": 0.5314189308791759,
        "agreeableness": 0.6662050684577427,
        "neuroticism": 0.5210640529446411
    },
    "adonoho": {
        "openness": 0.8271946433213315,
        "conscientiousness": 0.6005364141086514,
        "extraversion": 0.5227759254837347,
        "agreeableness": 0.6351778300806774,
        "neuroticism": 0.5482595305757936
    },
    "ottersoftware": {
        "openness": 0.845661126612373,
        "conscientiousness": 0.5758427002500812,
        "extraversion": 0.47947161271950395,
        "agreeableness": 0.675203825098713,
        "neuroticism": 0.4867902002182821
    },
    "brycepauken-zz": {
        "openness": 0.8270429501320886,
        "conscientiousness": 0.5484300034358295,
        "extraversion": 0.49604645334355923,
        "agreeableness": 0.68592508095986,
        "neuroticism": 0.46999710636874614
    },
    "robb": {
        "openness": 0.8071354121475824,
        "conscientiousness": 0.6081431806827958,
        "extraversion": 0.45964386792466483,
        "agreeableness": 0.6038914507390636,
        "neuroticism": 0.5129146816014674
    },
    "codecov-io": {
        "openness": 0.7999032881095454,
        "conscientiousness": 0.6262503190035706,
        "extraversion": 0.5069661740716038,
        "agreeableness": 0.7103047930308476,
        "neuroticism": 0.5099530068636837
    }
}