{
    "maccman": {
        "openness": 0.8062642524627354,
        "conscientiousness": 0.623523150425964,
        "extraversion": 0.5057593023013226,
        "agreeableness": 0.6898342476871491,
        "neuroticism": 0.555657690508853
    },
    "jamesreggio": {
        "openness": 0.8080536914354484,
        "conscientiousness": 0.6341960386889092,
        "extraversion": 0.4868788517453393,
        "agreeableness": 0.644353960080761,
        "neuroticism": 0.5598331196377999
    },
    "SlexAxton": {
        "openness": 0.8116697613985249,
        "conscientiousness": 0.6206180041597844,
        "extraversion": 0.49472992886582723,
        "agreeableness": 0.692831682041824,
        "neuroticism": 0.5165836384188409
    },
    "rmm5t": {
        "openness": 0.8465757834638864,
        "conscientiousness": 0.6072416528456878,
        "extraversion": 0.5460937533489831,
        "agreeableness": 0.6240996418945461,
        "neuroticism": 0.5259604527611336
    },
    "jenanwise": {
        "openness": 0.8157815472208549,
        "conscientiousness": 0.6059528170891061,
        "extraversion": 0.5205048871742874,
        "agreeableness": 0.6694083893970373,
        "neuroticism": 0.5231070099147229
    },
    "milesmatthias": {
        "openness": 0.8026909903577951,
        "conscientiousness": 0.6264853361163997,
        "extraversion": 0.5007630913814166,
        "agreeableness": 0.6147205162617179,
        "neuroticism": 0.5787339994074363
    },
    "jenan-stripe": {
        "openness": 0.8047252256263807,
        "conscientiousness": 0.6466829792418077,
        "extraversion": 0.543685511005759,
        "agreeableness": 0.7500855477642114,
        "neuroticism": 0.5283719237158963
    }
}