{
    "stutrek": {
        "openness": 0.8161704792516566,
        "conscientiousness": 0.6190111642331798,
        "extraversion": 0.47943241019944227,
        "agreeableness": 0.6481759795602619,
        "neuroticism": 0.5253769694236321
    },
    "hswolff": {
        "openness": 0.7714972431070151,
        "conscientiousness": 0.6501092856599515,
        "extraversion": 0.4741284199329445,
        "agreeableness": 0.700665342691253,
        "neuroticism": 0.5629019587053534
    },
    "matthewwithanm": {
        "openness": 0.8156419132275287,
        "conscientiousness": 0.531735453443761,
        "extraversion": 0.4415880658195627,
        "agreeableness": 0.5746898689919233,
        "neuroticism": 0.4740373923303062
    },
    "walfly": {
        "openness": 0.8230823855067237,
        "conscientiousness": 0.5529352247863466,
        "extraversion": 0.46405963393186767,
        "agreeableness": 0.6083508809613558,
        "neuroticism": 0.4687700645991222
    },
    "ragefuljoe": {
        "openness": 0.8438585795401636,
        "conscientiousness": 0.5852629522019879,
        "extraversion": 0.5048206653208431,
        "agreeableness": 0.5928981684744348,
        "neuroticism": 0.46801234706626205
    },
    "mahboob-awan": {
        "openness": 0.7986830809175374,
        "conscientiousness": 0.5405128023122648,
        "extraversion": 0.4357766259925874,
        "agreeableness": 0.6357224343297604,
        "neuroticism": 0.4041797211937206
    }
}