{
    "stuyam": {
        "openness": 0.8203571114715724,
        "conscientiousness": 0.634269812343055,
        "extraversion": 0.48532123629892987,
        "agreeableness": 0.6668219343264712,
        "neuroticism": 0.5302923096308663
    },
    "stephaneAG": {
        "openness": 0.7930496562118117,
        "conscientiousness": 0.5594858314481171,
        "extraversion": 0.5863200832421803,
        "agreeableness": 0.7321921891836545,
        "neuroticism": 0.47687324103871337
    }
}