{
    "deepsweet": {
        "openness": 0.8088090928215702,
        "conscientiousness": 0.5869173111913353,
        "extraversion": 0.4691450773495617,
        "agreeableness": 0.665170834208172,
        "neuroticism": 0.48451415348408766
    },
    "GreLI": {
        "openness": 0.8207037775381473,
        "conscientiousness": 0.579676038753084,
        "extraversion": 0.4355825227538968,
        "agreeableness": 0.6287913194089174,
        "neuroticism": 0.4897104443439636
    },
    "puzrin": {
        "openness": 0.7438147373449001,
        "conscientiousness": 0.625367145644893,
        "extraversion": 0.46400583209031404,
        "agreeableness": 0.7018595993258746,
        "neuroticism": 0.499337521670446
    },
    "johan": {
        "openness": 0.8132755894045646,
        "conscientiousness": 0.6077621572774308,
        "extraversion": 0.4524385232027972,
        "agreeableness": 0.6199726718308287,
        "neuroticism": 0.5253071473162322
    },
    "waldyrious": {
        "openness": 0.8484929890846215,
        "conscientiousness": 0.5686705779022976,
        "extraversion": 0.4472215933476643,
        "agreeableness": 0.6394614066075074,
        "neuroticism": 0.501963980555491
    },
    "paperboyo": {
        "openness": 0.7186714177202602,
        "conscientiousness": 0.6065586197201799,
        "extraversion": 0.5065051557642644,
        "agreeableness": 0.7161658843602526,
        "neuroticism": 0.48350813175549695
    },
    "ganlanyuan": {
        "openness": 0.7787083629086444,
        "conscientiousness": 0.5952843708146439,
        "extraversion": 0.4563120883472992,
        "agreeableness": 0.6714596194275397,
        "neuroticism": 0.5330978796426709
    },
    "derhuerst": {
        "openness": 0.8069692598097427,
        "conscientiousness": 0.5475840788915755,
        "extraversion": 0.4123960999081103,
        "agreeableness": 0.6096123287373645,
        "neuroticism": 0.44818297818661446
    },
    "JoKalliauer": {
        "openness": 0.7055529058725104,
        "conscientiousness": 0.6145866359403865,
        "extraversion": 0.48616126146598027,
        "agreeableness": 0.7042311903632795,
        "neuroticism": 0.4891788196156238
    },
    "coveralls": {
        "openness": 0.7146452259461188,
        "conscientiousness": 0.6228868370220134,
        "extraversion": 0.512339464273032,
        "agreeableness": 0.7045191169440467,
        "neuroticism": 0.4794013558682416
    },
    "joeyhoer": {
        "openness": 0.857321357311947,
        "conscientiousness": 0.6124928789382793,
        "extraversion": 0.5149956402087593,
        "agreeableness": 0.661640999966366,
        "neuroticism": 0.5308140939692201
    },
    "ghost": {
        "openness": 0.8437611868791486,
        "conscientiousness": 0.5877053602753767,
        "extraversion": 0.4948784374532411,
        "agreeableness": 0.5995614093770741,
        "neuroticism": 0.53369401056301
    },
    "lipis": {
        "openness": 0.802855125254434,
        "conscientiousness": 0.6184516319711864,
        "extraversion": 0.4428680330067577,
        "agreeableness": 0.6560749623774365,
        "neuroticism": 0.5145875184472464
    },
    "tshinnic": {
        "openness": 0.782455473134479,
        "conscientiousness": 0.6028985922407006,
        "extraversion": 0.4724740002773483,
        "agreeableness": 0.6760296058176092,
        "neuroticism": 0.5099108098176829
    },
    "PatrickNausha": {
        "openness": 0.7675793717237653,
        "conscientiousness": 0.6026460718096607,
        "extraversion": 0.5125289790749401,
        "agreeableness": 0.7131646452866528,
        "neuroticism": 0.4636482165397226
    },
    "booleanbetrayal": {
        "openness": 0.7929856657947405,
        "conscientiousness": 0.5817610835777859,
        "extraversion": 0.48335896353165225,
        "agreeableness": 0.6529863807282126,
        "neuroticism": 0.45217109295576974
    },
    "littlefyr": {
        "openness": 0.8337508640723991,
        "conscientiousness": 0.6237048427035954,
        "extraversion": 0.4936256943076303,
        "agreeableness": 0.6419616395454554,
        "neuroticism": 0.5395768707769659
    },
    "strarsis": {
        "openness": 0.8261856508204485,
        "conscientiousness": 0.6017383924889446,
        "extraversion": 0.48326116400911634,
        "agreeableness": 0.5898245931001228,
        "neuroticism": 0.5062387675635214
    },
    "tssajo": {
        "openness": 0.811595298298866,
        "conscientiousness": 0.5660776830286496,
        "extraversion": 0.43644833769903246,
        "agreeableness": 0.6195644866887139,
        "neuroticism": 0.4714649248280236
    },
    "LoicMahieu": {
        "openness": 0.7264891493568286,
        "conscientiousness": 0.5689971990042912,
        "extraversion": 0.4573066969096272,
        "agreeableness": 0.6556521352962734,
        "neuroticism": 0.40116162442346603
    },
    "thiakil": {
        "openness": 0.8587112103708461,
        "conscientiousness": 0.6216009586912746,
        "extraversion": 0.4886757825774854,
        "agreeableness": 0.6432569924345333,
        "neuroticism": 0.5433315638079375
    },
    "ccorcos": {
        "openness": 0.8304539649780524,
        "conscientiousness": 0.5902609169861243,
        "extraversion": 0.47963274181876503,
        "agreeableness": 0.6907493268541128,
        "neuroticism": 0.4865584959733738
    },
    "DavidWells": {
        "openness": 0.7881083228817111,
        "conscientiousness": 0.5921496537568003,
        "extraversion": 0.4910402964830104,
        "agreeableness": 0.702808675049271,
        "neuroticism": 0.4452743470603967
    },
    "Pomax": {
        "openness": 0.8383092486157292,
        "conscientiousness": 0.5933444469847617,
        "extraversion": 0.518326336980717,
        "agreeableness": 0.6300537954118811,
        "neuroticism": 0.5002150878575646
    },
    "alexjlockwood": {
        "openness": 0.8160111280333445,
        "conscientiousness": 0.5788911199359271,
        "extraversion": 0.464556192249303,
        "agreeableness": 0.6160568901880248,
        "neuroticism": 0.5109645379900887
    },
    "mnpenner": {
        "openness": 0.7838360355029605,
        "conscientiousness": 0.5450978179439425,
        "extraversion": 0.4424644317965208,
        "agreeableness": 0.65798303909691,
        "neuroticism": 0.40051672138477856
    },
    "abarre": {
        "openness": 0.711570782453635,
        "conscientiousness": 0.5937702749759842,
        "extraversion": 0.5302654076409216,
        "agreeableness": 0.7176518656488668,
        "neuroticism": 0.45752807850553673
    },
    "flehoux": {
        "openness": 0.6972608067950077,
        "conscientiousness": 0.5943438958119671,
        "extraversion": 0.5233590914650713,
        "agreeableness": 0.7164096630981119,
        "neuroticism": 0.4425683703696157
    },
    "andrey-hohlov": {
        "openness": 0.7110363003744029,
        "conscientiousness": 0.602164882321148,
        "extraversion": 0.511553633518112,
        "agreeableness": 0.7048677156862952,
        "neuroticism": 0.46216595726480275
    },
    "joscha": {
        "openness": 0.8293313355651195,
        "conscientiousness": 0.546056449303734,
        "extraversion": 0.4866649488841335,
        "agreeableness": 0.6157329809073824,
        "neuroticism": 0.4956620113060193
    },
    "elrumordelaluz": {
        "openness": 0.8155069436983851,
        "conscientiousness": 0.6024568151726366,
        "extraversion": 0.5013800680587073,
        "agreeableness": 0.6453822088749104,
        "neuroticism": 0.5135225396471467
    },
    "caub": {
        "openness": 0.7747050320797116,
        "conscientiousness": 0.5588597853983974,
        "extraversion": 0.44059464497397793,
        "agreeableness": 0.6021403346699739,
        "neuroticism": 0.4626537806069253
    },
    "morewry": {
        "openness": 0.8395018010835299,
        "conscientiousness": 0.557898526150796,
        "extraversion": 0.4870239014953602,