{
    "srdanrasic": {
        "openness": 0.8162644500948282,
        "conscientiousness": 0.587087345892743,
        "extraversion": 0.5037759030772724,
        "agreeableness": 0.6698553774721945,
        "neuroticism": 0.4788288129633707
    },
    "juhaelee": {
        "openness": 0.7723790302572169,
        "conscientiousness": 0.5069584315381133,
        "extraversion": 0.49320842420165906,
        "agreeableness": 0.6416908261786416,
        "neuroticism": 0.39826685222876035
    },
    "serieuxchat": {
        "openness": 0.8226723143730901,
        "conscientiousness": 0.5848427449420425,
        "extraversion": 0.495482092981243,
        "agreeableness": 0.6930834412626422,
        "neuroticism": 0.4941286215622248
    },
    "nayzak": {
        "openness": 0.835490658263908,
        "conscientiousness": 0.5659284588643886,
        "extraversion": 0.5059769352182921,
        "agreeableness": 0.6705927286880371,
        "neuroticism": 0.45999183976801794
    },
    "zdnk": {
        "openness": 0.7885523451436659,
        "conscientiousness": 0.5477151764229695,
        "extraversion": 0.5289435387749571,
        "agreeableness": 0.6624770353806938,
        "neuroticism": 0.4579864160171296
    },
    "tonyarnold": {
        "openness": 0.7926622388757331,
        "conscientiousness": 0.5580903838045032,
        "extraversion": 0.4878110706189657,
        "agreeableness": 0.6570772267812037,
        "neuroticism": 0.4408353965484424
    },
    "juandent": {
        "openness": 0.7812505404038718,
        "conscientiousness": 0.5365184570710739,
        "extraversion": 0.5067288886284411,
        "agreeableness": 0.6777800007200104,
        "neuroticism": 0.4367550493734228
    },
    "whateverx": {
        "openness": 0.792660752264854,
        "conscientiousness": 0.5977488984284621,
        "extraversion": 0.51140006489289,
        "agreeableness": 0.6775134751325316,
        "neuroticism": 0.4724195349007192
    },
    "ivanmoskalev": {
        "openness": 0.8195027540897267,
        "conscientiousness": 0.6024288027762911,
        "extraversion": 0.4925505408980612,
        "agreeableness": 0.6873158895319158,
        "neuroticism": 0.47716740282002756
    },
    "murrayds": {
        "openness": 0.858340053960404,
        "conscientiousness": 0.5777677597376195,
        "extraversion": 0.5198848702195618,
        "agreeableness": 0.6225476219648475,
        "neuroticism": 0.5007674019714412
    },
    "bddckr": {
        "openness": 0.7959031254069932,
        "conscientiousness": 0.5566072753818554,
        "extraversion": 0.46964686885284357,
        "agreeableness": 0.6562706166377288,
        "neuroticism": 0.44602454189747587
    },
    "frankschlegel": {
        "openness": 0.8387283557221036,
        "conscientiousness": 0.591079262285178,
        "extraversion": 0.4613630954849663,
        "agreeableness": 0.6150992874313648,
        "neuroticism": 0.5260039683399985
    },
    "joshavant": {
        "openness": 0.8186205365113772,
        "conscientiousness": 0.638862263730063,
        "extraversion": 0.5176718655157083,
        "agreeableness": 0.675336436435306,
        "neuroticism": 0.5284292258342312
    },
    "DenisLaboureyras": {
        "openness": 0.7632935880412538,
        "conscientiousness": 0.5855576089528629,
        "extraversion": 0.4476883163414961,
        "agreeableness": 0.6446705133689616,
        "neuroticism": 0.44920260953807833
    },
    "AnthonyMDev": {
        "openness": 0.8002227623001642,
        "conscientiousness": 0.6111192978519999,
        "extraversion": 0.4989149012777834,
        "agreeableness": 0.6810946637508684,
        "neuroticism": 0.5184023827542599
    },
    "hzahnlei": {
        "openness": 0.7692623634866051,
        "conscientiousness": 0.5754444331667071,
        "extraversion": 0.46539783085645303,
        "agreeableness": 0.6664542730653225,
        "neuroticism": 0.458028099074867
    },
    "thomjordan": {
        "openness": 0.8465355079027314,
        "conscientiousness": 0.6203955795527244,
        "extraversion": 0.4909219127358474,
        "agreeableness": 0.6763961124065252,
        "neuroticism": 0.4983017812152443
    },
    "manas-chaudhari": {
        "openness": 0.815312434310567,
        "conscientiousness": 0.6208850742144993,
        "extraversion": 0.4673436423646833,
        "agreeableness": 0.6698121719015242,
        "neuroticism": 0.4828511713885785
    },
    "codecov-io": {
        "openness": 0.8015896901142486,
        "conscientiousness": 0.6165531388350212,
        "extraversion": 0.5014842351198628,
        "agreeableness": 0.7147908824982312,
        "neuroticism": 0.4977890256061359
    },
    "Dubey-Quod": {
        "openness": 0.771491935812316,
        "conscientiousness": 0.5701995212592983,
        "extraversion": 0.5112837208068355,
        "agreeableness": 0.6934717194237723,
        "neuroticism": 0.3917638676901729
    },
    "pk1": {
        "openness": 0.8804410083219067,
        "conscientiousness": 0.6111239051839863,
        "extraversion": 0.5023412072079365,
        "agreeableness": 0.637422409079394,
        "neuroticism": 0.5185704936198064
    },
    "CallumOz": {
        "openness": 0.8162787407600188,
        "conscientiousness": 0.5739100691675095,
        "extraversion": 0.5288912175470128,
        "agreeableness": 0.6899944780331766,
        "neuroticism": 0.47517397265700334
    },
    "patrick-lind": {
        "openness": 0.7809190737439361,
        "conscientiousness": 0.5398037792712567,
        "extraversion": 0.4739097942384785,
        "agreeableness": 0.6039544011687707,
        "neuroticism": 0.45540747666022874
    },
    "chrisjb82": {
        "openness": 0.8118951404890524,
        "conscientiousness": 0.5524373192330063,
        "extraversion": 0.4241333458594215,
        "agreeableness": 0.6477257325259982,
        "neuroticism": 0.45372683742778275
    },
    "jonathanfoster": {
        "openness": 0.8080536330509335,
        "conscientiousness": 0.5796218460084238,
        "extraversion": 0.4629545210814508,
        "agreeableness": 0.6451246609865195,
        "neuroticism": 0.4424252542033804
    },
    "connectdotz": {
        "openness": 0.8390123633441597,
        "conscientiousness": 0.6240704573855919,
        "extraversion": 0.5302124296080867,
        "agreeableness": 0.6816494816405774,
        "neuroticism": 0.528895949297562
    },
    "svachmic": {
        "openness": 0.7673576890862787,
        "conscientiousness": 0.5396276422414104,
        "extraversion": 0.4613384697570444,
        "agreeableness": 0.667342314312923,
        "neuroticism": 0.4067757541286624
    },
    "iandundas": {
        "openness": 0.8272451938567525,
        "conscientiousness": 0.5977103592281314,
        "extraversion": 0.5162277154272087,
        "agreeableness": 0.6867307929358508,
        "neuroticism": 0.5054935846161351
    },
    "mtaweel": {
        "openness": 0.8062433353409851,
        "conscientiousness": 0.5823023215662662,
        "extraversion": 0.5348770169918013,
        "agreeableness": 0.7113829838160827,
        "neuroticism": 0.43657763901711477
    },
    "garie": {
        "openness": 0.6987456735164094,
        "conscientiousness": 0.6018698729970364,
        "extraversion": 0.4796829477474618,
        "agreeableness": 0.6856421019495893,
        "neuroticism": 0.3658284531584772
    },
    "tomaz": {
        "openness": 0.7996625608757375,
        "conscientiousness": 0.562287683804966,
        "extraversion": 0.4900100632906145,
        "agreeableness": 0.6811923016126269,
        "neuroticism": 0.458327829285909
    },
    "Burtan": {
        "openness": 0.8012206677736842,
        "conscientiousness": 0.552767423825337,
        "extraversion": 0.5131027450918655,
        "agreeableness": 0.6328728699302913,
        "neuroticism": 0.43395417119888635
    },
    "Maxatma": {
        "openness": 0.7877589482238478,
        "conscientiousness": 0.5182329376546284,