{
    "szwacz": {
        "openness": 0.8002427352840323,
        "conscientiousness": 0.5941813417720725,
        "extraversion": 0.4626334767379271,
        "agreeableness": 0.6435254538759966,
        "neuroticism": 0.4873141758400381
    },
    "carlosperate": {
        "openness": 0.8182962086024164,
        "conscientiousness": 0.5916265699587137,
        "extraversion": 0.4464641787031338,
        "agreeableness": 0.6177804436638088,
        "neuroticism": 0.5039906381928461
    },
    "pkunze": {
        "openness": 0.7942882961825357,
        "conscientiousness": 0.5903513292495389,
        "extraversion": 0.40674834189058473,
        "agreeableness": 0.6001717731025302,
        "neuroticism": 0.4883975467503189
    },
    "black-snow": {
        "openness": 0.8011199584605408,
        "conscientiousness": 0.5956322793546663,
        "extraversion": 0.4590995245538213,
        "agreeableness": 0.6433398867986189,
        "neuroticism": 0.5180135456974718
    },
    "JimmyBoh": {
        "openness": 0.7897003517489918,
        "conscientiousness": 0.6101721087938231,
        "extraversion": 0.38774917622938665,
        "agreeableness": 0.6231362319853464,
        "neuroticism": 0.5223118389571378
    },
    "yailPeralta": {
        "openness": 0.8061840248263503,
        "conscientiousness": 0.5944517058253848,
        "extraversion": 0.5265175698025317,
        "agreeableness": 0.6900776724276971,
        "neuroticism": 0.5120423091827243
    },
    "leshow": {
        "openness": 0.8234829029414708,
        "conscientiousness": 0.6081769610222199,
        "extraversion": 0.42051309920123897,
        "agreeableness": 0.5987801016838238,
        "neuroticism": 0.5181068250331266
    },
    "tkdave": {
        "openness": 0.8129258715206714,
        "conscientiousness": 0.5837102080670591,
        "extraversion": 0.4661188994025312,
        "agreeableness": 0.6346033008909366,
        "neuroticism": 0.48691854224303127
    },
    "destan": {
        "openness": 0.8131930223061452,
        "conscientiousness": 0.581971591758689,
        "extraversion": 0.5212074806606426,
        "agreeableness": 0.6160143921204889,
        "neuroticism": 0.5285857244780567
    },
    "tysenmoore-xse": {
        "openness": 0.8026561592869746,
        "conscientiousness": 0.5798859077037796,
        "extraversion": 0.46256733082065304,
        "agreeableness": 0.6120707034946131,
        "neuroticism": 0.5237898428888031
    },
    "tx4x": {
        "openness": 0.7880996804226774,
        "conscientiousness": 0.5898595524591856,
        "extraversion": 0.4502723550057438,
        "agreeableness": 0.628507086461446,
        "neuroticism": 0.5144882211370607
    },
    "tyv": {
        "openness": 0.7715496174852423,
        "conscientiousness": 0.6156149429884086,
        "extraversion": 0.4729855133375872,
        "agreeableness": 0.6659329218819039,
        "neuroticism": 0.483561708403494
    },
    "mQckingbird": {
        "openness": 0.7953735336373142,
        "conscientiousness": 0.6082265043380399,
        "extraversion": 0.39885047985783983,
        "agreeableness": 0.6075033880236165,
        "neuroticism": 0.5379193191976517
    },
    "blainesch": {
        "openness": 0.8131124525128497,
        "conscientiousness": 0.5959572313440256,
        "extraversion": 0.4338143686867476,
        "agreeableness": 0.629525940784072,
        "neuroticism": 0.5179157635737427
    },
    "rohit-lakhanpal": {
        "openness": 0.7747421693778438,
        "conscientiousness": 0.5518995523873714,
        "extraversion": 0.43667314887840564,
        "agreeableness": 0.6192593094039315,
        "neuroticism": 0.4553216561794565
    },
    "OwenBrotherwood": {
        "openness": 0.8273835382865544,
        "conscientiousness": 0.606664320109656,
        "extraversion": 0.4537168835471131,
        "agreeableness": 0.6047209011133194,
        "neuroticism": 0.551434395531895
    },
    "oparisy": {
        "openness": 0.8109692383071245,
        "conscientiousness": 0.6423889394365222,
        "extraversion": 0.5037763840692104,
        "agreeableness": 0.6374262555704603,
        "neuroticism": 0.5367896654246215
    },
    "develar": {
        "openness": 0.7944471352975087,
        "conscientiousness": 0.592167498117407,
        "extraversion": 0.4389141338815712,
        "agreeableness": 0.5916182811148172,
        "neuroticism": 0.5260583755714485
    },
    "anubhavsahoo": {
        "openness": 0.7646105076309395,
        "conscientiousness": 0.5855198945912646,
        "extraversion": 0.4287230276109006,
        "agreeableness": 0.6312815975664718,
        "neuroticism": 0.4196450023960232
    },
    "shareworlds": {
        "openness": 0.7696768809296918,
        "conscientiousness": 0.6032304395768148,
        "extraversion": 0.45077859439470325,
        "agreeableness": 0.6642845958620509,
        "neuroticism": 0.4487026343454532
    },
    "folknor": {
        "openness": 0.7687220882681085,
        "conscientiousness": 0.579981674505326,
        "extraversion": 0.41249823977028793,
        "agreeableness": 0.5759870408710959,
        "neuroticism": 0.4575760689069022
    }
}