{
    "tbruyelle": {
        "openness": 0.8028093689287028,
        "conscientiousness": 0.6104095862038779,
        "extraversion": 0.4580243629266366,
        "agreeableness": 0.6476924557145551,
        "neuroticism": 0.5232532561077154
    },
    "Gi-lo": {
        "openness": 0.825172813203811,
        "conscientiousness": 0.560449611596753,
        "extraversion": 0.4589440351530472,
        "agreeableness": 0.6666007651854005,
        "neuroticism": 0.466932692936481
    },
    "eleventigers": {
        "openness": 0.8254980251940714,
        "conscientiousness": 0.5921069442581853,
        "extraversion": 0.49226831104489743,
        "agreeableness": 0.6240341931775233,
        "neuroticism": 0.506941171314209
    },
    "passsy": {
        "openness": 0.823648279951699,
        "conscientiousness": 0.5835839464602371,
        "extraversion": 0.49489923335458713,
        "agreeableness": 0.6260698751728706,
        "neuroticism": 0.4922064367911916
    },
    "dlew": {
        "openness": 0.8121695036279604,
        "conscientiousness": 0.5861646426043757,
        "extraversion": 0.45099329242165476,
        "agreeableness": 0.6290851379499269,
        "neuroticism": 0.47978955283489555
    },
    "mttkay": {
        "openness": 0.8072169145337217,
        "conscientiousness": 0.5921153174147552,
        "extraversion": 0.47289529374876765,
        "agreeableness": 0.6131591896467161,
        "neuroticism": 0.5175806747328155
    },
    "sockeqwe": {
        "openness": 0.8022544517724145,
        "conscientiousness": 0.5894073045754151,
        "extraversion": 0.45697301832398307,
        "agreeableness": 0.6831201708470984,
        "neuroticism": 0.5013407193905433
    },
    "andaag": {
        "openness": 0.8142320959920933,
        "conscientiousness": 0.6150432191718319,
        "extraversion": 0.47299087966188064,
        "agreeableness": 0.6688231294981359,
        "neuroticism": 0.5273394693688833
    },
    "vanniktech": {
        "openness": 0.8007335815365981,
        "conscientiousness": 0.6241908184161538,
        "extraversion": 0.43260249483783964,
        "agreeableness": 0.6626481525544925,
        "neuroticism": 0.5274510820587063
    },
    "dadino": {
        "openness": 0.7742247746480094,
        "conscientiousness": 0.5861353602787885,
        "extraversion": 0.483123859422534,
        "agreeableness": 0.7254119707035638,
        "neuroticism": 0.4935863655199667
    },
    "andretietz": {
        "openness": 0.8143349671575062,
        "conscientiousness": 0.5650690268115933,
        "extraversion": 0.46312811040901236,
        "agreeableness": 0.6674091495348825,
        "neuroticism": 0.4523435555622658
    },
    "VitalyKolchenko": {
        "openness": 0.7235292554583805,
        "conscientiousness": 0.589069973620991,
        "extraversion": 0.47442835463100586,
        "agreeableness": 0.6903482002466705,
        "neuroticism": 0.4531090120959397
    },
    "PaulWoitaschek": {
        "openness": 0.8186345964005973,
        "conscientiousness": 0.549558615634119,
        "extraversion": 0.49450452341181095,
        "agreeableness": 0.6495743096018702,
        "neuroticism": 0.4784521025924899
    },
    "patloew": {
        "openness": 0.7843996205468043,
        "conscientiousness": 0.5564757385852187,
        "extraversion": 0.4301848796994872,
        "agreeableness": 0.6247456679761845,
        "neuroticism": 0.46297745581919514
    },
    "nhpatt": {
        "openness": 0.8145133461540919,
        "conscientiousness": 0.6271563866541757,
        "extraversion": 0.44816104905093224,
        "agreeableness": 0.640235100004409,
        "neuroticism": 0.5334552766307962
    },
    "PingForward": {
        "openness": 0.7908442397086923,
        "conscientiousness": 0.5863970574314831,
        "extraversion": 0.41807858262038533,
        "agreeableness": 0.6141067735078727,
        "neuroticism": 0.493520136108338
    },
    "ashalmawia": {
        "openness": 0.8343106492777983,
        "conscientiousness": 0.6566691604106087,
        "extraversion": 0.4524566341998454,
        "agreeableness": 0.6786586712229898,
        "neuroticism": 0.5324308257192661
    },
    "jaydp17": {
        "openness": 0.8037211650892653,
        "conscientiousness": 0.6313507741321593,
        "extraversion": 0.46069816046851697,
        "agreeableness": 0.6535791233546404,
        "neuroticism": 0.5508650547205499
    },
    "tarasantoshchuk": {
        "openness": 0.7918227348177114,
        "conscientiousness": 0.6035598046120427,
        "extraversion": 0.46626451755979714,
        "agreeableness": 0.6518182244641875,
        "neuroticism": 0.5242181556613391
    },
    "toidv": {
        "openness": 0.7657860232758814,
        "conscientiousness": 0.5970271108672232,
        "extraversion": 0.4956491279393802,
        "agreeableness": 0.7035029458540716,
        "neuroticism": 0.45193764732367436
    },
    "afaucogney": {
        "openness": 0.781787866259907,
        "conscientiousness": 0.610714003954367,
        "extraversion": 0.4929199133191522,
        "agreeableness": 0.6341261776814335,
        "neuroticism": 0.5345171990316868
    },
    "epool": {
        "openness": 0.809428892045379,
        "conscientiousness": 0.6046519394763763,
        "extraversion": 0.462850292273159,
        "agreeableness": 0.6581503884047845,
        "neuroticism": 0.48949256115190876
    },
    "maxxx": {
        "openness": 0.7817226218446208,
        "conscientiousness": 0.6081123598610897,
        "extraversion": 0.49038869829646703,
        "agreeableness": 0.6938674845720763,
        "neuroticism": 0.5048175871967033
    },
    "boyw165": {
        "openness": 0.8092441174165285,
        "conscientiousness": 0.5967797782343351,
        "extraversion": 0.45892625076926025,
        "agreeableness": 0.6599954206485179,
        "neuroticism": 0.48012600891354046
    },
    "ShivamDev31": {
        "openness": 0.7790536825571357,
        "conscientiousness": 0.5920035328449276,
        "extraversion": 0.42750326290202173,
        "agreeableness": 0.6626594993018178,
        "neuroticism": 0.4826491276881931
    },
    "gengjiawen": {
        "openness": 0.7748176804082518,
        "conscientiousness": 0.5833872263231,
        "extraversion": 0.4808001868961761,
        "agreeableness": 0.624222898113152,
        "neuroticism": 0.4803380591904617
    },
    "renegens": {
        "openness": 0.7979606466455255,
        "conscientiousness": 0.5541745469939233,
        "extraversion": 0.5433490020340377,
        "agreeableness": 0.6949012757770473,
        "neuroticism": 0.45147054095608474
    },
    "ZakTaccardi": {
        "openness": 0.8280398296852777,
        "conscientiousness": 0.612970114784414,
        "extraversion": 0.523812612328902,
        "agreeableness": 0.6497365780155531,
        "neuroticism": 0.5287268466675582
    },
    "Gregliest": {
        "openness": 0.8154961787599345,
        "conscientiousness": 0.5764708488318363,
        "extraversion": 0.4396278039249445,
        "agreeableness": 0.6148173471196159,
        "neuroticism": 0.5073909821556063
    },
    "ar-g": {
        "openness": 0.7466331219149773,
        "conscientiousness": 0.5656143156693615,
        "extraversion": 0.4437095339673773,
        "agreeableness": 0.6427137477738996,
        "neuroticism": 0.45788317011505697
    },
    "mrArtCore": {
        "openness": 0.8039293718216064,
        "conscientiousness": 0.6125955247119101,
        "extraversion": 0.5129106116919849,
        "agreeableness": 0.7048296486000285,
        "neuroticism": 0.48579178803872947
    },
    "croitor-ivan": {
        "openness": 0.7352401357664449,
        "conscientiousness": 0.5642792172900539,
        "extraversion": 0.48434206048401646,
        "agreeableness": 0.687592588499971,
        "neuroticism": 0.3834558591528478
    },
    "dylanhuang88": {
        "openness": 0.740356353318519,
        "conscientiousness": 0.6059325833811516,