{
    "zwh1024": {
        "openness": 0.7158799597097665,
        "conscientiousness": 0.5950201005071863,
        "extraversion": 0.47268085910734586,
        "agreeableness": 0.67757876910382,
        "neuroticism": 0.4786038205317601
    },
    "liion631818": {
        "openness": 0.7734615962075194,
        "conscientiousness": 0.5878800586357205,
        "extraversion": 0.50628838323412,
        "agreeableness": 0.6887672674147486,
        "neuroticism": 0.44760035162308287
    }
}