{
    "rimusz": {
        "openness": 0.7653773620598234,
        "conscientiousness": 0.6235186159655588,
        "extraversion": 0.4603298614977601,
        "agreeableness": 0.6174733931244039,
        "neuroticism": 0.5444253144717
    },
    "julienmarie": {
        "openness": 0.7508230017948162,
        "conscientiousness": 0.6071634741105512,
        "extraversion": 0.4567477055474969,
        "agreeableness": 0.6190754386224429,
        "neuroticism": 0.47480437280147125
    },
    "jchauncey": {
        "openness": 0.7016107706487116,
        "conscientiousness": 0.638967372121544,
        "extraversion": 0.4537816892084976,
        "agreeableness": 0.6520461164370034,
        "neuroticism": 0.4983335748099656
    },
    "AntonioMeireles": {
        "openness": 0.7820135150664091,
        "conscientiousness": 0.6212482220466318,
        "extraversion": 0.5087862090540254,
        "agreeableness": 0.642727338052969,
        "neuroticism": 0.5022518866535841
    },
    "olalonde": {
        "openness": 0.7475220532625062,
        "conscientiousness": 0.6027738253825758,
        "extraversion": 0.44412673532663116,
        "agreeableness": 0.6171213249112525,
        "neuroticism": 0.4954400731071672
    },
    "jtblin": {
        "openness": 0.7715582187578308,
        "conscientiousness": 0.614919672282417,
        "extraversion": 0.47913829091441773,
        "agreeableness": 0.6248376118454952,
        "neuroticism": 0.49723218061608865
    },
    "esbenp": {
        "openness": 0.694756600922004,
        "conscientiousness": 0.6164811833896424,
        "extraversion": 0.43250623500939933,
        "agreeableness": 0.6124800995732416,
        "neuroticism": 0.4747142757191426
    },
    "wstrange": {
        "openness": 0.7591030853543178,
        "conscientiousness": 0.6143162633892462,
        "extraversion": 0.44375175566408054,
        "agreeableness": 0.622968308087462,
        "neuroticism": 0.49225742449912546
    },
    "whitlockjc": {
        "openness": 0.7707747888718346,
        "conscientiousness": 0.5806579097705563,
        "extraversion": 0.45689480802068344,
        "agreeableness": 0.6172738658140519,
        "neuroticism": 0.49871836013253745
    },
    "mbrevoort": {
        "openness": 0.7697758583458538,
        "conscientiousness": 0.618131947905613,
        "extraversion": 0.4776791305820115,
        "agreeableness": 0.6142787865780227,
        "neuroticism": 0.5106728832496098
    },
    "BrunoBonacci": {
        "openness": 0.8209706002462731,
        "conscientiousness": 0.6051663530359709,
        "extraversion": 0.4725431374825174,
        "agreeableness": 0.592316307084001,
        "neuroticism": 0.5272590233303343
    },
    "mboersma": {
        "openness": 0.7340295939243541,
        "conscientiousness": 0.5955396990372411,
        "extraversion": 0.4037724943785215,
        "agreeableness": 0.5702095608792932,
        "neuroticism": 0.45333821119516504
    },
    "dmcnaught": {
        "openness": 0.7536425739449404,
        "conscientiousness": 0.5848054322843237,
        "extraversion": 0.45443430694257947,
        "agreeableness": 0.5708634279104712,
        "neuroticism": 0.47344648164808595
    },
    "cobrowserAlex": {
        "openness": 0.7470973684590289,
        "conscientiousness": 0.5849973047713164,
        "extraversion": 0.49449243507062995,
        "agreeableness": 0.6462344446491853,
        "neuroticism": 0.48746186861356244
    },
    "cougil": {
        "openness": 0.7150223303640436,
        "conscientiousness": 0.6225980882379224,
        "extraversion": 0.49373180672795125,
        "agreeableness": 0.6970121456390036,
        "neuroticism": 0.4330673201492159
    },
    "bw2": {
        "openness": 0.7430787429438733,
        "conscientiousness": 0.5737499968125634,
        "extraversion": 0.5004797355891002,
        "agreeableness": 0.6399005151799888,
        "neuroticism": 0.47963083118101313
    }
}