{
    "ThingEngineer": {
        "openness": 0.8023844463639526,
        "conscientiousness": 0.644679553724466,
        "extraversion": 0.5118055416905364,
        "agreeableness": 0.6858032141558912,
        "neuroticism": 0.5371464155187603
    },
    "pquerner": {
        "openness": 0.8174384338424642,
        "conscientiousness": 0.6340080131605685,
        "extraversion": 0.5059372341610064,
        "agreeableness": 0.6367617007669832,
        "neuroticism": 0.6002423882492888
    },
    "massivetoe": {
        "openness": 0.8151135359696531,
        "conscientiousness": 0.5601272047998357,
        "extraversion": 0.4722091796182262,
        "agreeableness": 0.6176168467246277,
        "neuroticism": 0.5030505641020999
    },
    "avbdr": {
        "openness": 0.7946098860930808,
        "conscientiousness": 0.6255076698418582,
        "extraversion": 0.5012701685547416,
        "agreeableness": 0.6639245202463382,
        "neuroticism": 0.5419407168134023
    },
    "DarylJG": {
        "openness": 0.804310245309922,
        "conscientiousness": 0.6126864395044876,
        "extraversion": 0.4907145465459572,
        "agreeableness": 0.6173528138456342,
        "neuroticism": 0.5331068016623134
    },
    "abunour22": {
        "openness": 0.7613094318944205,
        "conscientiousness": 0.6077027694197231,
        "extraversion": 0.48333754811405916,
        "agreeableness": 0.6214663122415132,
        "neuroticism": 0.5363322537633294
    },
    "ghost": {
        "openness": 0.7803610435968644,
        "conscientiousness": 0.5808983744248083,
        "extraversion": 0.5382720309422224,
        "agreeableness": 0.648239658547008,
        "neuroticism": 0.4776236605911683
    },
    "NazgulTuga": {
        "openness": 0.819138923896084,
        "conscientiousness": 0.6032477496576225,
        "extraversion": 0.5370485178477834,
        "agreeableness": 0.6214212906917878,
        "neuroticism": 0.5633000435900709
    },
    "abdul202": {
        "openness": 0.7910549632965924,
        "conscientiousness": 0.6420777430300486,
        "extraversion": 0.5199816511286424,
        "agreeableness": 0.6764035418113292,
        "neuroticism": 0.5651185100197078
    },
    "Izopi4a": {
        "openness": 0.7941566283796159,
        "conscientiousness": 0.6187148722146988,
        "extraversion": 0.518416369157541,
        "agreeableness": 0.6662665556372385,
        "neuroticism": 0.5268663852621197
    },
    "bflydesign": {
        "openness": 0.757885892401737,
        "conscientiousness": 0.609298377758318,
        "extraversion": 0.4776381928205252,
        "agreeableness": 0.6394377795427828,
        "neuroticism": 0.5215736583019751
    },
    "KTP95": {
        "openness": 0.7969692249635512,
        "conscientiousness": 0.5716236196212323,
        "extraversion": 0.4587580157710487,
        "agreeableness": 0.6349300272213114,
        "neuroticism": 0.4791701345114695
    },
    "leigh-ols": {
        "openness": 0.8106750461849908,
        "conscientiousness": 0.6378776052840776,
        "extraversion": 0.5031534709616324,
        "agreeableness": 0.659984243729961,
        "neuroticism": 0.5413279324837218
    },
    "weha": {
        "openness": 0.7990720025538305,
        "conscientiousness": 0.6002418654996708,
        "extraversion": 0.4891089252895018,
        "agreeableness": 0.631593277535299,
        "neuroticism": 0.5426744740231639
    },
    "ricwein": {
        "openness": 0.8070665462953853,
        "conscientiousness": 0.6089391161862516,
        "extraversion": 0.5176083463204523,
        "agreeableness": 0.6249531000788846,
        "neuroticism": 0.5766953155232424
    },
    "nikkyandrei": {
        "openness": 0.7863810870784271,
        "conscientiousness": 0.6373444999922881,
        "extraversion": 0.5024764767594811,
        "agreeableness": 0.6128308710409871,
        "neuroticism": 0.5662897633140385
    },
    "VonHirsch": {
        "openness": 0.7817799462540909,
        "conscientiousness": 0.6615744895598197,
        "extraversion": 0.48981347722875884,
        "agreeableness": 0.7358322433857936,
        "neuroticism": 0.5414347513607634
    },
    "vedmant": {
        "openness": 0.8054669200132076,
        "conscientiousness": 0.5747065208843856,
        "extraversion": 0.4817362343307269,
        "agreeableness": 0.6613963454268674,
        "neuroticism": 0.4534435988009101
    },
    "scoman81": {
        "openness": 0.8226502115939787,
        "conscientiousness": 0.5615583420200692,
        "extraversion": 0.5235635696209338,
        "agreeableness": 0.6837130339379573,
        "neuroticism": 0.5523413756495741
    },
    "rajjanorkar": {
        "openness": 0.7746830403625617,
        "conscientiousness": 0.6416403177840344,
        "extraversion": 0.532581141410399,
        "agreeableness": 0.7267780267891439,
        "neuroticism": 0.5659916783027811
    },
    "tommyknocker": {
        "openness": 0.8020326411667137,
        "conscientiousness": 0.5967352900726003,
        "extraversion": 0.5182593048422732,
        "agreeableness": 0.6405398160722966,
        "neuroticism": 0.5262092814051169
    },
    "jk-1001": {
        "openness": 0.7969429473570071,
        "conscientiousness": 0.6107132383516614,
        "extraversion": 0.5876726735995923,
        "agreeableness": 0.6917032080282453,
        "neuroticism": 0.5903247514088319
    },
    "VipSaran": {
        "openness": 0.7666011084154757,
        "conscientiousness": 0.5849050082542633,
        "extraversion": 0.5156324907970865,
        "agreeableness": 0.6613762795853422,
        "neuroticism": 0.49228327073662653
    },
    "joshghent": {
        "openness": 0.795356138869044,
        "conscientiousness": 0.5962722432429174,
        "extraversion": 0.4482915955548467,
        "agreeableness": 0.6314443720061849,
        "neuroticism": 0.5194929769840055
    },
    "siberfx": {
        "openness": 0.7997542289004267,
        "conscientiousness": 0.6332777905055657,
        "extraversion": 0.5540678607277294,
        "agreeableness": 0.6679729775381621,
        "neuroticism": 0.5702985050536621
    },
    "riples": {
        "openness": 0.7941227199817562,
        "conscientiousness": 0.6321546356815667,
        "extraversion": 0.5247375463004329,
        "agreeableness": 0.6674856260270958,
        "neuroticism": 0.5582988429565743
    },
    "VeNoMouS": {
        "openness": 0.8066209861857115,
        "conscientiousness": 0.6112787501729743,
        "extraversion": 0.5119891360490918,
        "agreeableness": 0.6163958776796796,
        "neuroticism": 0.5745359194507571
    },
    "aaveidt": {
        "openness": 0.7965678139615219,
        "conscientiousness": 0.579275754781294,
        "extraversion": 0.47684167849732984,
        "agreeableness": 0.6292143084454265,
        "neuroticism": 0.5400532368449316
    },
    "he426100": {
        "openness": 0.7703577085907367,
        "conscientiousness": 0.5608119139383657,
        "extraversion": 0.531605231199953,
        "agreeableness": 0.6569981805626484,
        "neuroticism": 0.5479781807773995
    },
    "masterkamlesh": {
        "openness": 0.7749093139772019,
        "conscientiousness": 0.5973856063247434,
        "extraversion": 0.5515670795485863,
        "agreeableness": 0.6832587978476596,
        "neuroticism": 0.5224285695108365
    },
    "mshs013": {
        "openness": 0.7627367248422551,
        "conscientiousness": 0.6110712715274011,
        "extraversion": 0.5153341580332128,
        "agreeableness": 0.6771924018823304,
        "neuroticism": 0.5137882820612839
    },
    "michabbb": {
        "openness": 0.7966585272780997,
        "conscientiousness": 0.6499852791600659,
        "extraversion": 0.519596623570716,
        "agreeableness": 0.7228234606268735,
        "neuroticism": 0.5147416283893311
    },
    "LunarDevelopment": {
        "openness": 0.8229542658035369,
        "conscientiousness": 0.5351718291955544,
        "extraversion": 0.502927526784195,