{
    "timjansen": {
        "openness": 0.7998661424596084,
        "conscientiousness": 0.6016938823849793,
        "extraversion": 0.48889330548902005,
        "agreeableness": 0.6219437534856109,
        "neuroticism": 0.5268469299563835
    },
    "lukasoppermann": {
        "openness": 0.7713634204515267,
        "conscientiousness": 0.5747414774766022,
        "extraversion": 0.3977178873049565,
        "agreeableness": 0.6507546549223281,
        "neuroticism": 0.46750253112251045
    },
    "garata": {
        "openness": 0.8354342173053265,
        "conscientiousness": 0.6185333899055746,
        "extraversion": 0.5113587196448219,
        "agreeableness": 0.6500759639607911,
        "neuroticism": 0.544699436824359
    },
    "trinione": {
        "openness": 0.8015182256068529,
        "conscientiousness": 0.6013436514589902,
        "extraversion": 0.4932943391075606,
        "agreeableness": 0.6781949593946361,
        "neuroticism": 0.49124191019961305
    }
}