{
    "TimOliver": {
        "openness": 0.8179374288954483,
        "conscientiousness": 0.6119538756913744,
        "extraversion": 0.4843954269431649,
        "agreeableness": 0.6775474242209154,
        "neuroticism": 0.5180902424071443
    },
    "huang-kun": {
        "openness": 0.8128281713379055,
        "conscientiousness": 0.5998168348605053,
        "extraversion": 0.5157869146928231,
        "agreeableness": 0.6183707624051127,
        "neuroticism": 0.5290454758444127
    },
    "andrea-86": {
        "openness": 0.835575762334446,
        "conscientiousness": 0.6299992572433931,
        "extraversion": 0.5004262325151541,
        "agreeableness": 0.6061188125283516,
        "neuroticism": 0.5465364703567557
    },
    "farhansyed9": {
        "openness": 0.7861279386828288,
        "conscientiousness": 0.5461289979284258,
        "extraversion": 0.4633988389312391,
        "agreeableness": 0.6078606738131733,
        "neuroticism": 0.449935174223574
    }
}