{
    "aziz": {
        "openness": 0.8220465166259616,
        "conscientiousness": 0.694535336876561,
        "extraversion": 0.5368318801668148,
        "agreeableness": 0.7831022772375509,
        "neuroticism": 0.5480338716407263
    },
    "Soliah": {
        "openness": 0.7971999747686452,
        "conscientiousness": 0.5914273761430908,
        "extraversion": 0.472495800137341,
        "agreeableness": 0.6149749318592805,
        "neuroticism": 0.4970572838273934
    },
    "connrs": {
        "openness": 0.7775165077019071,
        "conscientiousness": 0.5636419986761274,
        "extraversion": 0.46490164858521554,
        "agreeableness": 0.5878768417092354,
        "neuroticism": 0.44996075330204766
    },
    "hedgehog": {
        "openness": 0.7779827863030055,
        "conscientiousness": 0.6348754436759866,
        "extraversion": 0.5093220152829662,
        "agreeableness": 0.6546733340658979,
        "neuroticism": 0.5278326230799479
    },
    "franciscoj": {
        "openness": 0.8032671049529286,
        "conscientiousness": 0.6263157921526074,
        "extraversion": 0.4563561061941398,
        "agreeableness": 0.7353836755165476,
        "neuroticism": 0.4561470281375788
    },
    "ethagnawl": {
        "openness": 0.8167738445903111,
        "conscientiousness": 0.597897359141734,
        "extraversion": 0.47110970056413504,
        "agreeableness": 0.6561918141286183,
        "neuroticism": 0.4848221176368337
    },
    "primalmotion": {
        "openness": 0.7904773500546314,
        "conscientiousness": 0.5369041130096873,
        "extraversion": 0.5158214386035156,
        "agreeableness": 0.6712257278703925,
        "neuroticism": 0.3566372516291684
    },
    "athal7": {
        "openness": 0.8131462802563973,
        "conscientiousness": 0.6161163234052663,
        "extraversion": 0.44524915138954657,
        "agreeableness": 0.6494380154664371,
        "neuroticism": 0.49942706046774477
    },
    "xntrik": {
        "openness": 0.7676878045738891,
        "conscientiousness": 0.5958302036951573,
        "extraversion": 0.47494865352439497,
        "agreeableness": 0.6956026745910868,
        "neuroticism": 0.5453224724982855
    },
    "mMontu": {
        "openness": 0.8239271296342865,
        "conscientiousness": 0.6193001575607638,
        "extraversion": 0.44684193712762366,
        "agreeableness": 0.5893931114692332,
        "neuroticism": 0.5336876912088274
    },
    "azat": {
        "openness": 0.7509800222216841,
        "conscientiousness": 0.5529355526624854,
        "extraversion": 0.39474421888075373,
        "agreeableness": 0.6061330467327867,
        "neuroticism": 0.4555650962412011
    },
    "J3RN": {
        "openness": 0.8211492475382702,
        "conscientiousness": 0.5999485701212991,
        "extraversion": 0.4773433694893411,
        "agreeableness": 0.6625142015753624,
        "neuroticism": 0.48811676264173665
    },
    "podung": {
        "openness": 0.8226276702019191,
        "conscientiousness": 0.59483133449796,
        "extraversion": 0.5115784873812343,
        "agreeableness": 0.6539510902654149,
        "neuroticism": 0.49615978440696396
    },
    "chuanma": {
        "openness": 0.7544672254296466,
        "conscientiousness": 0.5654253994999371,
        "extraversion": 0.4157438023274107,
        "agreeableness": 0.6368301315253124,
        "neuroticism": 0.4674402192771463
    },
    "coveralls": {
        "openness": 0.7162851763874111,
        "conscientiousness": 0.6220298549090254,
        "extraversion": 0.5116680711126591,
        "agreeableness": 0.7058576536406856,
        "neuroticism": 0.4785995430526691
    },
    "ElijahLynn": {
        "openness": 0.8144510616174181,
        "conscientiousness": 0.6163266316248083,
        "extraversion": 0.44745084458238243,
        "agreeableness": 0.6421318001651193,
        "neuroticism": 0.504989235875791
    },
    "justin808": {
        "openness": 0.7280744247351459,
        "conscientiousness": 0.6016048959113259,
        "extraversion": 0.4620144522972262,
        "agreeableness": 0.66503447905437,
        "neuroticism": 0.48132098968490944
    },
    "ohcibi": {
        "openness": 0.8154707953721776,
        "conscientiousness": 0.5834860919675674,
        "extraversion": 0.4495452823551539,
        "agreeableness": 0.6197296775154185,
        "neuroticism": 0.490389394889703
    },
    "kithokit": {
        "openness": 0.7080817008119153,
        "conscientiousness": 0.6113905357150559,
        "extraversion": 0.5054781217659643,
        "agreeableness": 0.6954557952055753,
        "neuroticism": 0.4440383732320844
    },
    "hak8or": {
        "openness": 0.7588342299023947,
        "conscientiousness": 0.5739179725059455,
        "extraversion": 0.4274407535202582,
        "agreeableness": 0.5950539551081309,
        "neuroticism": 0.4379697923942192
    },
    "Lordnibbler": {
        "openness": 0.7844871216152804,
        "conscientiousness": 0.6024121735669997,
        "extraversion": 0.46590609180225234,
        "agreeableness": 0.5744334208702624,
        "neuroticism": 0.5004644274053236
    },
    "rglassett": {
        "openness": 0.8280882075997015,
        "conscientiousness": 0.5909048245203785,
        "extraversion": 0.46025874952414486,
        "agreeableness": 0.6162891426922397,
        "neuroticism": 0.49335695519378
    },
    "sls": {
        "openness": 0.8304038204343398,
        "conscientiousness": 0.5650600831544685,
        "extraversion": 0.47216405274343876,
        "agreeableness": 0.6383109588169816,
        "neuroticism": 0.4606395707141836
    },
    "chikamichi": {
        "openness": 0.7612212315220718,
        "conscientiousness": 0.621740772067182,
        "extraversion": 0.47157791633742696,
        "agreeableness": 0.6727828640622012,
        "neuroticism": 0.5177927550843717
    },
    "dianapinkberry": {
        "openness": 0.7370810248881374,
        "conscientiousness": 0.5968288526930601,
        "extraversion": 0.47818786923989326,
        "agreeableness": 0.6498123145043004,
        "neuroticism": 0.4723179724312912
    },
    "adamstrickland": {
        "openness": 0.8211160011015806,
        "conscientiousness": 0.5928322880528054,
        "extraversion": 0.4680405993905012,
        "agreeableness": 0.6609141242073969,
        "neuroticism": 0.4793351341359467
    },
    "ddd": {
        "openness": 0.7334059588173338,
        "conscientiousness": 0.6415380975315259,
        "extraversion": 0.5096332598970281,
        "agreeableness": 0.6982253862224301,
        "neuroticism": 0.48568886380923015
    },
    "emayssat-ms": {
        "openness": 0.8062196039545367,
        "conscientiousness": 0.598899924272783,
        "extraversion": 0.4883621310928611,
        "agreeableness": 0.6270117026856583,
        "neuroticism": 0.5075892611493308
    },
    "phlegx": {
        "openness": 0.7291315420047142,
        "conscientiousness": 0.6406274761537096,
        "extraversion": 0.5188184856530246,
        "agreeableness": 0.6897789953227356,
        "neuroticism": 0.5000718925523744
    },
    "a14m": {
        "openness": 0.7550568259400539,
        "conscientiousness": 0.5886585427224437,
        "extraversion": 0.47082090922630504,
        "agreeableness": 0.6234617308171446,
        "neuroticism": 0.47828387982649473
    },
    "DVG": {
        "openness": 0.7426899133864397,
        "conscientiousness": 0.6536553001847553,
        "extraversion": 0.5101014822375552,
        "agreeableness": 0.6808693615110716,
        "neuroticism": 0.5224239277865939
    },
    "jby": {
        "openness": 0.7064878570618187,
        "conscientiousness": 0.616484842177723,
        "extraversion": 0.502909967158952,
        "agreeableness": 0.7000848985027787,
        "neuroticism": 0.455648730265057
    },
    "magicalbanana": {
        "openness": 0.8049254069424653,
        "conscientiousness": 0.6126403862826469,
        "extraversion": 0.5227108301325172,