{
    "TonicArtos": {
        "openness": 0.8146873559341139,
        "conscientiousness": 0.5994608824179616,
        "extraversion": 0.4961054439018595,
        "agreeableness": 0.6360182323447167,
        "neuroticism": 0.4981019747480048
    },
    "alirahimpour89": {
        "openness": 0.8048049843908153,
        "conscientiousness": 0.615477404978589,
        "extraversion": 0.4361403643525362,
        "agreeableness": 0.6271586759409786,
        "neuroticism": 0.5074548152169516
    },
    "Mory30": {
        "openness": 0.7943672126370498,
        "conscientiousness": 0.5244422480081458,
        "extraversion": 0.45936533279192887,
        "agreeableness": 0.6062404766199591,
        "neuroticism": 0.44470235945512665
    },
    "sahilmiglani": {
        "openness": 0.7111020446362163,
        "conscientiousness": 0.5917761467980853,
        "extraversion": 0.5088075559437517,
        "agreeableness": 0.7070055198972375,
        "neuroticism": 0.4409751647249597
    },
    "ayziaa": {
        "openness": 0.8099392935439547,
        "conscientiousness": 0.6052111521782553,
        "extraversion": 0.5515915677729788,
        "agreeableness": 0.6641872214673998,
        "neuroticism": 0.5335741482592546
    },
    "anbarasu-seven": {
        "openness": 0.765536797581484,
        "conscientiousness": 0.5455774201036834,
        "extraversion": 0.5238282660264384,
        "agreeableness": 0.6499811968736504,
        "neuroticism": 0.43394435786891605
    },
    "hendrawd": {
        "openness": 0.7894086856448421,
        "conscientiousness": 0.5770541623877375,
        "extraversion": 0.5244038608435444,
        "agreeableness": 0.6513448565787601,
        "neuroticism": 0.46323277682812913
    },
    "lions88": {
        "openness": 0.7533649511994764,
        "conscientiousness": 0.5545959135410047,
        "extraversion": 0.5360123744222153,
        "agreeableness": 0.6815728637942059,
        "neuroticism": 0.3521437323775158
    },
    "caguilar187": {
        "openness": 0.820094237232653,
        "conscientiousness": 0.6318307371353371,
        "extraversion": 0.49914899023185955,
        "agreeableness": 0.656545663365157,
        "neuroticism": 0.5343438429170438
    },
    "kyleparker": {
        "openness": 0.7966895506737257,
        "conscientiousness": 0.5715737034651395,
        "extraversion": 0.4966350681050589,
        "agreeableness": 0.6027864871379933,
        "neuroticism": 0.5415344264723612
    },
    "naclach85": {
        "openness": 0.7198214010180028,
        "conscientiousness": 0.552617234713495,
        "extraversion": 0.4847000404074098,
        "agreeableness": 0.6829310854338059,
        "neuroticism": 0.34704809715451
    }
}