{
    "liu21st": {
        "openness": 0.7462334661909452,
        "conscientiousness": 0.5940387649454831,
        "extraversion": 0.48417584775037364,
        "agreeableness": 0.6735063413131026,
        "neuroticism": 0.4760604132323646
    },
    "kinosang": {
        "openness": 0.7669250524946402,
        "conscientiousness": 0.5880016186419417,
        "extraversion": 0.4727435959776133,
        "agreeableness": 0.6559597701484895,
        "neuroticism": 0.446993149036363
    },
    "codecov-io": {
        "openness": 0.8261460604513173,
        "conscientiousness": 0.6318189918630139,
        "extraversion": 0.5178076872547124,
        "agreeableness": 0.7016385890619793,
        "neuroticism": 0.5154516603585524
    },
    "momoca": {
        "openness": 0.741387744810318,
        "conscientiousness": 0.5953165585106096,
        "extraversion": 0.5074206428268693,
        "agreeableness": 0.6939644184905004,
        "neuroticism": 0.4852903483541279
    },
    "zizhilong": {
        "openness": 0.7399666675115701,
        "conscientiousness": 0.5888089662575844,
        "extraversion": 0.5456689749245032,
        "agreeableness": 0.693405126812007,
        "neuroticism": 0.4491904684939008
    },
    "cos800": {
        "openness": 0.7726409344500489,
        "conscientiousness": 0.5885223020481438,
        "extraversion": 0.5313034723304879,
        "agreeableness": 0.6895706196630057,
        "neuroticism": 0.528666957284886
    },
    "phpyii": {
        "openness": 0.7652893411171793,
        "conscientiousness": 0.6115223746587192,
        "extraversion": 0.535110740416522,
        "agreeableness": 0.6831221210413325,
        "neuroticism": 0.5827161102198919
    },
    "fromnow": {
        "openness": 0.797554474203856,
        "conscientiousness": 0.5823885257921728,
        "extraversion": 0.5767011624361161,
        "agreeableness": 0.684285030279711,
        "neuroticism": 0.5177153195764118
    },
    "zoujingli": {
        "openness": 0.8106273034348076,
        "conscientiousness": 0.6119689620701799,
        "extraversion": 0.5482870037890247,
        "agreeableness": 0.7203719301985011,
        "neuroticism": 0.5167798611934494
    },
    "sjje": {
        "openness": 0.755929614461333,
        "conscientiousness": 0.5884158441513989,
        "extraversion": 0.5114800329637691,
        "agreeableness": 0.6791798253880583,
        "neuroticism": 0.48788826560923737
    }
}