{
    "apotonick": {
        "openness": 0.7979963073498899,
        "conscientiousness": 0.6205004480643685,
        "extraversion": 0.5057641450004755,
        "agreeableness": 0.647263417928885,
        "neuroticism": 0.520436811659117
    },
    "giates": {
        "openness": 0.7552564414451051,
        "conscientiousness": 0.6123412446373202,
        "extraversion": 0.44275173422637226,
        "agreeableness": 0.5926863732376605,
        "neuroticism": 0.49445275734311384
    },
    "sjamaan": {
        "openness": 0.8036428311522195,
        "conscientiousness": 0.6223270138494676,
        "extraversion": 0.5078409403201833,
        "agreeableness": 0.6371689368212631,
        "neuroticism": 0.5871338005427571
    },
    "grimen": {
        "openness": 0.7931801548884924,
        "conscientiousness": 0.5857709597911878,
        "extraversion": 0.46724252785351716,
        "agreeableness": 0.6263875270175626,
        "neuroticism": 0.4933099485185095
    },
    "subimage": {
        "openness": 0.7571754681551982,
        "conscientiousness": 0.6021625473787655,
        "extraversion": 0.5194030895839052,
        "agreeableness": 0.6740735100811284,
        "neuroticism": 0.4721168659210154
    },
    "jamesbebbington": {
        "openness": 0.7569749169367889,
        "conscientiousness": 0.5895742646088236,
        "extraversion": 0.5102817552612912,
        "agreeableness": 0.667256863867819,
        "neuroticism": 0.508786741126625
    },
    "nickhoffman": {
        "openness": 0.8091658041100611,
        "conscientiousness": 0.6214359451273225,
        "extraversion": 0.4988425527636936,
        "agreeableness": 0.5982511547064492,
        "neuroticism": 0.5578731770099373
    },
    "lcowell": {
        "openness": 0.7757971581298193,
        "conscientiousness": 0.6232345030954657,
        "extraversion": 0.38992582722080804,
        "agreeableness": 0.5920042134322966,
        "neuroticism": 0.5039182211016994
    },
    "sobstel": {
        "openness": 0.7886034428257197,
        "conscientiousness": 0.5575151717649639,
        "extraversion": 0.5034506981784107,
        "agreeableness": 0.7048760515225464,
        "neuroticism": 0.434849863056538
    },
    "bhavinkamani": {
        "openness": 0.8042838662897778,
        "conscientiousness": 0.5892993547910056,
        "extraversion": 0.4992129167911025,
        "agreeableness": 0.6627882141630419,
        "neuroticism": 0.5348373370457151
    },
    "ghost": {
        "openness": 0.820100858963894,
        "conscientiousness": 0.5862760898887858,
        "extraversion": 0.4590805600631225,
        "agreeableness": 0.6771455658777801,
        "neuroticism": 0.506898581027015
    },
    "yagooar": {
        "openness": 0.8062616719419581,
        "conscientiousness": 0.5988006913524178,
        "extraversion": 0.47404117110229804,
        "agreeableness": 0.6314352138273447,
        "neuroticism": 0.49322092620911984
    },
    "salmont": {
        "openness": 0.8306458764925698,
        "conscientiousness": 0.552838472067908,
        "extraversion": 0.5035427567619053,
        "agreeableness": 0.6038499728562029,
        "neuroticism": 0.5066878967028288
    },
    "mjtko": {
        "openness": 0.8238929600989635,
        "conscientiousness": 0.5767856256037613,
        "extraversion": 0.48775008972282174,
        "agreeableness": 0.6275297936181943,
        "neuroticism": 0.5020627816212033
    },
    "luislavena": {
        "openness": 0.8447574928921385,
        "conscientiousness": 0.5833906916400389,
        "extraversion": 0.5030963380269051,
        "agreeableness": 0.6449514022461452,
        "neuroticism": 0.5256996506770008
    },
    "wingrunr21": {
        "openness": 0.8212467155275869,
        "conscientiousness": 0.6331518023017735,
        "extraversion": 0.49706052546699625,
        "agreeableness": 0.6138577272090204,
        "neuroticism": 0.540425463236644
    },
    "cameel": {
        "openness": 0.8176554542106924,
        "conscientiousness": 0.616649412065607,
        "extraversion": 0.44752399461646586,
        "agreeableness": 0.6217543887736396,
        "neuroticism": 0.515737534756302
    },
    "brendon": {
        "openness": 0.7892455457254051,
        "conscientiousness": 0.549044347045465,
        "extraversion": 0.4448967051771765,
        "agreeableness": 0.5821308969557789,
        "neuroticism": 0.48194317382922325
    },
    "schorsch": {
        "openness": 0.7903797793910761,
        "conscientiousness": 0.5841062352162895,
        "extraversion": 0.5111705967201657,
        "agreeableness": 0.5964823614381812,
        "neuroticism": 0.5341031773555852
    },
    "timoschilling": {
        "openness": 0.8188485842817667,
        "conscientiousness": 0.5902963765339748,
        "extraversion": 0.5205031125562565,
        "agreeableness": 0.6050399020084365,
        "neuroticism": 0.512287972649075
    },
    "ramigg": {
        "openness": 0.7869647625479483,
        "conscientiousness": 0.6303386326615704,
        "extraversion": 0.5451454769194839,
        "agreeableness": 0.6390893762295118,
        "neuroticism": 0.5594905191743808
    },
    "urbanautomaton": {
        "openness": 0.79364088743436,
        "conscientiousness": 0.5976754218962723,
        "extraversion": 0.4691020073911,
        "agreeableness": 0.6307424991512544,
        "neuroticism": 0.5063678929773991
    },
    "blazes816": {
        "openness": 0.8041604494685526,
        "conscientiousness": 0.5730170576222252,
        "extraversion": 0.4789356409518933,
        "agreeableness": 0.6503345905928288,
        "neuroticism": 0.49475933875191236
    },
    "the8472": {
        "openness": 0.825054859109758,
        "conscientiousness": 0.6018009926303404,
        "extraversion": 0.4904858647053404,
        "agreeableness": 0.604506160325025,
        "neuroticism": 0.5383692176075335
    },
    "mckenziec": {
        "openness": 0.8017877216152436,
        "conscientiousness": 0.5823229476525327,
        "extraversion": 0.513200403937577,
        "agreeableness": 0.6050082161842008,
        "neuroticism": 0.512832958829666
    },
    "lulalala": {
        "openness": 0.7838063812436837,
        "conscientiousness": 0.6530006516653896,
        "extraversion": 0.43538350660469616,
        "agreeableness": 0.6115268766858055,
        "neuroticism": 0.5397500805730825
    },
    "kikorb": {
        "openness": 0.8011605892272886,
        "conscientiousness": 0.6225353209368694,
        "extraversion": 0.5243190232587045,
        "agreeableness": 0.6473741111653101,
        "neuroticism": 0.533997090921087
    },
    "skyeagle": {
        "openness": 0.8140322060228211,
        "conscientiousness": 0.6009209551911635,
        "extraversion": 0.4836866562043295,
        "agreeableness": 0.6378336390223128,
        "neuroticism": 0.4856235691119606
    },
    "Startouf": {
        "openness": 0.7896096420332781,
        "conscientiousness": 0.5748793218111807,
        "extraversion": 0.4700829924450385,
        "agreeableness": 0.608133160528729,
        "neuroticism": 0.4724915243856681
    },
    "PikachuEXE": {
        "openness": 0.7972187353284484,
        "conscientiousness": 0.6214579966541687,
        "extraversion": 0.45963424474663916,
        "agreeableness": 0.6041836693820599,
        "neuroticism": 0.5143041878869463
    },
    "francescoagati": {
        "openness": 0.7691130122417298,
        "conscientiousness": 0.6294485145634638,
        "extraversion": 0.5308758691498692,
        "agreeableness": 0.6619695810681027,
        "neuroticism": 0.5349322170767091
    },
    "scervera": {
        "openness": 0.7902933231937274,
        "conscientiousness": 0.603764908769152,
        "extraversion": 0.5631666033407685,
        "agreeableness": 0.6667425759666354,
        "neuroticism": 0.5318572947576369
    },
    "mattiassvedhem": {
        "openness": 0.78085354913531,
        "conscientiousness": 0.5603879967166553,