{
    "jstn": {
        "openness": 0.8142134143978489,
        "conscientiousness": 0.6033746230826857,
        "extraversion": 0.47846362899708916,
        "agreeableness": 0.6388665923941309,
        "neuroticism": 0.5061951836908785
    },
    "irace": {
        "openness": 0.8181234094860466,
        "conscientiousness": 0.6198399888216108,
        "extraversion": 0.4942140173093873,
        "agreeableness": 0.6743035075228572,
        "neuroticism": 0.5099603189515465
    },
    "segiddins": {
        "openness": 0.8387038573913768,
        "conscientiousness": 0.6403430613206476,
        "extraversion": 0.49335849720898173,
        "agreeableness": 0.6522492790442836,
        "neuroticism": 0.5763684028424317
    },
    "plivesey": {
        "openness": 0.8411236689274576,
        "conscientiousness": 0.5882932711428808,
        "extraversion": 0.4930615527025183,
        "agreeableness": 0.6800396610652519,
        "neuroticism": 0.5332725836008985
    },
    "garrettmoon": {
        "openness": 0.8225930307101987,
        "conscientiousness": 0.5687429450108018,
        "extraversion": 0.47194587978329106,
        "agreeableness": 0.6706760802917137,
        "neuroticism": 0.48164030595216817
    },
    "liuliu": {
        "openness": 0.7771667789271761,
        "conscientiousness": 0.5576586106580349,
        "extraversion": 0.525627908742082,
        "agreeableness": 0.6759532714562647,
        "neuroticism": 0.40309164924836705
    }
}