{
    "josh": {
        "openness": 0.7889391196272619,
        "conscientiousness": 0.624894842961124,
        "extraversion": 0.47209310590809095,
        "agreeableness": 0.6347988686374001,
        "neuroticism": 0.5290666422974322
    },
    "dhh": {
        "openness": 0.8003454685416711,
        "conscientiousness": 0.6090009335599792,
        "extraversion": 0.5251936515571247,
        "agreeableness": 0.6444707979605271,
        "neuroticism": 0.5364317032728504
    },
    "davydotcom": {
        "openness": 0.8099862577893464,
        "conscientiousness": 0.6231936709479785,
        "extraversion": 0.5059949813072984,
        "agreeableness": 0.6486459342329653,
        "neuroticism": 0.5403561099459815
    },
    "fklingler": {
        "openness": 0.8099258112114306,
        "conscientiousness": 0.6109152846735844,
        "extraversion": 0.4550452354169775,
        "agreeableness": 0.6027169150263628,
        "neuroticism": 0.5336974863226591
    },
    "pomartel": {
        "openness": 0.8180891307159963,
        "conscientiousness": 0.5999561934328347,
        "extraversion": 0.5172512929544981,
        "agreeableness": 0.6332616879316934,
        "neuroticism": 0.5570522207747877
    },
    "reed": {
        "openness": 0.8190732458791479,
        "conscientiousness": 0.6090013925028623,
        "extraversion": 0.4848935576436315,
        "agreeableness": 0.6443686107912567,
        "neuroticism": 0.5347791584041055
    },
    "yasuoza": {
        "openness": 0.8029622616440909,
        "conscientiousness": 0.5855274494791021,
        "extraversion": 0.5124787449203523,
        "agreeableness": 0.6473752015501631,
        "neuroticism": 0.4988721302513345
    },
    "interhive": {
        "openness": 0.7973189261789011,
        "conscientiousness": 0.6143770884234168,
        "extraversion": 0.4835900734786466,
        "agreeableness": 0.6405611385815813,
        "neuroticism": 0.5383767748344341
    },
    "moomerman": {
        "openness": 0.797708219733399,
        "conscientiousness": 0.5661177258514254,
        "extraversion": 0.4666179116931996,
        "agreeableness": 0.6148141329849144,
        "neuroticism": 0.5149294207215034
    },
    "amnesia7": {
        "openness": 0.8166188991741552,
        "conscientiousness": 0.5949040537049286,
        "extraversion": 0.4491878705763194,
        "agreeableness": 0.6296928048434134,
        "neuroticism": 0.5378274320182781
    },
    "Thibaut": {
        "openness": 0.797814056019189,
        "conscientiousness": 0.6168962858848199,
        "extraversion": 0.4724750646313488,
        "agreeableness": 0.6440864971826923,
        "neuroticism": 0.5259717475923565
    },
    "caarlos0": {
        "openness": 0.8015178085590452,
        "conscientiousness": 0.6275262217756271,
        "extraversion": 0.4888474340398645,
        "agreeableness": 0.7072975904200105,
        "neuroticism": 0.5243947550079593
    },
    "ryw": {
        "openness": 0.785826744759182,
        "conscientiousness": 0.6171439741139814,
        "extraversion": 0.48183096363787475,
        "agreeableness": 0.6496658859129909,
        "neuroticism": 0.5368481846222113
    },
    "MatthieuBarthel": {
        "openness": 0.7980134455734818,
        "conscientiousness": 0.6060531400225321,
        "extraversion": 0.46364587789496037,
        "agreeableness": 0.6251917961320316,
        "neuroticism": 0.5753402721515993
    },
    "rahearn": {
        "openness": 0.8140159096961431,
        "conscientiousness": 0.5857366394536468,
        "extraversion": 0.49667064382173853,
        "agreeableness": 0.6183028954484084,
        "neuroticism": 0.5239226398181112
    },
    "javan": {
        "openness": 0.8126486282891376,
        "conscientiousness": 0.6158039094579577,
        "extraversion": 0.44425682785614107,
        "agreeableness": 0.614979827197633,
        "neuroticism": 0.5286879182333744
    },
    "rafaelfranca": {
        "openness": 0.7963793774267361,
        "conscientiousness": 0.6168464265795399,
        "extraversion": 0.45924842604003835,
        "agreeableness": 0.649928285108542,
        "neuroticism": 0.5303508561896036
    },
    "macournoyer": {
        "openness": 0.8001528182531746,
        "conscientiousness": 0.5879967147459905,
        "extraversion": 0.48133725472755184,
        "agreeableness": 0.6141619080148022,
        "neuroticism": 0.516336265733975
    },
    "fpleme": {
        "openness": 0.7431645729643859,
        "conscientiousness": 0.6184540917145286,
        "extraversion": 0.49342248656395143,
        "agreeableness": 0.6677968811843124,
        "neuroticism": 0.4870964352353171
    },
    "infernalmaster": {
        "openness": 0.7478482829894941,
        "conscientiousness": 0.5815230887724101,
        "extraversion": 0.48496243217735374,
        "agreeableness": 0.6556405508666063,
        "neuroticism": 0.4438806545965358
    },
    "mupty": {
        "openness": 0.7569258183653561,
        "conscientiousness": 0.594866625839974,
        "extraversion": 0.49968325040101363,
        "agreeableness": 0.666161069308033,
        "neuroticism": 0.4767985677748427
    },
    "ccmcbeck": {
        "openness": 0.8355444254169994,
        "conscientiousness": 0.5933421832587765,
        "extraversion": 0.5093870975907542,
        "agreeableness": 0.646087267582423,
        "neuroticism": 0.5204142380172578
    },
    "davidray": {
        "openness": 0.7610661911592724,
        "conscientiousness": 0.5857271960768068,
        "extraversion": 0.5049688120731787,
        "agreeableness": 0.6740538673420001,
        "neuroticism": 0.5029834595065941
    },
    "leods92": {
        "openness": 0.7676325346900622,
        "conscientiousness": 0.565787438788461,
        "extraversion": 0.47939652727899174,
        "agreeableness": 0.6235643884551978,
        "neuroticism": 0.4791323371211209
    },
    "WojtekKruszewski": {
        "openness": 0.787308958356528,
        "conscientiousness": 0.6025701424532804,
        "extraversion": 0.5166019645714873,
        "agreeableness": 0.6582435620913569,
        "neuroticism": 0.4912329168536053
    },
    "Nerian": {
        "openness": 0.7624690273180837,
        "conscientiousness": 0.6198078066430068,
        "extraversion": 0.46450769687069776,
        "agreeableness": 0.6678865436883832,
        "neuroticism": 0.48244652453010495
    },
    "alexeypetrushin": {
        "openness": 0.8182779280486828,
        "conscientiousness": 0.5792186273574249,
        "extraversion": 0.48314895999199337,
        "agreeableness": 0.5976911923463509,
        "neuroticism": 0.544548138518278
    },
    "inspire22": {
        "openness": 0.8130330836975908,
        "conscientiousness": 0.5818550578611535,
        "extraversion": 0.47718433358355006,
        "agreeableness": 0.6228554957884493,
        "neuroticism": 0.5054589606702843
    },
    "balvig": {
        "openness": 0.8397990518821535,
        "conscientiousness": 0.5853655232882571,
        "extraversion": 0.49259188425815187,
        "agreeableness": 0.6233665769531463,
        "neuroticism": 0.5090008708408951
    },
    "marcamillion": {
        "openness": 0.7859626897013257,
        "conscientiousness": 0.5946662490120798,
        "extraversion": 0.5058876387962074,
        "agreeableness": 0.6816888946899978,
        "neuroticism": 0.5223688606329207
    },
    "hayesr": {
        "openness": 0.8199585634655141,
        "conscientiousness": 0.6335571634964592,
        "extraversion": 0.48188767461203574,
        "agreeableness": 0.638521874010011,
        "neuroticism": 0.5365440397802309
    },
    "keram": {
        "openness": 0.8237571243468707,
        "conscientiousness": 0.5832582073050394,
        "extraversion": 0.49228969659501953,
        "agreeableness": 0.6485511260680925,
        "neuroticism": 0.4810753353797987
    },
    "ajb": {
        "openness": 0.8244469447641736,
        "conscientiousness": 0.613328309148822,
        "extraversion": 0.5257281513878831,