{
    "saileshmittal": {
        "openness": 0.8346800786309149,
        "conscientiousness": 0.6385667920960028,
        "extraversion": 0.48723342811473536,
        "agreeableness": 0.6532695263277419,
        "neuroticism": 0.5135445686003948
    },
    "kramasamy": {
        "openness": 0.8077170799414135,
        "conscientiousness": 0.6436355918373801,
        "extraversion": 0.5042126171929604,
        "agreeableness": 0.6388453953849448,
        "neuroticism": 0.5230939253161352
    },
    "joestein": {
        "openness": 0.7495257658725073,
        "conscientiousness": 0.59990730343955,
        "extraversion": 0.4044860637608563,
        "agreeableness": 0.6089989304923227,
        "neuroticism": 0.49481995522725997
    },
    "ajorgensen": {
        "openness": 0.7953071425885982,
        "conscientiousness": 0.5751477279450001,
        "extraversion": 0.4640465574584711,
        "agreeableness": 0.6214814142538669,
        "neuroticism": 0.4815999480384281
    },
    "objmagic": {
        "openness": 0.7843920062430038,
        "conscientiousness": 0.609276724755274,
        "extraversion": 0.47232785112207576,
        "agreeableness": 0.6327820153069708,
        "neuroticism": 0.49133118752452676
    },
    "lucperkins": {
        "openness": 0.820901277665804,
        "conscientiousness": 0.611407905938061,
        "extraversion": 0.4912554021454811,
        "agreeableness": 0.6517812950427091,
        "neuroticism": 0.4952611675488862
    },
    "vikkyrk": {
        "openness": 0.8030907545154696,
        "conscientiousness": 0.6354213240098483,
        "extraversion": 0.4791560253055339,
        "agreeableness": 0.6655132143524418,
        "neuroticism": 0.539198557302826
    },
    "cckellogg": {
        "openness": 0.8131325952062698,
        "conscientiousness": 0.6203714721314271,
        "extraversion": 0.47418633803131915,
        "agreeableness": 0.6078450314881518,
        "neuroticism": 0.5317627512049904
    },
    "maosongfu": {
        "openness": 0.8057604412343204,
        "conscientiousness": 0.6181641950147874,
        "extraversion": 0.4738677228072919,
        "agreeableness": 0.6302547309139646,
        "neuroticism": 0.5076448879417824
    },
    "caofangkun": {
        "openness": 0.7668634031475955,
        "conscientiousness": 0.5811197987613492,
        "extraversion": 0.4820970146632536,
        "agreeableness": 0.6621815526507313,
        "neuroticism": 0.48541651959284365
    },
    "ashvina": {
        "openness": 0.8259321037821837,
        "conscientiousness": 0.6363953610569796,
        "extraversion": 0.49560404208270803,
        "agreeableness": 0.6363302642231132,
        "neuroticism": 0.5007296149165505
    },
    "nlu90": {
        "openness": 0.788009557502879,
        "conscientiousness": 0.6290174657047172,
        "extraversion": 0.46125513400873663,
        "agreeableness": 0.6228185884960632,
        "neuroticism": 0.5190680343994901
    },
    "billonahill": {
        "openness": 0.809181983803708,
        "conscientiousness": 0.610089341995538,
        "extraversion": 0.477994513885053,
        "agreeableness": 0.6195771367885007,
        "neuroticism": 0.5128508200957832
    },
    "nwangtw": {
        "openness": 0.8193371354412138,
        "conscientiousness": 0.6053258294377429,
        "extraversion": 0.4663556389172634,
        "agreeableness": 0.6218941093722122,
        "neuroticism": 0.5001242745553247
    },
    "prabhuinbarajan": {
        "openness": 0.8173503833639839,
        "conscientiousness": 0.607410322031341,
        "extraversion": 0.49904780988245956,
        "agreeableness": 0.6316827993541057,
        "neuroticism": 0.48689047076032005
    },
    "windie": {
        "openness": 0.8057092664617331,
        "conscientiousness": 0.6219696940571325,
        "extraversion": 0.44855558281109964,
        "agreeableness": 0.5987166729928646,
        "neuroticism": 0.5015894225019084
    },
    "osgigeek": {
        "openness": 0.8200879944004626,
        "conscientiousness": 0.6139738707584665,
        "extraversion": 0.4886491826554559,
        "agreeableness": 0.6387841343218807,
        "neuroticism": 0.5166205952146785
    },
    "huijunw": {
        "openness": 0.7663160313911195,
        "conscientiousness": 0.5865368441585272,
        "extraversion": 0.4699776435462619,
        "agreeableness": 0.6194977887523193,
        "neuroticism": 0.46521509622448864
    },
    "lewiskan": {
        "openness": 0.7815240897828113,
        "conscientiousness": 0.6177770926915275,
        "extraversion": 0.46422578573190176,
        "agreeableness": 0.6306488402841843,
        "neuroticism": 0.5044867587069718
    },
    "supunkamburugamuve": {
        "openness": 0.8057377008056394,
        "conscientiousness": 0.662262600505501,
        "extraversion": 0.47208961915849024,
        "agreeableness": 0.605395136996223,
        "neuroticism": 0.553141085980027
    },
    "congwang": {
        "openness": 0.779813730474723,
        "conscientiousness": 0.599836517923077,
        "extraversion": 0.441825987254206,
        "agreeableness": 0.6303279562681667,
        "neuroticism": 0.49380728773080534
    },
    "tysonnorris": {
        "openness": 0.8085548971622595,
        "conscientiousness": 0.6170191834052345,
        "extraversion": 0.4839499098197696,
        "agreeableness": 0.6397319682542639,
        "neuroticism": 0.5130758446473729
    },
    "waitingkuo": {
        "openness": 0.7861545444995355,
        "conscientiousness": 0.563391049800174,
        "extraversion": 0.4555275103086238,
        "agreeableness": 0.5978941351355171,
        "neuroticism": 0.482744632395557
    },
    "srkukarni": {
        "openness": 0.820312953067387,
        "conscientiousness": 0.6206744985206651,
        "extraversion": 0.4861063966709484,
        "agreeableness": 0.6263272380524219,
        "neuroticism": 0.4959015057388331
    },
    "sijie": {
        "openness": 0.7569151180479081,
        "conscientiousness": 0.5520850334348144,
        "extraversion": 0.4688930522741154,
        "agreeableness": 0.5941727796136707,
        "neuroticism": 0.4490169101356901
    },
    "wangli1426": {
        "openness": 0.8024674426071041,
        "conscientiousness": 0.6475117310552647,
        "extraversion": 0.4979822490542613,
        "agreeableness": 0.6342413722250306,
        "neuroticism": 0.535316252637272
    },
    "huijunwu": {
        "openness": 0.8019891024206913,
        "conscientiousness": 0.6123942598966855,
        "extraversion": 0.48192883405791453,
        "agreeableness": 0.5913023062912972,
        "neuroticism": 0.5210297594461233
    },
    "skanjila": {
        "openness": 0.8314916098311457,
        "conscientiousness": 0.6559935987785838,
        "extraversion": 0.4869304169156037,
        "agreeableness": 0.6568050867390955,
        "neuroticism": 0.5184360309825673
    },
    "alanngai": {
        "openness": 0.7560540109227653,
        "conscientiousness": 0.5726626522439272,
        "extraversion": 0.44127507470285376,
        "agreeableness": 0.6307904953823603,
        "neuroticism": 0.4805800489138007
    },
    "aaronshan": {
        "openness": 0.7240973322707852,
        "conscientiousness": 0.6132594795495984,
        "extraversion": 0.45073928850707423,
        "agreeableness": 0.659522312452236,
        "neuroticism": 0.4376710035321889
    },
    "taishi8117": {
        "openness": 0.785162139155331,
        "conscientiousness": 0.5909557063392897,
        "extraversion": 0.45425459601728213,
        "agreeableness": 0.5952637731923333,
        "neuroticism": 0.48948663537613957
    },
    "aShevc": {
        "openness": 0.8148386017563765,
        "conscientiousness": 0.6368567377873513,
        "extraversion": 0.4673493008868823,
        "agreeableness": 0.635860484493484,
        "neuroticism": 0.5065959006150322
    },
    "samek": {
        "openness": 0.7735923562728704,
        "conscientiousness": 0.5283792528163914,