{
    "lonelycode": {
        "openness": 0.8056304426058379,
        "conscientiousness": 0.6131268794716878,
        "extraversion": 0.4975966421261441,
        "agreeableness": 0.606819640886318,
        "neuroticism": 0.5468119070589278
    },
    "camann9": {
        "openness": 0.8069651232137777,
        "conscientiousness": 0.5919243903972587,
        "extraversion": 0.4549792785738568,
        "agreeableness": 0.5913972172641314,
        "neuroticism": 0.5252290789194598
    },
    "Romain1204": {
        "openness": 0.7745689222110572,
        "conscientiousness": 0.5961599760524964,
        "extraversion": 0.5235890075468584,
        "agreeableness": 0.5889692222853283,
        "neuroticism": 0.5249930274387994
    },
    "ConsM": {
        "openness": 0.8343432871521467,
        "conscientiousness": 0.6892458553852814,
        "extraversion": 0.5090197166592774,
        "agreeableness": 0.6875923234100729,
        "neuroticism": 0.550747046149753
    },
    "buger": {
        "openness": 0.8095863120600967,
        "conscientiousness": 0.6262516855317181,
        "extraversion": 0.48625527951341696,
        "agreeableness": 0.6433957948403295,
        "neuroticism": 0.5222066235268721
    },
    "mNantern": {
        "openness": 0.7722611994972488,
        "conscientiousness": 0.610810242124442,
        "extraversion": 0.45828413190434053,
        "agreeableness": 0.6331945105081398,
        "neuroticism": 0.5115965427438836
    },
    "josephearl": {
        "openness": 0.7962302078610891,
        "conscientiousness": 0.6143040217708113,
        "extraversion": 0.5079197101010531,
        "agreeableness": 0.6308645986789919,
        "neuroticism": 0.567183400150246
    },
    "DavidTPate": {
        "openness": 0.7692342927878069,
        "conscientiousness": 0.5975916360816304,
        "extraversion": 0.49764676962805965,
        "agreeableness": 0.6176377844418841,
        "neuroticism": 0.547182236876641
    },
    "kohrVid": {
        "openness": 0.800271518455741,
        "conscientiousness": 0.6329392809335835,
        "extraversion": 0.5331740205711719,
        "agreeableness": 0.7330183534392218,
        "neuroticism": 0.5018509699045003
    },
    "lyptt": {
        "openness": 0.70522249258526,
        "conscientiousness": 0.6384034801410396,
        "extraversion": 0.5102454637002956,
        "agreeableness": 0.6949505721350897,
        "neuroticism": 0.5390869032739887
    },
    "richard-hulm": {
        "openness": 0.8016879134527903,
        "conscientiousness": 0.6049156897735406,
        "extraversion": 0.4761997576092203,
        "agreeableness": 0.6197339153945148,
        "neuroticism": 0.5232581852203778
    },
    "mvdan": {
        "openness": 0.807598494099164,
        "conscientiousness": 0.6080370297477948,
        "extraversion": 0.44465108495460404,
        "agreeableness": 0.6310927394669217,
        "neuroticism": 0.5082574473212316
    },
    "nazarhussain": {
        "openness": 0.7872159287248518,
        "conscientiousness": 0.5967168245109984,
        "extraversion": 0.49365010580003194,
        "agreeableness": 0.6466939357055908,
        "neuroticism": 0.5024297769227264
    },
    "ashee": {
        "openness": 0.7109923333233427,
        "conscientiousness": 0.6085722968282069,
        "extraversion": 0.4898103636867947,
        "agreeableness": 0.65586217111894,
        "neuroticism": 0.4761952067807557
    },
    "ibondare": {
        "openness": 0.817235806929605,
        "conscientiousness": 0.6174452941430719,
        "extraversion": 0.5508345891117337,
        "agreeableness": 0.6584607144031875,
        "neuroticism": 0.553002420818025
    },
    "yoanisgil": {
        "openness": 0.7847845230523627,
        "conscientiousness": 0.5954438985061663,
        "extraversion": 0.48288328962879346,
        "agreeableness": 0.6240844878542314,
        "neuroticism": 0.5243238081314536
    },
    "AlexGiovanentti": {
        "openness": 0.7878725426620952,
        "conscientiousness": 0.6264739151911003,
        "extraversion": 0.5206447603527647,
        "agreeableness": 0.623795165047792,
        "neuroticism": 0.5522022797771012
    },
    "johnjelinek": {
        "openness": 0.7505596632209741,
        "conscientiousness": 0.5877325646474327,
        "extraversion": 0.5099811982607192,
        "agreeableness": 0.5934656244222827,
        "neuroticism": 0.5324894407791139
    },
    "manjeshpv": {
        "openness": 0.7947278803673338,
        "conscientiousness": 0.5720813512415089,
        "extraversion": 0.5494410925324598,
        "agreeableness": 0.6408848732811401,
        "neuroticism": 0.48841716479905484
    },
    "senj": {
        "openness": 0.7985568028462454,
        "conscientiousness": 0.6183442088785391,
        "extraversion": 0.5020608848556574,
        "agreeableness": 0.6381914831834824,
        "neuroticism": 0.5679699454835576
    },
    "jaggerwang": {
        "openness": 0.7585055078660158,
        "conscientiousness": 0.6003852287892246,
        "extraversion": 0.5325287899547141,
        "agreeableness": 0.6866223686994218,
        "neuroticism": 0.5404898464193999
    },
    "fkasper": {
        "openness": 0.7793062081989468,
        "conscientiousness": 0.6073066176538147,
        "extraversion": 0.5298930908259449,
        "agreeableness": 0.683938803517191,
        "neuroticism": 0.5591719670164548
    },
    "tandonraghav": {
        "openness": 0.7833985121757653,
        "conscientiousness": 0.5836783112286548,
        "extraversion": 0.523371161948103,
        "agreeableness": 0.6180167954792909,
        "neuroticism": 0.5493840369491774
    },
    "mnv104": {
        "openness": 0.7853183711294915,
        "conscientiousness": 0.6067271813781896,
        "extraversion": 0.5191392496457565,
        "agreeableness": 0.6660029168052102,
        "neuroticism": 0.5113762977600488
    },
    "carnageX": {
        "openness": 0.7130552816473633,
        "conscientiousness": 0.563010225401847,
        "extraversion": 0.4577684580010171,
        "agreeableness": 0.5835418028282534,
        "neuroticism": 0.4969040804918693
    },
    "gwshaw": {
        "openness": 0.8134508465732502,
        "conscientiousness": 0.6320011193432549,
        "extraversion": 0.5247555885903175,
        "agreeableness": 0.6057758491078584,
        "neuroticism": 0.5684386716306428
    },
    "ilijabojanovic": {
        "openness": 0.7248895445427498,
        "conscientiousness": 0.6208949236983041,
        "extraversion": 0.5098234029455391,
        "agreeableness": 0.6838269664951603,
        "neuroticism": 0.49071802981377854
    },
    "msheldonfl": {
        "openness": 0.7698706821490515,
        "conscientiousness": 0.5989710794356331,
        "extraversion": 0.5321259457355868,
        "agreeableness": 0.6586641957033409,
        "neuroticism": 0.5745577635537178
    },
    "matiasinsaurralde": {
        "openness": 0.7975754748822051,
        "conscientiousness": 0.601577775603291,
        "extraversion": 0.47248323497054867,
        "agreeableness": 0.6074823793681583,
        "neuroticism": 0.5228426154893777
    },
    "ivaningrooves": {
        "openness": 0.8059091849803723,
        "conscientiousness": 0.6211567306338631,
        "extraversion": 0.5140460092366982,
        "agreeableness": 0.651875182104803,
        "neuroticism": 0.533475809788949
    },
    "byrnedo": {
        "openness": 0.7716676713001724,
        "conscientiousness": 0.6074854826783076,
        "extraversion": 0.49726843630467843,
        "agreeableness": 0.6379320034380433,
        "neuroticism": 0.5367288114073784
    },
    "magnusja": {
        "openness": 0.7175350222786908,
        "conscientiousness": 0.6127868940364133,
        "extraversion": 0.4730161951656469,
        "agreeableness": 0.6528133172393308,
        "neuroticism": 0.4826351818721347
    },
    "penhauer-xiao": {
        "openness": 0.7163199556436244,
        "conscientiousness": 0.6037752354643187,