{
    "utahta": {
        "openness": 0.7991669440784418,
        "conscientiousness": 0.6175061074141681,
        "extraversion": 0.43002531650919823,
        "agreeableness": 0.6633213343769817,
        "neuroticism": 0.5198140375626351
    },
    "adamlwgriffiths": {
        "openness": 0.7951135519192561,
        "conscientiousness": 0.6100113386971321,
        "extraversion": 0.4531610925806624,
        "agreeableness": 0.5636722167732617,
        "neuroticism": 0.5029277216581806
    },
    "SimonHova": {
        "openness": 0.7949343764208606,
        "conscientiousness": 0.5795657954149724,
        "extraversion": 0.5310219316987715,
        "agreeableness": 0.6115221049535018,
        "neuroticism": 0.5521698263815935
    },
    "trinitronx": {
        "openness": 0.821354434179067,
        "conscientiousness": 0.5624994273784888,
        "extraversion": 0.46596864266271315,
        "agreeableness": 0.5896183336624807,
        "neuroticism": 0.48113428768181765
    },
    "azec-pdx": {
        "openness": 0.7182666203522658,
        "conscientiousness": 0.5781186703509003,
        "extraversion": 0.4679007841483845,
        "agreeableness": 0.6411506081959739,
        "neuroticism": 0.4883357319583509
    },
    "anthonyrisinger": {
        "openness": 0.8166284016258665,
        "conscientiousness": 0.5367638932764676,
        "extraversion": 0.43335579139616565,
        "agreeableness": 0.5886034752097624,
        "neuroticism": 0.4921850943652555
    },
    "kylegibson": {
        "openness": 0.841164574297394,
        "conscientiousness": 0.621946740316055,
        "extraversion": 0.4708077701474586,
        "agreeableness": 0.5852712080629074,
        "neuroticism": 0.5179714462335193
    },
    "wting": {
        "openness": 0.7933907719435275,
        "conscientiousness": 0.5746663855772987,
        "extraversion": 0.4899863153883601,
        "agreeableness": 0.608098986073077,
        "neuroticism": 0.5378008669646013
    },
    "socketbox": {
        "openness": 0.7847012103730714,
        "conscientiousness": 0.5858669821385597,
        "extraversion": 0.4443301932345703,
        "agreeableness": 0.5918749029709722,
        "neuroticism": 0.5089794257129032
    },
    "deutrino": {
        "openness": 0.7377838469863117,
        "conscientiousness": 0.5540293304441475,
        "extraversion": 0.4088271130162784,
        "agreeableness": 0.5965659978226998,
        "neuroticism": 0.4403826667497841
    },
    "motiteux": {
        "openness": 0.8558095400253187,
        "conscientiousness": 0.6363948623898785,
        "extraversion": 0.44730412927321783,
        "agreeableness": 0.6568837560846787,
        "neuroticism": 0.4973931723478235
    },
    "swiftarrow": {
        "openness": 0.7668005932985316,
        "conscientiousness": 0.6174864246628685,
        "extraversion": 0.4602793773927837,
        "agreeableness": 0.610326732784236,
        "neuroticism": 0.5210189119534271
    },
    "Kentoseth": {
        "openness": 0.8292334696140815,
        "conscientiousness": 0.6199693540530558,
        "extraversion": 0.4809934486094703,
        "agreeableness": 0.6785071092532841,
        "neuroticism": 0.5022746927274674
    }
}