{
    "Valve": {
        "openness": 0.8033954729760672,
        "conscientiousness": 0.6109513993173618,
        "extraversion": 0.4743505572155752,
        "agreeableness": 0.6135210515506342,
        "neuroticism": 0.5424261950402461
    },
    "levipage": {
        "openness": 0.8403866666476048,
        "conscientiousness": 0.61580207995283,
        "extraversion": 0.5082179827446105,
        "agreeableness": 0.6499969949240448,
        "neuroticism": 0.5363996009736816
    },
    "sundarseswaran": {
        "openness": 0.8435497161465066,
        "conscientiousness": 0.5763464064134646,
        "extraversion": 0.4806860506052535,
        "agreeableness": 0.6184275276636884,
        "neuroticism": 0.5169290046573047
    }
}