{
    "victorb": {
        "openness": 0.808471633042029,
        "conscientiousness": 0.6289282114698567,
        "extraversion": 0.4817777616918184,
        "agreeableness": 0.686854166754902,
        "neuroticism": 0.5104987494666278
    },
    "MrOrz": {
        "openness": 0.8138729839079142,
        "conscientiousness": 0.5475508227860157,
        "extraversion": 0.4733205049247763,
        "agreeableness": 0.5753412808627567,
        "neuroticism": 0.45121847548711513
    },
    "voronianski": {
        "openness": 0.8204729646221817,
        "conscientiousness": 0.5741026729671568,
        "extraversion": 0.5051064857396196,
        "agreeableness": 0.6466465469223373,
        "neuroticism": 0.4918209569511574
    },
    "selfinterest": {
        "openness": 0.8028452382301757,
        "conscientiousness": 0.5982331686824016,
        "extraversion": 0.4924642965967253,
        "agreeableness": 0.6226165200023561,
        "neuroticism": 0.5159784857470582
    },
    "Rodeoclash": {
        "openness": 0.8111397527938257,
        "conscientiousness": 0.6021923943188816,
        "extraversion": 0.4442821411333172,
        "agreeableness": 0.6224838068462799,
        "neuroticism": 0.5007261746176574
    },
    "pascalc": {
        "openness": 0.7649418196740267,
        "conscientiousness": 0.5984331224693226,
        "extraversion": 0.4508718702373171,
        "agreeableness": 0.6938919419444591,
        "neuroticism": 0.4483935894270917
    },
    "dasois": {
        "openness": 0.8277447357376015,
        "conscientiousness": 0.6320048692072926,
        "extraversion": 0.4797545559869626,
        "agreeableness": 0.6442747226468586,
        "neuroticism": 0.5207815569828925
    },
    "martiro": {
        "openness": 0.7469315454699904,
        "conscientiousness": 0.5839374210953926,
        "extraversion": 0.436031311120613,
        "agreeableness": 0.6429270686369705,
        "neuroticism": 0.4899127165779204
    },
    "cetra3": {
        "openness": 0.7963118449349617,
        "conscientiousness": 0.6266856952249293,
        "extraversion": 0.47175934226878724,
        "agreeableness": 0.6867700832031504,
        "neuroticism": 0.5073342839815025
    },
    "thiagofesta": {
        "openness": 0.8016770129828618,
        "conscientiousness": 0.6320445164441757,
        "extraversion": 0.468629764320164,
        "agreeableness": 0.6758387809741402,
        "neuroticism": 0.5340412702757159
    },
    "MangeshPimpalkar": {
        "openness": 0.8232158535498253,
        "conscientiousness": 0.6753814037232544,
        "extraversion": 0.5099109589540429,
        "agreeableness": 0.6554245950128871,
        "neuroticism": 0.5017183566735124
    },
    "toutpt": {
        "openness": 0.7872281391463147,
        "conscientiousness": 0.560643131850803,
        "extraversion": 0.48365141620218666,
        "agreeableness": 0.6162874935778697,
        "neuroticism": 0.4985317477703022
    }
}