{
    "matrixik": {
        "openness": 0.7942791946076259,
        "conscientiousness": 0.6671197301850653,
        "extraversion": 0.5681459914363178,
        "agreeableness": 0.7449735748011814,
        "neuroticism": 0.5430399357916939
    },
    "visualfc": {
        "openness": 0.733770255264939,
        "conscientiousness": 0.6100304570173058,
        "extraversion": 0.45311789659558005,
        "agreeableness": 0.6628868375867611,
        "neuroticism": 0.4898893068979663
    },
    "prof7bit": {
        "openness": 0.7939914510226816,
        "conscientiousness": 0.6188311520667859,
        "extraversion": 0.5283316076011375,
        "agreeableness": 0.6245482517240956,
        "neuroticism": 0.529849715458465
    },
    "xyproto": {
        "openness": 0.7607477318970094,
        "conscientiousness": 0.5892802977487555,
        "extraversion": 0.4557186957915541,
        "agreeableness": 0.5969020870744912,
        "neuroticism": 0.5095701152003685
    },
    "mzimmerman": {
        "openness": 0.7928106944525535,
        "conscientiousness": 0.582081091406451,
        "extraversion": 0.4963472684561579,
        "agreeableness": 0.6162048574227821,
        "neuroticism": 0.49925955618451234
    },
    "wheelcomplex": {
        "openness": 0.7368313818941736,
        "conscientiousness": 0.6086387096144393,
        "extraversion": 0.498233819858053,
        "agreeableness": 0.6880706552742161,
        "neuroticism": 0.42954270668871586
    },
    "fawick": {
        "openness": 0.781052156971844,
        "conscientiousness": 0.6123190714038587,
        "extraversion": 0.3996714920173956,
        "agreeableness": 0.580517045582357,
        "neuroticism": 0.5382457103887697
    },
    "dalu": {
        "openness": 0.7444071887713922,
        "conscientiousness": 0.5617716573237644,
        "extraversion": 0.4363311609353513,
        "agreeableness": 0.6099715923919574,
        "neuroticism": 0.43747454221279525
    },
    "russel": {
        "openness": 0.8018464165811903,
        "conscientiousness": 0.599700134538718,
        "extraversion": 0.4667123045148048,
        "agreeableness": 0.6325513778742805,
        "neuroticism": 0.4854577179417512
    },
    "xiegeo": {
        "openness": 0.8112865202152227,
        "conscientiousness": 0.5995723952650049,
        "extraversion": 0.4516598898077211,
        "agreeableness": 0.6344042413407354,
        "neuroticism": 0.5183291535041855
    },
    "dvirsky": {
        "openness": 0.8098579518468152,
        "conscientiousness": 0.5291082974068906,
        "extraversion": 0.43290629211386855,
        "agreeableness": 0.6139305204452561,
        "neuroticism": 0.4256844690176717
    },
    "scorredoira": {
        "openness": 0.7853595976238246,
        "conscientiousness": 0.6563700301968074,
        "extraversion": 0.4908668770240065,
        "agreeableness": 0.7212373858018282,
        "neuroticism": 0.5338822886987336
    },
    "vodolaz095": {
        "openness": 0.8080572875122599,
        "conscientiousness": 0.6021391907720708,
        "extraversion": 0.45088495364293885,
        "agreeableness": 0.6215394629884461,
        "neuroticism": 0.5061145008424244
    },
    "shyrobbiani": {
        "openness": 0.7864435487434659,
        "conscientiousness": 0.5782948423712796,
        "extraversion": 0.4459649305802666,
        "agreeableness": 0.5678842325967222,
        "neuroticism": 0.520456925010731
    },
    "CuriousCain": {
        "openness": 0.8125487291112024,
        "conscientiousness": 0.5761352379804714,
        "extraversion": 0.3946614414309221,
        "agreeableness": 0.5896194118008609,
        "neuroticism": 0.5063640851211697
    },
    "cillosis": {
        "openness": 0.7021004777924872,
        "conscientiousness": 0.5983326800246314,
        "extraversion": 0.44565118070932636,
        "agreeableness": 0.6686241636590209,
        "neuroticism": 0.4286129105395722
    },
    "gdm85": {
        "openness": 0.81930669629034,
        "conscientiousness": 0.5966151293255538,
        "extraversion": 0.4959598607369963,
        "agreeableness": 0.6766405823019646,
        "neuroticism": 0.4840716513443134
    },
    "carlca": {
        "openness": 0.7801496501732971,
        "conscientiousness": 0.5820098427924835,
        "extraversion": 0.45451604862647565,
        "agreeableness": 0.611564702054535,
        "neuroticism": 0.4871859544483631
    },
    "petergloor": {
        "openness": 0.8017315307435509,
        "conscientiousness": 0.5743819832548415,
        "extraversion": 0.4320091042563696,
        "agreeableness": 0.5741525360654682,
        "neuroticism": 0.5033705807429563
    },
    "elfgoh": {
        "openness": 0.7210865224326148,
        "conscientiousness": 0.6261578881037158,
        "extraversion": 0.4837374267772938,
        "agreeableness": 0.6906772691609401,
        "neuroticism": 0.43250027107091976
    },
    "HuangDaxi": {
        "openness": 0.7108640206540194,
        "conscientiousness": 0.6211180679906568,
        "extraversion": 0.5015467867475406,
        "agreeableness": 0.7022337908352143,
        "neuroticism": 0.4339039722444973
    }
}