{
    "vitaly-t": {
        "openness": 0.8245018365142078,
        "conscientiousness": 0.6310502964673924,
        "extraversion": 0.49530093596432806,
        "agreeableness": 0.6451757205733768,
        "neuroticism": 0.5455715141912798
    },
    "emilioplatzer": {
        "openness": 0.8118277030755927,
        "conscientiousness": 0.6302532122622965,
        "extraversion": 0.5045877572970934,
        "agreeableness": 0.6332497099818094,
        "neuroticism": 0.5322595908574419
    },
    "jcristovao": {
        "openness": 0.8117656007611713,
        "conscientiousness": 0.6550190018959697,
        "extraversion": 0.5025530075315382,
        "agreeableness": 0.8154298570116103,
        "neuroticism": 0.509499347458515
    },
    "joeandaverde": {
        "openness": 0.8491149677288093,
        "conscientiousness": 0.5672432798017825,
        "extraversion": 0.5436370813477913,
        "agreeableness": 0.634997463354694,
        "neuroticism": 0.5405151252310113
    },
    "ForbesLindesay": {
        "openness": 0.8167102321258433,
        "conscientiousness": 0.5780723577904672,
        "extraversion": 0.46473083876163346,
        "agreeableness": 0.6172814064606912,
        "neuroticism": 0.5211903254541671
    },
    "kcparashar": {
        "openness": 0.7966686025579025,
        "conscientiousness": 0.5743713074662161,
        "extraversion": 0.508826974350875,
        "agreeableness": 0.6817250487333244,
        "neuroticism": 0.4710115028123656
    },
    "paulovieira": {
        "openness": 0.8135802266703142,
        "conscientiousness": 0.6683399789373861,
        "extraversion": 0.5642295472213927,
        "agreeableness": 0.6499482676716919,
        "neuroticism": 0.6028413440514084
    },
    "Maximization": {
        "openness": 0.7928298352763001,
        "conscientiousness": 0.6374221277986704,
        "extraversion": 0.471453088367493,
        "agreeableness": 0.6581314112212187,
        "neuroticism": 0.5686297524646277
    },
    "wprudencio": {
        "openness": 0.7600583928994251,
        "conscientiousness": 0.6075391302377263,
        "extraversion": 0.5081801621075658,
        "agreeableness": 0.6853239962531141,
        "neuroticism": 0.5867099452574803
    },
    "oliversalzburg": {
        "openness": 0.8132543139525319,
        "conscientiousness": 0.6133507218763886,
        "extraversion": 0.4985067572177939,
        "agreeableness": 0.6614295123341866,
        "neuroticism": 0.5356005689753736
    },
    "khusamov": {
        "openness": 0.7699008911871477,
        "conscientiousness": 0.6105965068155473,
        "extraversion": 0.48602108446889825,
        "agreeableness": 0.6821156636102336,
        "neuroticism": 0.5387623926110808
    },
    "paulxtiseo": {
        "openness": 0.7936121756600188,
        "conscientiousness": 0.5986042914112336,
        "extraversion": 0.5022246291052322,
        "agreeableness": 0.631507908691478,
        "neuroticism": 0.526877629750073
    },
    "kdex": {
        "openness": 0.8143248691663728,
        "conscientiousness": 0.5813714720398172,
        "extraversion": 0.4775541049274039,
        "agreeableness": 0.692391199733103,
        "neuroticism": 0.5079681434767829
    },
    "vertiman": {
        "openness": 0.8015129718281393,
        "conscientiousness": 0.6654513818098838,
        "extraversion": 0.509211281638063,
        "agreeableness": 0.6634373428097915,
        "neuroticism": 0.5761918573769674
    },
    "aHumanBeing": {
        "openness": 0.7761475685262943,
        "conscientiousness": 0.5555192866901846,
        "extraversion": 0.4741254645621441,
        "agreeableness": 0.6405660571154311,
        "neuroticism": 0.47693120632468733
    },
    "JaxCavalera": {
        "openness": 0.8278585067590335,
        "conscientiousness": 0.5924369959087538,
        "extraversion": 0.5351830406740588,
        "agreeableness": 0.666503136699587,
        "neuroticism": 0.5130841985487333
    },
    "jmealo": {
        "openness": 0.8113959610114349,
        "conscientiousness": 0.6227003518814193,
        "extraversion": 0.5017076805363491,
        "agreeableness": 0.6349654811943863,
        "neuroticism": 0.5393215233726762
    },
    "arm5472": {
        "openness": 0.8128470922425153,
        "conscientiousness": 0.6087397460888321,
        "extraversion": 0.5103833513017981,
        "agreeableness": 0.6787301038010481,
        "neuroticism": 0.5047950730264971
    },
    "nlf": {
        "openness": 0.835258434538009,
        "conscientiousness": 0.6090633095458722,
        "extraversion": 0.5044456265245383,
        "agreeableness": 0.6434616555359958,
        "neuroticism": 0.5388202126461406
    },
    "AriaFallah": {
        "openness": 0.8200511023121151,
        "conscientiousness": 0.6181762702378126,
        "extraversion": 0.5008155275266875,
        "agreeableness": 0.6820701981509976,
        "neuroticism": 0.5278074558836173
    },
    "coveralls": {
        "openness": 0.7175042994631093,
        "conscientiousness": 0.6223785803118457,
        "extraversion": 0.5140174864460647,
        "agreeableness": 0.7062454891582749,
        "neuroticism": 0.4862095840748054
    },
    "nonplus": {
        "openness": 0.7964967855821469,
        "conscientiousness": 0.5778576537748829,
        "extraversion": 0.5032392808126206,
        "agreeableness": 0.6045161188650812,
        "neuroticism": 0.5203653582816383
    },
    "vieks": {
        "openness": 0.8226351576846629,
        "conscientiousness": 0.6112696440555917,
        "extraversion": 0.5007899799144749,
        "agreeableness": 0.6215812388797193,
        "neuroticism": 0.5507976622668674
    },
    "ferlopezm94": {
        "openness": 0.8055671163934869,
        "conscientiousness": 0.5829654822503878,
        "extraversion": 0.530000715163101,
        "agreeableness": 0.6575227584774521,
        "neuroticism": 0.5346216802395583
    },
    "goyoGit": {
        "openness": 0.8354263998992985,
        "conscientiousness": 0.6167599979124772,
        "extraversion": 0.48135083134674667,
        "agreeableness": 0.6523289200880867,
        "neuroticism": 0.5598077442188121
    },
    "L-u-k-e": {
        "openness": 0.8207658295543069,
        "conscientiousness": 0.5908884024725065,
        "extraversion": 0.5038461772369157,
        "agreeableness": 0.7021920719067865,
        "neuroticism": 0.49648321135239853
    },
    "boromisp": {
        "openness": 0.7918660172333073,
        "conscientiousness": 0.5968727001966951,
        "extraversion": 0.46865902242199675,
        "agreeableness": 0.6194281225381569,
        "neuroticism": 0.5185502304899287
    },
    "TazmanianDI": {
        "openness": 0.8022131555898718,
        "conscientiousness": 0.5509772946862882,
        "extraversion": 0.4963990759741006,
        "agreeableness": 0.6371550582940712,
        "neuroticism": 0.4681211297973119
    },
    "ghusse": {
        "openness": 0.8292982231169819,
        "conscientiousness": 0.6738870135359172,
        "extraversion": 0.5409968945219963,
        "agreeableness": 0.6948566784940513,
        "neuroticism": 0.6017759108963321
    },
    "nareshbhatia": {
        "openness": 0.8050528615548588,
        "conscientiousness": 0.6109060974332089,
        "extraversion": 0.49105491412180313,
        "agreeableness": 0.6513147351615935,
        "neuroticism": 0.5239776641158737
    },
    "benoittgt": {
        "openness": 0.8080736220809678,
        "conscientiousness": 0.6035077000033335,
        "extraversion": 0.48995593391851333,
        "agreeableness": 0.6675139848652735,
        "neuroticism": 0.5327532735755078
    },
    "RomeHein": {
        "openness": 0.795736520178107,
        "conscientiousness": 0.603908576490809,
        "extraversion": 0.49844091057639,
        "agreeableness": 0.6432301066914078,
        "neuroticism": 0.5392736860746761
    },
    "amenadiel": {
        "openness": 0.8301209312366234,
        "conscientiousness": 0.6138721347550447,