{
    "walkor": {
        "openness": 0.765421089456448,
        "conscientiousness": 0.5996709331198806,
        "extraversion": 0.49280842071410386,
        "agreeableness": 0.6482575745763762,
        "neuroticism": 0.5298760959688076
    },
    "IngwiePhoenix": {
        "openness": 0.802867541902219,
        "conscientiousness": 0.5950468593882571,
        "extraversion": 0.4425218277389318,
        "agreeableness": 0.6657130228724605,
        "neuroticism": 0.5001291435401173
    },
    "gouchaoer": {
        "openness": 0.7262492090806971,
        "conscientiousness": 0.5860760133161605,
        "extraversion": 0.4752736404196274,
        "agreeableness": 0.669855710674466,
        "neuroticism": 0.4612664148452087
    },
    "taozywu": {
        "openness": 0.7446428084824903,
        "conscientiousness": 0.6000476872818273,
        "extraversion": 0.4741222280264867,
        "agreeableness": 0.6514428527098779,
        "neuroticism": 0.5274718645073042
    },
    "sm2017": {
        "openness": 0.7611232097085101,
        "conscientiousness": 0.5797348218912762,
        "extraversion": 0.4589923095607743,
        "agreeableness": 0.623253302508401,
        "neuroticism": 0.4996371242267761
    },
    "wwng2333": {
        "openness": 0.7338214308111748,
        "conscientiousness": 0.5918620374130702,
        "extraversion": 0.4575613403200811,
        "agreeableness": 0.6580767051270753,
        "neuroticism": 0.46400777624559236
    },
    "kak2z7702": {
        "openness": 0.7211284769446896,
        "conscientiousness": 0.5841400910652813,
        "extraversion": 0.4388337425407633,
        "agreeableness": 0.627200476403371,
        "neuroticism": 0.5112373686724639
    },
    "mitsh": {
        "openness": 0.7586168021391344,
        "conscientiousness": 0.5968308987838818,
        "extraversion": 0.5172482138914498,
        "agreeableness": 0.6513285167545356,
        "neuroticism": 0.5217662287410977
    },
    "Drabiv": {
        "openness": 0.7356782585683375,
        "conscientiousness": 0.5916249098157675,
        "extraversion": 0.5154974784749797,
        "agreeableness": 0.6758383869467919,
        "neuroticism": 0.511293936564741
    },
    "farwish": {
        "openness": 0.8007951469105711,
        "conscientiousness": 0.6055278750134033,
        "extraversion": 0.4902761772513205,
        "agreeableness": 0.6053864587258738,
        "neuroticism": 0.5497685502627746
    },
    "soha1410": {
        "openness": 0.7762796358450442,
        "conscientiousness": 0.6012055932097597,
        "extraversion": 0.4712141515504309,
        "agreeableness": 0.6412075924122842,
        "neuroticism": 0.5526862758660153
    },
    "Karmadon": {
        "openness": 0.6844450947653253,
        "conscientiousness": 0.5808714892383807,
        "extraversion": 0.4565813479249001,
        "agreeableness": 0.6578922184671547,
        "neuroticism": 0.4610899073709196
    },
    "dragonflylee": {
        "openness": 0.7394761214792733,
        "conscientiousness": 0.567778942963841,
        "extraversion": 0.48501745097519217,
        "agreeableness": 0.6679643485874848,
        "neuroticism": 0.47988575519430077
    },
    "nexen2": {
        "openness": 0.7865072198127535,
        "conscientiousness": 0.5667802504800123,
        "extraversion": 0.4626135677395068,
        "agreeableness": 0.6079735656878332,
        "neuroticism": 0.5353456808657115
    },
    "DeltaVetal26": {
        "openness": 0.7649838924466916,
        "conscientiousness": 0.5878215484897569,
        "extraversion": 0.50887167737449,
        "agreeableness": 0.6488365828060446,
        "neuroticism": 0.5553419559077868
    },
    "blogdaren": {
        "openness": 0.8011926281772247,
        "conscientiousness": 0.6375554096148381,
        "extraversion": 0.44780969587472585,
        "agreeableness": 0.6263317053883132,
        "neuroticism": 0.5555495438631908
    },
    "xiaobaig0407": {
        "openness": 0.7674016459163899,
        "conscientiousness": 0.5560311243242249,
        "extraversion": 0.45186281902359104,
        "agreeableness": 0.6445924723630788,
        "neuroticism": 0.4439878053841043
    },
    "x-jim": {
        "openness": 0.7394811380837596,
        "conscientiousness": 0.5951323111970942,
        "extraversion": 0.5039800776612116,
        "agreeableness": 0.6475300504118714,
        "neuroticism": 0.5334178719550907
    },
    "zuicis": {
        "openness": 0.7312115962646082,
        "conscientiousness": 0.5667469210707191,
        "extraversion": 0.4705637828175938,
        "agreeableness": 0.6389669674589561,
        "neuroticism": 0.4826296283585343
    }
}