{
    "wavded": {
        "openness": 0.8056957630241176,
        "conscientiousness": 0.6331712914109499,
        "extraversion": 0.4687693473734542,
        "agreeableness": 0.6576942564333371,
        "neuroticism": 0.5369963669420365
    },
    "vaamyob": {
        "openness": 0.8273232219535418,
        "conscientiousness": 0.6002136354176995,
        "extraversion": 0.5157182923762078,
        "agreeableness": 0.6610606616505351,
        "neuroticism": 0.5095139798174794
    },
    "samyakbhuta": {
        "openness": 0.8313509333074203,
        "conscientiousness": 0.6546474841167819,
        "extraversion": 0.49281676376650946,
        "agreeableness": 0.7005473603425754,
        "neuroticism": 0.5135931147179208
    },
    "OiNutter": {
        "openness": 0.7945585858187217,
        "conscientiousness": 0.64434741537424,
        "extraversion": 0.47983025405776725,
        "agreeableness": 0.7524333883322059,
        "neuroticism": 0.49763120060738597
    },
    "H0rst": {
        "openness": 0.8298430253020039,
        "conscientiousness": 0.6358957995727652,
        "extraversion": 0.45424936202759747,
        "agreeableness": 0.6104840660958856,
        "neuroticism": 0.4996732029062026
    },
    "alanhogan": {
        "openness": 0.8161923360804916,
        "conscientiousness": 0.5812730590513212,
        "extraversion": 0.5052196929998356,
        "agreeableness": 0.6394887504334512,
        "neuroticism": 0.5128625683583504
    },
    "Gooseus": {
        "openness": 0.8568010021228369,
        "conscientiousness": 0.6156542954375173,
        "extraversion": 0.5268667247324866,
        "agreeableness": 0.6349091244877167,
        "neuroticism": 0.55547973998566
    },
    "pengpenghust": {
        "openness": 0.79917477527573,
        "conscientiousness": 0.6392705827432459,
        "extraversion": 0.4692168362696165,
        "agreeableness": 0.716406529117117,
        "neuroticism": 0.5350670346298808
    },
    "avoidwork": {
        "openness": 0.7804964947860664,
        "conscientiousness": 0.5752307175163811,
        "extraversion": 0.5056692185261262,
        "agreeableness": 0.6016821849140488,
        "neuroticism": 0.4894942944053567
    },
    "ghost": {
        "openness": 0.8196357527791036,
        "conscientiousness": 0.5440793218108562,
        "extraversion": 0.5506655439821594,
        "agreeableness": 0.6406866861005024,
        "neuroticism": 0.4879321058949573
    },
    "LRotherfield": {
        "openness": 0.8159093303386478,
        "conscientiousness": 0.6918666324814664,
        "extraversion": 0.47036877836455715,
        "agreeableness": 0.6518077215638198,
        "neuroticism": 0.6016978829185131
    },
    "gtzilla": {
        "openness": 0.8120422919524171,
        "conscientiousness": 0.5810788212890626,
        "extraversion": 0.5050765154759965,
        "agreeableness": 0.615726510102401,
        "neuroticism": 0.5159262130711013
    }
}