{
    "mayhew64": {
        "openness": 0.7436543830272941,
        "conscientiousness": 0.5612902516451945,
        "extraversion": 0.4754101494396389,
        "agreeableness": 0.6093932480394755,
        "neuroticism": 0.5042873326712699
    },
    "nbaars": {
        "openness": 0.7842877509571013,
        "conscientiousness": 0.6252829147146182,
        "extraversion": 0.4333864173353462,
        "agreeableness": 0.5952487513724004,
        "neuroticism": 0.537129839410955
    },
    "misfir3": {
        "openness": 0.753984922044572,
        "conscientiousness": 0.5897219228508364,
        "extraversion": 0.44620609019018187,
        "agreeableness": 0.6134572569878265,
        "neuroticism": 0.5000045099670092
    },
    "dougmorato": {
        "openness": 0.7219184098041985,
        "conscientiousness": 0.5575644258935086,
        "extraversion": 0.46974511748085257,
        "agreeableness": 0.6287612977567376,
        "neuroticism": 0.46528516618681126
    },
    "span": {
        "openness": 0.7989401150124258,
        "conscientiousness": 0.5890462372520451,
        "extraversion": 0.470611958463375,
        "agreeableness": 0.5851054825559943,
        "neuroticism": 0.5208084530930621
    },
    "CLAassistant": {
        "openness": 0.8074999329692814,
        "conscientiousness": 0.7316861310915024,
        "extraversion": 0.5296610680645262,
        "agreeableness": 0.7210247631009719,
        "neuroticism": 0.623534007652967
    },
    "zupzup": {
        "openness": 0.8447551947918023,
        "conscientiousness": 0.6139178181585788,
        "extraversion": 0.49611748596314903,
        "agreeableness": 0.6420867066339122,
        "neuroticism": 0.5291297581737888
    },
    "b1rd0fb3auty14": {
        "openness": 0.8017451207392552,
        "conscientiousness": 0.6576219478274905,
        "extraversion": 0.4732928312464939,
        "agreeableness": 0.6939060634950132,
        "neuroticism": 0.5157719098971438
    },
    "krvw": {
        "openness": 0.8026382517765179,
        "conscientiousness": 0.5834226482232461,
        "extraversion": 0.5041195183927992,
        "agreeableness": 0.6198336488353584,
        "neuroticism": 0.5227698852192013
    },
    "coveralls": {
        "openness": 0.7073611711738482,
        "conscientiousness": 0.6153206228677042,
        "extraversion": 0.507805930102267,
        "agreeableness": 0.7084479728769417,
        "neuroticism": 0.4623650300454909
    },
    "dlloydkirch": {
        "openness": 0.72798748631031,
        "conscientiousness": 0.6001049707156901,
        "extraversion": 0.4787458428738446,
        "agreeableness": 0.6799367123753893,
        "neuroticism": 0.4378911819650437
    },
    "meetgaurang": {
        "openness": 0.73467212636018,
        "conscientiousness": 0.6025971215102259,
        "extraversion": 0.4477534735124593,
        "agreeableness": 0.6729884088869568,
        "neuroticism": 0.4337804763730051
    },
    "hexfred": {
        "openness": 0.7493772396782106,
        "conscientiousness": 0.5959612312244346,
        "extraversion": 0.46668084945999605,
        "agreeableness": 0.6217156119072584,
        "neuroticism": 0.5100556045850793
    },
    "andreireiand": {
        "openness": 0.7139028055914882,
        "conscientiousness": 0.5925442103180388,
        "extraversion": 0.4487853883237767,
        "agreeableness": 0.673358890091714,
        "neuroticism": 0.4323424381415372
    },
    "brohan": {
        "openness": 0.7783216021252386,
        "conscientiousness": 0.6029211510485338,
        "extraversion": 0.4626152043559223,
        "agreeableness": 0.6264433031940405,
        "neuroticism": 0.5132712161141284
    },
    "RiccardoLandolfo": {
        "openness": 0.7227476913527366,
        "conscientiousness": 0.5991784911341488,
        "extraversion": 0.44591147459740504,
        "agreeableness": 0.6691668838889306,
        "neuroticism": 0.4533113588254094
    },
    "act1vand0": {
        "openness": 0.8032899102443642,
        "conscientiousness": 0.6324281898225872,
        "extraversion": 0.48313465262277033,
        "agreeableness": 0.6453742731488192,
        "neuroticism": 0.5576674904926552
    },
    "zubcevic": {
        "openness": 0.8001626509573239,
        "conscientiousness": 0.6383196130697054,
        "extraversion": 0.4384265063932874,
        "agreeableness": 0.5650421975243411,
        "neuroticism": 0.5731851240471688
    }
}