{
    "wooorm": {
        "openness": 0.816572455130454,
        "conscientiousness": 0.6280130182258652,
        "extraversion": 0.5060983891279873,
        "agreeableness": 0.7193579663437114,
        "neuroticism": 0.513825402581319
    },
    "yoshuawuyts": {
        "openness": 0.8462154490596898,
        "conscientiousness": 0.6021201309527077,
        "extraversion": 0.5112699542892237,
        "agreeableness": 0.7287774490779869,
        "neuroticism": 0.49108717828555476
    },
    "sindresorhus": {
        "openness": 0.8254527459287249,
        "conscientiousness": 0.5767816251441638,
        "extraversion": 0.47839582622992793,
        "agreeableness": 0.6465996707641698,
        "neuroticism": 0.4963398520100103
    },
    "varjmes": {
        "openness": 0.8104406560380486,
        "conscientiousness": 0.566094476759246,
        "extraversion": 0.4470156726160812,
        "agreeableness": 0.7130803199067742,
        "neuroticism": 0.47350159744422793
    },
    "pjf": {
        "openness": 0.8454516878732666,
        "conscientiousness": 0.5696171912691107,
        "extraversion": 0.4887139892930684,
        "agreeableness": 0.6786719062920099,
        "neuroticism": 0.46361030711886947
    },
    "nukeop": {
        "openness": 0.8367531139226638,
        "conscientiousness": 0.5717357272818586,
        "extraversion": 0.5100985824480803,
        "agreeableness": 0.6824793787366008,
        "neuroticism": 0.4930651631622273
    },
    "rugk": {
        "openness": 0.8062143680311228,
        "conscientiousness": 0.580812317724581,
        "extraversion": 0.4317299738526228,
        "agreeableness": 0.7016274223876404,
        "neuroticism": 0.5161778024150927
    },
    "danielhickman": {
        "openness": 0.8290487882554216,
        "conscientiousness": 0.5597817807308685,
        "extraversion": 0.45894099398296806,
        "agreeableness": 0.6107255460522775,
        "neuroticism": 0.5084950427154107
    },
    "meetbryce": {
        "openness": 0.7947653208140428,
        "conscientiousness": 0.5883633918976929,
        "extraversion": 0.569864787771072,
        "agreeableness": 0.6837437981900811,
        "neuroticism": 0.5330336428085968
    },
    "JacksonGariety": {
        "openness": 0.8708564154368478,
        "conscientiousness": 0.6229108640590993,
        "extraversion": 0.46902196127529927,
        "agreeableness": 0.6869468282421467,
        "neuroticism": 0.4968017222712826
    },
    "lcd047": {
        "openness": 0.8181967443613176,
        "conscientiousness": 0.5834557352556238,
        "extraversion": 0.4915607098696928,
        "agreeableness": 0.6390909338136872,
        "neuroticism": 0.5166588841576022
    },
    "sils": {
        "openness": 0.779415130996694,
        "conscientiousness": 0.5626886038596123,
        "extraversion": 0.5003944453015156,
        "agreeableness": 0.6517739968852734,
        "neuroticism": 0.5024423070209312
    },
    "apapadimoulis": {
        "openness": 0.8661965353736729,
        "conscientiousness": 0.5205940368494069,
        "extraversion": 0.5256298651122756,
        "agreeableness": 0.6446688583598648,
        "neuroticism": 0.44545842826808946
    },
    "SheetJSDev": {
        "openness": 0.8486323444813271,
        "conscientiousness": 0.5295121002097493,
        "extraversion": 0.515473632706592,
        "agreeableness": 0.6464939143402808,
        "neuroticism": 0.46150360766684184
    },
    "Qix-": {
        "openness": 0.8624491444613751,
        "conscientiousness": 0.5394664070083539,
        "extraversion": 0.522744511303747,
        "agreeableness": 0.6650971727183356,
        "neuroticism": 0.42691093499111765
    },
    "CRomano31415": {
        "openness": 0.8024512876282053,
        "conscientiousness": 0.6188190008294863,
        "extraversion": 0.44153358141847754,
        "agreeableness": 0.7270585886894759,
        "neuroticism": 0.4692291378872757
    },
    "AhmedRedaAmin": {
        "openness": 0.8062900487149125,
        "conscientiousness": 0.581740933170961,
        "extraversion": 0.5015097654237559,
        "agreeableness": 0.6907702620260843,
        "neuroticism": 0.47424969908111914
    },
    "Murderlon": {
        "openness": 0.8288362424640406,
        "conscientiousness": 0.6450097164603664,
        "extraversion": 0.529914607243417,
        "agreeableness": 0.6852659480241581,
        "neuroticism": 0.519099494437981
    },
    "codecov-io": {
        "openness": 0.7955935223137938,
        "conscientiousness": 0.5984944870908656,
        "extraversion": 0.4909938903495943,
        "agreeableness": 0.7298724085957675,
        "neuroticism": 0.48536531414989303
    },
    "MrBenJ": {
        "openness": 0.7928159336376566,
        "conscientiousness": 0.6133067323207407,
        "extraversion": 0.5044569856641763,
        "agreeableness": 0.6903266308958038,
        "neuroticism": 0.481625199285707
    },
    "laurenmayers": {
        "openness": 0.7585092795357145,
        "conscientiousness": 0.6273196699199994,
        "extraversion": 0.4552587325468596,
        "agreeableness": 0.6785386045081716,
        "neuroticism": 0.5077555678774232
    },
    "mansona": {
        "openness": 0.8165121182245689,
        "conscientiousness": 0.577676355759573,
        "extraversion": 0.45504153277005743,
        "agreeableness": 0.6567413475313246,
        "neuroticism": 0.47679865762910745
    }
}