{
    "bummytime": {
        "openness": 0.819842839595396,
        "conscientiousness": 0.6143887941026004,
        "extraversion": 0.47506797053691774,
        "agreeableness": 0.637672382978292,
        "neuroticism": 0.5041155043936295
    },
    "thianhlu": {
        "openness": 0.826187839963231,
        "conscientiousness": 0.6376420468517009,
        "extraversion": 0.5046418326925959,
        "agreeableness": 0.6373608446666024,
        "neuroticism": 0.5356529815834722
    },
    "coreh": {
        "openness": 0.8424547382969092,
        "conscientiousness": 0.6023408922506996,
        "extraversion": 0.5113937264267614,
        "agreeableness": 0.6044010205304662,
        "neuroticism": 0.5273695032605281
    },
    "SergioEstevao": {
        "openness": 0.8120043353181068,
        "conscientiousness": 0.6428177526220977,
        "extraversion": 0.47480925695229004,
        "agreeableness": 0.6184884608745792,
        "neuroticism": 0.5446257535707524
    },
    "astralbodies": {
        "openness": 0.8409662984129972,
        "conscientiousness": 0.5713358672368853,
        "extraversion": 0.487576007869556,
        "agreeableness": 0.6218072831497399,
        "neuroticism": 0.49578156961563147
    },
    "meremagee": {
        "openness": 0.8131780945701699,
        "conscientiousness": 0.6130789465060892,
        "extraversion": 0.47821692746267586,
        "agreeableness": 0.6382245776652452,
        "neuroticism": 0.5287779294046209
    },
    "rachelmcr": {
        "openness": 0.8318778129502349,
        "conscientiousness": 0.6110716480097544,
        "extraversion": 0.4599186035427469,
        "agreeableness": 0.6271831506909682,
        "neuroticism": 0.5292065765143488
    },
    "diegoreymendez": {
        "openness": 0.8179653803173546,
        "conscientiousness": 0.6094055470544679,
        "extraversion": 0.46483337235685973,
        "agreeableness": 0.6369758712999349,
        "neuroticism": 0.5083731946079572
    },
    "aerych": {
        "openness": 0.8347055495600116,
        "conscientiousness": 0.5909118595430248,
        "extraversion": 0.4722487181747604,
        "agreeableness": 0.612158473253283,
        "neuroticism": 0.502054818665292
    },
    "frosty": {
        "openness": 0.8133129824577328,
        "conscientiousness": 0.6129326685031984,
        "extraversion": 0.4776424553005322,
        "agreeableness": 0.6120286157399389,
        "neuroticism": 0.5250377328101218
    },
    "bagia": {
        "openness": 0.8121794974122638,
        "conscientiousness": 0.5741468500175335,
        "extraversion": 0.4869724719750853,
        "agreeableness": 0.6592572686247067,
        "neuroticism": 0.4696427652441798
    }
}