{
    "ylechelle": {
        "openness": 0.8258291476624818,
        "conscientiousness": 0.6124989677868504,
        "extraversion": 0.48833723944166246,
        "agreeableness": 0.6362975817336721,
        "neuroticism": 0.5327272458347883
    },
    "uvalh": {
        "openness": 0.7843116576094828,
        "conscientiousness": 0.5647187100098989,
        "extraversion": 0.4522435007839598,
        "agreeableness": 0.6144494017908351,
        "neuroticism": 0.47038847809483475
    },
    "jessearmand": {
        "openness": 0.7539745115180494,
        "conscientiousness": 0.5553496857119781,
        "extraversion": 0.45774594677638925,
        "agreeableness": 0.6305900287247352,
        "neuroticism": 0.41065959359954174
    },
    "thanatos0801": {
        "openness": 0.8060413544387367,
        "conscientiousness": 0.6275931961679316,
        "extraversion": 0.4982282011913004,
        "agreeableness": 0.6996368677942185,
        "neuroticism": 0.5263255503770603
    },
    "tomhubina": {
        "openness": 0.8035635941243373,
        "conscientiousness": 0.615159364891124,
        "extraversion": 0.49048961222165866,
        "agreeableness": 0.6188094238495181,
        "neuroticism": 0.5713078769220384
    },
    "steipete": {
        "openness": 0.8447635641901385,
        "conscientiousness": 0.5798340310828234,
        "extraversion": 0.4672200302577258,
        "agreeableness": 0.6400340734459113,
        "neuroticism": 0.52881339508537
    },
    "mattjgalloway": {
        "openness": 0.8361166903845151,
        "conscientiousness": 0.6205651415502951,
        "extraversion": 0.4612913509622544,
        "agreeableness": 0.6386385114950428,
        "neuroticism": 0.5467401842366354
    },
    "Adcommunal": {
        "openness": 0.7990875041922887,
        "conscientiousness": 0.6659369784720723,
        "extraversion": 0.5035635759227497,
        "agreeableness": 0.6558838616258067,
        "neuroticism": 0.5771728815143142
    },
    "shalupandey": {
        "openness": 0.7818326925729093,
        "conscientiousness": 0.6046026135989541,
        "extraversion": 0.488461423193205,
        "agreeableness": 0.6764230688193911,
        "neuroticism": 0.479719906932496
    }
}