{
    "sharat87": {
        "openness": 0.8178359793518398,
        "conscientiousness": 0.6124719635723402,
        "extraversion": 0.47995824147100175,
        "agreeableness": 0.6678149888895761,
        "neuroticism": 0.513722055813675
    },
    "Tarrasch": {
        "openness": 0.8283366294380695,
        "conscientiousness": 0.5968948488111072,
        "extraversion": 0.4789151058871537,
        "agreeableness": 0.6526622270428625,
        "neuroticism": 0.50926593165714
    },
    "GUIpsp": {
        "openness": 0.8118050599962968,
        "conscientiousness": 0.5745204134763503,
        "extraversion": 0.4329260536329309,
        "agreeableness": 0.5733704728996688,
        "neuroticism": 0.5400943959922957
    },
    "sheerun": {
        "openness": 0.8219806853528657,
        "conscientiousness": 0.5532616709239884,
        "extraversion": 0.46939360020383486,
        "agreeableness": 0.6469028948697897,
        "neuroticism": 0.45824592306646783
    },
    "desyncr": {
        "openness": 0.7944524612770447,
        "conscientiousness": 0.5898075214123499,
        "extraversion": 0.4680014137938555,
        "agreeableness": 0.6398145677181313,
        "neuroticism": 0.4854487591605672
    },
    "wrboyce": {
        "openness": 0.7573258360763725,
        "conscientiousness": 0.5324712828062215,
        "extraversion": 0.46432906566990606,
        "agreeableness": 0.5971397866808716,
        "neuroticism": 0.43335077473158923
    },
    "neersighted": {
        "openness": 0.7989740756235284,
        "conscientiousness": 0.558539985048016,
        "extraversion": 0.49846050179482265,
        "agreeableness": 0.6433391501372405,
        "neuroticism": 0.4821139524582582
    },
    "HeroCC": {
        "openness": 0.8185690206809748,
        "conscientiousness": 0.6238115616853679,
        "extraversion": 0.4941124246700924,
        "agreeableness": 0.5971061730553197,
        "neuroticism": 0.5617102788550545
    },
    "simonweil": {
        "openness": 0.8217284455518787,
        "conscientiousness": 0.634150007907277,
        "extraversion": 0.5463037345644814,
        "agreeableness": 0.6349506590247231,
        "neuroticism": 0.5800654527722231
    },
    "wangyandong-ningxia": {
        "openness": 0.7626270013674094,
        "conscientiousness": 0.581016137302895,
        "extraversion": 0.3651419216919894,
        "agreeableness": 0.6029185218781423,
        "neuroticism": 0.45612564598242744
    },
    "outcoldman": {
        "openness": 0.7773888459328108,
        "conscientiousness": 0.5483110435997504,
        "extraversion": 0.47582123646197205,
        "agreeableness": 0.6173112891800205,
        "neuroticism": 0.4867138268435237
    },
    "forivall": {
        "openness": 0.7510161965737928,
        "conscientiousness": 0.6009686128198859,
        "extraversion": 0.4509858843818078,
        "agreeableness": 0.6239483019402693,
        "neuroticism": 0.4551576914540252
    },
    "trusktr": {
        "openness": 0.7867108218616864,
        "conscientiousness": 0.5734877403607674,
        "extraversion": 0.4398293991525863,
        "agreeableness": 0.59178395285811,
        "neuroticism": 0.4591211675694832
    },
    "Poohblah": {
        "openness": 0.8658897603181305,
        "conscientiousness": 0.5124582182646886,
        "extraversion": 0.46522451236766865,
        "agreeableness": 0.6160698861313603,
        "neuroticism": 0.40411869280024193
    },
    "DestyNova": {
        "openness": 0.7216599975162163,
        "conscientiousness": 0.6189128797362871,
        "extraversion": 0.4679789007375092,
        "agreeableness": 0.6844913955999052,
        "neuroticism": 0.44833001953984075
    },
    "jdkbx": {
        "openness": 0.8126057900227823,
        "conscientiousness": 0.5587047907405613,
        "extraversion": 0.45309323050392314,
        "agreeableness": 0.5536461045616718,
        "neuroticism": 0.4680425548925633
    },
    "paulmelnikow": {
        "openness": 0.8073331337537697,
        "conscientiousness": 0.6371777970388269,
        "extraversion": 0.44142627733151907,
        "agreeableness": 0.6098560540253712,
        "neuroticism": 0.524829595119087
    },
    "belak": {
        "openness": 0.8067847153589657,
        "conscientiousness": 0.5482781392860377,
        "extraversion": 0.45240389083124044,
        "agreeableness": 0.6095590920257529,
        "neuroticism": 0.45232853249616134
    },
    "maximbaz": {
        "openness": 0.820013176798887,
        "conscientiousness": 0.5711334599723684,
        "extraversion": 0.4427060202126856,
        "agreeableness": 0.6151969019319102,
        "neuroticism": 0.4357813139325367
    },
    "jyaworski": {
        "openness": 0.750301390655326,
        "conscientiousness": 0.5987663518871037,
        "extraversion": 0.4865383835231656,
        "agreeableness": 0.6642678891201599,
        "neuroticism": 0.44404481300304577
    },
    "dein0s": {
        "openness": 0.751200693665605,
        "conscientiousness": 0.5723548113916492,
        "extraversion": 0.466625442875664,
        "agreeableness": 0.6316892833405513,
        "neuroticism": 0.4433674978730583
    },
    "eloo": {
        "openness": 0.7778241634304682,
        "conscientiousness": 0.5809323706002982,
        "extraversion": 0.42336273902217303,
        "agreeableness": 0.6215950765481113,
        "neuroticism": 0.43863226552733364
    },
    "Miguelme": {
        "openness": 0.7855408336151602,
        "conscientiousness": 0.6069818818694064,
        "extraversion": 0.5019866414161418,
        "agreeableness": 0.641071507819901,
        "neuroticism": 0.5263515047763274
    },
    "JohnStarich": {
        "openness": 0.8282236987371826,
        "conscientiousness": 0.5737876259753645,
        "extraversion": 0.46484641043651687,
        "agreeableness": 0.617740263117303,
        "neuroticism": 0.5017746156588501
    }
}