{
    "confusion": [
        [
            37,
            155
        ],
        [
            14,
            710
        ]
    ],
    "f1": 0.893643801132788,
    "precision": 0.8208092485549133,
    "recall": 0.9806629834254144
}