{
    "confusion": [
        [
            55,
            120
        ],
        [
            26,
            629
        ]
    ],
    "confusion prop": [
        [
            0.06626506024096386,
            0.14457831325301204
        ],
        [
            0.03132530120481928,
            0.7578313253012048
        ]
    ],
    "f1": 0.896011396011396,
    "precision": 0.8397863818424566,
    "recall": 0.9603053435114504,
    "test": {
        "best threshold": 0.7508479985147813,
        "confusion": [
            [
                5,
                12
            ],
            [
                0,
                69
            ]
        ],
        "f1": 0.92,
        "precision": 0.8518518518518519,
        "recall": 1.0
    }
}