{
    "confusion": [
        [
            88,
            104
        ],
        [
            67,
            657
        ]
    ],
    "f1": 0.8848484848484849,
    "precision": 0.8633377135348226,
    "recall": 0.9074585635359116
}