{
    "confusion": [
        [
            629,
            26
        ],
        [
            119,
            56
        ]
    ],
    "confusion prop": [
        [
            0.7578313253012048,
            0.03132530120481928
        ],
        [
            0.14337349397590363,
            0.06746987951807229
        ]
    ],
    "f1": 0.43579766536964987,
    "precision": 0.6829268292682927,
    "recall": 0.32,
    "test": {
        "best threshold": 0.17816307066347295,
        "confusion": [
            [
                69,
                0
            ],
            [
                11,
                6
            ]
        ],
        "f1": 0.5217391304347826,
        "precision": 1.0,
        "recall": 0.35294117647058826
    }
}