{
    "confusion": [
        [
            31,
            144
        ],
        [
            14,
            641
        ]
    ],
    "confusion prop": [
        [
            0.03734939759036145,
            0.17349397590361446
        ],
        [
            0.016867469879518072,
            0.772289156626506
        ]
    ],
    "f1": 0.890277777777778,
    "precision": 0.8165605095541402,
    "recall": 0.9786259541984733,
    "test": {
        "best threshold": 0.7675336020292411,
        "confusion": [
            [
                3,
                14
            ],
            [
                0,
                69
            ]
        ],
        "f1": 0.9078947368421052,
        "precision": 0.8313253012048193,
        "recall": 1.0
    }
}