{
    "confusion": [
        [
            59,
            116
        ],
        [
            27,
            628
        ]
    ],
    "confusion prop": [
        [
            0.07108433734939759,
            0.13975903614457832
        ],
        [
            0.03253012048192771,
            0.7566265060240964
        ]
    ],
    "f1": 0.8977841315225161,
    "precision": 0.8440860215053764,
    "recall": 0.9587786259541985,
    "test": {
        "best threshold": 0.7574509341095528,
        "confusion": [
            [
                5,
                12
            ],
            [
                0,
                69
            ]
        ],
        "f1": 0.92,
        "precision": 0.8518518518518519,
        "recall": 1.0
    }
}