{
    "confusion": [
        [
            38,
            154
        ],
        [
            19,
            705
        ]
    ],
    "f1": 0.8907138344914719,
    "precision": 0.8207217694994179,
    "recall": 0.9737569060773481
}