{
    "confusion": [
        [
            33,
            142
        ],
        [
            14,
            641
        ]
    ],
    "confusion prop": [
        [
            0.03975903614457831,
            0.1710843373493976
        ],
        [
            0.016867469879518072,
            0.772289156626506
        ]
    ],
    "f1": 0.8915159944367177,
    "precision": 0.8186462324393359,
    "recall": 0.9786259541984733,
    "test": {
        "best threshold": 0.7698520285838182,
        "confusion": [
            [
                3,
                14
            ],
            [
                0,
                69
            ]
        ],
        "f1": 0.9078947368421052,
        "precision": 0.8313253012048193,
        "recall": 1.0
    }
}