{
    "confusion": [
        [
            70,
            122
        ],
        [
            27,
            697
        ]
    ],
    "f1": 0.9034348671419312,
    "precision": 0.851037851037851,
    "recall": 0.962707182320442
}