{
    "confusion": [
        [
            593,
            62
        ],
        [
            101,
            74
        ]
    ],
    "confusion prop": [
        [
            0.7144578313253012,
            0.0746987951807229
        ],
        [
            0.1216867469879518,
            0.0891566265060241
        ]
    ],
    "f1": 0.4758842443729903,
    "precision": 0.5441176470588235,
    "recall": 0.4228571428571429,
    "test": {
        "best threshold": 0.18425212800502777,
        "confusion": [
            [
                66,
                3
            ],
            [
                8,
                9
            ]
        ],
        "f1": 0.6206896551724139,
        "precision": 0.75,
        "recall": 0.5294117647058824
    },
    "empirical precision": {
        "stats": {
            "confusion": [
                [
                    14,
                    9
                ],
                [
                    58,
                    34
                ]
            ]
        },
        "precision": 0.7906976744186046
    },
    "empirical recall": {
        "stats": {
            "confusion": [
                [
                    72,
                    25
                ],
                [
                    0,
                    0
                ]
            ]
        },
        "recall": 0.0
    }
}