{
    "confusion": [
        [
            88,
            104
        ],
        [
            74,
            650
        ]
    ],
    "f1": 0.8795669824086603,
    "precision": 0.8620689655172413,
    "recall": 0.8977900552486188
}