{
    "confusion": [
        [
            0,
            192
        ],
        [
            0,
            724
        ]
    ],
    "f1": 0.8829268292682927,
    "precision": 0.7903930131004366,
    "recall": 1.0
}