{
    "confusion": [
        [
            655,
            0
        ],
        [
            175,
            0
        ]
    ],
    "confusion prop": [
        [
            0.7891566265060241,
            0.0
        ],
        [
            0.21084337349397592,
            0.0
        ]
    ],
    "f1": "There are zeroes here",
    "precision": "Zeroes here",
    "recall": 0.0,
    "test": {
        "best threshold": 0.20349374912116067,
        "confusion": [
            [
                69,
                0
            ],
            [
                17,
                0
            ]
        ],
        "f1": 0.0,
        "precision": 0.0,
        "recall": 0.0
    }
}