{
    "confusion": [
        [
            626,
            29
        ],
        [
            127,
            48
        ]
    ],
    "confusion prop": [
        [
            0.7542168674698795,
            0.03493975903614458
        ],
        [
            0.1530120481927711,
            0.05783132530120482
        ]
    ],
    "f1": 0.380952380952381,
    "precision": 0.6233766233766234,
    "recall": 0.2742857142857143,
    "test": {
        "best threshold": 0.1688448890101646,
        "confusion": [
            [
                69,
                0
            ],
            [
                14,
                3
            ]
        ],
        "f1": 0.3,
        "precision": 1.0,
        "recall": 0.17647058823529413
    }
}