{
    "confusion": [
        [
            580,
            75
        ],
        [
            136,
            39
        ]
    ],
    "confusion prop": [
        [
            0.6987951807228916,
            0.09036144578313253
        ],
        [
            0.163855421686747,
            0.046987951807228916
        ]
    ],
    "f1": 0.2698961937716263,
    "precision": 0.34210526315789475,
    "recall": 0.22285714285714286,
    "test": {
        "best threshold": 0.036009613424539566,
        "confusion": [
            [
                59,
                10
            ],
            [
                14,
                3
            ]
        ],
        "f1": 0.20000000000000004,
        "precision": 0.23076923076923078,
        "recall": 0.17647058823529413
    }
}