{
    "confusion": [
        [
            621,
            34
        ],
        [
            45,
            130
        ]
    ],
    "confusion prop": [
        [
            0.7481927710843373,
            0.04096385542168675
        ],
        [
            0.05421686746987952,
            0.1566265060240964
        ]
    ],
    "f1": 0.7669616519174042,
    "precision": 0.7926829268292683,
    "recall": 0.7428571428571429,
    "test": {
        "best threshold": 0.1980116069316864,
        "confusion": [
            [
                67,
                2
            ],
            [
                5,
                12
            ]
        ],
        "f1": 0.7741935483870968,
        "precision": 0.8571428571428571,
        "recall": 0.7058823529411765
    }
}