{
    "confusion": [
        [
            625,
            30
        ],
        [
            50,
            125
        ]
    ],
    "confusion prop": [
        [
            0.7530120481927711,
            0.03614457831325301
        ],
        [
            0.060240963855421686,
            0.15060240963855423
        ]
    ],
    "f1": 0.7575757575757576,
    "precision": 0.8064516129032258,
    "recall": 0.7142857142857143,
    "test": {
        "best threshold": 0.2206761841845743,
        "confusion": [
            [
                67,
                2
            ],
            [
                4,
                13
            ]
        ],
        "f1": 0.8125,
        "precision": 0.8666666666666667,
        "recall": 0.7647058823529411
    }
}