{
    "confusion": [
        [
            650,
            5
        ],
        [
            166,
            9
        ]
    ],
    "confusion prop": [
        [
            0.7831325301204819,
            0.006024096385542169
        ],
        [
            0.2,
            0.010843373493975903
        ]
    ],
    "f1": 0.09523809523809525,
    "precision": 0.6428571428571429,
    "recall": 0.05142857142857143,
    "test": {
        "best threshold": 0.17399674262847217,
        "confusion": [
            [
                69,
                0
            ],
            [
                17,
                0
            ]
        ],
        "f1": 0.0,
        "precision": 0.0,
        "recall": 0.0
    }
}